,CL_integral,CL_max_rh,CL_max_rhi,CL_mean_temp,CL_min_hght,Date & time (UTC),IOP,Primary p-type,Secondary p-type,WL_depth_1,WL_depth_2,WL_integral,WL_max_hght,WL_mean_temp,bot_WL_hght,bot_cl_hght,cl_base_hght,cl_depth_hght,first_temp,manobs_with_mix,max_WL_temp,min_CL_temp,site,site_for_title,top_WL_hght,top_cl_hght,two_files,wl_depth_hght,rounded_time,site_date,Sounding,file,pr,temp_2m,relative_humidity
1702,,,,,,,,,,,,,,,,,,,,,,,,,,,,0.0,2022-02-02 21:10:00,Albany2022-02-02 21:10:00,True,upperair.sounding.202202022100.Albany_DOW-US_Plattsburgh.txt,,,
0,,,,,,2022-02-03 01:00:00,IOP1,,,,,,,,,,,,4.97,,,,Albany,DOW-US-Plattsburgh,,,"soundings_wintremix/upperair.sounding.202202030100.Albany_DOW-US_Plattsburgh.txt,soundings_wintremix/upperair.sounding.202202030230.Albany_DOW-US_Plattsburgh.txt",0.0,2022-02-03 01:00:00,Albany2022-02-03 01:00:00,False,,,,
1703,,,,,,,,,,,,,,,,,,,,,,,,,,,,0.0,2022-02-03 01:10:00,Albany2022-02-03 01:10:00,True,upperair.sounding.202202030100.Albany_DOW-US_Plattsburgh.txt,,,
1,,,,,,2022-02-03 02:00:00,IOP1,RA,,,,,,,,,,,4.261333333333333,RA,,,Albany,DOW-US-Plattsburgh,,,"soundings_wintremix/upperair.sounding.202202030100.Albany_DOW-US_Plattsburgh.txt,soundings_wintremix/upperair.sounding.202202030230.Albany_DOW-US_Plattsburgh.txt",0.0,2022-02-03 02:00:00,Albany2022-02-03 02:00:00,False,,,,
1704,,,,,,,,,,,,,,,,,,,,,,,,,,,,0.0,2022-02-03 02:40:00,Albany2022-02-03 02:40:00,True,upperair.sounding.202202030230.Albany_DOW-US_Plattsburgh.txt,,,
2,,,,,,2022-02-03 03:00:00,IOP1,RA,,,,,,,,,,,3.681904761904762,RA,,,Albany,DOW-US-Plattsburgh,,,"soundings_wintremix/upperair.sounding.202202030230.Albany_DOW-US_Plattsburgh.txt,soundings_wintremix/upperair.sounding.202202030400.Albany_DOW-US_Plattsburgh.txt",0.0,2022-02-03 03:00:00,Albany2022-02-03 03:00:00,False,,,,
3,,,,,,2022-02-03 03:10:00,IOP1,RA,,,,,,,,,,,3.6325396825396825,RA,,,Albany,DOW-US-Plattsburgh,,,"soundings_wintremix/upperair.sounding.202202030230.Albany_DOW-US_Plattsburgh.txt,soundings_wintremix/upperair.sounding.202202030400.Albany_DOW-US_Plattsburgh.txt",0.0,2022-02-03 03:10:00,Albany2022-02-03 03:10:00,False,,,,
4,,,,,,2022-02-03 03:30:00,IOP1,,,,,,,,,,,,3.5338095238095235,,,,Albany,DOW-US-Plattsburgh,,,"soundings_wintremix/upperair.sounding.202202030230.Albany_DOW-US_Plattsburgh.txt,soundings_wintremix/upperair.sounding.202202030400.Albany_DOW-US_Plattsburgh.txt",0.0,2022-02-03 03:30:00,Albany2022-02-03 03:30:00,False,,,,
5,,,,,,2022-02-03 03:40:00,IOP1,,,,,,,,,,,,3.4844444444444442,,,,Albany,DOW-US-Plattsburgh,,,"soundings_wintremix/upperair.sounding.202202030230.Albany_DOW-US_Plattsburgh.txt,soundings_wintremix/upperair.sounding.202202030400.Albany_DOW-US_Plattsburgh.txt",0.0,2022-02-03 03:40:00,Albany2022-02-03 03:40:00,False,,,,
6,,,,,,2022-02-03 03:50:00,IOP1,,,,,,,,,,,,3.435079365079365,,,,Albany,DOW-US-Plattsburgh,,,"soundings_wintremix/upperair.sounding.202202030230.Albany_DOW-US_Plattsburgh.txt,soundings_wintremix/upperair.sounding.202202030400.Albany_DOW-US_Plattsburgh.txt",0.0,2022-02-03 03:50:00,Albany2022-02-03 03:50:00,False,,,,
7,,,,,,2022-02-03 04:00:00,IOP1,,,,,,,,,,,,3.52,,,,Albany,DOW-US-Plattsburgh,,,"soundings_wintremix/upperair.sounding.202202030400.Albany_DOW-US_Plattsburgh.txt,soundings_wintremix/upperair.sounding.202202030530.Albany_DOW-US_Plattsburgh.txt",0.0,2022-02-03 04:00:00,Albany2022-02-03 04:00:00,False,,,,
8,,,,,,2022-02-03 04:10:00,IOP1,,,,,,,,,,,,3.4911111111111106,,,,Albany,DOW-US-Plattsburgh,,,"soundings_wintremix/upperair.sounding.202202030400.Albany_DOW-US_Plattsburgh.txt,soundings_wintremix/upperair.sounding.202202030530.Albany_DOW-US_Plattsburgh.txt",0.0,2022-02-03 04:10:00,Albany2022-02-03 04:10:00,True,upperair.sounding.202202030400.Albany_DOW-US_Plattsburgh.txt,,,
9,,,,,,2022-02-03 04:20:00,IOP1,,,,,,,,,,,,3.4622222222222216,,,,Albany,DOW-US-Plattsburgh,,,"soundings_wintremix/upperair.sounding.202202030400.Albany_DOW-US_Plattsburgh.txt,soundings_wintremix/upperair.sounding.202202030530.Albany_DOW-US_Plattsburgh.txt",0.0,2022-02-03 04:20:00,Albany2022-02-03 04:20:00,False,,,,
10,,,,,,2022-02-03 04:30:00,IOP1,,,,,,,,,,,,3.433333333333333,,,,Albany,DOW-US-Plattsburgh,,,"soundings_wintremix/upperair.sounding.202202030400.Albany_DOW-US_Plattsburgh.txt,soundings_wintremix/upperair.sounding.202202030530.Albany_DOW-US_Plattsburgh.txt",0.0,2022-02-03 04:30:00,Albany2022-02-03 04:30:00,False,,,,
11,,,,,,2022-02-03 04:50:00,IOP1,,,,,,,,,,,,3.375555555555555,,,,Albany,DOW-US-Plattsburgh,,,"soundings_wintremix/upperair.sounding.202202030400.Albany_DOW-US_Plattsburgh.txt,soundings_wintremix/upperair.sounding.202202030530.Albany_DOW-US_Plattsburgh.txt",0.0,2022-02-03 04:50:00,Albany2022-02-03 04:50:00,False,,,,
12,,,,,,2022-02-03 05:00:00,IOP1,,,,,,,,,,,,3.3466666666666662,,,,Albany,DOW-US-Plattsburgh,,,"soundings_wintremix/upperair.sounding.202202030400.Albany_DOW-US_Plattsburgh.txt,soundings_wintremix/upperair.sounding.202202030530.Albany_DOW-US_Plattsburgh.txt",0.0,2022-02-03 05:00:00,Albany2022-02-03 05:00:00,False,,,,
13,,,,,,2022-02-03 05:30:00,IOP1,,,,,,,,,,,,3.38,,,,Albany,DOW-US-Plattsburgh,,,"soundings_wintremix/upperair.sounding.202202030530.Albany_DOW-US_Plattsburgh.txt,soundings_wintremix/upperair.sounding.202202030700.Albany_DOW-US_Plattsburgh.txt",0.0,2022-02-03 05:30:00,Albany2022-02-03 05:30:00,False,,,,
14,,,,,,2022-02-03 05:40:00,IOP1,,,,,,,,,,,,3.3047555555555554,,,,Albany,DOW-US-Plattsburgh,,,"soundings_wintremix/upperair.sounding.202202030530.Albany_DOW-US_Plattsburgh.txt,soundings_wintremix/upperair.sounding.202202030700.Albany_DOW-US_Plattsburgh.txt",0.0,2022-02-03 05:40:00,Albany2022-02-03 05:40:00,True,upperair.sounding.202202030530.Albany_DOW-US_Plattsburgh.txt,,,
15,,,,,,2022-02-03 05:50:00,IOP1,RA,,,,,,,,,,,3.229511111111111,RA,,,Albany,DOW-US-Plattsburgh,,,"soundings_wintremix/upperair.sounding.202202030530.Albany_DOW-US_Plattsburgh.txt,soundings_wintremix/upperair.sounding.202202030700.Albany_DOW-US_Plattsburgh.txt",0.0,2022-02-03 05:50:00,Albany2022-02-03 05:50:00,False,,,,
16,,,,,,2022-02-03 06:00:00,IOP1,RA,,,,,,,,,,,3.154266666666666,RA,,,Albany,DOW-US-Plattsburgh,,,"soundings_wintremix/upperair.sounding.202202030530.Albany_DOW-US_Plattsburgh.txt,soundings_wintremix/upperair.sounding.202202030700.Albany_DOW-US_Plattsburgh.txt",0.0,2022-02-03 06:00:00,Albany2022-02-03 06:00:00,False,,,,
17,,,,,,2022-02-03 06:10:00,IOP1,RA,,,,,,,,,,,3.079022222222222,RA,,,Albany,DOW-US-Plattsburgh,,,"soundings_wintremix/upperair.sounding.202202030530.Albany_DOW-US_Plattsburgh.txt,soundings_wintremix/upperair.sounding.202202030700.Albany_DOW-US_Plattsburgh.txt",0.0,2022-02-03 06:10:00,Albany2022-02-03 06:10:00,False,,,,
18,,,,,,2022-02-03 06:20:00,IOP1,RA,,,,,,,,,,,3.0037777777777777,RA,,,Albany,DOW-US-Plattsburgh,,,"soundings_wintremix/upperair.sounding.202202030530.Albany_DOW-US_Plattsburgh.txt,soundings_wintremix/upperair.sounding.202202030700.Albany_DOW-US_Plattsburgh.txt",0.0,2022-02-03 06:20:00,Albany2022-02-03 06:20:00,False,,,,
19,,,,,,2022-02-03 06:30:00,IOP1,RA,,,,,,,,,,,2.9285333333333328,RA,,,Albany,DOW-US-Plattsburgh,,,"soundings_wintremix/upperair.sounding.202202030530.Albany_DOW-US_Plattsburgh.txt,soundings_wintremix/upperair.sounding.202202030700.Albany_DOW-US_Plattsburgh.txt",0.0,2022-02-03 06:30:00,Albany2022-02-03 06:30:00,False,,,,
20,,,,,,2022-02-03 06:40:00,IOP1,RA,,,,,,,,,,,2.8532888888888888,RA,,,Albany,DOW-US-Plattsburgh,,,"soundings_wintremix/upperair.sounding.202202030530.Albany_DOW-US_Plattsburgh.txt,soundings_wintremix/upperair.sounding.202202030700.Albany_DOW-US_Plattsburgh.txt",0.0,2022-02-03 06:40:00,Albany2022-02-03 06:40:00,False,,,,
21,,,,,,2022-02-03 07:00:00,IOP1,RA,,,,,,,,,,,,RA,,,Albany,DOW-US-Plattsburgh,,,,,2022-02-03 07:00:00,Albany2022-02-03 07:00:00,False,,,,
1705,-0.2435185185185186,93.24481481481482,93.27520466682216,-0.01623456790123457,944.0,,,,,,,1624.7146612509346,939.0,1.9935149217802879,129.0,944.0,944.0,10.0,,,3.2563636363636363,-0.024259259259259192,,,939.0,954.0,,810.0,2022-02-03 07:10:00,Albany2022-02-03 07:10:00,True,upperair.sounding.202202030700.Albany_DOW-US_Plattsburgh.txt,,,
22,,,,,,2022-02-03 07:20:00,IOP1,RA,,,,,,,,,,,,RA,,,Albany,DOW-US-Plattsburgh,,,,,2022-02-03 07:20:00,Albany2022-02-03 07:20:00,False,,,,
23,,,,,,2022-02-03 07:30:00,IOP1,RA,,,,,,,,,,,,RA,,,Albany,DOW-US-Plattsburgh,,,,,2022-02-03 07:30:00,Albany2022-02-03 07:30:00,False,,,,
24,,,,,,2022-02-03 07:50:00,IOP1,RA,,,,,,,,,,,,RA,,,Albany,DOW-US-Plattsburgh,,,,,2022-02-03 07:50:00,Albany2022-02-03 07:50:00,False,,,,
25,,,,,,2022-02-03 08:20:00,IOP1,RA,,,,,,,,,,,,RA,,,Albany,DOW-US-Plattsburgh,,,,,2022-02-03 08:20:00,Albany2022-02-03 08:20:00,False,,,,
26,,,,,,2022-02-10 08:00:00,IOP2,,,,,,,,,,,,3.1,,,,Albany,DOW-US-N,,,"soundings_wintremix/upperair.sounding.202202100800.Albany_DOW-US_N.txt,soundings_wintremix/upperair.sounding.202202101030.Albany_DOW-US_N.txt",0.0,2022-02-10 08:00:00,Albany2022-02-10 08:00:00,False,,,,
1706,,,,,,,,,,,,,,,,,,,,,,,,,,,,0.0,2022-02-10 08:10:00,Albany2022-02-10 08:10:00,True,upperair.sounding.202202100800.Albany_DOW-US_N.txt,,,
27,,,,,,2022-02-10 08:20:00,IOP2,,,,,,,,,,,,2.8751333333333338,,,,Albany,DOW-US-N,,,"soundings_wintremix/upperair.sounding.202202100800.Albany_DOW-US_N.txt,soundings_wintremix/upperair.sounding.202202101030.Albany_DOW-US_N.txt",0.0,2022-02-10 08:20:00,Albany2022-02-10 08:20:00,False,,,,
28,,,,,,2022-02-10 08:30:00,IOP2,,,,,,,,,,,,2.7627000000000006,,,,Albany,DOW-US-N,,,"soundings_wintremix/upperair.sounding.202202100800.Albany_DOW-US_N.txt,soundings_wintremix/upperair.sounding.202202101030.Albany_DOW-US_N.txt",0.0,2022-02-10 08:30:00,Albany2022-02-10 08:30:00,False,,,,
29,,,,,,2022-02-10 08:40:00,IOP2,,,,,,,,,,,,2.650266666666667,,,,Albany,DOW-US-N,,,"soundings_wintremix/upperair.sounding.202202100800.Albany_DOW-US_N.txt,soundings_wintremix/upperair.sounding.202202101030.Albany_DOW-US_N.txt",0.0,2022-02-10 08:40:00,Albany2022-02-10 08:40:00,False,,,,
30,-0.07184578020643606,70.08712143290832,70.1064363541773,-0.014369156041287212,1020.0,2022-02-10 08:50:00,IOP2,,,,,1991.6047493045646,1015.0,2.085449999271795,65.0,1020.0,1020.0,0.0,2.537833333333333,,4.276120218579235,-0.014369156041287212,Albany,DOW-US-N,1015.0,1020.0,"soundings_wintremix/upperair.sounding.202202100800.Albany_DOW-US_N.txt,soundings_wintremix/upperair.sounding.202202101030.Albany_DOW-US_N.txt",950.0,2022-02-10 08:50:00,Albany2022-02-10 08:50:00,False,,,,
31,-0.34605413557396847,70.20780497874922,70.24802273447159,-0.034605413557396845,1015.0,2022-02-10 09:00:00,IOP2,,,,,1950.4101549677257,1010.0,2.0530633210186586,65.0,1015.0,1015.0,5.0,2.4254,,4.237344262295082,-0.044613357619915035,Albany,DOW-US-N,1010.0,1020.0,"soundings_wintremix/upperair.sounding.202202100800.Albany_DOW-US_N.txt,soundings_wintremix/upperair.sounding.202202101030.Albany_DOW-US_N.txt",945.0,2022-02-10 09:00:00,Albany2022-02-10 09:00:00,False,,,,
32,-0.9512749353472173,70.11661083416418,70.1637336787063,-0.03805099741388869,1045.0,2022-02-10 09:10:00,IOP2,,,,,1909.2499986935752,1005.0,2.02037036898791,65.0,1045.0,1045.0,20.0,2.3129666666666666,,4.198568306010929,-0.07064451977401132,Albany,DOW-US-N,1005.0,1065.0,"soundings_wintremix/upperair.sounding.202202100800.Albany_DOW-US_N.txt,soundings_wintremix/upperair.sounding.202202101030.Albany_DOW-US_N.txt",940.0,2022-02-10 09:10:00,Albany2022-02-10 09:10:00,False,,,,
33,,,,,,2022-02-10 09:20:00,IOP2,,,,,,,,,,,,2.2005333333333335,,,,Albany,DOW-US-N,,,"soundings_wintremix/upperair.sounding.202202100800.Albany_DOW-US_N.txt,soundings_wintremix/upperair.sounding.202202101030.Albany_DOW-US_N.txt",0.0,2022-02-10 09:20:00,Albany2022-02-10 09:20:00,False,,,,
34,,,,,,2022-02-10 09:30:00,IOP2,,,,,,,,,,,,2.0881000000000003,,,,Albany,DOW-US-N,,,"soundings_wintremix/upperair.sounding.202202100800.Albany_DOW-US_N.txt,soundings_wintremix/upperair.sounding.202202101030.Albany_DOW-US_N.txt",0.0,2022-02-10 09:30:00,Albany2022-02-10 09:30:00,False,,,,
35,,,,,,2022-02-10 09:40:00,IOP2,,,,,,,,,,,,1.9756666666666665,,,,Albany,DOW-US-N,,,"soundings_wintremix/upperair.sounding.202202100800.Albany_DOW-US_N.txt,soundings_wintremix/upperair.sounding.202202101030.Albany_DOW-US_N.txt",0.0,2022-02-10 09:40:00,Albany2022-02-10 09:40:00,False,,,,
1707,,,,,,,,,,,,,,,,,,,,,,,,,,,,0.0,2022-02-10 10:40:00,Albany2022-02-10 10:40:00,True,upperair.sounding.202202101030.Albany_DOW-US_N.txt,,,
36,,,,,,2022-02-10 10:50:00,IOP2,,,,,,,,,,,,1.4774074074074075,,,,Albany,DOW-US-N,,,"soundings_wintremix/upperair.sounding.202202101030.Albany_DOW-US_N.txt,soundings_wintremix/upperair.sounding.202202101200.Albany_DOW-US_N.txt",0.0,2022-02-10 10:50:00,Albany2022-02-10 10:50:00,False,,,,
37,,,,,,2022-02-10 11:00:00,IOP2,,,,,,,,,,,,1.4661111111111111,,,,Albany,DOW-US-N,,,"soundings_wintremix/upperair.sounding.202202101030.Albany_DOW-US_N.txt,soundings_wintremix/upperair.sounding.202202101200.Albany_DOW-US_N.txt",0.0,2022-02-10 11:00:00,Albany2022-02-10 11:00:00,False,,,,
38,,,,,,2022-02-10 11:10:00,IOP2,,,,,,,,,,,,1.4548148148148148,,,,Albany,DOW-US-N,,,"soundings_wintremix/upperair.sounding.202202101030.Albany_DOW-US_N.txt,soundings_wintremix/upperair.sounding.202202101200.Albany_DOW-US_N.txt",0.0,2022-02-10 11:10:00,Albany2022-02-10 11:10:00,False,,,,
39,,,,,,2022-02-10 11:20:00,IOP2,,,,,,,,,,,,1.4435185185185184,,,,Albany,DOW-US-N,,,"soundings_wintremix/upperair.sounding.202202101030.Albany_DOW-US_N.txt,soundings_wintremix/upperair.sounding.202202101200.Albany_DOW-US_N.txt",0.0,2022-02-10 11:20:00,Albany2022-02-10 11:20:00,False,,,,
40,,,,,,2022-02-10 11:30:00,IOP2,,,,,,,,,,,,1.432222222222222,,,,Albany,DOW-US-N,,,"soundings_wintremix/upperair.sounding.202202101030.Albany_DOW-US_N.txt,soundings_wintremix/upperair.sounding.202202101200.Albany_DOW-US_N.txt",0.0,2022-02-10 11:30:00,Albany2022-02-10 11:30:00,False,,,,
1708,,,,,,,,,,,,,,,,,,,,,,,,,,,,0.0,2022-02-10 12:10:00,Albany2022-02-10 12:10:00,True,upperair.sounding.202202101200.Albany_DOW-US_N.txt,,,
41,,,,,,2022-02-10 12:30:00,IOP2,,,,,,,,,,,,,,,,Albany,DOW-US-N,,,,,2022-02-10 12:30:00,Albany2022-02-10 12:30:00,False,,,,
42,,,,,,2022-02-10 12:40:00,IOP2,,,,,,,,,,,,,,,,Albany,DOW-US-N,,,,,2022-02-10 12:40:00,Albany2022-02-10 12:40:00,False,,,,
43,,,,,,2022-02-10 12:50:00,IOP2,,,,,,,,,,,,,,,,Albany,DOW-US-N,,,,,2022-02-10 12:50:00,Albany2022-02-10 12:50:00,False,,,,
1709,,,,,,,,,,,,,,,,,,,,,,,,,,,,0.0,2022-02-12 01:10:00,Albany2022-02-12 01:10:00,True,upperair.sounding.202202120100.Albany_DOW-US_N.txt,,,
44,,,,,,2022-02-12 01:20:00,IOP3,,,,,,,,,,,,6.384157706093189,,,,Albany,DOW-US-N,,,"soundings_wintremix/upperair.sounding.202202120100.Albany_DOW-US_N.txt,soundings_wintremix/upperair.sounding.202202120230.Albany_DOW-US_N.txt",0.0,2022-02-12 01:20:00,Albany2022-02-12 01:20:00,False,,,,
45,,,,,,2022-02-12 02:00:00,IOP3,,,,,,,,,,,,6.312473118279569,,,,Albany,DOW-US-N,,,"soundings_wintremix/upperair.sounding.202202120100.Albany_DOW-US_N.txt,soundings_wintremix/upperair.sounding.202202120230.Albany_DOW-US_N.txt",0.0,2022-02-12 02:00:00,Albany2022-02-12 02:00:00,False,,,,
46,,,,,,2022-02-12 02:30:00,IOP3,,,,,,,,,,,,6.4,,,,Albany,DOW-US-N,,,"soundings_wintremix/upperair.sounding.202202120230.Albany_DOW-US_N.txt,soundings_wintremix/upperair.sounding.202202120400.Albany_DOW-US_N.txt",0.0,2022-02-12 02:30:00,Albany2022-02-12 02:30:00,False,,,,
47,,,,,,2022-02-12 02:40:00,IOP3,,,,,,,,,,,,6.460458553791887,,,,Albany,DOW-US-N,,,"soundings_wintremix/upperair.sounding.202202120230.Albany_DOW-US_N.txt,soundings_wintremix/upperair.sounding.202202120400.Albany_DOW-US_N.txt",0.0,2022-02-12 02:40:00,Albany2022-02-12 02:40:00,True,upperair.sounding.202202120230.Albany_DOW-US_N.txt,,,
48,,,,,,2022-02-12 03:00:00,IOP3,,,,,,,,,,,,6.581375661375661,,,,Albany,DOW-US-N,,,"soundings_wintremix/upperair.sounding.202202120230.Albany_DOW-US_N.txt,soundings_wintremix/upperair.sounding.202202120400.Albany_DOW-US_N.txt",0.0,2022-02-12 03:00:00,Albany2022-02-12 03:00:00,False,,,,
49,,,,,,2022-02-12 03:30:00,IOP3,,,,,,,,,,,,6.762751322751322,,,,Albany,DOW-US-N,,,"soundings_wintremix/upperair.sounding.202202120230.Albany_DOW-US_N.txt,soundings_wintremix/upperair.sounding.202202120400.Albany_DOW-US_N.txt",0.0,2022-02-12 03:30:00,Albany2022-02-12 03:30:00,False,,,,
50,,,,,,2022-02-12 04:00:00,IOP3,,,,,,,,,,,,,,,,Albany,DOW-US-N,,,,,2022-02-12 04:00:00,Albany2022-02-12 04:00:00,False,,,,
1710,,,,,,,,,,,,,,,,,,,,,,,,,,,,0.0,2022-02-12 04:10:00,Albany2022-02-12 04:10:00,True,upperair.sounding.202202120400.Albany_DOW-US_N.txt,,,
51,,,,,,2022-02-12 04:30:00,IOP3,,,,,,,,,,,,,,,,Albany,DOW-US-N,,,,,2022-02-12 04:30:00,Albany2022-02-12 04:30:00,False,,,,
52,,,,,,2022-02-12 04:40:00,IOP3,,,,,,,,,,,,,,,,Albany,DOW-US-N,,,,,2022-02-12 04:40:00,Albany2022-02-12 04:40:00,False,,,,
53,,,,,,2022-02-12 05:00:00,IOP3,,,,,,,,,,,,,,,,Albany,DOW-US-N,,,,,2022-02-12 05:00:00,Albany2022-02-12 05:00:00,False,,,,
54,,,,,,2022-02-18 01:00:00,IOP4,RA,,,,,,,,,,,7.27,RA,,,Albany,DOW-US-Plattsburgh,,,"soundings_wintremix/upperair.sounding.202202180100.Albany_DOW-US_Plattsburgh.txt,soundings_wintremix/upperair.sounding.202202180300.Albany_DOW-US_Plattsburgh.txt",0.0,2022-02-18 01:00:00,Albany2022-02-18 01:00:00,False,,,,
55,,,,,,2022-02-18 01:10:00,IOP4,RA,,,,,,,,,,,7.110978260869564,RA,,,Albany,DOW-US-Plattsburgh,,,"soundings_wintremix/upperair.sounding.202202180100.Albany_DOW-US_Plattsburgh.txt,soundings_wintremix/upperair.sounding.202202180300.Albany_DOW-US_Plattsburgh.txt",0.0,2022-02-18 01:10:00,Albany2022-02-18 01:10:00,True,upperair.sounding.202202180100.Albany_DOW-US_Plattsburgh.txt,,,
56,,,,,,2022-02-18 01:20:00,IOP4,RA,,,,,,,,,,,6.951956521739131,RA,,,Albany,DOW-US-Plattsburgh,,,"soundings_wintremix/upperair.sounding.202202180100.Albany_DOW-US_Plattsburgh.txt,soundings_wintremix/upperair.sounding.202202180300.Albany_DOW-US_Plattsburgh.txt",0.0,2022-02-18 01:20:00,Albany2022-02-18 01:20:00,False,,,,
57,,,,,,2022-02-18 01:30:00,IOP4,RA,,,,,,,,,,,6.792934782608695,RA,,,Albany,DOW-US-Plattsburgh,,,"soundings_wintremix/upperair.sounding.202202180100.Albany_DOW-US_Plattsburgh.txt,soundings_wintremix/upperair.sounding.202202180300.Albany_DOW-US_Plattsburgh.txt",0.0,2022-02-18 01:30:00,Albany2022-02-18 01:30:00,False,,,,
58,,,,,,2022-02-18 01:40:00,IOP4,RA,,,,,,,,,,,6.63391304347826,RA,,,Albany,DOW-US-Plattsburgh,,,"soundings_wintremix/upperair.sounding.202202180100.Albany_DOW-US_Plattsburgh.txt,soundings_wintremix/upperair.sounding.202202180300.Albany_DOW-US_Plattsburgh.txt",0.0,2022-02-18 01:40:00,Albany2022-02-18 01:40:00,False,,,,
59,,,,,,2022-02-18 01:50:00,IOP4,RA,,,,,,,,,,,6.4748913043478264,RA,,,Albany,DOW-US-Plattsburgh,,,"soundings_wintremix/upperair.sounding.202202180100.Albany_DOW-US_Plattsburgh.txt,soundings_wintremix/upperair.sounding.202202180300.Albany_DOW-US_Plattsburgh.txt",0.0,2022-02-18 01:50:00,Albany2022-02-18 01:50:00,False,,,,
60,,,,,,2022-02-18 02:00:00,IOP4,RA,,,,,,,,,,,6.315869565217391,RA,,,Albany,DOW-US-Plattsburgh,,,"soundings_wintremix/upperair.sounding.202202180100.Albany_DOW-US_Plattsburgh.txt,soundings_wintremix/upperair.sounding.202202180300.Albany_DOW-US_Plattsburgh.txt",0.0,2022-02-18 02:00:00,Albany2022-02-18 02:00:00,False,,,,
61,,,,,,2022-02-18 02:10:00,IOP4,RA,,,,,,,,,,,6.156847826086957,RA,,,Albany,DOW-US-Plattsburgh,,,"soundings_wintremix/upperair.sounding.202202180100.Albany_DOW-US_Plattsburgh.txt,soundings_wintremix/upperair.sounding.202202180300.Albany_DOW-US_Plattsburgh.txt",0.0,2022-02-18 02:10:00,Albany2022-02-18 02:10:00,False,,,,
62,,,,,,2022-02-18 02:20:00,IOP4,RA,,,,,,,,,,,5.997826086956522,RA,,,Albany,DOW-US-Plattsburgh,,,"soundings_wintremix/upperair.sounding.202202180100.Albany_DOW-US_Plattsburgh.txt,soundings_wintremix/upperair.sounding.202202180300.Albany_DOW-US_Plattsburgh.txt",0.0,2022-02-18 02:20:00,Albany2022-02-18 02:20:00,False,,,,
63,,,,,,2022-02-18 02:30:00,IOP4,RA,,,,,,,,,,,5.838804347826087,RA,,,Albany,DOW-US-Plattsburgh,,,"soundings_wintremix/upperair.sounding.202202180100.Albany_DOW-US_Plattsburgh.txt,soundings_wintremix/upperair.sounding.202202180300.Albany_DOW-US_Plattsburgh.txt",0.0,2022-02-18 02:30:00,Albany2022-02-18 02:30:00,False,,,,
64,,,,,,2022-02-18 02:40:00,IOP4,RA,,,,,,,,,,,5.679782608695653,RA,,,Albany,DOW-US-Plattsburgh,,,"soundings_wintremix/upperair.sounding.202202180100.Albany_DOW-US_Plattsburgh.txt,soundings_wintremix/upperair.sounding.202202180300.Albany_DOW-US_Plattsburgh.txt",0.0,2022-02-18 02:40:00,Albany2022-02-18 02:40:00,False,,,,
65,,,,,,2022-02-18 02:50:00,IOP4,RA,,,,,,,,,,,5.520760869565217,RA,,,Albany,DOW-US-Plattsburgh,,,"soundings_wintremix/upperair.sounding.202202180100.Albany_DOW-US_Plattsburgh.txt,soundings_wintremix/upperair.sounding.202202180300.Albany_DOW-US_Plattsburgh.txt",0.0,2022-02-18 02:50:00,Albany2022-02-18 02:50:00,False,,,,
66,,,,,,2022-02-18 03:00:00,IOP4,RA,,,,,,,,,,,5.45,RA,,,Albany,DOW-US-Plattsburgh,,,"soundings_wintremix/upperair.sounding.202202180300.Albany_DOW-US_Plattsburgh.txt,soundings_wintremix/upperair.sounding.202202180700.Albany_DOW-US_Plattsburgh.txt",0.0,2022-02-18 03:00:00,Albany2022-02-18 03:00:00,False,,,,
67,,,,,,2022-02-18 03:10:00,IOP4,RA,,,,,,,,,,,5.064448924731184,RA,,,Albany,DOW-US-Plattsburgh,,,"soundings_wintremix/upperair.sounding.202202180300.Albany_DOW-US_Plattsburgh.txt,soundings_wintremix/upperair.sounding.202202180700.Albany_DOW-US_Plattsburgh.txt",0.0,2022-02-18 03:10:00,Albany2022-02-18 03:10:00,True,upperair.sounding.202202180300.Albany_DOW-US_Plattsburgh.txt,,,
68,,,,,,2022-02-18 03:20:00,IOP4,RA,,,,,,,,,,,4.678897849462366,RA,,,Albany,DOW-US-Plattsburgh,,,"soundings_wintremix/upperair.sounding.202202180300.Albany_DOW-US_Plattsburgh.txt,soundings_wintremix/upperair.sounding.202202180700.Albany_DOW-US_Plattsburgh.txt",0.0,2022-02-18 03:20:00,Albany2022-02-18 03:20:00,False,,,,
69,,,,,,2022-02-18 03:30:00,IOP4,RA,,,,,,,,,,,4.293346774193548,RA,,,Albany,DOW-US-Plattsburgh,,,"soundings_wintremix/upperair.sounding.202202180300.Albany_DOW-US_Plattsburgh.txt,soundings_wintremix/upperair.sounding.202202180700.Albany_DOW-US_Plattsburgh.txt",0.0,2022-02-18 03:30:00,Albany2022-02-18 03:30:00,False,,,,
70,,,,,,2022-02-18 03:40:00,IOP4,RA,,,,,,,,,,,3.9077956989247316,RA,,,Albany,DOW-US-Plattsburgh,,,"soundings_wintremix/upperair.sounding.202202180300.Albany_DOW-US_Plattsburgh.txt,soundings_wintremix/upperair.sounding.202202180700.Albany_DOW-US_Plattsburgh.txt",0.0,2022-02-18 03:40:00,Albany2022-02-18 03:40:00,False,,,,
71,,,,,,2022-02-18 03:50:00,IOP4,RA,,,,,,,,,,,3.5222446236559137,RA,,,Albany,DOW-US-Plattsburgh,,,"soundings_wintremix/upperair.sounding.202202180300.Albany_DOW-US_Plattsburgh.txt,soundings_wintremix/upperair.sounding.202202180700.Albany_DOW-US_Plattsburgh.txt",0.0,2022-02-18 03:50:00,Albany2022-02-18 03:50:00,False,,,,
72,,,,,,2022-02-18 04:00:00,IOP4,RA,,,,,,,,,,,3.1366935483870972,RA,,,Albany,DOW-US-Plattsburgh,,,"soundings_wintremix/upperair.sounding.202202180300.Albany_DOW-US_Plattsburgh.txt,soundings_wintremix/upperair.sounding.202202180700.Albany_DOW-US_Plattsburgh.txt",0.0,2022-02-18 04:00:00,Albany2022-02-18 04:00:00,False,,,,
73,,,,,,2022-02-18 04:10:00,IOP4,RA,,,,,,,,,,,2.75114247311828,RA,,,Albany,DOW-US-Plattsburgh,,,"soundings_wintremix/upperair.sounding.202202180300.Albany_DOW-US_Plattsburgh.txt,soundings_wintremix/upperair.sounding.202202180700.Albany_DOW-US_Plattsburgh.txt",0.0,2022-02-18 04:10:00,Albany2022-02-18 04:10:00,False,,,,
74,,,,,,2022-02-18 04:20:00,IOP4,RA,,,,,,,,,,,2.3655913978494625,RA,,,Albany,DOW-US-Plattsburgh,,,"soundings_wintremix/upperair.sounding.202202180300.Albany_DOW-US_Plattsburgh.txt,soundings_wintremix/upperair.sounding.202202180700.Albany_DOW-US_Plattsburgh.txt",0.0,2022-02-18 04:20:00,Albany2022-02-18 04:20:00,False,,,,
75,,,,,,2022-02-18 04:30:00,IOP4,RA,,,,,,,,,,,1.980040322580645,RA,,,Albany,DOW-US-Plattsburgh,,,"soundings_wintremix/upperair.sounding.202202180300.Albany_DOW-US_Plattsburgh.txt,soundings_wintremix/upperair.sounding.202202180700.Albany_DOW-US_Plattsburgh.txt",0.0,2022-02-18 04:30:00,Albany2022-02-18 04:30:00,False,,,,
76,-9.995184490045956,99.25333333333334,99.38812814223455,-0.10521246831627322,700.0,2022-02-18 04:40:00,IOP4,RA,,,,2496.1274829018685,2195.0,1.7766031906774866,795.0,700.0,700.0,90.0,1.5944892473118284,RA,3.0559262431225993,-0.1779893518609635,Albany,DOW-US-Plattsburgh,2195.0,790.0,"soundings_wintremix/upperair.sounding.202202180300.Albany_DOW-US_Plattsburgh.txt,soundings_wintremix/upperair.sounding.202202180700.Albany_DOW-US_Plattsburgh.txt",1400.0,2022-02-18 04:40:00,Albany2022-02-18 04:40:00,False,,,,
77,-101.60573011658983,99.30666666666666,99.9346558027878,-0.39845384359446984,565.0,2022-02-18 04:50:00,IOP4,FZRA,,,,2307.11595948765,2195.0,1.6718231590490216,820.0,565.0,565.0,250.0,1.2089381720430108,FZRA,2.9894940448168716,-0.6817882870470604,Albany,DOW-US-Plattsburgh,2195.0,815.0,"soundings_wintremix/upperair.sounding.202202180300.Albany_DOW-US_Plattsburgh.txt,soundings_wintremix/upperair.sounding.202202180700.Albany_DOW-US_Plattsburgh.txt",1375.0,2022-02-18 04:50:00,Albany2022-02-18 04:50:00,False,,,,
78,-313.8898672336467,99.39617647058824,100.48428283110515,-0.5978854613974223,345.0,2022-02-18 05:00:00,IOP4,FZRA,,,,2139.56129278749,2195.0,1.652170882461382,905.0,345.0,345.0,520.0,0.8233870967741936,FZRA,2.9553888522737966,-1.1855872222331565,Albany,DOW-US-Plattsburgh,2195.0,865.0,"soundings_wintremix/upperair.sounding.202202180300.Albany_DOW-US_Plattsburgh.txt,soundings_wintremix/upperair.sounding.202202180700.Albany_DOW-US_Plattsburgh.txt",1290.0,2022-02-18 05:00:00,Albany2022-02-18 05:00:00,False,,,,
79,-643.5623102952019,99.44649509803921,101.03702482353118,-0.8524004109870224,205.0,2022-02-18 05:10:00,IOP4,FZRA,PL,,,2003.5767594874267,2195.0,1.6157877092640538,960.0,205.0,205.0,750.0,0.4378360215053765,FZRA and PL,2.9212836597307215,-1.6893861574192528,Albany,DOW-US-Plattsburgh,2195.0,955.0,"soundings_wintremix/upperair.sounding.202202180300.Albany_DOW-US_Plattsburgh.txt,soundings_wintremix/upperair.sounding.202202180700.Albany_DOW-US_Plattsburgh.txt",1235.0,2022-02-18 05:10:00,Albany2022-02-18 05:10:00,False,,,,
80,-1010.8481636884435,99.53975225225226,101.59289739923021,-1.1618944410211993,145.0,2022-02-18 05:20:00,IOP4,FZRA,PL,,,1895.0803883111153,2195.0,1.7878116870859577,1140.0,145.0,145.0,865.0,0.052284946236559104,FZRA and PL,2.887178467187647,-2.193185092605349,Albany,DOW-US-Plattsburgh,2195.0,1010.0,"soundings_wintremix/upperair.sounding.202202180300.Albany_DOW-US_Plattsburgh.txt,soundings_wintremix/upperair.sounding.202202180700.Albany_DOW-US_Plattsburgh.txt",1055.0,2022-02-18 05:20:00,Albany2022-02-18 05:20:00,False,,,,
81,-1460.6852603869108,99.58577702702702,102.15191619887514,-1.4250587906213765,120.0,2022-02-18 05:30:00,IOP4,PL,FZRA,,,1833.0985483822956,2200.0,1.7293382531908452,1145.0,120.0,120.0,1020.0,-0.33326612903225783,FZRA and PL,2.8530732746445717,-2.6969840277914456,Albany,DOW-US-Plattsburgh,2200.0,1140.0,"soundings_wintremix/upperair.sounding.202202180300.Albany_DOW-US_Plattsburgh.txt,soundings_wintremix/upperair.sounding.202202180700.Albany_DOW-US_Plattsburgh.txt",1055.0,2022-02-18 05:30:00,Albany2022-02-18 05:30:00,False,,,,
82,-1906.5557914201265,99.7405128205128,102.71409688329827,-1.8332267225193524,120.0,2022-02-18 05:40:00,IOP4,PL,FZRA,,,1774.6064402355178,2200.0,1.6981879810866198,1160.0,120.0,120.0,1035.0,-0.718817204301075,FZRA and PL,2.8189680821014957,-3.200782962977542,Albany,DOW-US-Plattsburgh,2200.0,1155.0,"soundings_wintremix/upperair.sounding.202202180300.Albany_DOW-US_Plattsburgh.txt,soundings_wintremix/upperair.sounding.202202180700.Albany_DOW-US_Plattsburgh.txt",1040.0,2022-02-18 05:40:00,Albany2022-02-18 05:40:00,False,,,,
83,-2356.5333567429207,99.77294871794872,103.27945513211272,-2.2443174826123053,120.0,2022-02-18 05:50:00,IOP4,PL,FZRA,,,1720.2213663783182,2200.0,1.6620496293510314,1170.0,120.0,120.0,1045.0,-1.1043682795698926,FZRA and PL,2.7848628895584215,-3.704581898163638,Albany,DOW-US-Plattsburgh,2200.0,1165.0,"soundings_wintremix/upperair.sounding.202202180300.Albany_DOW-US_Plattsburgh.txt,soundings_wintremix/upperair.sounding.202202180700.Albany_DOW-US_Plattsburgh.txt",1030.0,2022-02-18 05:50:00,Albany2022-02-18 05:50:00,False,,,,
84,-2811.848614188128,99.80538461538461,103.84800664229255,-2.615673129477328,120.0,2022-02-18 06:00:00,IOP4,PL,FZRA,,,1671.173984643531,2200.0,1.6546277075678522,1195.0,120.0,120.0,1070.0,-1.4899193548387097,FZRA and PL,2.750757697015346,-4.208380833349735,Albany,DOW-US-Plattsburgh,2200.0,1190.0,"soundings_wintremix/upperair.sounding.202202180300.Albany_DOW-US_Plattsburgh.txt,soundings_wintremix/upperair.sounding.202202180700.Albany_DOW-US_Plattsburgh.txt",1005.0,2022-02-18 06:00:00,Albany2022-02-18 06:00:00,False,,,,
85,-3270.6040430051053,99.8378205128205,104.41976712671854,-3.028337076856579,120.0,2022-02-18 06:10:00,IOP4,PL,FZRA,,,1625.6139655488182,2205.0,1.609518777771107,1200.0,120.0,120.0,1075.0,-1.8754704301075267,FZRA and PL,2.716652504472271,-4.71217976853583,Albany,DOW-US-Plattsburgh,2205.0,1195.0,"soundings_wintremix/upperair.sounding.202202180300.Albany_DOW-US_Plattsburgh.txt,soundings_wintremix/upperair.sounding.202202180700.Albany_DOW-US_Plattsburgh.txt",1005.0,2022-02-18 06:10:00,Albany2022-02-18 06:10:00,False,,,,
86,-3730.772593246006,99.87025641025642,104.99475231268332,-3.422727149766978,120.0,2022-02-18 06:20:00,IOP4,PL,,,,1581.492924912387,2210.0,1.573624800907848,1210.0,120.0,120.0,1085.0,-2.2610215053763443,PL,2.6825473119291963,-5.215978703721927,Albany,DOW-US-Plattsburgh,2210.0,1205.0,"soundings_wintremix/upperair.sounding.202202180300.Albany_DOW-US_Plattsburgh.txt,soundings_wintremix/upperair.sounding.202202180700.Albany_DOW-US_Plattsburgh.txt",1000.0,2022-02-18 06:20:00,Albany2022-02-18 06:20:00,False,,,,
87,-5564.801912354198,100.0,107.40181448301114,-4.946490588759287,128.0,2022-02-18 07:00:00,IOP4,PL,,,,1428.288110424648,2213.0,1.4800913061395315,1253.0,128.0,128.0,1120.0,-3.86,PL,2.5638461538461526,-7.243191489361702,Albany,DOW-US-Plattsburgh,2213.0,1248.0,"soundings_wintremix/upperair.sounding.202202180700.Albany_DOW-US_Plattsburgh.txt,soundings_wintremix/upperair.sounding.202202180900.Albany_DOW-US_Plattsburgh.txt",960.0,2022-02-18 07:00:00,Albany2022-02-18 07:00:00,False,,,,
88,-5564.801912354198,100.0,107.40181448301114,-4.946490588759287,128.0,2022-02-18 07:10:00,IOP4,PL,,,,1428.288110424648,2213.0,1.4800913061395315,1253.0,128.0,128.0,1120.0,-3.9345192307692307,PL,2.5638461538461526,-7.243191489361702,Albany,DOW-US-Plattsburgh,2213.0,1248.0,"soundings_wintremix/upperair.sounding.202202180700.Albany_DOW-US_Plattsburgh.txt,soundings_wintremix/upperair.sounding.202202180900.Albany_DOW-US_Plattsburgh.txt",960.0,2022-02-18 07:10:00,Albany2022-02-18 07:10:00,True,upperair.sounding.202202180700.Albany_DOW-US_Plattsburgh.txt,,,
89,-6190.94768106362,99.25265851449277,104.22683598414802,-5.095430190175818,128.0,2022-02-18 07:30:00,IOP4,PL,,,,1455.2046549722336,2213.0,1.6630910342539813,1343.0,128.0,128.0,1210.0,-4.083557692307693,PL,2.8723076923076922,-7.627238095238095,Albany,DOW-US-Plattsburgh,2213.0,1338.0,"soundings_wintremix/upperair.sounding.202202180700.Albany_DOW-US_Plattsburgh.txt,soundings_wintremix/upperair.sounding.202202180900.Albany_DOW-US_Plattsburgh.txt",870.0,2022-02-18 07:30:00,Albany2022-02-18 07:30:00,False,,,,
90,-6414.442164133403,99.00354468599033,103.16306713462315,-5.19388029484486,128.0,2022-02-18 07:40:00,IOP4,PL,,,,1478.956063321405,2213.0,1.7297731734753274,1363.0,128.0,128.0,1230.0,-4.158076923076923,PL,2.975384615384615,-7.765280423280423,Albany,DOW-US-Plattsburgh,2213.0,1358.0,"soundings_wintremix/upperair.sounding.202202180700.Albany_DOW-US_Plattsburgh.txt,soundings_wintremix/upperair.sounding.202202180900.Albany_DOW-US_Plattsburgh.txt",850.0,2022-02-18 07:40:00,Albany2022-02-18 07:40:00,False,,,,
91,-6644.536507407909,98.75443085748793,103.0341544265062,-5.3369771143838625,128.0,2022-02-18 07:50:00,IOP4,PL,,,,1509.3073318753,2213.0,1.786162522929349,1373.0,128.0,128.0,1240.0,-4.2325961538461545,PL,3.0784615384615384,-7.903322751322752,Albany,DOW-US-Plattsburgh,2213.0,1368.0,"soundings_wintremix/upperair.sounding.202202180700.Albany_DOW-US_Plattsburgh.txt,soundings_wintremix/upperair.sounding.202202180900.Albany_DOW-US_Plattsburgh.txt",840.0,2022-02-18 07:50:00,Albany2022-02-18 07:50:00,False,,,,
92,-7342.832434191021,98.0070893719807,102.73428292497357,-5.850862497363363,128.0,2022-02-18 08:20:00,IOP4,PL,,,,1608.3740344965768,2213.0,1.9261964484988947,1383.0,128.0,128.0,1250.0,-4.456153846153846,PL,3.392211188348229,-8.317449735449735,Albany,DOW-US-Plattsburgh,2213.0,1378.0,"soundings_wintremix/upperair.sounding.202202180700.Albany_DOW-US_Plattsburgh.txt,soundings_wintremix/upperair.sounding.202202180900.Albany_DOW-US_Plattsburgh.txt",830.0,2022-02-18 08:20:00,Albany2022-02-18 08:20:00,False,,,,
93,-7576.9456015259475,97.7579755434783,102.63321988559389,-6.013448890099958,128.0,2022-02-18 08:30:00,IOP4,PL,,,,1642.7441271108917,2213.0,1.9792097916998694,1388.0,128.0,128.0,1255.0,-4.530673076923077,PL,3.5021586395233366,-8.455492063492065,Albany,DOW-US-Plattsburgh,2213.0,1383.0,"soundings_wintremix/upperair.sounding.202202180700.Albany_DOW-US_Plattsburgh.txt,soundings_wintremix/upperair.sounding.202202180900.Albany_DOW-US_Plattsburgh.txt",825.0,2022-02-18 08:30:00,Albany2022-02-18 08:30:00,False,,,,
94,,,,,,2022-02-18 09:00:00,IOP4,PL,,,,,,,,,,,,PL,,,Albany,DOW-US-Plattsburgh,,,,,2022-02-18 09:00:00,Albany2022-02-18 09:00:00,False,,,,
95,-8272.674924175513,96.72999999999999,102.030482084593,-6.539663971680247,130.0,2022-02-18 09:10:00,IOP4,PL,,,,1748.8185823595481,2220.0,2.107010340192226,1395.0,130.0,130.0,1260.0,,PL,3.8367924528301884,-8.87,Albany,DOW-US-Plattsburgh,2220.0,1390.0,,825.0,2022-02-18 09:10:00,Albany2022-02-18 09:10:00,True,upperair.sounding.202202180900.Albany_DOW-US_Plattsburgh.txt,,,
96,,,,,,2022-02-18 09:30:00,IOP4,PL,,,,,,,,,,,,PL,,,Albany,DOW-US-Plattsburgh,,,,,2022-02-18 09:30:00,Albany2022-02-18 09:30:00,False,,,,
97,,,,,,2022-02-18 09:40:00,IOP4,PL,SN,,,,,,,,,,,SN and PL,,,Albany,DOW-US-Plattsburgh,,,,,2022-02-18 09:40:00,Albany2022-02-18 09:40:00,False,,,,
98,,,,,,2022-02-18 10:00:00,IOP4,SN,,,,,,,,,,,,SN,,,Albany,DOW-US-Plattsburgh,,,,,2022-02-18 10:00:00,Albany2022-02-18 10:00:00,False,,,,
99,,,,,,2022-02-22 22:10:00,IOP5,FZRA,,,,,,,,,,,,FZRA,,,Albany,DOW-US-N,,,,,2022-02-22 22:10:00,Albany2022-02-22 22:10:00,False,,,,
100,,,,,,2022-02-22 23:00:00,IOP5,FZRA,,,,,,,,,,,,FZRA,,,Albany,DOW-US-N,,,,,2022-02-22 23:00:00,Albany2022-02-22 23:00:00,False,,,,
101,,,,,,2022-02-22 23:10:00,IOP5,FZRA,,,,,,,,,,,,FZRA,,,Albany,DOW-US-N,,,,,2022-02-22 23:10:00,Albany2022-02-22 23:10:00,False,,,,
102,,,,,,2022-02-22 23:20:00,IOP5,FZRA,,,,,,,,,,,,FZRA,,,Albany,DOW-US-N,,,,,2022-02-22 23:20:00,Albany2022-02-22 23:20:00,False,,,,
103,,,,,,2022-02-22 23:40:00,IOP5,FZRA,,,,,,,,,,,,FZRA,,,Albany,DOW-US-N,,,,,2022-02-22 23:40:00,Albany2022-02-22 23:40:00,False,,,,
104,,,,,,2022-02-22 23:50:00,IOP5,FZRA,,,,,,,,,,,,FZRA,,,Albany,DOW-US-N,,,,,2022-02-22 23:50:00,Albany2022-02-22 23:50:00,False,,,,
105,,,,,,2022-02-23 00:00:00,IOP5,FZRA,,,,,,,,,,,,FZRA,,,Albany,DOW-US-N,,,,,2022-02-23 00:00:00,Albany2022-02-23 00:00:00,False,,,,
106,,,,,,2022-02-23 00:10:00,IOP5,FZRA,,,,,,,,,,,,FZRA,,,Albany,DOW-US-N,,,,,2022-02-23 00:10:00,Albany2022-02-23 00:10:00,False,,,,
107,,,,,,2022-02-23 00:20:00,IOP5,FZRA,,,,,,,,,,,,FZRA,,,Albany,DOW-US-N,,,,,2022-02-23 00:20:00,Albany2022-02-23 00:20:00,False,,,,
108,,,,,,2022-02-23 00:40:00,IOP5,FZRA,,,,,,,,,,,,FZRA,,,Albany,DOW-US-N,,,,,2022-02-23 00:40:00,Albany2022-02-23 00:40:00,False,,,,
109,,,,,,2022-02-23 00:50:00,IOP5,RA,,,,,,,,,,,,RA,,,Albany,DOW-US-N,,,,,2022-02-23 00:50:00,Albany2022-02-23 00:50:00,False,,,,
110,,,,,,2022-02-23 01:00:00,IOP5,RA,,,,,,,,,,,,RA,,,Albany,DOW-US-N,,,,,2022-02-23 01:00:00,Albany2022-02-23 01:00:00,False,,,,
111,,,,,,2022-02-23 01:10:00,IOP5,RA,,,,,,,,,,,,RA,,,Albany,DOW-US-N,,,,,2022-02-23 01:10:00,Albany2022-02-23 01:10:00,False,,,,
112,,,,,,2022-02-23 01:20:00,IOP5,RA,,,,,,,,,,,,RA,,,Albany,DOW-US-N,,,,,2022-02-23 01:20:00,Albany2022-02-23 01:20:00,False,,,,
113,,,,,,2022-02-23 01:30:00,IOP5,RA,,,,,,,,,,,,RA,,,Albany,DOW-US-N,,,,,2022-02-23 01:30:00,Albany2022-02-23 01:30:00,False,,,,
114,,,,,,2022-02-23 01:40:00,IOP5,RA,,,,,,,,,,,,RA,,,Albany,DOW-US-N,,,,,2022-02-23 01:40:00,Albany2022-02-23 01:40:00,False,,,,
115,,,,,,2022-02-23 01:50:00,IOP5,RA,,,,,,,,,,,,RA,,,Albany,DOW-US-N,,,,,2022-02-23 01:50:00,Albany2022-02-23 01:50:00,False,,,,
116,,,,,,2022-02-23 02:00:00,IOP5,RA,,,,,,,,,,,,RA,,,Albany,DOW-US-N,,,,,2022-02-23 02:00:00,Albany2022-02-23 02:00:00,False,,,,
117,,,,,,2022-02-23 02:10:00,IOP5,RA,,,,,,,,,,,,RA,,,Albany,DOW-US-N,,,,,2022-02-23 02:10:00,Albany2022-02-23 02:10:00,False,,,,
118,,,,,,2022-02-23 02:20:00,IOP5,RA,,,,,,,,,,,,RA,,,Albany,DOW-US-N,,,,,2022-02-23 02:20:00,Albany2022-02-23 02:20:00,False,,,,
119,,,,,,2022-02-23 02:30:00,IOP5,RA,,,,,,,,,,,,RA,,,Albany,DOW-US-N,,,,,2022-02-23 02:30:00,Albany2022-02-23 02:30:00,False,,,,
120,,,,,,2022-02-23 02:40:00,IOP5,RA,,,,,,,,,,,,RA,,,Albany,DOW-US-N,,,,,2022-02-23 02:40:00,Albany2022-02-23 02:40:00,False,,,,
121,,,,,,2022-02-23 02:50:00,IOP5,RA,,,,,,,,,,,,RA,,,Albany,DOW-US-N,,,,,2022-02-23 02:50:00,Albany2022-02-23 02:50:00,False,,,,
122,,,,,,2022-02-23 03:00:00,IOP5,,,,,,,,,,,,,,,,Albany,DOW-US-N,,,,,2022-02-23 03:00:00,Albany2022-02-23 03:00:00,False,,,,
123,,,,,,2022-02-23 03:10:00,IOP5,,,,,,,,,,,,,,,,Albany,DOW-US-N,,,,,2022-02-23 03:10:00,Albany2022-02-23 03:10:00,False,,,,
124,,,,,,2022-02-23 03:20:00,IOP5,,,,,,,,,,,,,,,,Albany,DOW-US-N,,,,,2022-02-23 03:20:00,Albany2022-02-23 03:20:00,False,,,,
125,,,,,,2022-02-23 03:30:00,IOP5,,,,,,,,,,,,,,,,Albany,DOW-US-N,,,,,2022-02-23 03:30:00,Albany2022-02-23 03:30:00,False,,,,
126,,,,,,2022-02-23 03:40:00,IOP5,,,,,,,,,,,,,,,,Albany,DOW-US-N,,,,,2022-02-23 03:40:00,Albany2022-02-23 03:40:00,False,,,,
127,,,,,,2022-02-23 03:50:00,IOP5,,,,,,,,,,,,,,,,Albany,DOW-US-N,,,,,2022-02-23 03:50:00,Albany2022-02-23 03:50:00,False,,,,
128,,,,,,2022-02-23 04:00:00,IOP5,,,,,,,,,,,,,,,,Albany,DOW-US-N,,,,,2022-02-23 04:00:00,Albany2022-02-23 04:00:00,False,,,,
129,,,,,,2022-02-23 04:10:00,IOP5,,,,,,,,,,,,,,,,Albany,DOW-US-N,,,,,2022-02-23 04:10:00,Albany2022-02-23 04:10:00,False,,,,
130,,,,,,2022-02-23 04:20:00,IOP5,,,,,,,,,,,,,,,,Albany,DOW-US-N,,,,,2022-02-23 04:20:00,Albany2022-02-23 04:20:00,False,,,,
131,,,,,,2022-02-23 04:30:00,IOP5,,,,,,,,,,,,,,,,Albany,DOW-US-N,,,,,2022-02-23 04:30:00,Albany2022-02-23 04:30:00,False,,,,
132,,,,,,2022-02-23 04:40:00,IOP5,,,,,,,,,,,,,,,,Albany,DOW-US-N,,,,,2022-02-23 04:40:00,Albany2022-02-23 04:40:00,False,,,,
133,,,,,,2022-02-23 04:50:00,IOP5,,,,,,,,,,,,,,,,Albany,DOW-US-N,,,,,2022-02-23 04:50:00,Albany2022-02-23 04:50:00,False,,,,
134,,,,,,2022-02-23 05:00:00,IOP5,,,,,,,,,,,,,,,,Albany,DOW-US-N,,,,,2022-02-23 05:00:00,Albany2022-02-23 05:00:00,False,,,,
1711,,,,,,,,,,,,,,,,,,,,,,,,,,,,0.0,2022-02-25 09:10:00,Albany2022-02-25 09:10:00,True,upperair.sounding.202202250900.Albany-ESSX.txt,,,
1712,,,,,,,,,,,,,,,,,,,,,,,,,,,,0.0,2022-02-25 12:10:00,Albany2022-02-25 12:10:00,True,upperair.sounding.202202251200.Albany-ESSX.txt,,,
135,,,,,,2022-03-01 16:00:00,IOP7,,,,,,,,,,,,,,,,Albany,DOW-US-N,,,,,2022-03-01 16:00:00,Albany2022-03-01 16:00:00,False,,,,
136,,,,,,2022-03-01 16:10:00,IOP7,,,,,,,,,,,,,,,,Albany,DOW-US-N,,,,,2022-03-01 16:10:00,Albany2022-03-01 16:10:00,False,,,,
137,,,,,,2022-03-01 16:20:00,IOP7,,,,,,,,,,,,,,,,Albany,DOW-US-N,,,,,2022-03-01 16:20:00,Albany2022-03-01 16:20:00,False,,,,
138,,,,,,2022-03-01 17:40:00,IOP7,,,,,,,,,,,,-4.787976973684211,,,,Albany,DOW-US-N,,,"soundings_wintremix/upperair.sounding.202203011725.Albany_DOW-US_N.txt,soundings_wintremix/upperair.sounding.202203011900.Albany_DOW-US_N.txt",0.0,2022-03-01 17:40:00,Albany2022-03-01 17:40:00,True,upperair.sounding.202203011725.Albany_DOW-US_N.txt,,,
139,,,,,,2022-03-01 17:50:00,IOP7,SN,,,,,,,,,,,-4.686628289473684,SN,,,Albany,DOW-US-N,,,"soundings_wintremix/upperair.sounding.202203011725.Albany_DOW-US_N.txt,soundings_wintremix/upperair.sounding.202203011900.Albany_DOW-US_N.txt",0.0,2022-03-01 17:50:00,Albany2022-03-01 17:50:00,False,,,,
140,,,,,,2022-03-01 18:00:00,IOP7,SN,,,,,,,,,,,-4.585279605263158,SN,,,Albany,DOW-US-N,,,"soundings_wintremix/upperair.sounding.202203011725.Albany_DOW-US_N.txt,soundings_wintremix/upperair.sounding.202203011900.Albany_DOW-US_N.txt",0.0,2022-03-01 18:00:00,Albany2022-03-01 18:00:00,False,,,,
141,,,,,,2022-03-01 18:20:00,IOP7,SN,,,,,,,,,,,-4.382582236842105,SN,,,Albany,DOW-US-N,,,"soundings_wintremix/upperair.sounding.202203011725.Albany_DOW-US_N.txt,soundings_wintremix/upperair.sounding.202203011900.Albany_DOW-US_N.txt",0.0,2022-03-01 18:20:00,Albany2022-03-01 18:20:00,False,,,,
142,,,,,,2022-03-01 18:30:00,IOP7,SN,,,,,,,,,,,-4.281233552631579,SN,,,Albany,DOW-US-N,,,"soundings_wintremix/upperair.sounding.202203011725.Albany_DOW-US_N.txt,soundings_wintremix/upperair.sounding.202203011900.Albany_DOW-US_N.txt",0.0,2022-03-01 18:30:00,Albany2022-03-01 18:30:00,False,,,,
143,,,,,,2022-03-01 19:10:00,IOP7,,,,,,,,,,,,-3.6814791666666666,,,,Albany,DOW-US-N,,,"soundings_wintremix/upperair.sounding.202203011900.Albany_DOW-US_N.txt,soundings_wintremix/upperair.sounding.202203012100.Albany_DOW-US_N.txt",0.0,2022-03-01 19:10:00,Albany2022-03-01 19:10:00,True,upperair.sounding.202203011900.Albany_DOW-US_N.txt,,,
144,,,,,,2022-03-01 19:20:00,IOP7,,,,,,,,,,,,-3.4329583333333336,,,,Albany,DOW-US-N,,,"soundings_wintremix/upperair.sounding.202203011900.Albany_DOW-US_N.txt,soundings_wintremix/upperair.sounding.202203012100.Albany_DOW-US_N.txt",0.0,2022-03-01 19:20:00,Albany2022-03-01 19:20:00,False,,,,
145,,,,,,2022-03-01 19:30:00,IOP7,,,,,,,,,,,,-3.1844375,,,,Albany,DOW-US-N,,,"soundings_wintremix/upperair.sounding.202203011900.Albany_DOW-US_N.txt,soundings_wintremix/upperair.sounding.202203012100.Albany_DOW-US_N.txt",0.0,2022-03-01 19:30:00,Albany2022-03-01 19:30:00,False,,,,
146,,,,,,2022-03-01 19:40:00,IOP7,,,,,,,,,,,,-2.9359166666666665,,,,Albany,DOW-US-N,,,"soundings_wintremix/upperair.sounding.202203011900.Albany_DOW-US_N.txt,soundings_wintremix/upperair.sounding.202203012100.Albany_DOW-US_N.txt",0.0,2022-03-01 19:40:00,Albany2022-03-01 19:40:00,False,,,,
147,,,,,,2022-03-01 19:50:00,IOP7,,,,,,,,,,,,-2.687395833333334,,,,Albany,DOW-US-N,,,"soundings_wintremix/upperair.sounding.202203011900.Albany_DOW-US_N.txt,soundings_wintremix/upperair.sounding.202203012100.Albany_DOW-US_N.txt",0.0,2022-03-01 19:50:00,Albany2022-03-01 19:50:00,False,,,,
148,,,,,,2022-03-01 20:00:00,IOP7,,,,,,,,,,,,-2.438875,,,,Albany,DOW-US-N,,,"soundings_wintremix/upperair.sounding.202203011900.Albany_DOW-US_N.txt,soundings_wintremix/upperair.sounding.202203012100.Albany_DOW-US_N.txt",0.0,2022-03-01 20:00:00,Albany2022-03-01 20:00:00,False,,,,
149,,,,,,2022-03-01 20:10:00,IOP7,,,,,,,,,,,,-2.190354166666667,,,,Albany,DOW-US-N,,,"soundings_wintremix/upperair.sounding.202203011900.Albany_DOW-US_N.txt,soundings_wintremix/upperair.sounding.202203012100.Albany_DOW-US_N.txt",0.0,2022-03-01 20:10:00,Albany2022-03-01 20:10:00,False,,,,
150,,,,,,2022-03-01 20:20:00,IOP7,,,,,,,,,,,,-1.9418333333333333,,,,Albany,DOW-US-N,,,"soundings_wintremix/upperair.sounding.202203011900.Albany_DOW-US_N.txt,soundings_wintremix/upperair.sounding.202203012100.Albany_DOW-US_N.txt",0.0,2022-03-01 20:20:00,Albany2022-03-01 20:20:00,False,,,,
151,,,,,,2022-03-01 20:30:00,IOP7,,,,,,,,,,,,-1.6933125,,,,Albany,DOW-US-N,,,"soundings_wintremix/upperair.sounding.202203011900.Albany_DOW-US_N.txt,soundings_wintremix/upperair.sounding.202203012100.Albany_DOW-US_N.txt",0.0,2022-03-01 20:30:00,Albany2022-03-01 20:30:00,False,,,,
152,,,,,,2022-03-01 20:50:00,IOP7,,,,,,,,,,,,-1.1962708333333332,,,,Albany,DOW-US-N,,,"soundings_wintremix/upperair.sounding.202203011900.Albany_DOW-US_N.txt,soundings_wintremix/upperair.sounding.202203012100.Albany_DOW-US_N.txt",0.0,2022-03-01 20:50:00,Albany2022-03-01 20:50:00,False,,,,
153,,,,,,2022-03-01 21:10:00,IOP7,,,,,,,,,,,,-0.8048888888888888,,,,Albany,DOW-US-N,,,"soundings_wintremix/upperair.sounding.202203012100.Albany_DOW-US_N.txt,soundings_wintremix/upperair.sounding.202203012330.Albany_DOW-US_N.txt",0.0,2022-03-01 21:10:00,Albany2022-03-01 21:10:00,True,upperair.sounding.202203012100.Albany_DOW-US_N.txt,,,
154,,,,,,2022-03-01 21:30:00,IOP7,,,,,,,,,,,,-0.7546666666666666,,,,Albany,DOW-US-N,,,"soundings_wintremix/upperair.sounding.202203012100.Albany_DOW-US_N.txt,soundings_wintremix/upperair.sounding.202203012330.Albany_DOW-US_N.txt",0.0,2022-03-01 21:30:00,Albany2022-03-01 21:30:00,False,,,,
155,,,,,,2022-03-01 21:40:00,IOP7,,,,,,,,,,,,-0.7295555555555553,,,,Albany,DOW-US-N,,,"soundings_wintremix/upperair.sounding.202203012100.Albany_DOW-US_N.txt,soundings_wintremix/upperair.sounding.202203012330.Albany_DOW-US_N.txt",0.0,2022-03-01 21:40:00,Albany2022-03-01 21:40:00,False,,,,
156,,,,,,2022-03-01 21:50:00,IOP7,,,,,,,,,,,,-0.7044444444444442,,,,Albany,DOW-US-N,,,"soundings_wintremix/upperair.sounding.202203012100.Albany_DOW-US_N.txt,soundings_wintremix/upperair.sounding.202203012330.Albany_DOW-US_N.txt",0.0,2022-03-01 21:50:00,Albany2022-03-01 21:50:00,False,,,,
157,,,,,,2022-03-01 22:00:00,IOP7,,,,,,,,,,,,-0.6793333333333331,,,,Albany,DOW-US-N,,,"soundings_wintremix/upperair.sounding.202203012100.Albany_DOW-US_N.txt,soundings_wintremix/upperair.sounding.202203012330.Albany_DOW-US_N.txt",0.0,2022-03-01 22:00:00,Albany2022-03-01 22:00:00,False,,,,
158,,,,,,2022-03-01 22:10:00,IOP7,,,,,,,,,,,,-0.6542222222222219,,,,Albany,DOW-US-N,,,"soundings_wintremix/upperair.sounding.202203012100.Albany_DOW-US_N.txt,soundings_wintremix/upperair.sounding.202203012330.Albany_DOW-US_N.txt",0.0,2022-03-01 22:10:00,Albany2022-03-01 22:10:00,False,,,,
159,,,,,,2022-03-01 22:20:00,IOP7,,,,,,,,,,,,-0.6291111111111108,,,,Albany,DOW-US-N,,,"soundings_wintremix/upperair.sounding.202203012100.Albany_DOW-US_N.txt,soundings_wintremix/upperair.sounding.202203012330.Albany_DOW-US_N.txt",0.0,2022-03-01 22:20:00,Albany2022-03-01 22:20:00,False,,,,
160,,,,,,2022-03-01 22:30:00,IOP7,,,,,,,,,,,,-0.6039999999999996,,,,Albany,DOW-US-N,,,"soundings_wintremix/upperair.sounding.202203012100.Albany_DOW-US_N.txt,soundings_wintremix/upperair.sounding.202203012330.Albany_DOW-US_N.txt",0.0,2022-03-01 22:30:00,Albany2022-03-01 22:30:00,False,,,,
161,,,,,,2022-03-01 22:40:00,IOP7,,,,,,,,,,,,-0.5788888888888885,,,,Albany,DOW-US-N,,,"soundings_wintremix/upperair.sounding.202203012100.Albany_DOW-US_N.txt,soundings_wintremix/upperair.sounding.202203012330.Albany_DOW-US_N.txt",0.0,2022-03-01 22:40:00,Albany2022-03-01 22:40:00,False,,,,
162,,,,,,2022-03-01 23:40:00,IOP7,,,,,,,,,,,,-0.2806481481481481,,,,Albany,DOW-US-N,,,"soundings_wintremix/upperair.sounding.202203012330.Albany_DOW-US_N.txt,soundings_wintremix/upperair.sounding.202203020100.Albany_DOW-US_N.txt",0.0,2022-03-01 23:40:00,Albany2022-03-01 23:40:00,True,upperair.sounding.202203012330.Albany_DOW-US_N.txt,,,
163,,,,,,2022-03-01 23:50:00,IOP7,,,,,,,,,,,,-0.3312962962962963,,,,Albany,DOW-US-N,,,"soundings_wintremix/upperair.sounding.202203012330.Albany_DOW-US_N.txt,soundings_wintremix/upperair.sounding.202203020100.Albany_DOW-US_N.txt",0.0,2022-03-01 23:50:00,Albany2022-03-01 23:50:00,False,,,,
164,,,,,,2022-03-02 00:00:00,IOP7,,,,,,,,,,,,-0.3819444444444444,,,,Albany,DOW-US-N,,,"soundings_wintremix/upperair.sounding.202203012330.Albany_DOW-US_N.txt,soundings_wintremix/upperair.sounding.202203020100.Albany_DOW-US_N.txt",0.0,2022-03-02 00:00:00,Albany2022-03-02 00:00:00,False,,,,
165,,,,,,2022-03-02 00:10:00,IOP7,,,,,,,,,,,,-0.43259259259259253,,,,Albany,DOW-US-N,,,"soundings_wintremix/upperair.sounding.202203012330.Albany_DOW-US_N.txt,soundings_wintremix/upperair.sounding.202203020100.Albany_DOW-US_N.txt",0.0,2022-03-02 00:10:00,Albany2022-03-02 00:10:00,False,,,,
166,,,,,,2022-03-02 00:20:00,IOP7,,,,,,,,,,,,-0.48324074074074075,,,,Albany,DOW-US-N,,,"soundings_wintremix/upperair.sounding.202203012330.Albany_DOW-US_N.txt,soundings_wintremix/upperair.sounding.202203020100.Albany_DOW-US_N.txt",0.0,2022-03-02 00:20:00,Albany2022-03-02 00:20:00,False,,,,
167,,,,,,2022-03-02 00:30:00,IOP7,,,,,,,,,,,,-0.5338888888888889,,,,Albany,DOW-US-N,,,"soundings_wintremix/upperair.sounding.202203012330.Albany_DOW-US_N.txt,soundings_wintremix/upperair.sounding.202203020100.Albany_DOW-US_N.txt",0.0,2022-03-02 00:30:00,Albany2022-03-02 00:30:00,False,,,,
168,,,,,,2022-03-02 01:00:00,IOP7,SN,,,,,,,,,,,,SN,,,Albany,DOW-US-N,,,,,2022-03-02 01:00:00,Albany2022-03-02 01:00:00,False,,,,
169,,,,,,2022-03-02 01:10:00,IOP7,SN,,,,,,,,,,,,SN,,,Albany,DOW-US-N,,,,0.0,2022-03-02 01:10:00,Albany2022-03-02 01:10:00,True,upperair.sounding.202203020100.Albany_DOW-US_N.txt,,,
170,,,,,,2022-03-02 01:30:00,IOP7,SN,,,,,,,,,,,,SN,,,Albany,DOW-US-N,,,,,2022-03-02 01:30:00,Albany2022-03-02 01:30:00,False,,,,
171,,,,,,2022-03-02 01:40:00,IOP7,SN,,,,,,,,,,,,SN,,,Albany,DOW-US-N,,,,,2022-03-02 01:40:00,Albany2022-03-02 01:40:00,False,,,,
172,,,,,,2022-03-02 02:00:00,IOP7,SN,,,,,,,,,,,,SN,,,Albany,DOW-US-N,,,,,2022-03-02 02:00:00,Albany2022-03-02 02:00:00,False,,,,
173,,,,,,2022-03-06 10:00:00,IOP8,,,,,,,,,,,,2.74,,,,Albany,DOW-US-N,,,"soundings_wintremix/upperair.sounding.202203061000.Albany_DOW-US_N.txt,soundings_wintremix/upperair.sounding.202203061200.Albany_DOW-US_N.txt",0.0,2022-03-06 10:00:00,Albany2022-03-06 10:00:00,False,,,,
174,,,,,,2022-03-06 10:10:00,IOP8,,,,,,,,,,,,2.7774596774193547,,,,Albany,DOW-US-N,,,"soundings_wintremix/upperair.sounding.202203061000.Albany_DOW-US_N.txt,soundings_wintremix/upperair.sounding.202203061200.Albany_DOW-US_N.txt",0.0,2022-03-06 10:10:00,Albany2022-03-06 10:10:00,True,upperair.sounding.202203061000.Albany_DOW-US_N.txt,,,
175,,,,,,2022-03-06 10:20:00,IOP8,,,,,,,,,,,,2.81491935483871,,,,Albany,DOW-US-N,,,"soundings_wintremix/upperair.sounding.202203061000.Albany_DOW-US_N.txt,soundings_wintremix/upperair.sounding.202203061200.Albany_DOW-US_N.txt",0.0,2022-03-06 10:20:00,Albany2022-03-06 10:20:00,False,,,,
176,,,,,,2022-03-06 10:30:00,IOP8,,,,,,,,,,,,2.8523790322580647,,,,Albany,DOW-US-N,,,"soundings_wintremix/upperair.sounding.202203061000.Albany_DOW-US_N.txt,soundings_wintremix/upperair.sounding.202203061200.Albany_DOW-US_N.txt",0.0,2022-03-06 10:30:00,Albany2022-03-06 10:30:00,False,,,,
177,,,,,,2022-03-06 10:40:00,IOP8,,,,,,,,,,,,2.889838709677419,,,,Albany,DOW-US-N,,,"soundings_wintremix/upperair.sounding.202203061000.Albany_DOW-US_N.txt,soundings_wintremix/upperair.sounding.202203061200.Albany_DOW-US_N.txt",0.0,2022-03-06 10:40:00,Albany2022-03-06 10:40:00,False,,,,
178,,,,,,2022-03-06 10:50:00,IOP8,,,,,,,,,,,,2.9272983870967746,,,,Albany,DOW-US-N,,,"soundings_wintremix/upperair.sounding.202203061000.Albany_DOW-US_N.txt,soundings_wintremix/upperair.sounding.202203061200.Albany_DOW-US_N.txt",0.0,2022-03-06 10:50:00,Albany2022-03-06 10:50:00,False,,,,
179,,,,,,2022-03-06 11:00:00,IOP8,,,,,,,,,,,,2.964758064516129,,,,Albany,DOW-US-N,,,"soundings_wintremix/upperair.sounding.202203061000.Albany_DOW-US_N.txt,soundings_wintremix/upperair.sounding.202203061200.Albany_DOW-US_N.txt",0.0,2022-03-06 11:00:00,Albany2022-03-06 11:00:00,False,,,,
180,,,,,,2022-03-06 11:10:00,IOP8,,,,,,,,,,,,3.002217741935484,,,,Albany,DOW-US-N,,,"soundings_wintremix/upperair.sounding.202203061000.Albany_DOW-US_N.txt,soundings_wintremix/upperair.sounding.202203061200.Albany_DOW-US_N.txt",0.0,2022-03-06 11:10:00,Albany2022-03-06 11:10:00,False,,,,
181,,,,,,2022-03-06 11:20:00,IOP8,,,,,,,,,,,,3.039677419354838,,,,Albany,DOW-US-N,,,"soundings_wintremix/upperair.sounding.202203061000.Albany_DOW-US_N.txt,soundings_wintremix/upperair.sounding.202203061200.Albany_DOW-US_N.txt",0.0,2022-03-06 11:20:00,Albany2022-03-06 11:20:00,False,,,,
182,,,,,,2022-03-06 11:30:00,IOP8,,,,,,,,,,,,3.0771370967741936,,,,Albany,DOW-US-N,,,"soundings_wintremix/upperair.sounding.202203061000.Albany_DOW-US_N.txt,soundings_wintremix/upperair.sounding.202203061200.Albany_DOW-US_N.txt",0.0,2022-03-06 11:30:00,Albany2022-03-06 11:30:00,False,,,,
183,,,,,,2022-03-06 11:40:00,IOP8,,,,,,,,,,,,3.1145967741935485,,,,Albany,DOW-US-N,,,"soundings_wintremix/upperair.sounding.202203061000.Albany_DOW-US_N.txt,soundings_wintremix/upperair.sounding.202203061200.Albany_DOW-US_N.txt",0.0,2022-03-06 11:40:00,Albany2022-03-06 11:40:00,False,,,,
184,-46.34813933547108,85.8749122807017,86.2728365914386,-0.2990202537772328,2535.0,2022-03-06 11:50:00,IOP8,,,,,14779.73511102411,2530.0,5.9836984255158345,65.0,2535.0,2535.0,150.0,3.152056451612903,,11.196228864734298,-0.5342567567567564,Albany,DOW-US-N,2530.0,2685.0,"soundings_wintremix/upperair.sounding.202203061000.Albany_DOW-US_N.txt,soundings_wintremix/upperair.sounding.202203061200.Albany_DOW-US_N.txt",2465.0,2022-03-06 11:50:00,Albany2022-03-06 11:50:00,False,,,,
185,-50.477963937042816,86.0933333333333,86.50539724987527,-0.32566428346479237,2529.0,2022-03-06 12:00:00,IOP8,,,,,14976.844106527413,2524.0,6.063499638270207,59.0,2529.0,2529.0,150.0,3.21,,11.65913043478261,-0.56,Albany,DOW-US-N,2524.0,2679.0,"soundings_wintremix/upperair.sounding.202203061200.Albany_DOW-US_N.txt,soundings_wintremix/upperair.sounding.202203061400.Albany_DOW-US_N.txt",2465.0,2022-03-06 12:00:00,Albany2022-03-06 12:00:00,False,,,,
186,-50.477963937042816,86.0933333333333,86.50539724987527,-0.32566428346479237,2529.0,2022-03-06 12:10:00,IOP8,,,,,14976.844106527413,2524.0,6.063499638270207,59.0,2529.0,2529.0,150.0,3.2124166666666665,,11.65913043478261,-0.56,Albany,DOW-US-N,2524.0,2679.0,"soundings_wintremix/upperair.sounding.202203061200.Albany_DOW-US_N.txt,soundings_wintremix/upperair.sounding.202203061400.Albany_DOW-US_N.txt",2465.0,2022-03-06 12:10:00,Albany2022-03-06 12:10:00,True,upperair.sounding.202203061200.Albany_DOW-US_N.txt,,,
187,,,,,,2022-03-06 12:20:00,IOP8,,,,,,,,,,,,3.2148333333333334,,,,Albany,DOW-US-N,,,"soundings_wintremix/upperair.sounding.202203061200.Albany_DOW-US_N.txt,soundings_wintremix/upperair.sounding.202203061400.Albany_DOW-US_N.txt",0.0,2022-03-06 12:20:00,Albany2022-03-06 12:20:00,False,,,,
188,,,,,,2022-03-06 12:30:00,IOP8,,,,,,,,,,,,3.21725,,,,Albany,DOW-US-N,,,"soundings_wintremix/upperair.sounding.202203061200.Albany_DOW-US_N.txt,soundings_wintremix/upperair.sounding.202203061400.Albany_DOW-US_N.txt",0.0,2022-03-06 12:30:00,Albany2022-03-06 12:30:00,False,,,,
189,,,,,,2022-03-06 12:40:00,IOP8,,,,,,,,,,,,3.219666666666666,,,,Albany,DOW-US-N,,,"soundings_wintremix/upperair.sounding.202203061200.Albany_DOW-US_N.txt,soundings_wintremix/upperair.sounding.202203061400.Albany_DOW-US_N.txt",0.0,2022-03-06 12:40:00,Albany2022-03-06 12:40:00,False,,,,
190,,,,,,2022-03-06 12:50:00,IOP8,RA,,,,,,,,,,,3.2220833333333334,RA,,,Albany,DOW-US-N,,,"soundings_wintremix/upperair.sounding.202203061200.Albany_DOW-US_N.txt,soundings_wintremix/upperair.sounding.202203061400.Albany_DOW-US_N.txt",0.0,2022-03-06 12:50:00,Albany2022-03-06 12:50:00,False,,,,
191,,,,,,2022-03-06 13:00:00,IOP8,RA,,,,,,,,,,,3.2245,RA,,,Albany,DOW-US-N,,,"soundings_wintremix/upperair.sounding.202203061200.Albany_DOW-US_N.txt,soundings_wintremix/upperair.sounding.202203061400.Albany_DOW-US_N.txt",0.0,2022-03-06 13:00:00,Albany2022-03-06 13:00:00,False,,,,
192,,,,,,2022-03-06 13:10:00,IOP8,RA,,,,,,,,,,,3.226916666666667,RA,,,Albany,DOW-US-N,,,"soundings_wintremix/upperair.sounding.202203061200.Albany_DOW-US_N.txt,soundings_wintremix/upperair.sounding.202203061400.Albany_DOW-US_N.txt",0.0,2022-03-06 13:10:00,Albany2022-03-06 13:10:00,False,,,,
193,,,,,,2022-03-06 13:20:00,IOP8,RA,,,,,,,,,,,3.229333333333333,RA,,,Albany,DOW-US-N,,,"soundings_wintremix/upperair.sounding.202203061200.Albany_DOW-US_N.txt,soundings_wintremix/upperair.sounding.202203061400.Albany_DOW-US_N.txt",0.0,2022-03-06 13:20:00,Albany2022-03-06 13:20:00,False,,,,
194,,,,,,2022-03-06 13:30:00,IOP8,RA,,,,,,,,,,,3.23175,RA,,,Albany,DOW-US-N,,,"soundings_wintremix/upperair.sounding.202203061200.Albany_DOW-US_N.txt,soundings_wintremix/upperair.sounding.202203061400.Albany_DOW-US_N.txt",0.0,2022-03-06 13:30:00,Albany2022-03-06 13:30:00,False,,,,
195,,,,,,2022-03-06 13:40:00,IOP8,RA,,,,,,,,,,,3.234166666666667,RA,,,Albany,DOW-US-N,,,"soundings_wintremix/upperair.sounding.202203061200.Albany_DOW-US_N.txt,soundings_wintremix/upperair.sounding.202203061400.Albany_DOW-US_N.txt",0.0,2022-03-06 13:40:00,Albany2022-03-06 13:40:00,False,,,,
196,,,,,,2022-03-06 13:50:00,IOP8,RA,,,,,,,,,,,3.2365833333333334,RA,,,Albany,DOW-US-N,,,"soundings_wintremix/upperair.sounding.202203061200.Albany_DOW-US_N.txt,soundings_wintremix/upperair.sounding.202203061400.Albany_DOW-US_N.txt",0.0,2022-03-06 13:50:00,Albany2022-03-06 13:50:00,False,,,,
197,,,,,,2022-03-06 14:00:00,IOP8,RA,,,,,,,,,,,3.21,RA,,,Albany,DOW-US-N,,,"soundings_wintremix/upperair.sounding.202203061400.Albany_DOW-US_N.txt,soundings_wintremix/upperair.sounding.202203061430.Albany_DOW-US_N.txt",0.0,2022-03-06 14:00:00,Albany2022-03-06 14:00:00,False,,,,
198,,,,,,2022-03-06 14:10:00,IOP8,RA,,,,,,,,,,,3.0111111111111106,RA,,,Albany,DOW-US-N,,,"soundings_wintremix/upperair.sounding.202203061400.Albany_DOW-US_N.txt,soundings_wintremix/upperair.sounding.202203061430.Albany_DOW-US_N.txt",0.0,2022-03-06 14:10:00,Albany2022-03-06 14:10:00,True,upperair.sounding.202203061400.Albany_DOW-US_N.txt,,,
199,,,,,,2022-03-06 14:20:00,IOP8,RA,,,,,,,,,,,2.812222222222222,RA,,,Albany,DOW-US-N,,,"soundings_wintremix/upperair.sounding.202203061400.Albany_DOW-US_N.txt,soundings_wintremix/upperair.sounding.202203061430.Albany_DOW-US_N.txt",0.0,2022-03-06 14:20:00,Albany2022-03-06 14:20:00,False,,,,
200,,,,,,2022-03-06 14:30:00,IOP8,RA,,,,,,,,,,,2.55,RA,,,Albany,DOW-US-N,,,"soundings_wintremix/upperair.sounding.202203061430.Albany_DOW-US_N.txt,soundings_wintremix/upperair.sounding.202203061600.Albany_DOW-US_N.txt",0.0,2022-03-06 14:30:00,Albany2022-03-06 14:30:00,False,,,,
201,,,,,,2022-03-06 14:40:00,IOP8,RA,,,,,,,,,,,2.720518518518518,RA,,,Albany,DOW-US-N,,,"soundings_wintremix/upperair.sounding.202203061430.Albany_DOW-US_N.txt,soundings_wintremix/upperair.sounding.202203061600.Albany_DOW-US_N.txt",0.0,2022-03-06 14:40:00,Albany2022-03-06 14:40:00,True,upperair.sounding.202203061430.Albany_DOW-US_N.txt,,,
202,,,,,,2022-03-06 14:50:00,IOP8,RA,,,,,,,,,,,2.891037037037037,RA,,,Albany,DOW-US-N,,,"soundings_wintremix/upperair.sounding.202203061430.Albany_DOW-US_N.txt,soundings_wintremix/upperair.sounding.202203061600.Albany_DOW-US_N.txt",0.0,2022-03-06 14:50:00,Albany2022-03-06 14:50:00,False,,,,
203,,,,,,2022-03-06 15:00:00,IOP8,,,,,,,,,,,,3.0615555555555556,,,,Albany,DOW-US-N,,,"soundings_wintremix/upperair.sounding.202203061430.Albany_DOW-US_N.txt,soundings_wintremix/upperair.sounding.202203061600.Albany_DOW-US_N.txt",0.0,2022-03-06 15:00:00,Albany2022-03-06 15:00:00,False,,,,
204,,,,,,2022-03-06 15:10:00,IOP8,,,,,,,,,,,,3.2320740740740743,,,,Albany,DOW-US-N,,,"soundings_wintremix/upperair.sounding.202203061430.Albany_DOW-US_N.txt,soundings_wintremix/upperair.sounding.202203061600.Albany_DOW-US_N.txt",0.0,2022-03-06 15:10:00,Albany2022-03-06 15:10:00,False,,,,
205,,,,,,2022-03-06 15:20:00,IOP8,,,,,,,,,,,,3.402592592592593,,,,Albany,DOW-US-N,,,"soundings_wintremix/upperair.sounding.202203061430.Albany_DOW-US_N.txt,soundings_wintremix/upperair.sounding.202203061600.Albany_DOW-US_N.txt",0.0,2022-03-06 15:20:00,Albany2022-03-06 15:20:00,False,,,,
206,,,,,,2022-03-06 15:30:00,IOP8,,,,,,,,,,,,3.5731111111111113,,,,Albany,DOW-US-N,,,"soundings_wintremix/upperair.sounding.202203061430.Albany_DOW-US_N.txt,soundings_wintremix/upperair.sounding.202203061600.Albany_DOW-US_N.txt",0.0,2022-03-06 15:30:00,Albany2022-03-06 15:30:00,False,,,,
207,,,,,,2022-03-06 15:40:00,IOP8,,,,,,,,,,,,3.7436296296296296,,,,Albany,DOW-US-N,,,"soundings_wintremix/upperair.sounding.202203061430.Albany_DOW-US_N.txt,soundings_wintremix/upperair.sounding.202203061600.Albany_DOW-US_N.txt",0.0,2022-03-06 15:40:00,Albany2022-03-06 15:40:00,False,,,,
208,,,,,,2022-03-06 16:00:00,IOP8,,,,,,,,,,,,,,,,Albany,DOW-US-N,,,,,2022-03-06 16:00:00,Albany2022-03-06 16:00:00,False,,,,
209,,,,,,2022-03-06 16:10:00,IOP8,,,,,,,,,,,,,,,,Albany,DOW-US-N,,,,0.0,2022-03-06 16:10:00,Albany2022-03-06 16:10:00,True,upperair.sounding.202203061600.Albany_DOW-US_N.txt,,,
210,,,,,,2022-03-06 16:20:00,IOP8,,,,,,,,,,,,,,,,Albany,DOW-US-N,,,,,2022-03-06 16:20:00,Albany2022-03-06 16:20:00,False,,,,
1713,-1218.5161615613515,80.772,82.58360932648672,-1.2562022284137646,608.0,,,,,,,1290.1365771985613,2328.0,1.708790168474916,1578.0,608.0,608.0,965.0,,,2.9523684210526318,-2.2945945945945945,,,2328.0,1573.0,,750.0,2022-03-07 14:10:00,Albany2022-03-07 14:10:00,True,upperair.sounding.202203071400.Albany_DOW-US_Plattsburgh.txt,,,
211,-1142.0551514500755,88.0524237804878,90.21433932162148,-1.4831885083767216,568.0,2022-03-07 15:00:00,IOP9,RA,,,,607.3831816293816,2143.0,0.7498557797893601,1338.0,568.0,568.0,765.0,3.5915625,RA,1.5846199438304702,-2.605674759282155,Albany,DOW-US-Plattsburgh,2143.0,1333.0,"soundings_wintremix/upperair.sounding.202203071400.Albany_DOW-US_Plattsburgh.txt,soundings_wintremix/upperair.sounding.202203071600.Albany_DOW-US_Plattsburgh.txt",805.0,2022-03-07 15:00:00,Albany2022-03-07 15:00:00,False,,,,
212,-1167.8486434111473,89.26582774390243,91.4891728213176,-1.5997926622070513,563.0,2022-03-07 15:10:00,IOP9,RA,,,,556.6708339473912,2093.0,0.6915165639098028,1293.0,563.0,563.0,725.0,3.5601562500000004,RA,1.3646637426900594,-2.7004915202377835,Albany,DOW-US-Plattsburgh,2093.0,1288.0,"soundings_wintremix/upperair.sounding.202203071400.Albany_DOW-US_Plattsburgh.txt,soundings_wintremix/upperair.sounding.202203071600.Albany_DOW-US_Plattsburgh.txt",800.0,2022-03-07 15:10:00,Albany2022-03-07 15:10:00,False,,,,
213,-1196.6524091271294,90.47923170731707,92.76487762361806,-1.6280985158192238,553.0,2022-03-07 15:20:00,IOP9,RA,,,,526.9363487926023,2018.0,0.7169202024389146,1288.0,553.0,553.0,730.0,3.5287499999999996,RA,1.2217460317460316,-2.7953082811934107,Albany,DOW-US-Plattsburgh,2018.0,1283.0,"soundings_wintremix/upperair.sounding.202203071400.Albany_DOW-US_Plattsburgh.txt,soundings_wintremix/upperair.sounding.202203071600.Albany_DOW-US_Plattsburgh.txt",730.0,2022-03-07 15:20:00,Albany2022-03-07 15:20:00,False,,,,
214,-1226.02791718446,91.6926356707317,94.04145419951793,-1.6680651934482447,548.0,2022-03-07 15:30:00,IOP9,RA,PL,,,508.3400120454161,1983.0,0.7210496624757676,1283.0,548.0,548.0,730.0,3.49734375,RA and PL,1.45654056744649,-2.890125042149039,Albany,DOW-US-Plattsburgh,1983.0,1278.0,"soundings_wintremix/upperair.sounding.202203071400.Albany_DOW-US_Plattsburgh.txt,soundings_wintremix/upperair.sounding.202203071600.Albany_DOW-US_Plattsburgh.txt",700.0,2022-03-07 15:30:00,Albany2022-03-07 15:30:00,False,,,,
215,-1255.646720335042,92.90603963414635,95.31890302020358,-1.7083628848095809,548.0,2022-03-07 15:40:00,IOP9,RA,PL,,,498.343115837196,1938.0,0.7550653270260546,1283.0,548.0,548.0,730.0,3.4659375000000003,RA and PL,1.6940019910403181,-2.9849418031046673,Albany,DOW-US-Plattsburgh,1938.0,1278.0,"soundings_wintremix/upperair.sounding.202203071400.Albany_DOW-US_Plattsburgh.txt,soundings_wintremix/upperair.sounding.202203071600.Albany_DOW-US_Plattsburgh.txt",655.0,2022-03-07 15:40:00,Albany2022-03-07 15:40:00,False,,,,
216,-1315.8762886064587,95.6,98.55455491447256,-1.7428825014655087,523.0,2022-03-07 16:00:00,IOP9,RA,PL,,,516.0906012078605,1793.0,0.9924819253997317,1278.0,523.0,523.0,750.0,3.46,RA and PL,2.1690243902439024,-3.1790243902439026,Albany,DOW-US-Plattsburgh,1793.0,1273.0,"soundings_wintremix/upperair.sounding.202203071600.Albany_DOW-US_Plattsburgh.txt,soundings_wintremix/upperair.sounding.202203071800.Albany_DOW-US_Plattsburgh.txt",515.0,2022-03-07 16:00:00,Albany2022-03-07 16:00:00,False,,,,
217,-1315.8762886064587,95.6,98.55455491447256,-1.7428825014655087,523.0,2022-03-07 16:10:00,IOP9,RA,,,,516.0906012078605,1793.0,0.9924819253997317,1278.0,523.0,523.0,750.0,3.438514492753623,RA,2.1690243902439024,-3.1790243902439026,Albany,DOW-US-Plattsburgh,1793.0,1273.0,"soundings_wintremix/upperair.sounding.202203071600.Albany_DOW-US_Plattsburgh.txt,soundings_wintremix/upperair.sounding.202203071800.Albany_DOW-US_Plattsburgh.txt",515.0,2022-03-07 16:10:00,Albany2022-03-07 16:10:00,True,upperair.sounding.202203071600.Albany_DOW-US_Plattsburgh.txt,,,
218,-1081.5020539075226,94.537915129883,96.84700628570943,-1.4714313658605749,523.0,2022-03-07 16:20:00,IOP9,,,,,540.450373396246,1793.0,1.0008340248078635,1258.0,523.0,523.0,730.0,3.417028985507246,,2.13343763786475,-2.467587250712251,Albany,DOW-US-Plattsburgh,1793.0,1253.0,"soundings_wintremix/upperair.sounding.202203071600.Albany_DOW-US_Plattsburgh.txt,soundings_wintremix/upperair.sounding.202203071800.Albany_DOW-US_Plattsburgh.txt",535.0,2022-03-07 16:20:00,Albany2022-03-07 16:20:00,False,,,,
219,-971.8365953718013,94.06406781677573,96.31009827895383,-1.3687839371433823,523.0,2022-03-07 16:30:00,IOP9,,,,,560.2038110623294,1798.0,0.9828137036181216,1233.0,523.0,523.0,705.0,3.395543478260869,,2.115644261675175,-2.401201727642277,Albany,DOW-US-Plattsburgh,1798.0,1228.0,"soundings_wintremix/upperair.sounding.202203071600.Albany_DOW-US_Plattsburgh.txt,soundings_wintremix/upperair.sounding.202203071800.Albany_DOW-US_Plattsburgh.txt",565.0,2022-03-07 16:30:00,Albany2022-03-07 16:30:00,False,,,,
220,-872.0127799219918,93.59022050366845,95.77373764097482,-1.273011357550353,518.0,2022-03-07 16:40:00,IOP9,,,,,589.8359107281717,1803.0,0.9749353896333414,1203.0,518.0,518.0,680.0,3.3740579710144925,,2.0980378863589304,-2.33577161411858,Albany,DOW-US-Plattsburgh,1803.0,1198.0,"soundings_wintremix/upperair.sounding.202203071600.Albany_DOW-US_Plattsburgh.txt,soundings_wintremix/upperair.sounding.202203071800.Albany_DOW-US_Plattsburgh.txt",600.0,2022-03-07 16:40:00,Albany2022-03-07 16:40:00,False,,,,
221,-708.4679979295117,92.64252587745389,94.70265667767596,-1.1426903192411482,518.0,2022-03-07 17:00:00,IOP9,,,,,686.272259317911,1838.0,0.9734358288197318,1138.0,518.0,518.0,615.0,3.331086956521739,,2.0702275612457126,-2.2239524092801903,Albany,DOW-US-Plattsburgh,1838.0,1133.0,"soundings_wintremix/upperair.sounding.202203071600.Albany_DOW-US_Plattsburgh.txt,soundings_wintremix/upperair.sounding.202203071800.Albany_DOW-US_Plattsburgh.txt",700.0,2022-03-07 17:00:00,Albany2022-03-07 17:00:00,False,,,,
222,-653.0590072092435,92.16867856434662,94.16793545620415,-1.1357547951465106,518.0,2022-03-07 17:10:00,IOP9,,,,,760.7838487859876,1843.0,1.0076607268688578,1093.0,518.0,518.0,570.0,3.3096014492753625,,2.0566043690924714,-2.169611144160222,Albany,DOW-US-Plattsburgh,1843.0,1088.0,"soundings_wintremix/upperair.sounding.202203071600.Albany_DOW-US_Plattsburgh.txt,soundings_wintremix/upperair.sounding.202203071800.Albany_DOW-US_Plattsburgh.txt",750.0,2022-03-07 17:10:00,Albany2022-03-07 17:10:00,False,,,,
223,-611.2070601992374,91.7360743321719,93.63375981120726,-1.234761737776237,513.0,2022-03-07 17:20:00,IOP9,,,,,849.5436781692174,1853.0,1.0423848811892238,1043.0,513.0,513.0,490.0,3.2881159420289854,,2.0583821138211382,-2.1152698790402535,Albany,DOW-US-Plattsburgh,1853.0,1003.0,"soundings_wintremix/upperair.sounding.202203071600.Albany_DOW-US_Plattsburgh.txt,soundings_wintremix/upperair.sounding.202203071800.Albany_DOW-US_Plattsburgh.txt",810.0,2022-03-07 17:20:00,Albany2022-03-07 17:20:00,False,,,,
224,-598.7752453379735,91.8345775261324,93.33110403260835,-1.2474484277874447,513.0,2022-03-07 17:30:00,IOP9,,,,,966.5999704376304,1858.0,1.1110344487788852,993.0,513.0,513.0,475.0,3.266630434782609,,2.2146317073170736,-2.0609286139202854,Albany,DOW-US-Plattsburgh,1858.0,988.0,"soundings_wintremix/upperair.sounding.202203071600.Albany_DOW-US_Plattsburgh.txt,soundings_wintremix/upperair.sounding.202203071800.Albany_DOW-US_Plattsburgh.txt",865.0,2022-03-07 17:30:00,Albany2022-03-07 17:30:00,False,,,,
225,-588.1889559613873,91.93308072009292,93.4479082713259,-1.2382925388660782,513.0,2022-03-07 17:40:00,IOP9,,,,,1086.2344186182966,1868.0,1.227383523862482,988.0,513.0,513.0,470.0,3.245144927536232,,2.398857822724569,-2.006587348800317,Albany,DOW-US-Plattsburgh,1868.0,983.0,"soundings_wintremix/upperair.sounding.202203071600.Albany_DOW-US_Plattsburgh.txt,soundings_wintremix/upperair.sounding.202203071800.Albany_DOW-US_Plattsburgh.txt",880.0,2022-03-07 17:40:00,Albany2022-03-07 17:40:00,False,,,,
226,-569.2587805005171,92.13071428571429,93.68233742268156,-1.1984395378958257,508.0,2022-03-07 18:00:00,IOP9,RA,,,,1328.139480063437,1888.0,1.4594939341356452,983.0,508.0,508.0,470.0,3.44,RA,3.1,-1.908048780487805,Albany,DOW-US-Plattsburgh,1888.0,978.0,"soundings_wintremix/upperair.sounding.202203071800.Albany_DOW-US_Plattsburgh.txt,soundings_wintremix/upperair.sounding.202203072000.Albany_DOW-US_Plattsburgh.txt",905.0,2022-03-07 18:00:00,Albany2022-03-07 18:00:00,False,,,,
227,-569.2587805005171,92.13071428571429,93.68233742268156,-1.1984395378958257,508.0,2022-03-07 18:10:00,IOP9,RA,,,,1328.139480063437,1888.0,1.4594939341356452,983.0,508.0,508.0,470.0,3.4121612903225804,RA,3.1,-1.908048780487805,Albany,DOW-US-Plattsburgh,1888.0,978.0,"soundings_wintremix/upperair.sounding.202203071800.Albany_DOW-US_Plattsburgh.txt,soundings_wintremix/upperair.sounding.202203072000.Albany_DOW-US_Plattsburgh.txt",905.0,2022-03-07 18:10:00,Albany2022-03-07 18:10:00,True,upperair.sounding.202203071800.Albany_DOW-US_Plattsburgh.txt,,,
228,-468.74426738993503,92.16790372670808,93.45598301723977,-0.9973282284892235,513.0,2022-03-07 18:20:00,IOP9,RA,,,,1938.455219775812,2663.0,1.1504185280568617,983.0,513.0,513.0,465.0,3.3843225806451613,RA,2.978691804927099,-1.5192210054753608,Albany,DOW-US-Plattsburgh,2663.0,978.0,"soundings_wintremix/upperair.sounding.202203071800.Albany_DOW-US_Plattsburgh.txt,soundings_wintremix/upperair.sounding.202203072000.Albany_DOW-US_Plattsburgh.txt",1680.0,2022-03-07 18:20:00,Albany2022-03-07 18:20:00,False,,,,
229,-418.4888401029367,92.28081642751113,93.41332351476969,-0.8904017874530569,513.0,2022-03-07 18:30:00,IOP9,RA,,,,1993.4215950679595,2658.0,1.186560473254738,983.0,513.0,513.0,465.0,3.3564838709677423,RA,2.940371040723982,-1.3527551020408162,Albany,DOW-US-Plattsburgh,2658.0,978.0,"soundings_wintremix/upperair.sounding.202203071800.Albany_DOW-US_Plattsburgh.txt,soundings_wintremix/upperair.sounding.202203072000.Albany_DOW-US_Plattsburgh.txt",1675.0,2022-03-07 18:30:00,Albany2022-03-07 18:30:00,False,,,,
230,-368.2334128159383,92.44070097311561,93.39374820046409,-0.7834753464168899,513.0,2022-03-07 18:40:00,IOP9,RA,,,,2048.4476370267744,2658.0,1.2193140696587943,983.0,513.0,513.0,465.0,3.3286451612903223,RA,2.902050276520865,-1.2003401360544217,Albany,DOW-US-Plattsburgh,2658.0,978.0,"soundings_wintremix/upperair.sounding.202203071800.Albany_DOW-US_Plattsburgh.txt,soundings_wintremix/upperair.sounding.202203072000.Albany_DOW-US_Plattsburgh.txt",1675.0,2022-03-07 18:40:00,Albany2022-03-07 18:40:00,False,,,,
231,-318.4189470674016,92.60058551872012,93.43575407852724,-0.6847719291772077,513.0,2022-03-07 18:50:00,IOP9,,,,,2103.932210533084,2653.0,1.2523406015077883,978.0,513.0,513.0,460.0,3.300806451612903,,2.863729512317748,-1.047925170068027,Albany,DOW-US-Plattsburgh,2653.0,973.0,"soundings_wintremix/upperair.sounding.202203071800.Albany_DOW-US_Plattsburgh.txt,soundings_wintremix/upperair.sounding.202203072000.Albany_DOW-US_Plattsburgh.txt",1675.0,2022-03-07 18:50:00,Albany2022-03-07 18:50:00,False,,,,
232,-268.79008700960253,92.8633028083028,93.47750771690052,-0.5843262761078317,513.0,2022-03-07 19:00:00,IOP9,,,,,2159.6561386009535,2653.0,1.2816950377453726,973.0,513.0,513.0,455.0,3.272967741935484,,2.8254087481146306,-0.8955102040816326,Albany,DOW-US-Plattsburgh,2653.0,968.0,"soundings_wintremix/upperair.sounding.202203071800.Albany_DOW-US_Plattsburgh.txt,soundings_wintremix/upperair.sounding.202203072000.Albany_DOW-US_Plattsburgh.txt",1680.0,2022-03-07 19:00:00,Albany2022-03-07 19:00:00,False,,,,
233,-219.93376696885628,93.3996225071225,93.77400819074738,-0.4998494703837642,513.0,2022-03-07 19:10:00,IOP9,,,,,2216.264092655072,2648.0,1.315290262703307,968.0,513.0,513.0,435.0,3.245129032258065,,2.7870879839115137,-0.743095238095238,Albany,DOW-US-Plattsburgh,2648.0,948.0,"soundings_wintremix/upperair.sounding.202203071800.Albany_DOW-US_Plattsburgh.txt,soundings_wintremix/upperair.sounding.202203072000.Albany_DOW-US_Plattsburgh.txt",1680.0,2022-03-07 19:10:00,Albany2022-03-07 19:10:00,False,,,,
234,-176.66926116379068,93.9359422059422,94.12478018300037,-0.4257090630452788,513.0,2022-03-07 19:20:00,IOP9,,,,,2278.470783186372,2643.0,1.3246923158060304,928.0,513.0,513.0,410.0,3.217290322580645,,2.748767219708396,-0.5906802721088437,Albany,DOW-US-Plattsburgh,2643.0,923.0,"soundings_wintremix/upperair.sounding.202203071800.Albany_DOW-US_Plattsburgh.txt,soundings_wintremix/upperair.sounding.202203072000.Albany_DOW-US_Plattsburgh.txt",1715.0,2022-03-07 19:20:00,Albany2022-03-07 19:20:00,False,,,,
235,-136.39490445800732,94.17034566326531,94.27430285529165,-0.3367775418716229,513.0,2022-03-07 19:30:00,IOP9,,,,,2343.7420624570595,2638.0,1.3586910506997447,918.0,513.0,513.0,400.0,3.1894516129032255,,2.710446455505279,-0.5357446808510639,Albany,DOW-US-Plattsburgh,2638.0,913.0,"soundings_wintremix/upperair.sounding.202203071800.Albany_DOW-US_Plattsburgh.txt,soundings_wintremix/upperair.sounding.202203072000.Albany_DOW-US_Plattsburgh.txt",1720.0,2022-03-07 19:30:00,Albany2022-03-07 19:30:00,False,,,,
236,-98.08234823091024,94.26879877369008,94.53270975203453,-0.2483097423567348,513.0,2022-03-07 19:40:00,IOP9,,,,,2411.0216298097394,2638.0,1.389637826979677,908.0,513.0,513.0,390.0,3.1616129032258065,,2.672125691302162,-0.48201983509196783,Albany,DOW-US-Plattsburgh,2638.0,903.0,"soundings_wintremix/upperair.sounding.202203071800.Albany_DOW-US_Plattsburgh.txt,soundings_wintremix/upperair.sounding.202203072000.Albany_DOW-US_Plattsburgh.txt",1730.0,2022-03-07 19:40:00,Albany2022-03-07 19:40:00,False,,,,
237,,,,,,2022-03-07 20:00:00,IOP9,,,,,,,,,,,,2.64,,,,Albany,DOW-US-Plattsburgh,,,"soundings_wintremix/upperair.sounding.202203072000.Albany_DOW-US_Plattsburgh.txt,soundings_wintremix/upperair.sounding.202203072200.Albany_DOW-US_Plattsburgh.txt",0.0,2022-03-07 20:00:00,Albany2022-03-07 20:00:00,False,,,,
238,-46.431101800130854,94.42787234042554,94.81381576682035,-0.28140061697048996,513.0,2022-03-07 20:10:00,IOP9,RA,,,,2572.9460432796095,2633.0,1.3506278442412647,733.0,513.0,513.0,160.0,2.576294326241135,RA,2.5971153846153845,-0.41791666666666666,Albany,DOW-US-Plattsburgh,2633.0,673.0,"soundings_wintremix/upperair.sounding.202203072000.Albany_DOW-US_Plattsburgh.txt,soundings_wintremix/upperair.sounding.202203072200.Albany_DOW-US_Plattsburgh.txt",1900.0,2022-03-07 20:10:00,Albany2022-03-07 20:10:00,True,upperair.sounding.202203072000.Albany_DOW-US_Plattsburgh.txt,,,
239,,,,,,2022-03-07 20:20:00,IOP9,RA,,,,,,,,,,,2.5125886524822696,RA,,,Albany,DOW-US-Plattsburgh,,,"soundings_wintremix/upperair.sounding.202203072000.Albany_DOW-US_Plattsburgh.txt,soundings_wintremix/upperair.sounding.202203072200.Albany_DOW-US_Plattsburgh.txt",0.0,2022-03-07 20:20:00,Albany2022-03-07 20:20:00,False,,,,
240,,,,,,2022-03-07 20:30:00,IOP9,RA,,,,,,,,,,,2.4488829787234043,RA,,,Albany,DOW-US-Plattsburgh,,,"soundings_wintremix/upperair.sounding.202203072000.Albany_DOW-US_Plattsburgh.txt,soundings_wintremix/upperair.sounding.202203072200.Albany_DOW-US_Plattsburgh.txt",0.0,2022-03-07 20:30:00,Albany2022-03-07 20:30:00,False,,,,
241,,,,,,2022-03-07 20:40:00,IOP9,RA,,,,,,,,,,,2.385177304964539,RA,,,Albany,DOW-US-Plattsburgh,,,"soundings_wintremix/upperair.sounding.202203072000.Albany_DOW-US_Plattsburgh.txt,soundings_wintremix/upperair.sounding.202203072200.Albany_DOW-US_Plattsburgh.txt",0.0,2022-03-07 20:40:00,Albany2022-03-07 20:40:00,False,,,,
242,,,,,,2022-03-07 20:50:00,IOP9,RA,,,,,,,,,,,2.3214716312056742,RA,,,Albany,DOW-US-Plattsburgh,,,"soundings_wintremix/upperair.sounding.202203072000.Albany_DOW-US_Plattsburgh.txt,soundings_wintremix/upperair.sounding.202203072200.Albany_DOW-US_Plattsburgh.txt",0.0,2022-03-07 20:50:00,Albany2022-03-07 20:50:00,False,,,,
243,,,,,,2022-03-07 21:00:00,IOP9,RA,,,,,,,,,,,2.2577659574468085,RA,,,Albany,DOW-US-Plattsburgh,,,"soundings_wintremix/upperair.sounding.202203072000.Albany_DOW-US_Plattsburgh.txt,soundings_wintremix/upperair.sounding.202203072200.Albany_DOW-US_Plattsburgh.txt",0.0,2022-03-07 21:00:00,Albany2022-03-07 21:00:00,False,,,,
244,,,,,,2022-03-07 21:20:00,IOP9,RA,,,,,,,,,,,2.130354609929078,RA,,,Albany,DOW-US-Plattsburgh,,,"soundings_wintremix/upperair.sounding.202203072000.Albany_DOW-US_Plattsburgh.txt,soundings_wintremix/upperair.sounding.202203072200.Albany_DOW-US_Plattsburgh.txt",0.0,2022-03-07 21:20:00,Albany2022-03-07 21:20:00,False,,,,
245,,,,,,2022-03-07 21:30:00,IOP9,RA,,,,,,,,,,,2.0666489361702127,RA,,,Albany,DOW-US-Plattsburgh,,,"soundings_wintremix/upperair.sounding.202203072000.Albany_DOW-US_Plattsburgh.txt,soundings_wintremix/upperair.sounding.202203072200.Albany_DOW-US_Plattsburgh.txt",0.0,2022-03-07 21:30:00,Albany2022-03-07 21:30:00,False,,,,
246,,,,,,2022-03-07 21:40:00,IOP9,RA,,,,,,,,,,,2.0029432624113475,RA,,,Albany,DOW-US-Plattsburgh,,,"soundings_wintremix/upperair.sounding.202203072000.Albany_DOW-US_Plattsburgh.txt,soundings_wintremix/upperair.sounding.202203072200.Albany_DOW-US_Plattsburgh.txt",0.0,2022-03-07 21:40:00,Albany2022-03-07 21:40:00,False,,,,
247,,,,,,2022-03-07 21:50:00,IOP9,RA,,,,,,,,,,,1.9392375886524822,RA,,,Albany,DOW-US-Plattsburgh,,,"soundings_wintremix/upperair.sounding.202203072000.Albany_DOW-US_Plattsburgh.txt,soundings_wintremix/upperair.sounding.202203072200.Albany_DOW-US_Plattsburgh.txt",0.0,2022-03-07 21:50:00,Albany2022-03-07 21:50:00,False,,,,
1714,,,,,,,,,,,,,,,,,,,,,,,,,,,,0.0,2022-03-07 22:10:00,Albany2022-03-07 22:10:00,True,upperair.sounding.202203072200.Albany_DOW-US_Plattsburgh.txt,,,
248,,,,,,2022-03-07 22:20:00,IOP9,RA,,,,,,,,,,,2.4833333333333334,RA,,,Albany,DOW-US-Plattsburgh,,,"soundings_wintremix/upperair.sounding.202203072200.Albany_DOW-US_Plattsburgh.txt,soundings_wintremix/upperair.sounding.202203080000.Albany_DOW-US_Plattsburgh.txt",0.0,2022-03-07 22:20:00,Albany2022-03-07 22:20:00,False,,,,
249,,,,,,2022-03-07 22:30:00,IOP9,RA,,,,,,,,,,,2.395,RA,,,Albany,DOW-US-Plattsburgh,,,"soundings_wintremix/upperair.sounding.202203072200.Albany_DOW-US_Plattsburgh.txt,soundings_wintremix/upperair.sounding.202203080000.Albany_DOW-US_Plattsburgh.txt",0.0,2022-03-07 22:30:00,Albany2022-03-07 22:30:00,False,,,,
250,,,,,,2022-03-07 22:40:00,IOP9,RA,,,,,,,,,,,2.3066666666666666,RA,,,Albany,DOW-US-Plattsburgh,,,"soundings_wintremix/upperair.sounding.202203072200.Albany_DOW-US_Plattsburgh.txt,soundings_wintremix/upperair.sounding.202203080000.Albany_DOW-US_Plattsburgh.txt",0.0,2022-03-07 22:40:00,Albany2022-03-07 22:40:00,False,,,,
251,,,,,,2022-03-07 22:50:00,IOP9,RA,,,,,,,,,,,2.2183333333333337,RA,,,Albany,DOW-US-Plattsburgh,,,"soundings_wintremix/upperair.sounding.202203072200.Albany_DOW-US_Plattsburgh.txt,soundings_wintremix/upperair.sounding.202203080000.Albany_DOW-US_Plattsburgh.txt",0.0,2022-03-07 22:50:00,Albany2022-03-07 22:50:00,False,,,,
252,,,,,,2022-03-07 23:00:00,IOP9,RA,,,,,,,,,,,2.13,RA,,,Albany,DOW-US-Plattsburgh,,,"soundings_wintremix/upperair.sounding.202203072200.Albany_DOW-US_Plattsburgh.txt,soundings_wintremix/upperair.sounding.202203080000.Albany_DOW-US_Plattsburgh.txt",0.0,2022-03-07 23:00:00,Albany2022-03-07 23:00:00,False,,,,
253,,,,,,2022-03-07 23:10:00,IOP9,RA,,,,,,,,,,,2.041666666666667,RA,,,Albany,DOW-US-Plattsburgh,,,"soundings_wintremix/upperair.sounding.202203072200.Albany_DOW-US_Plattsburgh.txt,soundings_wintremix/upperair.sounding.202203080000.Albany_DOW-US_Plattsburgh.txt",0.0,2022-03-07 23:10:00,Albany2022-03-07 23:10:00,False,,,,
254,,,,,,2022-03-07 23:20:00,IOP9,RA,,,,,,,,,,,1.9533333333333334,RA,,,Albany,DOW-US-Plattsburgh,,,"soundings_wintremix/upperair.sounding.202203072200.Albany_DOW-US_Plattsburgh.txt,soundings_wintremix/upperair.sounding.202203080000.Albany_DOW-US_Plattsburgh.txt",0.0,2022-03-07 23:20:00,Albany2022-03-07 23:20:00,False,,,,
255,,,,,,2022-03-07 23:30:00,IOP9,,,,,,,,,,,,1.8650000000000002,,,,Albany,DOW-US-Plattsburgh,,,"soundings_wintremix/upperair.sounding.202203072200.Albany_DOW-US_Plattsburgh.txt,soundings_wintremix/upperair.sounding.202203080000.Albany_DOW-US_Plattsburgh.txt",0.0,2022-03-07 23:30:00,Albany2022-03-07 23:30:00,False,,,,
256,,,,,,2022-03-07 23:40:00,IOP9,RA,,,,,,,,,,,1.7766666666666668,RA,,,Albany,DOW-US-Plattsburgh,,,"soundings_wintremix/upperair.sounding.202203072200.Albany_DOW-US_Plattsburgh.txt,soundings_wintremix/upperair.sounding.202203080000.Albany_DOW-US_Plattsburgh.txt",0.0,2022-03-07 23:40:00,Albany2022-03-07 23:40:00,False,,,,
257,,,,,,2022-03-08 00:10:00,IOP9,RA,,,,,,,,,,,,RA,,,Albany,DOW-US-Plattsburgh,,,,0.0,2022-03-08 00:10:00,Albany2022-03-08 00:10:00,True,upperair.sounding.202203080000.Albany_DOW-US_Plattsburgh.txt,,,
258,,,,,,2022-03-08 00:20:00,IOP9,RA,,,,,,,,,,,,RA,,,Albany,DOW-US-Plattsburgh,,,,,2022-03-08 00:20:00,Albany2022-03-08 00:20:00,False,,,,
259,,,,,,2022-03-08 00:30:00,IOP9,RA,,,,,,,,,,,,RA,,,Albany,DOW-US-Plattsburgh,,,,,2022-03-08 00:30:00,Albany2022-03-08 00:30:00,False,,,,
260,,,,,,2022-03-08 00:40:00,IOP9,RA,,,,,,,,,,,,RA,,,Albany,DOW-US-Plattsburgh,,,,,2022-03-08 00:40:00,Albany2022-03-08 00:40:00,False,,,,
261,,,,,,2022-03-08 00:50:00,IOP9,RA,,,,,,,,,,,,RA,,,Albany,DOW-US-Plattsburgh,,,,,2022-03-08 00:50:00,Albany2022-03-08 00:50:00,False,,,,
262,,,,,,2022-03-08 01:00:00,IOP9,RA,,,,,,,,,,,,RA,,,Albany,DOW-US-Plattsburgh,,,,,2022-03-08 01:00:00,Albany2022-03-08 01:00:00,False,,,,
263,,,,,,2022-03-08 01:10:00,IOP9,RA,,,,,,,,,,,,RA,,,Albany,DOW-US-Plattsburgh,,,,,2022-03-08 01:10:00,Albany2022-03-08 01:10:00,False,,,,
264,,,,,,2022-03-08 01:20:00,IOP9,RA,,,,,,,,,,,,RA,,,Albany,DOW-US-Plattsburgh,,,,,2022-03-08 01:20:00,Albany2022-03-08 01:20:00,False,,,,
265,-243.6144045492323,82.53529411764706,83.92658570533153,-0.9369784790355088,128.0,2022-03-12 02:00:00,IOP10,,,,,1221.5768925367215,1143.0,1.6073380164956863,388.0,128.0,128.0,255.0,-0.11,,2.86972972972973,-1.6872549019607843,Albany,DOW-US-Plattsburgh,1143.0,383.0,"soundings_wintremix/upperair.sounding.202203120200.Albany_DOW-US_Plattsburgh.txt,soundings_wintremix/upperair.sounding.202203120400.Albany_DOW-US_Plattsburgh.txt",755.0,2022-03-12 02:00:00,Albany2022-03-12 02:00:00,False,,,,
266,-243.6144045492323,82.53529411764706,83.92658570533153,-0.9369784790355088,128.0,2022-03-12 02:10:00,IOP10,,,,,1221.5768925367215,1143.0,1.6073380164956863,388.0,128.0,128.0,255.0,-0.15517412935323383,,2.86972972972973,-1.6872549019607843,Albany,DOW-US-Plattsburgh,1143.0,383.0,"soundings_wintremix/upperair.sounding.202203120200.Albany_DOW-US_Plattsburgh.txt,soundings_wintremix/upperair.sounding.202203120400.Albany_DOW-US_Plattsburgh.txt",755.0,2022-03-12 02:10:00,Albany2022-03-12 02:10:00,True,upperair.sounding.202203120200.Albany_DOW-US_Plattsburgh.txt,,,
267,-211.36752845517236,80.9879954848284,82.07482590704369,-0.8129520325198936,123.0,2022-03-12 02:20:00,IOP10,,,,,1341.1792012302744,1163.0,1.7085085365990755,383.0,123.0,123.0,255.0,-0.2003482587064677,,2.9868979332273455,-1.3748869944112911,Albany,DOW-US-Plattsburgh,1163.0,378.0,"soundings_wintremix/upperair.sounding.202203120200.Albany_DOW-US_Plattsburgh.txt,soundings_wintremix/upperair.sounding.202203120400.Albany_DOW-US_Plattsburgh.txt",780.0,2022-03-12 02:20:00,Albany2022-03-12 02:20:00,False,,,,
268,-196.4822755181455,80.23768158567775,81.20109627911447,-0.7414425491250775,113.0,2022-03-12 02:30:00,IOP10,,,,,1402.5718637218688,1173.0,1.753214829652336,378.0,113.0,113.0,260.0,-0.24552238805970156,,3.045482034976153,-1.2435130434782609,Albany,DOW-US-Plattsburgh,1173.0,373.0,"soundings_wintremix/upperair.sounding.202203120200.Albany_DOW-US_Plattsburgh.txt,soundings_wintremix/upperair.sounding.202203120400.Albany_DOW-US_Plattsburgh.txt",795.0,2022-03-12 02:30:00,Albany2022-03-12 02:30:00,False,,,,
269,-183.43610916471803,79.52475191815857,80.36338816549794,-0.7193572908420316,113.0,2022-03-12 02:40:00,IOP10,,,,,1465.4039905536392,1183.0,1.7870780372605357,368.0,113.0,113.0,250.0,-0.29069651741293534,,3.1041477124183006,-1.1344124277730416,Albany,DOW-US-Plattsburgh,1183.0,363.0,"soundings_wintremix/upperair.sounding.202203120200.Albany_DOW-US_Plattsburgh.txt,soundings_wintremix/upperair.sounding.202203120400.Albany_DOW-US_Plattsburgh.txt",815.0,2022-03-12 02:40:00,Albany2022-03-12 02:40:00,False,,,,
270,-171.22260703339236,78.85865255280858,79.59938599870806,-0.6848904281335695,113.0,2022-03-12 02:50:00,IOP10,,,,,1529.9295490444792,1193.0,1.832250956939496,363.0,113.0,113.0,245.0,-0.3358706467661693,,3.165184640522876,-1.0328684758927729,Albany,DOW-US-Plattsburgh,1193.0,358.0,"soundings_wintremix/upperair.sounding.202203120200.Albany_DOW-US_Plattsburgh.txt,soundings_wintremix/upperair.sounding.202203120400.Albany_DOW-US_Plattsburgh.txt",830.0,2022-03-12 02:50:00,Albany2022-03-12 02:50:00,False,,,,
271,-159.7112609495456,78.31112304631998,79.04166773712217,-0.6518826977532474,113.0,2022-03-12 03:00:00,IOP10,,,,,1596.0582115324607,1208.0,1.866734750330363,358.0,113.0,113.0,240.0,-0.3810447761194031,,3.2262215686274507,-0.9313245240125037,Albany,DOW-US-Plattsburgh,1208.0,353.0,"soundings_wintremix/upperair.sounding.202203120200.Albany_DOW-US_Plattsburgh.txt,soundings_wintremix/upperair.sounding.202203120400.Albany_DOW-US_Plattsburgh.txt",850.0,2022-03-12 03:00:00,Albany2022-03-12 03:00:00,False,,,,
272,-149.02641874166784,78.21024584076055,78.87521204461504,-0.6209434114236161,113.0,2022-03-12 03:10:00,IOP10,,,,,1664.080588278855,1218.0,1.9127363083664999,353.0,113.0,113.0,235.0,-0.42621890547263697,,3.287258496732026,-0.8564037433155081,Albany,DOW-US-Plattsburgh,1218.0,348.0,"soundings_wintremix/upperair.sounding.202203120200.Albany_DOW-US_Plattsburgh.txt,soundings_wintremix/upperair.sounding.202203120400.Albany_DOW-US_Plattsburgh.txt",865.0,2022-03-12 03:10:00,Albany2022-03-12 03:10:00,False,,,,
273,-139.18235666063995,78.30168152109327,78.92151958594312,-0.5922653474920848,113.0,2022-03-12 03:20:00,IOP10,,,,,1733.9462097115847,1233.0,1.9482541682152636,348.0,113.0,113.0,230.0,-0.47139303482587075,,3.348295424836601,-1.0,Albany,DOW-US-Plattsburgh,1233.0,343.0,"soundings_wintremix/upperair.sounding.202203120200.Albany_DOW-US_Plattsburgh.txt,soundings_wintremix/upperair.sounding.202203120400.Albany_DOW-US_Plattsburgh.txt",885.0,2022-03-12 03:20:00,Albany2022-03-12 03:20:00,False,,,,
274,-130.14878083754022,79.125,80.07432294656891,-0.5658642645110443,113.0,2022-03-12 03:30:00,IOP10,,,,,1805.8065535843089,1243.0,1.9953663575517224,343.0,113.0,113.0,225.0,-0.5165671641791046,,3.410735294117647,-1.2000000000000002,Albany,DOW-US-Plattsburgh,1243.0,338.0,"soundings_wintremix/upperair.sounding.202203120200.Albany_DOW-US_Plattsburgh.txt,soundings_wintremix/upperair.sounding.202203120400.Albany_DOW-US_Plattsburgh.txt",900.0,2022-03-12 03:30:00,Albany2022-03-12 03:30:00,False,,,,
275,-122.96365929319482,80.25,81.37264197860742,-0.5719239967125341,113.0,2022-03-12 03:40:00,IOP10,,,,,1880.5907443539677,1253.0,2.0221405853268473,328.0,113.0,113.0,210.0,-0.5617412935323385,,3.491029601029601,-1.4,Albany,DOW-US-Plattsburgh,1253.0,323.0,"soundings_wintremix/upperair.sounding.202203120200.Albany_DOW-US_Plattsburgh.txt,soundings_wintremix/upperair.sounding.202203120400.Albany_DOW-US_Plattsburgh.txt",925.0,2022-03-12 03:40:00,Albany2022-03-12 03:40:00,False,,,,
276,-117.22855663459875,81.375,82.6757763932582,-0.5582312220695179,113.0,2022-03-12 03:50:00,IOP10,,,,,1957.7525109736137,1263.0,2.0716957788080563,323.0,113.0,113.0,205.0,-0.6069154228855723,,3.589090826023391,-1.5999999999999999,Albany,DOW-US-Plattsburgh,1263.0,318.0,"soundings_wintremix/upperair.sounding.202203120200.Albany_DOW-US_Plattsburgh.txt,soundings_wintremix/upperair.sounding.202203120400.Albany_DOW-US_Plattsburgh.txt",940.0,2022-03-12 03:50:00,Albany2022-03-12 03:50:00,False,,,,
277,-112.10640840314075,82.5,83.98374065587629,-0.5468605287958086,113.0,2022-03-12 04:00:00,IOP10,,,,,2036.825092625727,1278.0,2.1106995778504944,318.0,113.0,113.0,200.0,-0.67,,3.7185416666666664,-1.8,Albany,DOW-US-Plattsburgh,1278.0,313.0,"soundings_wintremix/upperair.sounding.202203120400.Albany_DOW-US_Plattsburgh.txt,soundings_wintremix/upperair.sounding.202203120600.Albany_DOW-US_Plattsburgh.txt",960.0,2022-03-12 04:00:00,Albany2022-03-12 04:00:00,False,,,,
278,-112.10640840314075,82.5,83.98374065587629,-0.5468605287958086,113.0,2022-03-12 04:10:00,IOP10,,,,,2036.825092625727,1278.0,2.1106995778504944,318.0,113.0,113.0,200.0,-0.6391801075268817,,3.7185416666666664,-1.8,Albany,DOW-US-Plattsburgh,1278.0,313.0,"soundings_wintremix/upperair.sounding.202203120400.Albany_DOW-US_Plattsburgh.txt,soundings_wintremix/upperair.sounding.202203120600.Albany_DOW-US_Plattsburgh.txt",960.0,2022-03-12 04:10:00,Albany2022-03-12 04:10:00,True,upperair.sounding.202203120400.Albany_DOW-US_Plattsburgh.txt,,,
279,-73.79978517154079,82.43333333333334,83.72358551106825,-0.43411638336200464,113.0,2022-03-12 04:20:00,IOP10,,,,,2084.4439307357234,1268.0,2.1054989199350738,283.0,113.0,113.0,165.0,-0.6083602150537635,,3.6913442460317456,-1.5666666666666667,Albany,DOW-US-Plattsburgh,1268.0,278.0,"soundings_wintremix/upperair.sounding.202203120400.Albany_DOW-US_Plattsburgh.txt,soundings_wintremix/upperair.sounding.202203120600.Albany_DOW-US_Plattsburgh.txt",985.0,2022-03-12 04:20:00,Albany2022-03-12 04:20:00,False,,,,
280,-59.78511080136574,82.4,83.59379771993727,-0.37365694250853587,113.0,2022-03-12 04:30:00,IOP10,,,,,2113.6220627389453,1263.0,2.1242432791346184,273.0,113.0,113.0,155.0,-0.5775403225806452,,3.677745535714285,-1.4500000000000002,Albany,DOW-US-Plattsburgh,1263.0,268.0,"soundings_wintremix/upperair.sounding.202203120400.Albany_DOW-US_Plattsburgh.txt,soundings_wintremix/upperair.sounding.202203120600.Albany_DOW-US_Plattsburgh.txt",990.0,2022-03-12 04:30:00,Albany2022-03-12 04:30:00,False,,,,
281,-46.49968431034364,82.36666666666666,83.4642027720486,-0.2906230269396477,113.0,2022-03-12 04:40:00,IOP10,RA,,,,2143.6245965748394,1258.0,2.165277370277616,273.0,113.0,113.0,155.0,-0.5467204301075269,RA,3.6641468253968257,-1.3333333333333333,Albany,DOW-US-Plattsburgh,1258.0,268.0,"soundings_wintremix/upperair.sounding.202203120400.Albany_DOW-US_Plattsburgh.txt,soundings_wintremix/upperair.sounding.202203120600.Albany_DOW-US_Plattsburgh.txt",985.0,2022-03-12 04:40:00,Albany2022-03-12 04:40:00,False,,,,
282,-16.215744419117964,76.72651362105908,76.83881688486426,-0.16215744419117958,163.0,2022-03-12 04:50:00,IOP10,RA,,,,2174.3062943509094,1258.0,2.1743062943509095,263.0,163.0,163.0,95.0,-0.5159005376344087,RA,3.6505481150793657,-0.2660984848484849,Albany,DOW-US-Plattsburgh,1258.0,258.0,"soundings_wintremix/upperair.sounding.202203120400.Albany_DOW-US_Plattsburgh.txt,soundings_wintremix/upperair.sounding.202203120600.Albany_DOW-US_Plattsburgh.txt",995.0,2022-03-12 04:50:00,Albany2022-03-12 04:50:00,False,,,,
283,-7.816901704687791,76.27017998163454,76.37521915274887,-0.09196354946691519,173.0,2022-03-12 05:00:00,IOP10,RA,,,,2206.0115622095464,1253.0,2.206011562209546,258.0,173.0,173.0,80.0,-0.48508064516129035,RA,3.636949404761905,-0.17527436094560836,Albany,DOW-US-Plattsburgh,1253.0,253.0,"soundings_wintremix/upperair.sounding.202203120400.Albany_DOW-US_Plattsburgh.txt,soundings_wintremix/upperair.sounding.202203120600.Albany_DOW-US_Plattsburgh.txt",995.0,2022-03-12 05:00:00,Albany2022-03-12 05:00:00,False,,,,
284,-2.656957685467261,75.87299486674355,75.94270468730281,-0.06642394213668151,188.0,2022-03-12 05:10:00,IOP10,,,,,2239.918877140878,1248.0,2.1852867094057347,228.0,188.0,188.0,35.0,-0.45426075268817206,,3.623350694444445,-0.09755493625472489,Albany,DOW-US-Plattsburgh,1248.0,223.0,"soundings_wintremix/upperair.sounding.202203120400.Albany_DOW-US_Plattsburgh.txt,soundings_wintremix/upperair.sounding.202203120600.Albany_DOW-US_Plattsburgh.txt",1020.0,2022-03-12 05:10:00,Albany2022-03-12 05:10:00,False,,,,
285,-13.120276008763613,82.23333333333332,82.94774625621841,-0.5248110403505445,113.0,2022-03-12 05:20:00,IOP10,,,,,2275.7932517862796,1248.0,2.167422144558362,203.0,113.0,113.0,20.0,-0.4234408602150538,,3.609751984126984,-0.8666666666666667,Albany,DOW-US-Plattsburgh,1248.0,133.0,"soundings_wintremix/upperair.sounding.202203120400.Albany_DOW-US_Plattsburgh.txt,soundings_wintremix/upperair.sounding.202203120600.Albany_DOW-US_Plattsburgh.txt",1045.0,2022-03-12 05:20:00,Albany2022-03-12 05:20:00,False,,,,
286,-11.63079770456734,82.19999999999999,82.819111658652,-0.46523190818269355,113.0,2022-03-12 05:30:00,IOP10,,,,,2326.9340784787296,1243.0,2.096337007638495,138.0,113.0,113.0,20.0,-0.3926209677419355,,3.596153273809524,-0.75,Albany,DOW-US-Plattsburgh,1243.0,133.0,"soundings_wintremix/upperair.sounding.202203120400.Albany_DOW-US_Plattsburgh.txt,soundings_wintremix/upperair.sounding.202203120600.Albany_DOW-US_Plattsburgh.txt",1105.0,2022-03-12 05:30:00,Albany2022-03-12 05:30:00,False,,,,
287,-10.141319400371067,82.16666666666667,82.69066835928305,-0.4056527760148427,113.0,2022-03-12 05:40:00,IOP10,,,,,2369.4244164513193,1238.0,2.1442754900011938,138.0,113.0,113.0,20.0,-0.3618010752688172,,3.5825545634920637,-0.6333333333333333,Albany,DOW-US-Plattsburgh,1238.0,133.0,"soundings_wintremix/upperair.sounding.202203120400.Albany_DOW-US_Plattsburgh.txt,soundings_wintremix/upperair.sounding.202203120600.Albany_DOW-US_Plattsburgh.txt",1100.0,2022-03-12 05:40:00,Albany2022-03-12 05:40:00,False,,,,
288,-8.651841096174797,82.13333333333333,82.56241610126274,-0.3460736438469919,113.0,2022-03-12 05:50:00,IOP10,RA,PL,,,2412.011373803368,1233.0,2.192737612548516,138.0,113.0,113.0,20.0,-0.33098118279569894,RA and PL,3.605154347826087,-0.5166666666666667,Albany,DOW-US-Plattsburgh,1233.0,133.0,"soundings_wintremix/upperair.sounding.202203120400.Albany_DOW-US_Plattsburgh.txt,soundings_wintremix/upperair.sounding.202203120600.Albany_DOW-US_Plattsburgh.txt",1095.0,2022-03-12 05:50:00,Albany2022-03-12 05:50:00,False,,,,
289,-7.373028673835127,82.1,82.43435462793272,-0.2949211469534051,113.0,2022-03-12 06:00:00,IOP10,RA,,,,2455.1183754768263,1233.0,2.231925795888024,138.0,113.0,113.0,20.0,-0.29,RA,3.7192,-0.4,Albany,DOW-US-Plattsburgh,1233.0,133.0,"soundings_wintremix/upperair.sounding.202203120600.Albany_DOW-US_Plattsburgh.txt,soundings_wintremix/upperair.sounding.202203120800.Albany_DOW-US_Plattsburgh.txt",1095.0,2022-03-12 06:00:00,Albany2022-03-12 06:00:00,False,,,,
290,-7.373028673835127,82.1,82.43435462793272,-0.2949211469534051,113.0,2022-03-12 06:10:00,IOP10,RA,,,,2455.1183754768263,1233.0,2.231925795888024,138.0,113.0,113.0,20.0,-0.14164078674948233,RA,3.7192,-0.4,Albany,DOW-US-Plattsburgh,1233.0,133.0,"soundings_wintremix/upperair.sounding.202203120600.Albany_DOW-US_Plattsburgh.txt,soundings_wintremix/upperair.sounding.202203120800.Albany_DOW-US_Plattsburgh.txt",1095.0,2022-03-12 06:10:00,Albany2022-03-12 06:10:00,True,upperair.sounding.202203120600.Albany_DOW-US_Plattsburgh.txt,,,
291,-1.3534046468829082,83.03333333333333,83.19419768265129,-0.1353404646882908,113.0,2022-03-12 06:20:00,IOP10,RA,,,,2150.281369915303,1178.0,2.028567330108776,123.0,113.0,113.0,5.0,0.006718426501035296,RA,3.3758,-0.18333333333333338,Albany,DOW-US-Plattsburgh,1178.0,118.0,"soundings_wintremix/upperair.sounding.202203120600.Albany_DOW-US_Plattsburgh.txt,soundings_wintremix/upperair.sounding.202203120800.Albany_DOW-US_Plattsburgh.txt",1055.0,2022-03-12 06:20:00,Albany2022-03-12 06:20:00,False,,,,
292,-0.3750000000000002,83.5,83.57277403097343,-0.07500000000000004,113.0,2022-03-12 06:30:00,IOP10,,,,,2014.0559364396229,1123.0,1.9941147885540822,118.0,113.0,113.0,0.0,0.15507763975155298,,3.2041,-0.07500000000000004,Albany,DOW-US-Plattsburgh,1123.0,113.0,"soundings_wintremix/upperair.sounding.202203120600.Albany_DOW-US_Plattsburgh.txt,soundings_wintremix/upperair.sounding.202203120800.Albany_DOW-US_Plattsburgh.txt",1005.0,2022-03-12 06:30:00,Albany2022-03-12 06:30:00,False,,,,
293,,,,,,2022-03-12 06:40:00,IOP10,,,,,,,,,,,,0.30343685300207063,,,,Albany,DOW-US-Plattsburgh,,,"soundings_wintremix/upperair.sounding.202203120600.Albany_DOW-US_Plattsburgh.txt,soundings_wintremix/upperair.sounding.202203120800.Albany_DOW-US_Plattsburgh.txt",0.0,2022-03-12 06:40:00,Albany2022-03-12 06:40:00,False,,,,
294,,,,,,2022-03-12 06:50:00,IOP10,,,,,,,,,,,,0.4517960662525883,,,,Albany,DOW-US-Plattsburgh,,,"soundings_wintremix/upperair.sounding.202203120600.Albany_DOW-US_Plattsburgh.txt,soundings_wintremix/upperair.sounding.202203120800.Albany_DOW-US_Plattsburgh.txt",0.0,2022-03-12 06:50:00,Albany2022-03-12 06:50:00,False,,,,
295,,,,,,2022-03-12 07:00:00,IOP10,,,,,,,,,,,,0.6001552795031059,,,,Albany,DOW-US-Plattsburgh,,,"soundings_wintremix/upperair.sounding.202203120600.Albany_DOW-US_Plattsburgh.txt,soundings_wintremix/upperair.sounding.202203120800.Albany_DOW-US_Plattsburgh.txt",0.0,2022-03-12 07:00:00,Albany2022-03-12 07:00:00,False,,,,
296,,,,,,2022-03-12 07:30:00,IOP10,,,,,,,,,,,,1.0452329192546588,,,,Albany,DOW-US-Plattsburgh,,,"soundings_wintremix/upperair.sounding.202203120600.Albany_DOW-US_Plattsburgh.txt,soundings_wintremix/upperair.sounding.202203120800.Albany_DOW-US_Plattsburgh.txt",0.0,2022-03-12 07:30:00,Albany2022-03-12 07:30:00,False,,,,
297,,,,,,2022-03-12 07:40:00,IOP10,RA,,,,,,,,,,,1.1935921325051766,RA,,,Albany,DOW-US-Plattsburgh,,,"soundings_wintremix/upperair.sounding.202203120600.Albany_DOW-US_Plattsburgh.txt,soundings_wintremix/upperair.sounding.202203120800.Albany_DOW-US_Plattsburgh.txt",0.0,2022-03-12 07:40:00,Albany2022-03-12 07:40:00,False,,,,
298,,,,,,2022-03-12 08:00:00,IOP10,,,,,,,,,,,,,,,,Albany,DOW-US-Plattsburgh,,,,,2022-03-12 08:00:00,Albany2022-03-12 08:00:00,False,,,,
299,,,,,,2022-03-12 08:10:00,IOP10,,,,,,,,,,,,,,,,Albany,DOW-US-Plattsburgh,,,,0.0,2022-03-12 08:10:00,Albany2022-03-12 08:10:00,True,upperair.sounding.202203120800.Albany_DOW-US_Plattsburgh.txt,,,
300,,,,,,2022-03-12 08:30:00,IOP10,,,,,,,,,,,,,,,,Albany,DOW-US-Plattsburgh,,,,,2022-03-12 08:30:00,Albany2022-03-12 08:30:00,False,,,,
301,,,,,,2022-03-12 08:40:00,IOP10,,,,,,,,,,,,,,,,Albany,DOW-US-Plattsburgh,,,,,2022-03-12 08:40:00,Albany2022-03-12 08:40:00,False,,,,
302,,,,,,2022-03-12 09:00:00,IOP10,RA,,,,,,,,,,,,RA,,,Albany,DOW-US-Plattsburgh,,,,,2022-03-12 09:00:00,Albany2022-03-12 09:00:00,False,,,,
303,,,,,,2022-03-15 01:30:00,IOP11,RA,,,,,,,,,,,,RA,,,Albany,DOW-US-Plattsburgh,,,,,2022-03-15 01:30:00,Albany2022-03-15 01:30:00,False,,,,
304,,,,,,2022-03-15 01:40:00,IOP11,RA,,,,,,,,,,,,RA,,,Albany,DOW-US-Plattsburgh,,,,,2022-03-15 01:40:00,Albany2022-03-15 01:40:00,False,,,,
305,,,,,,2022-03-15 01:50:00,IOP11,RA,,,,,,,,,,,,RA,,,Albany,DOW-US-Plattsburgh,,,,,2022-03-15 01:50:00,Albany2022-03-15 01:50:00,False,,,,
306,,,,,,2022-03-15 02:00:00,IOP11,RA,,,,,,,,,,,2.0,RA,,,Albany,DOW-US-Plattsburgh,,,"soundings_wintremix/upperair.sounding.202203150200.Albany_DOW-US_Plattsburgh.txt,soundings_wintremix/upperair.sounding.202203150400.Albany_DOW-US_Plattsburgh.txt",0.0,2022-03-15 02:00:00,Albany2022-03-15 02:00:00,False,,,,
307,,,,,,2022-03-15 02:10:00,IOP11,RA,,,,,,,,,,,2.0247321428571428,RA,,,Albany,DOW-US-Plattsburgh,,,"soundings_wintremix/upperair.sounding.202203150200.Albany_DOW-US_Plattsburgh.txt,soundings_wintremix/upperair.sounding.202203150400.Albany_DOW-US_Plattsburgh.txt",0.0,2022-03-15 02:10:00,Albany2022-03-15 02:10:00,True,upperair.sounding.202203150200.Albany_DOW-US_Plattsburgh.txt,,,
308,,,,,,2022-03-15 02:20:00,IOP11,RA,,,,,,,,,,,2.049464285714286,RA,,,Albany,DOW-US-Plattsburgh,,,"soundings_wintremix/upperair.sounding.202203150200.Albany_DOW-US_Plattsburgh.txt,soundings_wintremix/upperair.sounding.202203150400.Albany_DOW-US_Plattsburgh.txt",0.0,2022-03-15 02:20:00,Albany2022-03-15 02:20:00,False,,,,
309,,,,,,2022-03-15 02:30:00,IOP11,RA,,,,,,,,,,,2.0741964285714287,RA,,,Albany,DOW-US-Plattsburgh,,,"soundings_wintremix/upperair.sounding.202203150200.Albany_DOW-US_Plattsburgh.txt,soundings_wintremix/upperair.sounding.202203150400.Albany_DOW-US_Plattsburgh.txt",0.0,2022-03-15 02:30:00,Albany2022-03-15 02:30:00,False,,,,
310,,,,,,2022-03-15 02:40:00,IOP11,RA,,,,,,,,,,,2.0989285714285715,RA,,,Albany,DOW-US-Plattsburgh,,,"soundings_wintremix/upperair.sounding.202203150200.Albany_DOW-US_Plattsburgh.txt,soundings_wintremix/upperair.sounding.202203150400.Albany_DOW-US_Plattsburgh.txt",0.0,2022-03-15 02:40:00,Albany2022-03-15 02:40:00,False,,,,
311,,,,,,2022-03-15 02:50:00,IOP11,RA,,,,,,,,,,,2.1236607142857142,RA,,,Albany,DOW-US-Plattsburgh,,,"soundings_wintremix/upperair.sounding.202203150200.Albany_DOW-US_Plattsburgh.txt,soundings_wintremix/upperair.sounding.202203150400.Albany_DOW-US_Plattsburgh.txt",0.0,2022-03-15 02:50:00,Albany2022-03-15 02:50:00,False,,,,
312,,,,,,2022-03-15 03:00:00,IOP11,RA,,,,,,,,,,,2.1483928571428574,RA,,,Albany,DOW-US-Plattsburgh,,,"soundings_wintremix/upperair.sounding.202203150200.Albany_DOW-US_Plattsburgh.txt,soundings_wintremix/upperair.sounding.202203150400.Albany_DOW-US_Plattsburgh.txt",0.0,2022-03-15 03:00:00,Albany2022-03-15 03:00:00,False,,,,
313,,,,,,2022-03-15 03:10:00,IOP11,RA,,,,,,,,,,,2.173125,RA,,,Albany,DOW-US-Plattsburgh,,,"soundings_wintremix/upperair.sounding.202203150200.Albany_DOW-US_Plattsburgh.txt,soundings_wintremix/upperair.sounding.202203150400.Albany_DOW-US_Plattsburgh.txt",0.0,2022-03-15 03:10:00,Albany2022-03-15 03:10:00,False,,,,
314,,,,,,2022-03-15 03:20:00,IOP11,RA,,,,,,,,,,,2.197857142857143,RA,,,Albany,DOW-US-Plattsburgh,,,"soundings_wintremix/upperair.sounding.202203150200.Albany_DOW-US_Plattsburgh.txt,soundings_wintremix/upperair.sounding.202203150400.Albany_DOW-US_Plattsburgh.txt",0.0,2022-03-15 03:20:00,Albany2022-03-15 03:20:00,False,,,,
315,,,,,,2022-03-15 03:30:00,IOP11,RA,,,,,,,,,,,2.2225892857142857,RA,,,Albany,DOW-US-Plattsburgh,,,"soundings_wintremix/upperair.sounding.202203150200.Albany_DOW-US_Plattsburgh.txt,soundings_wintremix/upperair.sounding.202203150400.Albany_DOW-US_Plattsburgh.txt",0.0,2022-03-15 03:30:00,Albany2022-03-15 03:30:00,False,,,,
316,,,,,,2022-03-15 03:40:00,IOP11,RA,,,,,,,,,,,2.247321428571429,RA,,,Albany,DOW-US-Plattsburgh,,,"soundings_wintremix/upperair.sounding.202203150200.Albany_DOW-US_Plattsburgh.txt,soundings_wintremix/upperair.sounding.202203150400.Albany_DOW-US_Plattsburgh.txt",0.0,2022-03-15 03:40:00,Albany2022-03-15 03:40:00,False,,,,
317,,,,,,2022-03-15 03:50:00,IOP11,RA,,,,,,,,,,,2.2720535714285712,RA,,,Albany,DOW-US-Plattsburgh,,,"soundings_wintremix/upperair.sounding.202203150200.Albany_DOW-US_Plattsburgh.txt,soundings_wintremix/upperair.sounding.202203150400.Albany_DOW-US_Plattsburgh.txt",0.0,2022-03-15 03:50:00,Albany2022-03-15 03:50:00,False,,,,
318,,,,,,2022-03-15 04:00:00,IOP11,RA,,,,,,,,,,,2.84,RA,,,Albany,DOW-US-Plattsburgh,,,"soundings_wintremix/upperair.sounding.202203150400.Albany_DOW-US_Plattsburgh.txt,soundings_wintremix/upperair.sounding.202203150600.Albany_DOW-US_Plattsburgh.txt",0.0,2022-03-15 04:00:00,Albany2022-03-15 04:00:00,False,,,,
319,,,,,,2022-03-15 04:10:00,IOP11,RA,,,,,,,,,,,2.8298717948717944,RA,,,Albany,DOW-US-Plattsburgh,,,"soundings_wintremix/upperair.sounding.202203150400.Albany_DOW-US_Plattsburgh.txt,soundings_wintremix/upperair.sounding.202203150600.Albany_DOW-US_Plattsburgh.txt",0.0,2022-03-15 04:10:00,Albany2022-03-15 04:10:00,True,upperair.sounding.202203150400.Albany_DOW-US_Plattsburgh.txt,,,
320,,,,,,2022-03-15 04:20:00,IOP11,RA,,,,,,,,,,,2.81974358974359,RA,,,Albany,DOW-US-Plattsburgh,,,"soundings_wintremix/upperair.sounding.202203150400.Albany_DOW-US_Plattsburgh.txt,soundings_wintremix/upperair.sounding.202203150600.Albany_DOW-US_Plattsburgh.txt",0.0,2022-03-15 04:20:00,Albany2022-03-15 04:20:00,False,,,,
321,,,,,,2022-03-15 04:30:00,IOP11,RA,,,,,,,,,,,2.8096153846153844,RA,,,Albany,DOW-US-Plattsburgh,,,"soundings_wintremix/upperair.sounding.202203150400.Albany_DOW-US_Plattsburgh.txt,soundings_wintremix/upperair.sounding.202203150600.Albany_DOW-US_Plattsburgh.txt",0.0,2022-03-15 04:30:00,Albany2022-03-15 04:30:00,False,,,,
322,,,,,,2022-03-15 04:40:00,IOP11,RA,,,,,,,,,,,2.799487179487179,RA,,,Albany,DOW-US-Plattsburgh,,,"soundings_wintremix/upperair.sounding.202203150400.Albany_DOW-US_Plattsburgh.txt,soundings_wintremix/upperair.sounding.202203150600.Albany_DOW-US_Plattsburgh.txt",0.0,2022-03-15 04:40:00,Albany2022-03-15 04:40:00,False,,,,
323,,,,,,2022-03-15 04:50:00,IOP11,RA,,,,,,,,,,,2.7893589743589744,RA,,,Albany,DOW-US-Plattsburgh,,,"soundings_wintremix/upperair.sounding.202203150400.Albany_DOW-US_Plattsburgh.txt,soundings_wintremix/upperair.sounding.202203150600.Albany_DOW-US_Plattsburgh.txt",0.0,2022-03-15 04:50:00,Albany2022-03-15 04:50:00,False,,,,
324,,,,,,2022-03-15 05:00:00,IOP11,RA,,,,,,,,,,,2.779230769230769,RA,,,Albany,DOW-US-Plattsburgh,,,"soundings_wintremix/upperair.sounding.202203150400.Albany_DOW-US_Plattsburgh.txt,soundings_wintremix/upperair.sounding.202203150600.Albany_DOW-US_Plattsburgh.txt",0.0,2022-03-15 05:00:00,Albany2022-03-15 05:00:00,False,,,,
325,,,,,,2022-03-15 05:10:00,IOP11,RA,,,,,,,,,,,2.769102564102564,RA,,,Albany,DOW-US-Plattsburgh,,,"soundings_wintremix/upperair.sounding.202203150400.Albany_DOW-US_Plattsburgh.txt,soundings_wintremix/upperair.sounding.202203150600.Albany_DOW-US_Plattsburgh.txt",0.0,2022-03-15 05:10:00,Albany2022-03-15 05:10:00,False,,,,
326,,,,,,2022-03-15 05:20:00,IOP11,RA,,,,,,,,,,,2.758974358974359,RA,,,Albany,DOW-US-Plattsburgh,,,"soundings_wintremix/upperair.sounding.202203150400.Albany_DOW-US_Plattsburgh.txt,soundings_wintremix/upperair.sounding.202203150600.Albany_DOW-US_Plattsburgh.txt",0.0,2022-03-15 05:20:00,Albany2022-03-15 05:20:00,False,,,,
327,,,,,,2022-03-15 05:30:00,IOP11,RA,,,,,,,,,,,2.748846153846154,RA,,,Albany,DOW-US-Plattsburgh,,,"soundings_wintremix/upperair.sounding.202203150400.Albany_DOW-US_Plattsburgh.txt,soundings_wintremix/upperair.sounding.202203150600.Albany_DOW-US_Plattsburgh.txt",0.0,2022-03-15 05:30:00,Albany2022-03-15 05:30:00,False,,,,
328,,,,,,2022-03-15 05:40:00,IOP11,RA,,,,,,,,,,,2.7387179487179485,RA,,,Albany,DOW-US-Plattsburgh,,,"soundings_wintremix/upperair.sounding.202203150400.Albany_DOW-US_Plattsburgh.txt,soundings_wintremix/upperair.sounding.202203150600.Albany_DOW-US_Plattsburgh.txt",0.0,2022-03-15 05:40:00,Albany2022-03-15 05:40:00,False,,,,
329,,,,,,2022-03-15 06:00:00,IOP11,RA,,,,,,,,,,,,RA,,,Albany,DOW-US-Plattsburgh,,,,,2022-03-15 06:00:00,Albany2022-03-15 06:00:00,False,,,,
330,-0.7706038647342954,88.09,88.14983005743149,-0.03853019323671477,798.0,2022-03-15 06:10:00,IOP11,RA,,,,1028.9057878176654,793.0,1.5472267485979931,133.0,798.0,798.0,15.0,,RA,3.1538,-0.06955555555555545,Albany,DOW-US-Plattsburgh,793.0,813.0,,660.0,2022-03-15 06:10:00,Albany2022-03-15 06:10:00,True,upperair.sounding.202203150600.Albany_DOW-US_Plattsburgh.txt,,,
331,,,,,,2022-03-15 06:20:00,IOP11,RA,,,,,,,,,,,,RA,,,Albany,DOW-US-Plattsburgh,,,,,2022-03-15 06:20:00,Albany2022-03-15 06:20:00,False,,,,
332,,,,,,2022-03-15 06:30:00,IOP11,RA,,,,,,,,,,,,RA,,,Albany,DOW-US-Plattsburgh,,,,,2022-03-15 06:30:00,Albany2022-03-15 06:30:00,False,,,,
333,,,,,,2022-03-15 06:40:00,IOP11,RA,,,,,,,,,,,,RA,,,Albany,DOW-US-Plattsburgh,,,,,2022-03-15 06:40:00,Albany2022-03-15 06:40:00,False,,,,
334,,,,,,2022-03-15 07:10:00,IOP11,,,,,,,,,,,,,,,,Albany,DOW-US-Plattsburgh,,,,,2022-03-15 07:10:00,Albany2022-03-15 07:10:00,False,,,,
335,,,,,,2022-03-15 07:20:00,IOP11,,,,,,,,,,,,,,,,Albany,DOW-US-Plattsburgh,,,,,2022-03-15 07:20:00,Albany2022-03-15 07:20:00,False,,,,
336,,,,,,2022-03-15 07:30:00,IOP11,,,,,,,,,,,,,,,,Albany,DOW-US-Plattsburgh,,,,,2022-03-15 07:30:00,Albany2022-03-15 07:30:00,False,,,,
337,,,,,,2022-02-03 02:40:00,IOP1,RA,,,,,,,,,,,4.413014685837987,RA,,,CU_DOW,DOW-CAN-S,,,"soundings_wintremix/upperair.sounding.202202030230.CU_DOW-CAN_S.csv,soundings_wintremix/upperair.sounding.202202030400.CU_DOW-CAN_S.csv",0.0,2022-02-03 02:40:00,CU_DOW2022-02-03 02:40:00,True,upperair.sounding.202202030230.CU_DOW-CAN_S.csv,,,
338,,,,,,2022-02-03 02:50:00,IOP1,RA,,,,,,,,,,,4.259476371675975,RA,,,CU_DOW,DOW-CAN-S,,,"soundings_wintremix/upperair.sounding.202202030230.CU_DOW-CAN_S.csv,soundings_wintremix/upperair.sounding.202202030400.CU_DOW-CAN_S.csv",0.0,2022-02-03 02:50:00,CU_DOW2022-02-03 02:50:00,False,,,,
339,,,,,,2022-02-03 03:00:00,IOP1,RA,,,,,,,,,,,4.105938057513962,RA,,,CU_DOW,DOW-CAN-S,,,"soundings_wintremix/upperair.sounding.202202030230.CU_DOW-CAN_S.csv,soundings_wintremix/upperair.sounding.202202030400.CU_DOW-CAN_S.csv",0.0,2022-02-03 03:00:00,CU_DOW2022-02-03 03:00:00,False,,,,
340,,,,,,2022-02-03 03:10:00,IOP1,RA,,,,,,,,,,,3.9523997433519504,RA,,,CU_DOW,DOW-CAN-S,,,"soundings_wintremix/upperair.sounding.202202030230.CU_DOW-CAN_S.csv,soundings_wintremix/upperair.sounding.202202030400.CU_DOW-CAN_S.csv",0.0,2022-02-03 03:10:00,CU_DOW2022-02-03 03:10:00,False,,,,
341,,,,,,2022-02-03 03:20:00,IOP1,RA,,,,,,,,,,,3.7988614291899383,RA,,,CU_DOW,DOW-CAN-S,,,"soundings_wintremix/upperair.sounding.202202030230.CU_DOW-CAN_S.csv,soundings_wintremix/upperair.sounding.202202030400.CU_DOW-CAN_S.csv",0.0,2022-02-03 03:20:00,CU_DOW2022-02-03 03:20:00,False,,,,
342,,,,,,2022-02-03 03:30:00,IOP1,,,,,,,,,,,,3.6453231150279253,,,,CU_DOW,DOW-CAN-S,,,"soundings_wintremix/upperair.sounding.202202030230.CU_DOW-CAN_S.csv,soundings_wintremix/upperair.sounding.202202030400.CU_DOW-CAN_S.csv",0.0,2022-02-03 03:30:00,CU_DOW2022-02-03 03:30:00,False,,,,
343,,,,,,2022-02-03 04:10:00,IOP1,,,,,,,,,,,,3.0917431520501637,,,,CU_DOW,DOW-CAN-S,,,"soundings_wintremix/upperair.sounding.202202030400.CU_DOW-CAN_S.csv,soundings_wintremix/upperair.sounding.202202030530.CU_DOW-CAN_S.csv",0.0,2022-02-03 04:10:00,CU_DOW2022-02-03 04:10:00,True,upperair.sounding.202202030400.CU_DOW-CAN_S.csv,,,
344,,,,,,2022-02-03 04:20:00,IOP1,,,,,,,,,,,,3.1518153041003103,,,,CU_DOW,DOW-CAN-S,,,"soundings_wintremix/upperair.sounding.202202030400.CU_DOW-CAN_S.csv,soundings_wintremix/upperair.sounding.202202030530.CU_DOW-CAN_S.csv",0.0,2022-02-03 04:20:00,CU_DOW2022-02-03 04:20:00,False,,,,
345,,,,,,2022-02-03 04:30:00,IOP1,,,,,,,,,,,,3.211887456150457,,,,CU_DOW,DOW-CAN-S,,,"soundings_wintremix/upperair.sounding.202202030400.CU_DOW-CAN_S.csv,soundings_wintremix/upperair.sounding.202202030530.CU_DOW-CAN_S.csv",0.0,2022-02-03 04:30:00,CU_DOW2022-02-03 04:30:00,False,,,,
346,,,,,,2022-02-03 04:40:00,IOP1,,,,,,,,,,,,3.271959608200604,,,,CU_DOW,DOW-CAN-S,,,"soundings_wintremix/upperair.sounding.202202030400.CU_DOW-CAN_S.csv,soundings_wintremix/upperair.sounding.202202030530.CU_DOW-CAN_S.csv",0.0,2022-02-03 04:40:00,CU_DOW2022-02-03 04:40:00,False,,,,
347,,,,,,2022-02-03 04:50:00,IOP1,,,,,,,,,,,,3.3320317602507505,,,,CU_DOW,DOW-CAN-S,,,"soundings_wintremix/upperair.sounding.202202030400.CU_DOW-CAN_S.csv,soundings_wintremix/upperair.sounding.202202030530.CU_DOW-CAN_S.csv",0.0,2022-02-03 04:50:00,CU_DOW2022-02-03 04:50:00,False,,,,
348,,,,,,2022-02-03 05:00:00,IOP1,RA,,,,,,,,,,,3.392103912300897,RA,,,CU_DOW,DOW-CAN-S,,,"soundings_wintremix/upperair.sounding.202202030400.CU_DOW-CAN_S.csv,soundings_wintremix/upperair.sounding.202202030530.CU_DOW-CAN_S.csv",0.0,2022-02-03 05:00:00,CU_DOW2022-02-03 05:00:00,False,,,,
349,,,,,,2022-02-03 05:40:00,IOP1,RA,,,,,,,,,,,3.1175624843493854,RA,,,CU_DOW,DOW-CAN-S,,,"soundings_wintremix/upperair.sounding.202202030530.CU_DOW-CAN_S.csv,soundings_wintremix/upperair.sounding.202202030700.CU_DOW-CAN_S.csv",0.0,2022-02-03 05:40:00,CU_DOW2022-02-03 05:40:00,True,upperair.sounding.202202030530.CU_DOW-CAN_S.csv,,,
350,,,,,,2022-02-03 05:50:00,IOP1,RA,,,,,,,,,,,3.047294968698752,RA,,,CU_DOW,DOW-CAN-S,,,"soundings_wintremix/upperair.sounding.202202030530.CU_DOW-CAN_S.csv,soundings_wintremix/upperair.sounding.202202030700.CU_DOW-CAN_S.csv",0.0,2022-02-03 05:50:00,CU_DOW2022-02-03 05:50:00,False,,,,
351,,,,,,2022-02-03 06:00:00,IOP1,RA,,,,,,,,,,,2.9770274530481178,RA,,,CU_DOW,DOW-CAN-S,,,"soundings_wintremix/upperair.sounding.202202030530.CU_DOW-CAN_S.csv,soundings_wintremix/upperair.sounding.202202030700.CU_DOW-CAN_S.csv",0.0,2022-02-03 06:00:00,CU_DOW2022-02-03 06:00:00,False,,,,
352,,,,,,2022-02-03 06:10:00,IOP1,RA,,,,,,,,,,,2.9067599373974837,RA,,,CU_DOW,DOW-CAN-S,,,"soundings_wintremix/upperair.sounding.202202030530.CU_DOW-CAN_S.csv,soundings_wintremix/upperair.sounding.202202030700.CU_DOW-CAN_S.csv",0.0,2022-02-03 06:10:00,CU_DOW2022-02-03 06:10:00,False,,,,
353,,,,,,2022-02-03 06:20:00,IOP1,RA,,,,,,,,,,,2.8364924217468497,RA,,,CU_DOW,DOW-CAN-S,,,"soundings_wintremix/upperair.sounding.202202030530.CU_DOW-CAN_S.csv,soundings_wintremix/upperair.sounding.202202030700.CU_DOW-CAN_S.csv",0.0,2022-02-03 06:20:00,CU_DOW2022-02-03 06:20:00,False,,,,
354,,,,,,2022-02-03 06:30:00,IOP1,RA,,,,,,,,,,,2.7662249060962156,RA,,,CU_DOW,DOW-CAN-S,,,"soundings_wintremix/upperair.sounding.202202030530.CU_DOW-CAN_S.csv,soundings_wintremix/upperair.sounding.202202030700.CU_DOW-CAN_S.csv",0.0,2022-02-03 06:30:00,CU_DOW2022-02-03 06:30:00,False,,,,
1715,,,,,,,,,,,,,,,,,,,,,,,,,,,,0.0,2022-02-03 07:10:00,CU_DOW2022-02-03 07:10:00,True,upperair.sounding.202202030700.CU_DOW-CAN_S.csv,,,
355,,,,,,2022-02-03 07:20:00,IOP1,RA,,,,,,,,,,,,RA,,,CU_DOW,DOW-CAN-S,,,,,2022-02-03 07:20:00,CU_DOW2022-02-03 07:20:00,False,,,,
356,,,,,,2022-02-03 07:40:00,IOP1,RA,,,,,,,,,,,,RA,,,CU_DOW,DOW-CAN-S,,,,,2022-02-03 07:40:00,CU_DOW2022-02-03 07:40:00,False,,,,
357,,,,,,2022-02-03 07:50:00,IOP1,RA,,,,,,,,,,,,RA,,,CU_DOW,DOW-CAN-S,,,,,2022-02-03 07:50:00,CU_DOW2022-02-03 07:50:00,False,,,,
358,,,,,,2022-02-10 08:20:00,IOP2,SN,,,,,,,,,,,,SN,,,CU_DOW,DOW-CAN-N,,,,,2022-02-10 08:20:00,CU_DOW2022-02-10 08:20:00,False,,,,
359,,,,,,2022-02-10 08:40:00,IOP2,,,,,,,,,,,,,,,,CU_DOW,DOW-CAN-N,,,,,2022-02-10 08:40:00,CU_DOW2022-02-10 08:40:00,False,,,,
360,,,,,,2022-02-10 08:50:00,IOP2,,,,,,,,,,,,,,,,CU_DOW,DOW-CAN-N,,,,,2022-02-10 08:50:00,CU_DOW2022-02-10 08:50:00,False,,,,
361,,,,,,2022-02-10 09:00:00,IOP2,,,,,,,,,,,,,,,,CU_DOW,DOW-CAN-N,,,,,2022-02-10 09:00:00,CU_DOW2022-02-10 09:00:00,False,,,,
362,,,,,,2022-02-10 09:10:00,IOP2,,,,,,,,,,,,,,,,CU_DOW,DOW-CAN-N,,,,,2022-02-10 09:10:00,CU_DOW2022-02-10 09:10:00,False,,,,
363,,,,,,2022-02-10 09:20:00,IOP2,,,,,,,,,,,,,,,,CU_DOW,DOW-CAN-N,,,,,2022-02-10 09:20:00,CU_DOW2022-02-10 09:20:00,False,,,,
364,,,,,,2022-02-10 09:30:00,IOP2,,,,,,,,,,,,,,,,CU_DOW,DOW-CAN-N,,,,,2022-02-10 09:30:00,CU_DOW2022-02-10 09:30:00,False,,,,
365,,,,,,2022-02-10 09:40:00,IOP2,,,,,,,,,,,,,,,,CU_DOW,DOW-CAN-N,,,,,2022-02-10 09:40:00,CU_DOW2022-02-10 09:40:00,False,,,,
366,,,,,,2022-02-10 09:50:00,IOP2,,,,,,,,,,,,,,,,CU_DOW,DOW-CAN-N,,,,,2022-02-10 09:50:00,CU_DOW2022-02-10 09:50:00,False,,,,
367,,,,,,2022-02-10 10:00:00,IOP2,,,,,,,,,,,,2.5726999999999975,,,,CU_DOW,DOW-CAN-N,,,"soundings_wintremix/upperair.sounding.202202101000.CU_DOW-CAN_N.csv,soundings_wintremix/upperair.sounding.202202101200.CU_DOW-CAN_N.csv",0.0,2022-02-10 10:00:00,CU_DOW2022-02-10 10:00:00,False,,,,
368,,,,,,2022-02-10 10:10:00,IOP2,,,,,,,,,,,,2.6556051960923717,,,,CU_DOW,DOW-CAN-N,,,"soundings_wintremix/upperair.sounding.202202101000.CU_DOW-CAN_N.csv,soundings_wintremix/upperair.sounding.202202101200.CU_DOW-CAN_N.csv",0.0,2022-02-10 10:10:00,CU_DOW2022-02-10 10:10:00,True,upperair.sounding.202202101000.CU_DOW-CAN_N.csv,,,
369,,,,,,2022-02-10 10:20:00,IOP2,,,,,,,,,,,,2.7385103921847467,,,,CU_DOW,DOW-CAN-N,,,"soundings_wintremix/upperair.sounding.202202101000.CU_DOW-CAN_N.csv,soundings_wintremix/upperair.sounding.202202101200.CU_DOW-CAN_N.csv",0.0,2022-02-10 10:20:00,CU_DOW2022-02-10 10:20:00,False,,,,
370,,,,,,2022-02-10 10:30:00,IOP2,,,,,,,,,,,,2.821415588277121,,,,CU_DOW,DOW-CAN-N,,,"soundings_wintremix/upperair.sounding.202202101000.CU_DOW-CAN_N.csv,soundings_wintremix/upperair.sounding.202202101200.CU_DOW-CAN_N.csv",0.0,2022-02-10 10:30:00,CU_DOW2022-02-10 10:30:00,False,,,,
371,,,,,,2022-02-10 10:40:00,IOP2,,,,,,,,,,,,2.904320784369495,,,,CU_DOW,DOW-CAN-N,,,"soundings_wintremix/upperair.sounding.202202101000.CU_DOW-CAN_N.csv,soundings_wintremix/upperair.sounding.202202101200.CU_DOW-CAN_N.csv",0.0,2022-02-10 10:40:00,CU_DOW2022-02-10 10:40:00,False,,,,
372,,,,,,2022-02-10 10:50:00,IOP2,RA,,,,,,,,,,,2.9872259804618695,RA,,,CU_DOW,DOW-CAN-N,,,"soundings_wintremix/upperair.sounding.202202101000.CU_DOW-CAN_N.csv,soundings_wintremix/upperair.sounding.202202101200.CU_DOW-CAN_N.csv",0.0,2022-02-10 10:50:00,CU_DOW2022-02-10 10:50:00,False,,,,
373,,,,,,2022-02-10 11:00:00,IOP2,RA,,,,,,,,,,,3.070131176554244,RA,,,CU_DOW,DOW-CAN-N,,,"soundings_wintremix/upperair.sounding.202202101000.CU_DOW-CAN_N.csv,soundings_wintremix/upperair.sounding.202202101200.CU_DOW-CAN_N.csv",0.0,2022-02-10 11:00:00,CU_DOW2022-02-10 11:00:00,False,,,,
374,,,,,,2022-02-10 11:10:00,IOP2,,,,,,,,,,,,3.1530363726466186,,,,CU_DOW,DOW-CAN-N,,,"soundings_wintremix/upperair.sounding.202202101000.CU_DOW-CAN_N.csv,soundings_wintremix/upperair.sounding.202202101200.CU_DOW-CAN_N.csv",0.0,2022-02-10 11:10:00,CU_DOW2022-02-10 11:10:00,False,,,,
375,,,,,,2022-02-10 11:20:00,IOP2,RA,,,,,,,,,,,3.2359415687389923,RA,,,CU_DOW,DOW-CAN-N,,,"soundings_wintremix/upperair.sounding.202202101000.CU_DOW-CAN_N.csv,soundings_wintremix/upperair.sounding.202202101200.CU_DOW-CAN_N.csv",0.0,2022-02-10 11:20:00,CU_DOW2022-02-10 11:20:00,False,,,,
376,,,,,,2022-02-10 11:30:00,IOP2,RA,,,,,,,,,,,3.318846764831367,RA,,,CU_DOW,DOW-CAN-N,,,"soundings_wintremix/upperair.sounding.202202101000.CU_DOW-CAN_N.csv,soundings_wintremix/upperair.sounding.202202101200.CU_DOW-CAN_N.csv",0.0,2022-02-10 11:30:00,CU_DOW2022-02-10 11:30:00,False,,,,
377,,,,,,2022-02-10 11:40:00,IOP2,,,,,,,,,,,,3.4017519609237414,,,,CU_DOW,DOW-CAN-N,,,"soundings_wintremix/upperair.sounding.202202101000.CU_DOW-CAN_N.csv,soundings_wintremix/upperair.sounding.202202101200.CU_DOW-CAN_N.csv",0.0,2022-02-10 11:40:00,CU_DOW2022-02-10 11:40:00,False,,,,
378,,,,,,2022-02-10 11:50:00,IOP2,,,,,,,,,,,,3.4846571570161156,,,,CU_DOW,DOW-CAN-N,,,"soundings_wintremix/upperair.sounding.202202101000.CU_DOW-CAN_N.csv,soundings_wintremix/upperair.sounding.202202101200.CU_DOW-CAN_N.csv",0.0,2022-02-10 11:50:00,CU_DOW2022-02-10 11:50:00,False,,,,
379,,,,,,2022-02-10 12:00:00,IOP2,,,,,,,,,,,,,,,,CU_DOW,DOW-CAN-N,,,,,2022-02-10 12:00:00,CU_DOW2022-02-10 12:00:00,False,,,,
380,,,,,,2022-02-10 12:10:00,IOP2,,,,,,,,,,,,,,,,CU_DOW,DOW-CAN-N,,,,0.0,2022-02-10 12:10:00,CU_DOW2022-02-10 12:10:00,True,upperair.sounding.202202101200.CU_DOW-CAN_N.csv,,,
381,,,,,,2022-02-10 12:20:00,IOP2,RA,,,,,,,,,,,,RA,,,CU_DOW,DOW-CAN-N,,,,,2022-02-10 12:20:00,CU_DOW2022-02-10 12:20:00,False,,,,
382,,,,,,2022-02-10 12:30:00,IOP2,RA,,,,,,,,,,,,RA,,,CU_DOW,DOW-CAN-N,,,,,2022-02-10 12:30:00,CU_DOW2022-02-10 12:30:00,False,,,,
383,,,,,,2022-02-10 12:40:00,IOP2,,,,,,,,,,,,,,,,CU_DOW,DOW-CAN-N,,,,,2022-02-10 12:40:00,CU_DOW2022-02-10 12:40:00,False,,,,
384,,,,,,2022-02-10 12:50:00,IOP2,,,,,,,,,,,,,,,,CU_DOW,DOW-CAN-N,,,,,2022-02-10 12:50:00,CU_DOW2022-02-10 12:50:00,False,,,,
385,,,,,,2022-02-10 13:00:00,IOP2,,,,,,,,,,,,,,,,CU_DOW,DOW-CAN-N,,,,,2022-02-10 13:00:00,CU_DOW2022-02-10 13:00:00,False,,,,
386,,,,,,2022-02-10 13:10:00,IOP2,,,,,,,,,,,,,,,,CU_DOW,DOW-CAN-N,,,,,2022-02-10 13:10:00,CU_DOW2022-02-10 13:10:00,False,,,,
387,,,,,,2022-02-10 13:20:00,IOP2,,,,,,,,,,,,,,,,CU_DOW,DOW-CAN-N,,,,,2022-02-10 13:20:00,CU_DOW2022-02-10 13:20:00,False,,,,
388,,,,,,2022-02-12 00:40:00,IOP3,,,,,,,,,,,,,,,,CU_DOW,DOW-CAN-N,,,,,2022-02-12 00:40:00,CU_DOW2022-02-12 00:40:00,False,,,,
389,,,,,,2022-02-12 01:10:00,IOP3,,,,,,,,,,,,7.659063600197951,,,,CU_DOW,DOW-CAN-N,,,"soundings_wintremix/upperair.sounding.202202120100.CU_DOW-CAN_N.csv,soundings_wintremix/upperair.sounding.202202120230.CU_DOW-CAN_N.csv",0.0,2022-02-12 01:10:00,CU_DOW2022-02-12 01:10:00,True,upperair.sounding.202202120100.CU_DOW-CAN_N.csv,,,
390,,,,,,2022-02-12 01:20:00,IOP3,,,,,,,,,,,,7.635546200395876,,,,CU_DOW,DOW-CAN-N,,,"soundings_wintremix/upperair.sounding.202202120100.CU_DOW-CAN_N.csv,soundings_wintremix/upperair.sounding.202202120230.CU_DOW-CAN_N.csv",0.0,2022-02-12 01:20:00,CU_DOW2022-02-12 01:20:00,False,,,,
391,,,,,,2022-02-12 01:30:00,IOP3,,,,,,,,,,,,7.612028800593798,,,,CU_DOW,DOW-CAN-N,,,"soundings_wintremix/upperair.sounding.202202120100.CU_DOW-CAN_N.csv,soundings_wintremix/upperair.sounding.202202120230.CU_DOW-CAN_N.csv",0.0,2022-02-12 01:30:00,CU_DOW2022-02-12 01:30:00,False,,,,
392,,,,,,2022-02-12 01:40:00,IOP3,,,,,,,,,,,,7.588511400791722,,,,CU_DOW,DOW-CAN-N,,,"soundings_wintremix/upperair.sounding.202202120100.CU_DOW-CAN_N.csv,soundings_wintremix/upperair.sounding.202202120230.CU_DOW-CAN_N.csv",0.0,2022-02-12 01:40:00,CU_DOW2022-02-12 01:40:00,False,,,,
393,,,,,,2022-02-12 01:50:00,IOP3,,,,,,,,,,,,7.564994000989646,,,,CU_DOW,DOW-CAN-N,,,"soundings_wintremix/upperair.sounding.202202120100.CU_DOW-CAN_N.csv,soundings_wintremix/upperair.sounding.202202120230.CU_DOW-CAN_N.csv",0.0,2022-02-12 01:50:00,CU_DOW2022-02-12 01:50:00,False,,,,
394,,,,,,2022-02-12 02:00:00,IOP3,,,,,,,,,,,,7.541476601187569,,,,CU_DOW,DOW-CAN-N,,,"soundings_wintremix/upperair.sounding.202202120100.CU_DOW-CAN_N.csv,soundings_wintremix/upperair.sounding.202202120230.CU_DOW-CAN_N.csv",0.0,2022-02-12 02:00:00,CU_DOW2022-02-12 02:00:00,False,,,,
1716,,,,,,,,,,,,,,,,,,,,,,,,,,,,0.0,2022-02-12 02:40:00,CU_DOW2022-02-12 02:40:00,True,upperair.sounding.202202120230.CU_DOW-CAN_N.csv,,,
395,,,,,,2022-02-12 02:50:00,IOP3,,,,,,,,,,,,7.106607468275712,,,,CU_DOW,DOW-CAN-N,,,"soundings_wintremix/upperair.sounding.202202120230.CU_DOW-CAN_N.csv,soundings_wintremix/upperair.sounding.202202120400.CU_DOW-CAN_N.csv",0.0,2022-02-12 02:50:00,CU_DOW2022-02-12 02:50:00,False,,,,
396,,,,,,2022-02-12 03:10:00,IOP3,,,,,,,,,,,,6.711847936551406,,,,CU_DOW,DOW-CAN-N,,,"soundings_wintremix/upperair.sounding.202202120230.CU_DOW-CAN_N.csv,soundings_wintremix/upperair.sounding.202202120400.CU_DOW-CAN_N.csv",0.0,2022-02-12 03:10:00,CU_DOW2022-02-12 03:10:00,False,,,,
397,,,,,,2022-02-12 03:20:00,IOP3,,,,,,,,,,,,6.514468170689254,,,,CU_DOW,DOW-CAN-N,,,"soundings_wintremix/upperair.sounding.202202120230.CU_DOW-CAN_N.csv,soundings_wintremix/upperair.sounding.202202120400.CU_DOW-CAN_N.csv",0.0,2022-02-12 03:20:00,CU_DOW2022-02-12 03:20:00,False,,,,
398,,,,,,2022-02-12 03:30:00,IOP3,,,,,,,,,,,,6.317088404827101,,,,CU_DOW,DOW-CAN-N,,,"soundings_wintremix/upperair.sounding.202202120230.CU_DOW-CAN_N.csv,soundings_wintremix/upperair.sounding.202202120400.CU_DOW-CAN_N.csv",0.0,2022-02-12 03:30:00,CU_DOW2022-02-12 03:30:00,False,,,,
399,,,,,,2022-02-12 03:50:00,IOP3,RA,,,,,,,,,,,5.922328873102796,RA,,,CU_DOW,DOW-CAN-N,,,"soundings_wintremix/upperair.sounding.202202120230.CU_DOW-CAN_N.csv,soundings_wintremix/upperair.sounding.202202120400.CU_DOW-CAN_N.csv",0.0,2022-02-12 03:50:00,CU_DOW2022-02-12 03:50:00,False,,,,
400,,,,,,2022-02-12 04:00:00,IOP3,,,,,,,,,,,,5.842200000000048,,,,CU_DOW,DOW-CAN-N,,,"soundings_wintremix/upperair.sounding.202202120400.CU_DOW-CAN_N.csv,soundings_wintremix/upperair.sounding.202202120530.CU_DOW-CAN_N.csv",0.0,2022-02-12 04:00:00,CU_DOW2022-02-12 04:00:00,False,,,,
401,,,,,,2022-02-12 04:10:00,IOP3,,,,,,,,,,,,5.654431213435207,,,,CU_DOW,DOW-CAN-N,,,"soundings_wintremix/upperair.sounding.202202120400.CU_DOW-CAN_N.csv,soundings_wintremix/upperair.sounding.202202120530.CU_DOW-CAN_N.csv",0.0,2022-02-12 04:10:00,CU_DOW2022-02-12 04:10:00,True,upperair.sounding.202202120400.CU_DOW-CAN_N.csv,,,
402,,,,,,2022-02-12 04:30:00,IOP3,,,,,,,,,,,,5.278893640305526,,,,CU_DOW,DOW-CAN-N,,,"soundings_wintremix/upperair.sounding.202202120400.CU_DOW-CAN_N.csv,soundings_wintremix/upperair.sounding.202202120530.CU_DOW-CAN_N.csv",0.0,2022-02-12 04:30:00,CU_DOW2022-02-12 04:30:00,False,,,,
403,,,,,,2022-02-12 04:40:00,IOP3,,,,,,,,,,,,5.091124853740685,,,,CU_DOW,DOW-CAN-N,,,"soundings_wintremix/upperair.sounding.202202120400.CU_DOW-CAN_N.csv,soundings_wintremix/upperair.sounding.202202120530.CU_DOW-CAN_N.csv",0.0,2022-02-12 04:40:00,CU_DOW2022-02-12 04:40:00,False,,,,
404,,,,,,2022-02-12 04:50:00,IOP3,,,,,,,,,,,,4.903356067175844,,,,CU_DOW,DOW-CAN-N,,,"soundings_wintremix/upperair.sounding.202202120400.CU_DOW-CAN_N.csv,soundings_wintremix/upperair.sounding.202202120530.CU_DOW-CAN_N.csv",0.0,2022-02-12 04:50:00,CU_DOW2022-02-12 04:50:00,False,,,,
405,,,,,,2022-02-12 05:30:00,IOP3,RA,,,,,,,,,,,,RA,,,CU_DOW,DOW-CAN-N,,,,,2022-02-12 05:30:00,CU_DOW2022-02-12 05:30:00,False,,,,
406,,,,,,2022-02-12 05:40:00,IOP3,RA,,,,,,,,,,,,RA,,,CU_DOW,DOW-CAN-N,,,,0.0,2022-02-12 05:40:00,CU_DOW2022-02-12 05:40:00,True,upperair.sounding.202202120530.CU_DOW-CAN_N.csv,,,
407,,,,,,2022-02-12 05:50:00,IOP3,RA,,,,,,,,,,,,RA,,,CU_DOW,DOW-CAN-N,,,,,2022-02-12 05:50:00,CU_DOW2022-02-12 05:50:00,False,,,,
408,,,,,,2022-02-12 06:00:00,IOP3,RA,,,,,,,,,,,,RA,,,CU_DOW,DOW-CAN-N,,,,,2022-02-12 06:00:00,CU_DOW2022-02-12 06:00:00,False,,,,
409,,,,,,2022-02-12 06:10:00,IOP3,RA,,,,,,,,,,,,RA,,,CU_DOW,DOW-CAN-N,,,,,2022-02-12 06:10:00,CU_DOW2022-02-12 06:10:00,False,,,,
410,,,,,,2022-02-12 06:20:00,IOP3,RA,,,,,,,,,,,,RA,,,CU_DOW,DOW-CAN-N,,,,,2022-02-12 06:20:00,CU_DOW2022-02-12 06:20:00,False,,,,
411,,,,,,2022-02-12 06:30:00,IOP3,RA,,,,,,,,,,,,RA,,,CU_DOW,DOW-CAN-N,,,,,2022-02-12 06:30:00,CU_DOW2022-02-12 06:30:00,False,,,,
412,,,,,,2022-02-17 23:20:00,IOP4,RA,,,,,,,,,,,,RA,,,CU_DOW,DOW-CAN-S,,,,,2022-02-17 23:20:00,CU_DOW2022-02-17 23:20:00,False,,,,
413,,,,,,2022-02-17 23:30:00,IOP4,RA,,,,,,,,,,,,RA,,,CU_DOW,DOW-CAN-S,,,,,2022-02-17 23:30:00,CU_DOW2022-02-17 23:30:00,False,,,,
414,,,,,,2022-02-17 23:40:00,IOP4,RA,,,,,,,,,,,,RA,,,CU_DOW,DOW-CAN-S,,,,,2022-02-17 23:40:00,CU_DOW2022-02-17 23:40:00,False,,,,
415,,,,,,2022-02-17 23:50:00,IOP4,RA,,,,,,,,,,,,RA,,,CU_DOW,DOW-CAN-S,,,,,2022-02-17 23:50:00,CU_DOW2022-02-17 23:50:00,False,,,,
416,,,,,,2022-02-18 00:00:00,IOP4,RA,,,,,,,,,,,,RA,,,CU_DOW,DOW-CAN-S,,,,,2022-02-18 00:00:00,CU_DOW2022-02-18 00:00:00,False,,,,
417,,,,,,2022-02-18 00:10:00,IOP4,RA,,,,,,,,,,,,RA,,,CU_DOW,DOW-CAN-S,,,,,2022-02-18 00:10:00,CU_DOW2022-02-18 00:10:00,False,,,,
418,,,,,,2022-02-18 00:20:00,IOP4,RA,,,,,,,,,,,,RA,,,CU_DOW,DOW-CAN-S,,,,,2022-02-18 00:20:00,CU_DOW2022-02-18 00:20:00,False,,,,
419,,,,,,2022-02-18 00:30:00,IOP4,RA,,,,,,,,,,,,RA,,,CU_DOW,DOW-CAN-S,,,,,2022-02-18 00:30:00,CU_DOW2022-02-18 00:30:00,False,,,,
420,,,,,,2022-02-18 00:40:00,IOP4,RA,,,,,,,,,,,,RA,,,CU_DOW,DOW-CAN-S,,,,,2022-02-18 00:40:00,CU_DOW2022-02-18 00:40:00,False,,,,
421,,,,,,2022-02-18 00:50:00,IOP4,RA,,,,,,,,,,,,RA,,,CU_DOW,DOW-CAN-S,,,,,2022-02-18 00:50:00,CU_DOW2022-02-18 00:50:00,False,,,,
422,,,,,,2022-02-18 01:00:00,IOP4,RA,,,,,,,,,,,6.575738999999999,RA,,,CU_DOW,DOW-CAN-S,,,"soundings_wintremix/upperair.sounding.202202180100.CU_DOW-CAN_S.csv,soundings_wintremix/upperair.sounding.202202180300.CU_DOW-CAN_S.csv",0.0,2022-02-18 01:00:00,CU_DOW2022-02-18 01:00:00,False,,,,
423,,,,,,2022-02-18 01:10:00,IOP4,RA,,,,,,,,,,,5.992717013876912,RA,,,CU_DOW,DOW-CAN-S,,,"soundings_wintremix/upperair.sounding.202202180100.CU_DOW-CAN_S.csv,soundings_wintremix/upperair.sounding.202202180300.CU_DOW-CAN_S.csv",0.0,2022-02-18 01:10:00,CU_DOW2022-02-18 01:10:00,True,upperair.sounding.202202180100.CU_DOW-CAN_S.csv,,,
424,,,,,,2022-02-18 01:22:00,IOP4,RA,,,,,,,,,,,5.293090630529208,RA,,,CU_DOW,DOW-CAN-S,,,"soundings_wintremix/upperair.sounding.202202180100.CU_DOW-CAN_S.csv,soundings_wintremix/upperair.sounding.202202180300.CU_DOW-CAN_S.csv",0.0,2022-02-18 01:20:00,CU_DOW2022-02-18 01:20:00,False,,,,
425,,,,,,2022-02-18 01:30:00,IOP4,RA,,,,,,,,,,,4.826673041630739,RA,,,CU_DOW,DOW-CAN-S,,,"soundings_wintremix/upperair.sounding.202202180100.CU_DOW-CAN_S.csv,soundings_wintremix/upperair.sounding.202202180300.CU_DOW-CAN_S.csv",0.0,2022-02-18 01:30:00,CU_DOW2022-02-18 01:30:00,False,,,,
426,,,,,,2022-02-18 01:40:00,IOP4,RA,,,,,,,,,,,4.2436510555076525,RA,,,CU_DOW,DOW-CAN-S,,,"soundings_wintremix/upperair.sounding.202202180100.CU_DOW-CAN_S.csv,soundings_wintremix/upperair.sounding.202202180300.CU_DOW-CAN_S.csv",0.0,2022-02-18 01:40:00,CU_DOW2022-02-18 01:40:00,False,,,,
427,,,,,,2022-02-18 01:50:00,IOP4,RA,,,,,,,,,,,3.6606290693845662,RA,,,CU_DOW,DOW-CAN-S,,,"soundings_wintremix/upperair.sounding.202202180100.CU_DOW-CAN_S.csv,soundings_wintremix/upperair.sounding.202202180300.CU_DOW-CAN_S.csv",0.0,2022-02-18 01:50:00,CU_DOW2022-02-18 01:50:00,False,,,,
428,,,,,,2022-02-18 02:00:00,IOP4,RA,,,,,,,,,,,3.077607083261479,RA,,,CU_DOW,DOW-CAN-S,,,"soundings_wintremix/upperair.sounding.202202180100.CU_DOW-CAN_S.csv,soundings_wintremix/upperair.sounding.202202180300.CU_DOW-CAN_S.csv",0.0,2022-02-18 02:00:00,CU_DOW2022-02-18 02:00:00,False,,,,
429,,,,,,2022-02-18 02:10:00,IOP4,RA,,,,,,,,,,,2.4945850971383927,RA,,,CU_DOW,DOW-CAN-S,,,"soundings_wintremix/upperair.sounding.202202180100.CU_DOW-CAN_S.csv,soundings_wintremix/upperair.sounding.202202180300.CU_DOW-CAN_S.csv",0.0,2022-02-18 02:10:00,CU_DOW2022-02-18 02:10:00,False,,,,
430,,,,,,2022-02-18 02:20:00,IOP4,RA,,,,,,,,,,,1.9115631110153062,RA,,,CU_DOW,DOW-CAN-S,,,"soundings_wintremix/upperair.sounding.202202180100.CU_DOW-CAN_S.csv,soundings_wintremix/upperair.sounding.202202180300.CU_DOW-CAN_S.csv",0.0,2022-02-18 02:20:00,CU_DOW2022-02-18 02:20:00,False,,,,
431,-39.348708419811246,99.70288489967027,100.13228657410932,-0.27137040289524994,260.0,2022-02-18 02:30:00,IOP4,RA,,,,3578.903434715622,1915.0,2.362312498162127,405.0,260.0,260.0,140.0,1.3285411248922196,RA,3.858476565995509,-0.45321381716462905,CU_DOW,DOW-CAN-S,1915.0,400.0,"soundings_wintremix/upperair.sounding.202202180100.CU_DOW-CAN_S.csv,soundings_wintremix/upperair.sounding.202202180300.CU_DOW-CAN_S.csv",1510.0,2022-02-18 02:30:00,CU_DOW2022-02-18 02:30:00,False,,,,
432,-184.62304569176322,99.80192326644685,100.87590133004518,-0.6837890581176416,150.0,2022-02-18 02:40:00,IOP4,RA,,,,3477.20057608191,1930.0,2.295181898403901,420.0,150.0,150.0,265.0,0.7455191387691329,RA,3.682672621329765,-1.1248074020942087,CU_DOW,DOW-CAN-S,1930.0,415.0,"soundings_wintremix/upperair.sounding.202202180100.CU_DOW-CAN_S.csv,soundings_wintremix/upperair.sounding.202202180300.CU_DOW-CAN_S.csv",1510.0,2022-02-18 02:40:00,CU_DOW2022-02-18 02:40:00,False,,,,
433,-415.09353906418625,99.9009616332234,101.6251431391067,-0.9883179501528245,55.0,2022-02-18 02:50:00,IOP4,RA,,,,3396.934093304679,1940.0,2.310839519254884,475.0,55.0,55.0,415.0,0.16249715264604642,RA,3.5068686766640202,-1.7964009870237885,CU_DOW,DOW-CAN-S,1940.0,470.0,"soundings_wintremix/upperair.sounding.202202180100.CU_DOW-CAN_S.csv,soundings_wintremix/upperair.sounding.202202180300.CU_DOW-CAN_S.csv",1465.0,2022-02-18 02:50:00,CU_DOW2022-02-18 02:50:00,False,,,,
434,-705.938063959943,100.0,102.4684841259012,-1.4861853978104065,19.0,2022-02-18 03:00:00,IOP4,RA,,,,3333.3388773083034,1949.0,2.28310882007418,494.0,19.0,19.0,470.0,-0.37076399999995147,RA,3.43442373806204,-2.4671005375493227,CU_DOW,DOW-CAN-S,1949.0,489.0,"soundings_wintremix/upperair.sounding.202202180300.CU_DOW-CAN_S.csv,soundings_wintremix/upperair.sounding.202202180500.CU_DOW-CAN_S.csv",1455.0,2022-02-18 03:00:00,CU_DOW2022-02-18 03:00:00,False,,,,
435,-705.938063959943,100.0,102.4684841259012,-1.4861853978104065,19.0,2022-02-18 03:10:00,IOP4,RA,,,,3333.3388773083034,1949.0,2.28310882007418,494.0,19.0,19.0,470.0,-0.42932018285118706,RA,3.43442373806204,-2.4671005375493227,CU_DOW,DOW-CAN-S,1949.0,489.0,"soundings_wintremix/upperair.sounding.202202180300.CU_DOW-CAN_S.csv,soundings_wintremix/upperair.sounding.202202180500.CU_DOW-CAN_S.csv",1455.0,2022-02-18 03:10:00,CU_DOW2022-02-18 03:10:00,True,upperair.sounding.202202180300.CU_DOW-CAN_S.csv,,,
436,-863.9364172356314,100.0,102.72525617113138,-1.5998822541400584,19.0,2022-02-18 03:20:00,IOP4,RA,,,,3173.95189090909,1979.0,2.227334660287081,559.0,19.0,19.0,535.0,-0.48787636570242265,RA,3.562016918035235,-2.7215484705207054,CU_DOW,DOW-CAN-S,1979.0,554.0,"soundings_wintremix/upperair.sounding.202202180300.CU_DOW-CAN_S.csv,soundings_wintremix/upperair.sounding.202202180500.CU_DOW-CAN_S.csv",1420.0,2022-02-18 03:20:00,CU_DOW2022-02-18 03:20:00,False,,,,
437,-960.0170080662372,100.0,102.85389443298867,-1.7454854692113404,19.0,2022-02-18 03:30:00,IOP4,RA,,,,3107.917181066169,1984.0,2.2278976208359635,594.0,19.0,19.0,545.0,-0.5464325485536583,RA,3.625813508021832,-2.8487724370063967,CU_DOW,DOW-CAN-S,1984.0,564.0,"soundings_wintremix/upperair.sounding.202202180300.CU_DOW-CAN_S.csv,soundings_wintremix/upperair.sounding.202202180500.CU_DOW-CAN_S.csv",1390.0,2022-02-18 03:30:00,CU_DOW2022-02-18 03:30:00,False,,,,
438,-1065.7530521674955,99.99999999999999,102.98495222825852,-1.8534835689869489,19.0,2022-02-18 03:40:00,IOP4,FZRA,,,,3059.4819538222764,1994.0,2.1775672269197694,594.0,19.0,19.0,570.0,-0.6049887314048938,FZRA,3.6897749921620466,-2.9782185071444056,CU_DOW,DOW-CAN-S,1994.0,589.0,"soundings_wintremix/upperair.sounding.202202180300.CU_DOW-CAN_S.csv,soundings_wintremix/upperair.sounding.202202180500.CU_DOW-CAN_S.csv",1400.0,2022-02-18 03:40:00,CU_DOW2022-02-18 03:40:00,False,,,,
439,-1177.4265970059519,100.0,103.13944139481572,-2.0126950376170116,19.0,2022-02-18 03:50:00,IOP4,FZRA,,,,3013.31088180405,1999.0,2.1523649155743216,604.0,19.0,19.0,580.0,-0.6635449142561296,FZRA,3.7585169744234457,-3.1305867605953,CU_DOW,DOW-CAN-S,1999.0,599.0,"soundings_wintremix/upperair.sounding.202202180300.CU_DOW-CAN_S.csv,soundings_wintremix/upperair.sounding.202202180500.CU_DOW-CAN_S.csv",1395.0,2022-02-18 03:50:00,CU_DOW2022-02-18 03:50:00,False,,,,
440,-1293.2638936180133,100.0,103.29417281431216,-2.173552762383216,19.0,2022-02-18 04:00:00,IOP4,FZRA,,,,2971.446713013066,2004.0,2.1300693283247787,614.0,19.0,19.0,590.0,-0.7221010971073651,FZRA,3.8272589566848447,-3.282955014046195,CU_DOW,DOW-CAN-S,2004.0,609.0,"soundings_wintremix/upperair.sounding.202202180300.CU_DOW-CAN_S.csv,soundings_wintremix/upperair.sounding.202202180500.CU_DOW-CAN_S.csv",1390.0,2022-02-18 04:00:00,CU_DOW2022-02-18 04:00:00,False,,,,
441,-1414.9261330043619,100.0,103.44914680618857,-2.319551037712068,19.0,2022-02-18 04:10:00,IOP4,FZRA,,,,2935.545015228428,2009.0,2.119527086807529,629.0,19.0,19.0,605.0,-0.7806572799586008,FZRA,3.91248824256809,-3.43532326749709,CU_DOW,DOW-CAN-S,2009.0,624.0,"soundings_wintremix/upperair.sounding.202202180300.CU_DOW-CAN_S.csv,soundings_wintremix/upperair.sounding.202202180500.CU_DOW-CAN_S.csv",1380.0,2022-02-18 04:10:00,CU_DOW2022-02-18 04:10:00,False,,,,
442,-1544.2824875132858,99.99999999999999,103.61031289301958,-2.412941386739509,19.0,2022-02-18 04:20:00,IOP4,FZRA,,,,2910.5862354294404,2069.0,2.0569514031303466,659.0,19.0,19.0,635.0,-0.8392134628098363,FZRA,4.00652708162034,-3.5935271833889595,CU_DOW,DOW-CAN-S,2069.0,654.0,"soundings_wintremix/upperair.sounding.202202180300.CU_DOW-CAN_S.csv,soundings_wintremix/upperair.sounding.202202180500.CU_DOW-CAN_S.csv",1410.0,2022-02-18 04:20:00,CU_DOW2022-02-18 04:20:00,False,,,,
443,-1682.2594562688776,100.0,103.78389822913252,-2.588091471182888,19.0,2022-02-18 04:30:00,IOP4,FZRA,,,,2892.9011546137344,2074.0,2.051702946534563,669.0,19.0,19.0,645.0,-0.897769645661072,FZRA,4.100565920672592,-3.763634974073261,CU_DOW,DOW-CAN-S,2074.0,664.0,"soundings_wintremix/upperair.sounding.202202180300.CU_DOW-CAN_S.csv,soundings_wintremix/upperair.sounding.202202180500.CU_DOW-CAN_S.csv",1405.0,2022-02-18 04:30:00,CU_DOW2022-02-18 04:30:00,False,,,,
444,-1823.299034558836,100.0,104.00045287462105,-2.762574294786115,19.0,2022-02-18 04:40:00,IOP4,FZRA,,,,2878.468779655279,2079.0,2.0487322275126534,679.0,19.0,19.0,655.0,-0.9563258285123076,FZRA,4.22415635272993,-3.9853774617797626,CU_DOW,DOW-CAN-S,2079.0,674.0,"soundings_wintremix/upperair.sounding.202202180300.CU_DOW-CAN_S.csv,soundings_wintremix/upperair.sounding.202202180500.CU_DOW-CAN_S.csv",1400.0,2022-02-18 04:40:00,CU_DOW2022-02-18 04:40:00,False,,,,
445,-1972.50755677763,99.99999999999999,104.37845272591345,-2.7978830592590502,19.0,2022-02-18 04:50:00,IOP4,FZRA,,,,2872.3628588431698,2084.0,2.104295134683641,724.0,19.0,19.0,700.0,-1.014882011363543,FZRA,4.372038306375592,-4.351202906933745,CU_DOW,DOW-CAN-S,2084.0,719.0,"soundings_wintremix/upperair.sounding.202202180300.CU_DOW-CAN_S.csv,soundings_wintremix/upperair.sounding.202202180500.CU_DOW-CAN_S.csv",1360.0,2022-02-18 04:50:00,CU_DOW2022-02-18 04:50:00,False,,,,
446,-2129.7362876718007,100.0,104.77675667764625,-2.9786521505899315,20.0,2022-02-18 05:00:00,IOP4,FZRA,,,,2872.9778658951013,2085.0,2.120278867819263,735.0,20.0,20.0,710.0,-1.0989999999999895,FZRA,4.523670106225391,-4.73093672265911,CU_DOW,DOW-CAN-S,2085.0,730.0,"soundings_wintremix/upperair.sounding.202202180500.CU_DOW-CAN_S.csv,soundings_wintremix/upperair.sounding.202202180700.CU_DOW-CAN_S.csv",1350.0,2022-02-18 05:00:00,CU_DOW2022-02-18 05:00:00,False,,,,
447,-2129.7362876718007,100.0,104.77675667764625,-2.9786521505899315,20.0,2022-02-18 05:10:00,IOP4,FZRA,PL,,,2872.9778658951013,2085.0,2.120278867819263,735.0,20.0,20.0,710.0,-1.3477707453941048,FZRA and PL,4.523670106225391,-4.73093672265911,CU_DOW,DOW-CAN-S,2085.0,730.0,"soundings_wintremix/upperair.sounding.202202180500.CU_DOW-CAN_S.csv,soundings_wintremix/upperair.sounding.202202180700.CU_DOW-CAN_S.csv",1350.0,2022-02-18 05:10:00,CU_DOW2022-02-18 05:10:00,True,upperair.sounding.202202180500.CU_DOW-CAN_S.csv,,,
448,-2585.5778050746603,99.99997601293478,104.79452177404252,-3.1531436647251954,20.0,2022-02-18 05:20:00,IOP4,FZRA,PL,,,2578.8668663911076,2115.0,2.0147397393680526,840.0,20.0,20.0,815.0,-1.5965414907882203,FZRA and PL,3.7825193390793985,-5.077240642387094,CU_DOW,DOW-CAN-S,2115.0,835.0,"soundings_wintremix/upperair.sounding.202202180500.CU_DOW-CAN_S.csv,soundings_wintremix/upperair.sounding.202202180700.CU_DOW-CAN_S.csv",1275.0,2022-02-18 05:20:00,CU_DOW2022-02-18 05:20:00,False,,,,
449,-2851.9717711860662,99.99996401940217,104.84408681955004,-3.2781284726276625,20.0,2022-02-18 05:30:00,IOP4,FZRA,PL,,,2472.353848923772,2135.0,1.9778830791390178,890.0,20.0,20.0,865.0,-1.8453122361823358,FZRA and PL,3.4808562698699315,-5.250392602251086,CU_DOW,DOW-CAN-S,2135.0,885.0,"soundings_wintremix/upperair.sounding.202202180500.CU_DOW-CAN_S.csv,soundings_wintremix/upperair.sounding.202202180700.CU_DOW-CAN_S.csv",1245.0,2022-02-18 05:30:00,CU_DOW2022-02-18 05:30:00,False,,,,
450,-3147.1144970650475,99.99995202586955,104.89351899653995,-3.365897857823581,20.0,2022-02-18 05:40:00,IOP4,FZRA,PL,,,2395.958821564369,2145.0,2.0049864615601414,955.0,20.0,20.0,930.0,-2.094082981576451,FZRA and PL,3.2273795547853443,-5.423544562115076,CU_DOW,DOW-CAN-S,2145.0,950.0,"soundings_wintremix/upperair.sounding.202202180500.CU_DOW-CAN_S.csv,soundings_wintremix/upperair.sounding.202202180700.CU_DOW-CAN_S.csv",1190.0,2022-02-18 05:40:00,CU_DOW2022-02-18 05:40:00,False,,,,
451,-3453.736735835686,99.99994003233694,104.94281753877789,-3.6547478686091917,20.0,2022-02-18 05:50:00,IOP4,PL,FZRA,,,2332.9365736906957,2180.0,1.912243093189095,965.0,20.0,20.0,940.0,-2.3428537269705667,FZRA and PL,3.1607022505115014,-5.5966965219790685,CU_DOW,DOW-CAN-S,2180.0,960.0,"soundings_wintremix/upperair.sounding.202202180500.CU_DOW-CAN_S.csv,soundings_wintremix/upperair.sounding.202202180700.CU_DOW-CAN_S.csv",1215.0,2022-02-18 05:50:00,CU_DOW2022-02-18 05:50:00,False,,,,
452,-3762.7486956047787,99.99992803880433,104.99198167730435,-3.9195298912549776,20.0,2022-02-18 06:00:00,IOP4,PL,FZRA,,,2273.747262964838,2190.0,1.871396924250895,980.0,20.0,20.0,955.0,-2.591624472364682,FZRA and PL,3.132004188815846,-5.76984848184306,CU_DOW,DOW-CAN-S,2190.0,975.0,"soundings_wintremix/upperair.sounding.202202180500.CU_DOW-CAN_S.csv,soundings_wintremix/upperair.sounding.202202180700.CU_DOW-CAN_S.csv",1210.0,2022-02-18 06:00:00,CU_DOW2022-02-18 06:00:00,False,,,,
453,-4076.8914480199514,99.99991604527172,105.14835941375554,-4.118072169717123,20.0,2022-02-18 06:10:00,IOP4,PL,,,,2220.3736418183735,2200.0,1.8580532567517767,1010.0,20.0,20.0,985.0,-2.8403952177587977,PL,3.1118582285525913,-5.943000441707052,CU_DOW,DOW-CAN-S,2200.0,1005.0,"soundings_wintremix/upperair.sounding.202202180500.CU_DOW-CAN_S.csv,soundings_wintremix/upperair.sounding.202202180700.CU_DOW-CAN_S.csv",1190.0,2022-02-18 06:10:00,CU_DOW2022-02-18 06:10:00,False,,,,
454,-4398.551055916245,99.9999040517391,105.36580969228196,-4.376667717329597,20.0,2022-02-18 06:20:00,IOP4,PL,,,,2175.207853474133,2215.0,1.8202576179699859,1025.0,20.0,20.0,1000.0,-3.0891659631529125,PL,3.104399483962013,-6.116152401571044,CU_DOW,DOW-CAN-S,2215.0,1020.0,"soundings_wintremix/upperair.sounding.202202180500.CU_DOW-CAN_S.csv,soundings_wintremix/upperair.sounding.202202180700.CU_DOW-CAN_S.csv",1190.0,2022-02-18 06:20:00,CU_DOW2022-02-18 06:20:00,False,,,,
455,-4723.36463820818,99.9998920582065,105.58371314858334,-4.630749645302137,20.0,2022-02-18 06:30:00,IOP4,PL,,,,2134.072744269467,2225.0,1.793338440562577,1040.0,20.0,20.0,1015.0,-3.337936708547028,PL,3.099755444566171,-6.289304361435034,CU_DOW,DOW-CAN-S,2225.0,1035.0,"soundings_wintremix/upperair.sounding.202202180500.CU_DOW-CAN_S.csv,soundings_wintremix/upperair.sounding.202202180700.CU_DOW-CAN_S.csv",1185.0,2022-02-18 06:30:00,CU_DOW2022-02-18 06:30:00,False,,,,
456,-5053.809163810882,99.99988006467389,105.80207031825326,-4.836181018000844,20.0,2022-02-18 06:40:00,IOP4,PL,,,,2099.3037479268305,2240.0,1.779070972819348,1065.0,20.0,20.0,1040.0,-3.586707453941144,PL,3.095111405170328,-6.462456321299026,CU_DOW,DOW-CAN-S,2240.0,1060.0,"soundings_wintremix/upperair.sounding.202202180500.CU_DOW-CAN_S.csv,soundings_wintremix/upperair.sounding.202202180700.CU_DOW-CAN_S.csv",1175.0,2022-02-18 06:40:00,CU_DOW2022-02-18 06:40:00,False,,,,
457,-5388.762463183148,99.99986807114126,106.02088173299336,-5.059870857448965,20.0,2022-02-18 06:50:00,IOP4,PL,,,,2069.6121687550117,2245.0,1.7764911319785508,1085.0,20.0,20.0,1060.0,-3.8354781993352587,PL,3.0904673657744848,-6.693307479147329,CU_DOW,DOW-CAN-S,2245.0,1080.0,"soundings_wintremix/upperair.sounding.202202180500.CU_DOW-CAN_S.csv,soundings_wintremix/upperair.sounding.202202180700.CU_DOW-CAN_S.csv",1160.0,2022-02-18 06:50:00,CU_DOW2022-02-18 06:50:00,False,,,,
458,,,,,,2022-02-18 07:00:00,IOP4,PL,,,,,,,,,,,,PL,,,CU_DOW,DOW-CAN-S,,,,,2022-02-18 07:00:00,CU_DOW2022-02-18 07:00:00,False,,,,
459,-5734.636176212584,100.0,106.25277903983928,-5.030382610712794,20.0,2022-02-18 07:10:00,IOP4,PL,,,,2051.5380155005932,2265.0,1.8482324463969313,1160.0,20.0,20.0,1135.0,,PL,3.087469421632202,-7.150814043020148,CU_DOW,DOW-CAN-S,2265.0,1155.0,,1105.0,2022-02-18 07:10:00,CU_DOW2022-02-18 07:10:00,True,upperair.sounding.202202180700.CU_DOW-CAN_S.csv,,,
460,,,,,,2022-02-18 07:20:00,IOP4,PL,,,,,,,,,,,,PL,,,CU_DOW,DOW-CAN-S,,,,,2022-02-18 07:20:00,CU_DOW2022-02-18 07:20:00,False,,,,
461,,,,,,2022-02-18 07:30:00,IOP4,PL,,,,,,,,,,,,PL,,,CU_DOW,DOW-CAN-S,,,,,2022-02-18 07:30:00,CU_DOW2022-02-18 07:30:00,False,,,,
462,,,,,,2022-02-18 07:40:00,IOP4,PL,SN,,,,,,,,,,,SN and PL,,,CU_DOW,DOW-CAN-S,,,,,2022-02-18 07:40:00,CU_DOW2022-02-18 07:40:00,False,,,,
463,,,,,,2022-02-18 07:50:00,IOP4,PL,,,,,,,,,,,,PL,,,CU_DOW,DOW-CAN-S,,,,,2022-02-18 07:50:00,CU_DOW2022-02-18 07:50:00,False,,,,
464,,,,,,2022-02-18 08:00:00,IOP4,PL,,,,,,,,,,,,PL,,,CU_DOW,DOW-CAN-S,,,,,2022-02-18 08:00:00,CU_DOW2022-02-18 08:00:00,False,,,,
465,,,,,,2022-02-18 08:10:00,IOP4,PL,,,,,,,,,,,,PL,,,CU_DOW,DOW-CAN-S,,,,,2022-02-18 08:10:00,CU_DOW2022-02-18 08:10:00,False,,,,
466,,,,,,2022-02-18 08:20:00,IOP4,PL,,,,,,,,,,,,PL,,,CU_DOW,DOW-CAN-S,,,,,2022-02-18 08:20:00,CU_DOW2022-02-18 08:20:00,False,,,,
467,,,,,,2022-02-18 08:30:00,IOP4,PL,,,,,,,,,,,,PL,,,CU_DOW,DOW-CAN-S,,,,,2022-02-18 08:30:00,CU_DOW2022-02-18 08:30:00,False,,,,
468,,,,,,2022-02-18 08:40:00,IOP4,PL,,,,,,,,,,,,PL,,,CU_DOW,DOW-CAN-S,,,,,2022-02-18 08:40:00,CU_DOW2022-02-18 08:40:00,False,,,,
469,,,,,,2022-02-18 08:50:00,IOP4,PL,,,,,,,,,,,,PL,,,CU_DOW,DOW-CAN-S,,,,,2022-02-18 08:50:00,CU_DOW2022-02-18 08:50:00,False,,,,
470,,,,,,2022-02-18 09:00:00,IOP4,PL,SN,,,,,,,,,,,SN and PL,,,CU_DOW,DOW-CAN-S,,,,,2022-02-18 09:00:00,CU_DOW2022-02-18 09:00:00,False,,,,
471,,,,,,2022-02-22 21:00:00,IOP5,,,,,,,,,,,,,,,,CU_DOW,DOW-CAN-N,,,,,2022-02-22 21:00:00,CU_DOW2022-02-22 21:00:00,False,,,,
472,,,,,,2022-02-22 21:10:00,IOP5,,,,,,,,,,,,,,,,CU_DOW,DOW-CAN-N,,,,,2022-02-22 21:10:00,CU_DOW2022-02-22 21:10:00,False,,,,
473,,,,,,2022-02-22 21:20:00,IOP5,,,,,,,,,,,,,,,,CU_DOW,DOW-CAN-N,,,,,2022-02-22 21:20:00,CU_DOW2022-02-22 21:20:00,False,,,,
474,,,,,,2022-02-22 21:30:00,IOP5,,,,,,,,,,,,,,,,CU_DOW,DOW-CAN-N,,,,,2022-02-22 21:30:00,CU_DOW2022-02-22 21:30:00,False,,,,
475,,,,,,2022-02-22 21:50:00,IOP5,FZRA,PL,,,,,,,,,,,FZRA and PL,,,CU_DOW,DOW-CAN-N,,,,,2022-02-22 21:50:00,CU_DOW2022-02-22 21:50:00,False,,,,
476,-1413.8257041540141,80.20706124216763,86.46868907814371,-6.016279592144742,53.0,2022-02-22 22:10:00,IOP5,FZRA,,,,8615.001011376758,2258.0,4.362025828545194,288.0,53.0,53.0,230.0,-6.524790454149173,FZRA,6.286804292682254,-7.70396182604045,CU_DOW,DOW-CAN-N,2258.0,283.0,"soundings_wintremix/upperair.sounding.202202222200.CU_DOW-CAN_N.csv,soundings_wintremix/upperair.sounding.202202230000.CU_DOW-CAN_N.csv",1970.0,2022-02-22 22:10:00,CU_DOW2022-02-22 22:10:00,True,upperair.sounding.202202222200.CU_DOW-CAN_N.csv,,,
477,-1198.432156431524,82.71799080221597,88.06235837070282,-5.210574593180539,53.0,2022-02-22 22:20:00,IOP5,FZRA,,,,8357.4767332228,2253.0,4.23163378897357,283.0,53.0,53.0,225.0,-6.402632908298394,FZRA,6.106659635963463,-6.861832844780624,CU_DOW,DOW-CAN-N,2253.0,278.0,"soundings_wintremix/upperair.sounding.202202222200.CU_DOW-CAN_N.csv,soundings_wintremix/upperair.sounding.202202230000.CU_DOW-CAN_N.csv",1970.0,2022-02-22 22:20:00,CU_DOW2022-02-22 22:20:00,False,,,,
478,-1093.5408700459545,83.99580211179445,88.8396417281076,-4.860181644648687,53.0,2022-02-22 22:30:00,IOP5,FZRA,,,,8231.58730194257,2248.0,4.1678923047810486,278.0,53.0,53.0,220.0,-6.280475362447616,FZRA,6.016587307604067,-6.7155941636244805,CU_DOW,DOW-CAN-N,2248.0,273.0,"soundings_wintremix/upperair.sounding.202202222200.CU_DOW-CAN_N.csv,soundings_wintremix/upperair.sounding.202202230000.CU_DOW-CAN_N.csv",1970.0,2022-02-22 22:30:00,CU_DOW2022-02-22 22:30:00,False,,,,
479,-989.7726940779582,85.27361342137293,89.77153145309119,-4.498966791263448,53.0,2022-02-22 22:40:00,IOP5,FZRA,,,,8106.873417568698,2248.0,4.094380513923585,273.0,53.0,53.0,215.0,-6.158317816596837,FZRA,5.926514979244671,-6.5766795845793125,CU_DOW,DOW-CAN-N,2248.0,268.0,"soundings_wintremix/upperair.sounding.202202222200.CU_DOW-CAN_N.csv,soundings_wintremix/upperair.sounding.202202230000.CU_DOW-CAN_N.csv",1975.0,2022-02-22 22:40:00,CU_DOW2022-02-22 22:40:00,False,,,,
480,-890.4767265997464,86.55142473095142,90.87803100729117,-4.452383632998732,53.0,2022-02-22 22:50:00,IOP5,FZRA,,,,7986.670752310136,2243.0,4.003343735493802,253.0,53.0,53.0,195.0,-6.036160270746058,FZRA,5.836442650885277,-6.444265988745895,CU_DOW,DOW-CAN-N,2243.0,248.0,"soundings_wintremix/upperair.sounding.202202222200.CU_DOW-CAN_N.csv,soundings_wintremix/upperair.sounding.202202230000.CU_DOW-CAN_N.csv",1990.0,2022-02-22 22:50:00,CU_DOW2022-02-22 22:50:00,False,,,,
481,-810.5563899285376,87.91282337689066,91.9719882171087,-4.503091055158541,53.0,2022-02-22 23:00:00,IOP5,FZRA,,,,7885.900486946857,2238.0,3.9233335755954513,233.0,53.0,53.0,175.0,-5.914002724895279,FZRA,5.746370322525881,-6.311852392912476,CU_DOW,DOW-CAN-N,2238.0,228.0,"soundings_wintremix/upperair.sounding.202202222200.CU_DOW-CAN_N.csv,soundings_wintremix/upperair.sounding.202202230000.CU_DOW-CAN_N.csv",2005.0,2022-02-22 23:00:00,CU_DOW2022-02-22 23:00:00,False,,,,
482,-744.703878103915,89.37413418544709,93.05350487825307,-4.513356836993424,53.0,2022-02-22 23:10:00,IOP5,FZRA,,,,7799.282344527056,2238.0,3.8514974540874345,218.0,53.0,53.0,160.0,-5.7918451790445005,FZRA,5.6562979941664855,-6.179438797079057,CU_DOW,DOW-CAN-N,2238.0,213.0,"soundings_wintremix/upperair.sounding.202202222200.CU_DOW-CAN_N.csv,soundings_wintremix/upperair.sounding.202202230000.CU_DOW-CAN_N.csv",2020.0,2022-02-22 23:10:00,CU_DOW2022-02-22 23:10:00,False,,,,
483,-688.1110731411387,90.83544499400351,94.1226821523774,-4.439426278329928,53.0,2022-02-22 23:20:00,IOP5,FZRA,,,,7721.984288100197,2233.0,3.803933146847387,208.0,53.0,53.0,150.0,-5.669687633193721,FZRA,5.578829870822988,-6.047025201245638,CU_DOW,DOW-CAN-N,2233.0,203.0,"soundings_wintremix/upperair.sounding.202202222200.CU_DOW-CAN_N.csv,soundings_wintremix/upperair.sounding.202202230000.CU_DOW-CAN_N.csv",2025.0,2022-02-22 23:20:00,CU_DOW2022-02-22 23:20:00,False,,,,
484,-639.3413547189724,92.29675580255994,95.22167007734639,-4.409250722199809,53.0,2022-02-22 23:30:00,IOP5,FZRA,,,,7652.563813926802,2228.0,3.760473618637249,198.0,53.0,53.0,140.0,-5.547530087342942,FZRA,5.511753335420197,-5.919509559266191,CU_DOW,DOW-CAN-N,2228.0,193.0,"soundings_wintremix/upperair.sounding.202202222200.CU_DOW-CAN_N.csv,soundings_wintremix/upperair.sounding.202202230000.CU_DOW-CAN_N.csv",2030.0,2022-02-22 23:30:00,CU_DOW2022-02-22 23:30:00,False,,,,
485,-551.5969118923673,96.70984230141715,99.16019239207299,-4.243053168402826,48.0,2022-02-23 00:00:00,IOP5,FZRA,,,,7478.624538746147,2218.0,3.657029114301294,178.0,48.0,48.0,125.0,-5.1264999999999645,FZRA,5.351832259680099,-5.548807121513389,CU_DOW,DOW-CAN-N,2218.0,173.0,"soundings_wintremix/upperair.sounding.202202230000.CU_DOW-CAN_N.csv,soundings_wintremix/upperair.sounding.202202230200.CU_DOW-CAN_N.csv",2040.0,2022-02-23 00:00:00,CU_DOW2022-02-23 00:00:00,False,,,,
486,-551.5969118923673,96.70984230141715,99.16019239207299,-4.243053168402826,48.0,2022-02-23 00:10:00,IOP5,FZRA,,,,7478.624538746147,2218.0,3.657029114301294,178.0,48.0,48.0,125.0,-4.384868511580858,FZRA,5.351832259680099,-5.548807121513389,CU_DOW,DOW-CAN-N,2218.0,173.0,"soundings_wintremix/upperair.sounding.202202230000.CU_DOW-CAN_N.csv,soundings_wintremix/upperair.sounding.202202230200.CU_DOW-CAN_N.csv",2040.0,2022-02-23 00:10:00,CU_DOW2022-02-23 00:10:00,True,upperair.sounding.202202230000.CU_DOW-CAN_N.csv,,,
487,-369.0758192761893,96.2031756884955,97.26190875854276,-3.2093549502277328,48.0,2022-02-23 00:20:00,IOP5,FZRA,,,,7529.5223194787595,2218.0,3.6551079220770677,163.0,48.0,48.0,110.0,-3.6432370231617526,FZRA,5.279973812724142,-3.8208027496165022,CU_DOW,DOW-CAN-N,2218.0,158.0,"soundings_wintremix/upperair.sounding.202202230000.CU_DOW-CAN_N.csv,soundings_wintremix/upperair.sounding.202202230200.CU_DOW-CAN_N.csv",2055.0,2022-02-23 00:20:00,CU_DOW2022-02-23 00:20:00,False,,,,
488,-280.54834349561537,95.94984238203467,96.32652710799816,-2.4395508130053507,48.0,2022-02-23 00:30:00,IOP5,FZRA,,,,7557.70428037258,2218.0,3.668788485617758,163.0,48.0,48.0,110.0,-2.9016055347426453,FZRA,5.258432506961768,-2.967726591334915,CU_DOW,DOW-CAN-N,2218.0,158.0,"soundings_wintremix/upperair.sounding.202202230000.CU_DOW-CAN_N.csv,soundings_wintremix/upperair.sounding.202202230200.CU_DOW-CAN_N.csv",2055.0,2022-02-23 00:30:00,CU_DOW2022-02-23 00:30:00,False,,,,
489,-194.129640435226,95.2672165180536,95.4555991061073,-1.764814913047509,48.0,2022-02-23 00:40:00,IOP5,FZRA,,,,7587.995013986585,2218.0,3.6745738566520996,158.0,48.0,48.0,105.0,-2.159974046323539,FZRA,5.246371948173375,-2.157852827853134,CU_DOW,DOW-CAN-N,2218.0,153.0,"soundings_wintremix/upperair.sounding.202202230000.CU_DOW-CAN_N.csv,soundings_wintremix/upperair.sounding.202202230200.CU_DOW-CAN_N.csv",2060.0,2022-02-23 00:40:00,CU_DOW2022-02-23 00:40:00,False,,,,
490,-110.52726354491227,93.62757330240348,94.48289064941622,-1.1052726354491227,48.0,2022-02-23 00:50:00,IOP5,FZRA,,,,7621.102073770668,2218.0,3.6728202765159845,148.0,48.0,48.0,95.0,-1.4183425579044326,FZRA,5.234311389384984,-1.4085283247827303,CU_DOW,DOW-CAN-N,2218.0,143.0,"soundings_wintremix/upperair.sounding.202202230000.CU_DOW-CAN_N.csv,soundings_wintremix/upperair.sounding.202202230200.CU_DOW-CAN_N.csv",2070.0,2022-02-23 00:50:00,CU_DOW2022-02-23 00:50:00,False,,,,
491,-36.19793737697678,93.45420042826318,93.68416228755422,-0.4524742172122098,48.0,2022-02-23 01:00:00,IOP5,FZRA,,,,7663.482184277126,2218.0,3.6579867228053113,128.0,48.0,48.0,75.0,-0.6767110694853262,FZRA,5.2222508305965905,-0.659203821712326,CU_DOW,DOW-CAN-N,2218.0,123.0,"soundings_wintremix/upperair.sounding.202202230000.CU_DOW-CAN_N.csv,soundings_wintremix/upperair.sounding.202202230200.CU_DOW-CAN_N.csv",2090.0,2022-02-23 01:00:00,CU_DOW2022-02-23 01:00:00,False,,,,
492,,,,,,2022-02-23 01:10:00,IOP5,RA,,,,,,,,,,,0.06492041893377998,RA,,,CU_DOW,DOW-CAN-N,,,"soundings_wintremix/upperair.sounding.202202230000.CU_DOW-CAN_N.csv,soundings_wintremix/upperair.sounding.202202230200.CU_DOW-CAN_N.csv",0.0,2022-02-23 01:10:00,CU_DOW2022-02-23 01:10:00,False,,,,
493,,,,,,2022-02-23 01:20:00,IOP5,RA,,,,,,,,,,,0.8065519073528866,RA,,,CU_DOW,DOW-CAN-N,,,"soundings_wintremix/upperair.sounding.202202230000.CU_DOW-CAN_N.csv,soundings_wintremix/upperair.sounding.202202230200.CU_DOW-CAN_N.csv",0.0,2022-02-23 01:20:00,CU_DOW2022-02-23 01:20:00,False,,,,
494,,,,,,2022-02-23 01:30:00,IOP5,RA,,,,,,,,,,,1.5481833957719928,RA,,,CU_DOW,DOW-CAN-N,,,"soundings_wintremix/upperair.sounding.202202230000.CU_DOW-CAN_N.csv,soundings_wintremix/upperair.sounding.202202230200.CU_DOW-CAN_N.csv",0.0,2022-02-23 01:30:00,CU_DOW2022-02-23 01:30:00,False,,,,
495,,,,,,2022-02-23 02:00:00,IOP5,RA,,,,,,,,,,,3.951227000000017,RA,,,CU_DOW,DOW-CAN-N,,,"soundings_wintremix/upperair.sounding.202202230200.CU_DOW-CAN_N.csv,soundings_wintremix/upperair.sounding.202202230400.CU_DOW-CAN_N.csv",0.0,2022-02-23 02:00:00,CU_DOW2022-02-23 02:00:00,False,,,,
496,,,,,,2022-02-23 02:10:00,IOP5,RA,,,,,,,,,,,3.7165999517341355,RA,,,CU_DOW,DOW-CAN-N,,,"soundings_wintremix/upperair.sounding.202202230200.CU_DOW-CAN_N.csv,soundings_wintremix/upperair.sounding.202202230400.CU_DOW-CAN_N.csv",0.0,2022-02-23 02:10:00,CU_DOW2022-02-23 02:10:00,True,upperair.sounding.202202230200.CU_DOW-CAN_N.csv,,,
497,,,,,,2022-02-23 02:20:00,IOP5,RA,,,,,,,,,,,3.4819729034682543,RA,,,CU_DOW,DOW-CAN-N,,,"soundings_wintremix/upperair.sounding.202202230200.CU_DOW-CAN_N.csv,soundings_wintremix/upperair.sounding.202202230400.CU_DOW-CAN_N.csv",0.0,2022-02-23 02:20:00,CU_DOW2022-02-23 02:20:00,False,,,,
498,,,,,,2022-02-23 02:30:00,IOP5,RA,,,,,,,,,,,3.247345855202373,RA,,,CU_DOW,DOW-CAN-N,,,"soundings_wintremix/upperair.sounding.202202230200.CU_DOW-CAN_N.csv,soundings_wintremix/upperair.sounding.202202230400.CU_DOW-CAN_N.csv",0.0,2022-02-23 02:30:00,CU_DOW2022-02-23 02:30:00,False,,,,
499,,,,,,2022-02-23 02:40:00,IOP5,RA,,,,,,,,,,,3.0127188069364914,RA,,,CU_DOW,DOW-CAN-N,,,"soundings_wintremix/upperair.sounding.202202230200.CU_DOW-CAN_N.csv,soundings_wintremix/upperair.sounding.202202230400.CU_DOW-CAN_N.csv",0.0,2022-02-23 02:40:00,CU_DOW2022-02-23 02:40:00,False,,,,
500,,,,,,2022-02-23 02:50:00,IOP5,RA,,,,,,,,,,,2.77809175867061,RA,,,CU_DOW,DOW-CAN-N,,,"soundings_wintremix/upperair.sounding.202202230200.CU_DOW-CAN_N.csv,soundings_wintremix/upperair.sounding.202202230400.CU_DOW-CAN_N.csv",0.0,2022-02-23 02:50:00,CU_DOW2022-02-23 02:50:00,False,,,,
501,,,,,,2022-02-23 03:00:00,IOP5,RA,,,,,,,,,,,2.5434647104047285,RA,,,CU_DOW,DOW-CAN-N,,,"soundings_wintremix/upperair.sounding.202202230200.CU_DOW-CAN_N.csv,soundings_wintremix/upperair.sounding.202202230400.CU_DOW-CAN_N.csv",0.0,2022-02-23 03:00:00,CU_DOW2022-02-23 03:00:00,False,,,,
502,,,,,,2022-02-23 03:10:00,IOP5,RA,,,,,,,,,,,2.3088376621388473,RA,,,CU_DOW,DOW-CAN-N,,,"soundings_wintremix/upperair.sounding.202202230200.CU_DOW-CAN_N.csv,soundings_wintremix/upperair.sounding.202202230400.CU_DOW-CAN_N.csv",0.0,2022-02-23 03:10:00,CU_DOW2022-02-23 03:10:00,False,,,,
503,,,,,,2022-02-23 03:20:00,IOP5,RA,,,,,,,,,,,2.0742106138729657,RA,,,CU_DOW,DOW-CAN-N,,,"soundings_wintremix/upperair.sounding.202202230200.CU_DOW-CAN_N.csv,soundings_wintremix/upperair.sounding.202202230400.CU_DOW-CAN_N.csv",0.0,2022-02-23 03:20:00,CU_DOW2022-02-23 03:20:00,False,,,,
504,,,,,,2022-02-23 03:30:00,IOP5,RA,,,,,,,,,,,1.8395835656070842,RA,,,CU_DOW,DOW-CAN-N,,,"soundings_wintremix/upperair.sounding.202202230200.CU_DOW-CAN_N.csv,soundings_wintremix/upperair.sounding.202202230400.CU_DOW-CAN_N.csv",0.0,2022-02-23 03:30:00,CU_DOW2022-02-23 03:30:00,False,,,,
505,-42.34590494041886,100.0,100.4959311069404,-0.2566418481237507,2175.0,2022-02-23 04:10:00,IOP5,RA,,,,8866.458401427957,2170.0,4.172451012436685,50.0,2175.0,2175.0,160.0,,RA,6.530676787938846,-0.4898435052684083,CU_DOW,DOW-CAN-N,2170.0,2335.0,,2120.0,2022-02-23 04:10:00,CU_DOW2022-02-23 04:10:00,True,upperair.sounding.202202230400.CU_DOW-CAN_N.csv,,,
506,,,,,,2022-02-23 04:20:00,IOP5,RA,,,,,,,,,,,,RA,,,CU_DOW,DOW-CAN-N,,,,,2022-02-23 04:20:00,CU_DOW2022-02-23 04:20:00,False,,,,
507,,,,,,2022-02-23 04:30:00,IOP5,RA,,,,,,,,,,,,RA,,,CU_DOW,DOW-CAN-N,,,,,2022-02-23 04:30:00,CU_DOW2022-02-23 04:30:00,False,,,,
508,,,,,,2022-02-23 04:40:00,IOP5,RA,,,,,,,,,,,,RA,,,CU_DOW,DOW-CAN-N,,,,,2022-02-23 04:40:00,CU_DOW2022-02-23 04:40:00,False,,,,
509,,,,,,2022-02-23 04:50:00,IOP5,RA,,,,,,,,,,,,RA,,,CU_DOW,DOW-CAN-N,,,,,2022-02-23 04:50:00,CU_DOW2022-02-23 04:50:00,False,,,,
510,,,,,,2022-02-23 05:00:00,IOP5,RA,,,,,,,,,,,,RA,,,CU_DOW,DOW-CAN-N,,,,,2022-02-23 05:00:00,CU_DOW2022-02-23 05:00:00,False,,,,
511,,,,,,2022-02-23 05:10:00,IOP5,RA,,,,,,,,,,,,RA,,,CU_DOW,DOW-CAN-N,,,,,2022-02-23 05:10:00,CU_DOW2022-02-23 05:10:00,False,,,,
512,,,,,,2022-02-23 05:20:00,IOP5,,,,,,,,,,,,,,,,CU_DOW,DOW-CAN-N,,,,,2022-02-23 05:20:00,CU_DOW2022-02-23 05:20:00,False,,,,
513,,,,,,2022-02-23 05:30:00,IOP5,RA,,,,,,,,,,,,RA,,,CU_DOW,DOW-CAN-N,,,,,2022-02-23 05:30:00,CU_DOW2022-02-23 05:30:00,False,,,,
514,,,,,,2022-03-01 16:00:00,IOP7,SN,,,,,,,,,,,,SN,,,CU_DOW,DOW-CAN-SE,,,,,2022-03-01 16:00:00,CU_DOW2022-03-01 16:00:00,False,,,,
515,,,,,,2022-03-01 16:16:00,IOP7,SN,,,,,,,,,,,,SN,,,CU_DOW,DOW-CAN-SE,,,,,2022-03-01 16:10:00,CU_DOW2022-03-01 16:10:00,False,,,,
516,,,,,,2022-03-01 16:29:00,IOP7,SN,,,,,,,,,,,,SN,,,CU_DOW,DOW-CAN-SE,,,,,2022-03-01 16:30:00,CU_DOW2022-03-01 16:30:00,False,,,,
517,,,,,,2022-03-01 17:10:00,IOP7,SN,,,,,,,,,,,-4.9167019186880605,SN,,,CU_DOW,DOW-CAN-SE,,,"soundings_wintremix/upperair.sounding.202203011700.CU_DOW-CAN_SE.csv,soundings_wintremix/upperair.sounding.202203011900.CU_DOW-CAN_SE.csv",0.0,2022-03-01 17:10:00,CU_DOW2022-03-01 17:10:00,True,upperair.sounding.202203011700.CU_DOW-CAN_SE.csv,,,
518,,,,,,2022-03-01 17:20:00,IOP7,SN,,,,,,,,,,,-4.93750383737614,SN,,,CU_DOW,DOW-CAN-SE,,,"soundings_wintremix/upperair.sounding.202203011700.CU_DOW-CAN_SE.csv,soundings_wintremix/upperair.sounding.202203011900.CU_DOW-CAN_SE.csv",0.0,2022-03-01 17:20:00,CU_DOW2022-03-01 17:20:00,False,,,,
519,,,,,,2022-03-01 17:30:00,IOP7,SN,,,,,,,,,,,-4.958305756064218,SN,,,CU_DOW,DOW-CAN-SE,,,"soundings_wintremix/upperair.sounding.202203011700.CU_DOW-CAN_SE.csv,soundings_wintremix/upperair.sounding.202203011900.CU_DOW-CAN_SE.csv",0.0,2022-03-01 17:30:00,CU_DOW2022-03-01 17:30:00,False,,,,
520,,,,,,2022-03-01 17:40:00,IOP7,SN,,,,,,,,,,,-4.979107674752296,SN,,,CU_DOW,DOW-CAN-SE,,,"soundings_wintremix/upperair.sounding.202203011700.CU_DOW-CAN_SE.csv,soundings_wintremix/upperair.sounding.202203011900.CU_DOW-CAN_SE.csv",0.0,2022-03-01 17:40:00,CU_DOW2022-03-01 17:40:00,False,,,,
521,,,,,,2022-03-01 17:50:00,IOP7,SN,,,,,,,,,,,-4.999909593440375,SN,,,CU_DOW,DOW-CAN-SE,,,"soundings_wintremix/upperair.sounding.202203011700.CU_DOW-CAN_SE.csv,soundings_wintremix/upperair.sounding.202203011900.CU_DOW-CAN_SE.csv",0.0,2022-03-01 17:50:00,CU_DOW2022-03-01 17:50:00,False,,,,
522,,,,,,2022-03-01 18:00:00,IOP7,SN,,,,,,,,,,,-5.020711512128452,SN,,,CU_DOW,DOW-CAN-SE,,,"soundings_wintremix/upperair.sounding.202203011700.CU_DOW-CAN_SE.csv,soundings_wintremix/upperair.sounding.202203011900.CU_DOW-CAN_SE.csv",0.0,2022-03-01 18:00:00,CU_DOW2022-03-01 18:00:00,False,,,,
523,,,,,,2022-03-01 18:10:00,IOP7,SN,,,,,,,,,,,-5.041513430816531,SN,,,CU_DOW,DOW-CAN-SE,,,"soundings_wintremix/upperair.sounding.202203011700.CU_DOW-CAN_SE.csv,soundings_wintremix/upperair.sounding.202203011900.CU_DOW-CAN_SE.csv",0.0,2022-03-01 18:10:00,CU_DOW2022-03-01 18:10:00,False,,,,
524,,,,,,2022-03-01 18:20:00,IOP7,SN,,,,,,,,,,,-5.062315349504608,SN,,,CU_DOW,DOW-CAN-SE,,,"soundings_wintremix/upperair.sounding.202203011700.CU_DOW-CAN_SE.csv,soundings_wintremix/upperair.sounding.202203011900.CU_DOW-CAN_SE.csv",0.0,2022-03-01 18:20:00,CU_DOW2022-03-01 18:20:00,False,,,,
525,,,,,,2022-03-01 18:50:00,IOP7,,,,,,,,,,,,-5.124721105568842,,,,CU_DOW,DOW-CAN-SE,,,"soundings_wintremix/upperair.sounding.202203011700.CU_DOW-CAN_SE.csv,soundings_wintremix/upperair.sounding.202203011900.CU_DOW-CAN_SE.csv",0.0,2022-03-01 18:50:00,CU_DOW2022-03-01 18:50:00,False,,,,
526,,,,,,2022-03-01 19:10:00,IOP7,SN,,,,,,,,,,,-4.805308114451526,SN,,,CU_DOW,DOW-CAN-SE,,,"soundings_wintremix/upperair.sounding.202203011900.CU_DOW-CAN_SE.csv,soundings_wintremix/upperair.sounding.202203012100.CU_DOW-CAN_SE.csv",0.0,2022-03-01 19:10:00,CU_DOW2022-03-01 19:10:00,True,upperair.sounding.202203011900.CU_DOW-CAN_SE.csv,,,
527,,,,,,2022-03-01 19:40:00,IOP7,SN,,,,,,,,,,,-3.9429854578061976,SN,,,CU_DOW,DOW-CAN-SE,,,"soundings_wintremix/upperair.sounding.202203011900.CU_DOW-CAN_SE.csv,soundings_wintremix/upperair.sounding.202203012100.CU_DOW-CAN_SE.csv",0.0,2022-03-01 19:40:00,CU_DOW2022-03-01 19:40:00,False,,,,
528,,,,,,2022-03-01 19:55:00,IOP7,SN,SN,,,,,,,,,,-3.511824129483533,SN,,,CU_DOW,DOW-CAN-SE,,,"soundings_wintremix/upperair.sounding.202203011900.CU_DOW-CAN_SE.csv,soundings_wintremix/upperair.sounding.202203012100.CU_DOW-CAN_SE.csv",0.0,2022-03-01 19:50:00,CU_DOW2022-03-01 19:50:00,False,,,,
529,,,,,,2022-03-01 20:00:00,IOP7,SN,SN,,,,,,,,,,-3.368103686709312,SN,,,CU_DOW,DOW-CAN-SE,,,"soundings_wintremix/upperair.sounding.202203011900.CU_DOW-CAN_SE.csv,soundings_wintremix/upperair.sounding.202203012100.CU_DOW-CAN_SE.csv",0.0,2022-03-01 20:00:00,CU_DOW2022-03-01 20:00:00,False,,,,
530,,,,,,2022-03-01 20:20:00,IOP7,SN,,,,,,,,,,,-2.793221915612426,SN,,,CU_DOW,DOW-CAN-SE,,,"soundings_wintremix/upperair.sounding.202203011900.CU_DOW-CAN_SE.csv,soundings_wintremix/upperair.sounding.202203012100.CU_DOW-CAN_SE.csv",0.0,2022-03-01 20:20:00,CU_DOW2022-03-01 20:20:00,False,,,,
531,,,,,,2022-03-01 20:30:00,IOP7,SN,,,,,,,,,,,-2.505781030063983,SN,,,CU_DOW,DOW-CAN-SE,,,"soundings_wintremix/upperair.sounding.202203011900.CU_DOW-CAN_SE.csv,soundings_wintremix/upperair.sounding.202203012100.CU_DOW-CAN_SE.csv",0.0,2022-03-01 20:30:00,CU_DOW2022-03-01 20:30:00,False,,,,
532,,,,,,2022-03-01 20:40:00,IOP7,SN,,,,,,,,,,,-2.2183401445155404,SN,,,CU_DOW,DOW-CAN-SE,,,"soundings_wintremix/upperair.sounding.202203011900.CU_DOW-CAN_SE.csv,soundings_wintremix/upperair.sounding.202203012100.CU_DOW-CAN_SE.csv",0.0,2022-03-01 20:40:00,CU_DOW2022-03-01 20:40:00,False,,,,
533,,,,,,2022-03-01 21:00:00,IOP7,SN,SN,,,,,,,,,,-1.6441709999999716,SN,,,CU_DOW,DOW-CAN-SE,,,"soundings_wintremix/upperair.sounding.202203012100.CU_DOW-CAN_SE.csv,soundings_wintremix/upperair.sounding.202203012300.CU_DOW-CAN_SE.csv",0.0,2022-03-01 21:00:00,CU_DOW2022-03-01 21:00:00,False,,,,
534,,,,,,2022-03-01 21:10:00,IOP7,SN,SN,,,,,,,,,,-1.5908753920374206,SN,,,CU_DOW,DOW-CAN-SE,,,"soundings_wintremix/upperair.sounding.202203012100.CU_DOW-CAN_SE.csv,soundings_wintremix/upperair.sounding.202203012300.CU_DOW-CAN_SE.csv",0.0,2022-03-01 21:10:00,CU_DOW2022-03-01 21:10:00,True,upperair.sounding.202203012100.CU_DOW-CAN_SE.csv,,,
535,,,,,,2022-03-01 21:20:00,IOP7,,,,,,,,,,,,-1.5375797840748702,,,,CU_DOW,DOW-CAN-SE,,,"soundings_wintremix/upperair.sounding.202203012100.CU_DOW-CAN_SE.csv,soundings_wintremix/upperair.sounding.202203012300.CU_DOW-CAN_SE.csv",0.0,2022-03-01 21:20:00,CU_DOW2022-03-01 21:20:00,False,,,,
536,,,,,,2022-03-01 21:30:00,IOP7,,,,,,,,,,,,-1.484284176112319,,,,CU_DOW,DOW-CAN-SE,,,"soundings_wintremix/upperair.sounding.202203012100.CU_DOW-CAN_SE.csv,soundings_wintremix/upperair.sounding.202203012300.CU_DOW-CAN_SE.csv",0.0,2022-03-01 21:30:00,CU_DOW2022-03-01 21:30:00,False,,,,
537,,,,,,2022-03-01 21:40:00,IOP7,,,,,,,,,,,,-1.4309885681497683,,,,CU_DOW,DOW-CAN-SE,,,"soundings_wintremix/upperair.sounding.202203012100.CU_DOW-CAN_SE.csv,soundings_wintremix/upperair.sounding.202203012300.CU_DOW-CAN_SE.csv",0.0,2022-03-01 21:40:00,CU_DOW2022-03-01 21:40:00,False,,,,
538,,,,,,2022-03-01 21:50:00,IOP7,,,,,,,,,,,,-1.3776929601872177,,,,CU_DOW,DOW-CAN-SE,,,"soundings_wintremix/upperair.sounding.202203012100.CU_DOW-CAN_SE.csv,soundings_wintremix/upperair.sounding.202203012300.CU_DOW-CAN_SE.csv",0.0,2022-03-01 21:50:00,CU_DOW2022-03-01 21:50:00,False,,,,
539,,,,,,2022-03-01 22:00:00,IOP7,,,,,,,,,,,,-1.3243973522246666,,,,CU_DOW,DOW-CAN-SE,,,"soundings_wintremix/upperair.sounding.202203012100.CU_DOW-CAN_SE.csv,soundings_wintremix/upperair.sounding.202203012300.CU_DOW-CAN_SE.csv",0.0,2022-03-01 22:00:00,CU_DOW2022-03-01 22:00:00,False,,,,
540,,,,,,2022-03-01 22:10:00,IOP7,,,,,,,,,,,,-1.271101744262116,,,,CU_DOW,DOW-CAN-SE,,,"soundings_wintremix/upperair.sounding.202203012100.CU_DOW-CAN_SE.csv,soundings_wintremix/upperair.sounding.202203012300.CU_DOW-CAN_SE.csv",0.0,2022-03-01 22:10:00,CU_DOW2022-03-01 22:10:00,False,,,,
541,,,,,,2022-03-01 22:30:00,IOP7,,,,,,,,,,,,-1.1645105283370143,,,,CU_DOW,DOW-CAN-SE,,,"soundings_wintremix/upperair.sounding.202203012100.CU_DOW-CAN_SE.csv,soundings_wintremix/upperair.sounding.202203012300.CU_DOW-CAN_SE.csv",0.0,2022-03-01 22:30:00,CU_DOW2022-03-01 22:30:00,False,,,,
542,,,,,,2022-03-01 22:40:00,IOP7,,,,,,,,,,,,-1.1112149203744635,,,,CU_DOW,DOW-CAN-SE,,,"soundings_wintremix/upperair.sounding.202203012100.CU_DOW-CAN_SE.csv,soundings_wintremix/upperair.sounding.202203012300.CU_DOW-CAN_SE.csv",0.0,2022-03-01 22:40:00,CU_DOW2022-03-01 22:40:00,False,,,,
543,,,,,,2022-03-01 23:00:00,IOP7,,,,,,,,,,,,-1.0649999999999977,,,,CU_DOW,DOW-CAN-SE,,,"soundings_wintremix/upperair.sounding.202203012300.CU_DOW-CAN_SE.csv,soundings_wintremix/upperair.sounding.202203020100.CU_DOW-CAN_SE.csv",0.0,2022-03-01 23:00:00,CU_DOW2022-03-01 23:00:00,False,,,,
544,,,,,,2022-03-01 23:10:00,IOP7,,,,,,,,,,,,-1.1197546236077187,,,,CU_DOW,DOW-CAN-SE,,,"soundings_wintremix/upperair.sounding.202203012300.CU_DOW-CAN_SE.csv,soundings_wintremix/upperair.sounding.202203020100.CU_DOW-CAN_SE.csv",0.0,2022-03-01 23:10:00,CU_DOW2022-03-01 23:10:00,True,upperair.sounding.202203012300.CU_DOW-CAN_SE.csv,,,
545,,,,,,2022-03-01 23:20:00,IOP7,SN,,,,,,,,,,,-1.1745092472154401,SN,,,CU_DOW,DOW-CAN-SE,,,"soundings_wintremix/upperair.sounding.202203012300.CU_DOW-CAN_SE.csv,soundings_wintremix/upperair.sounding.202203020100.CU_DOW-CAN_SE.csv",0.0,2022-03-01 23:20:00,CU_DOW2022-03-01 23:20:00,False,,,,
546,,,,,,2022-03-01 23:30:00,IOP7,SN,,,,,,,,,,,-1.2292638708231611,SN,,,CU_DOW,DOW-CAN-SE,,,"soundings_wintremix/upperair.sounding.202203012300.CU_DOW-CAN_SE.csv,soundings_wintremix/upperair.sounding.202203020100.CU_DOW-CAN_SE.csv",0.0,2022-03-01 23:30:00,CU_DOW2022-03-01 23:30:00,False,,,,
547,,,,,,2022-03-01 23:40:00,IOP7,SN,,,,,,,,,,,-1.2840184944308821,SN,,,CU_DOW,DOW-CAN-SE,,,"soundings_wintremix/upperair.sounding.202203012300.CU_DOW-CAN_SE.csv,soundings_wintremix/upperair.sounding.202203020100.CU_DOW-CAN_SE.csv",0.0,2022-03-01 23:40:00,CU_DOW2022-03-01 23:40:00,False,,,,
548,,,,,,2022-03-01 23:50:00,IOP7,SN,,,,,,,,,,,-1.3387731180386035,SN,,,CU_DOW,DOW-CAN-SE,,,"soundings_wintremix/upperair.sounding.202203012300.CU_DOW-CAN_SE.csv,soundings_wintremix/upperair.sounding.202203020100.CU_DOW-CAN_SE.csv",0.0,2022-03-01 23:50:00,CU_DOW2022-03-01 23:50:00,False,,,,
549,,,,,,2022-03-02 00:00:00,IOP7,SN,,,,,,,,,,,-1.3935277416463245,SN,,,CU_DOW,DOW-CAN-SE,,,"soundings_wintremix/upperair.sounding.202203012300.CU_DOW-CAN_SE.csv,soundings_wintremix/upperair.sounding.202203020100.CU_DOW-CAN_SE.csv",0.0,2022-03-02 00:00:00,CU_DOW2022-03-02 00:00:00,False,,,,
550,,,,,,2022-03-02 00:10:00,IOP7,SN,,,,,,,,,,,-1.448282365254046,SN,,,CU_DOW,DOW-CAN-SE,,,"soundings_wintremix/upperair.sounding.202203012300.CU_DOW-CAN_SE.csv,soundings_wintremix/upperair.sounding.202203020100.CU_DOW-CAN_SE.csv",0.0,2022-03-02 00:10:00,CU_DOW2022-03-02 00:10:00,False,,,,
551,,,,,,2022-03-02 00:20:00,IOP7,SN,,,,,,,,,,,-1.5030369888617665,SN,,,CU_DOW,DOW-CAN-SE,,,"soundings_wintremix/upperair.sounding.202203012300.CU_DOW-CAN_SE.csv,soundings_wintremix/upperair.sounding.202203020100.CU_DOW-CAN_SE.csv",0.0,2022-03-02 00:20:00,CU_DOW2022-03-02 00:20:00,False,,,,
552,,,,,,2022-03-02 00:30:00,IOP7,SN,,,,,,,,,,,-1.557791612469488,SN,,,CU_DOW,DOW-CAN-SE,,,"soundings_wintremix/upperair.sounding.202203012300.CU_DOW-CAN_SE.csv,soundings_wintremix/upperair.sounding.202203020100.CU_DOW-CAN_SE.csv",0.0,2022-03-02 00:30:00,CU_DOW2022-03-02 00:30:00,False,,,,
553,,,,,,2022-03-02 00:40:00,IOP7,,,,,,,,,,,,-1.6125462360772091,,,,CU_DOW,DOW-CAN-SE,,,"soundings_wintremix/upperair.sounding.202203012300.CU_DOW-CAN_SE.csv,soundings_wintremix/upperair.sounding.202203020100.CU_DOW-CAN_SE.csv",0.0,2022-03-02 00:40:00,CU_DOW2022-03-02 00:40:00,False,,,,
554,,,,,,2022-03-02 01:10:00,IOP7,SN,,,,,,,,,,,,SN,,,CU_DOW,DOW-CAN-SE,,,,0.0,2022-03-02 01:10:00,CU_DOW2022-03-02 01:10:00,True,upperair.sounding.202203020100.CU_DOW-CAN_SE.csv,,,
555,,,,,,2022-03-02 01:20:00,IOP7,SN,,,,,,,,,,,,SN,,,CU_DOW,DOW-CAN-SE,,,,,2022-03-02 01:20:00,CU_DOW2022-03-02 01:20:00,False,,,,
556,,,,,,2022-03-02 01:30:00,IOP7,SN,,,,,,,,,,,,SN,,,CU_DOW,DOW-CAN-SE,,,,,2022-03-02 01:30:00,CU_DOW2022-03-02 01:30:00,False,,,,
557,,,,,,2022-03-02 01:40:00,IOP7,SN,,,,,,,,,,,,SN,,,CU_DOW,DOW-CAN-SE,,,,,2022-03-02 01:40:00,CU_DOW2022-03-02 01:40:00,False,,,,
558,,,,,,2022-03-02 01:50:00,IOP7,SN,,,,,,,,,,,,SN,,,CU_DOW,DOW-CAN-SE,,,,,2022-03-02 01:50:00,CU_DOW2022-03-02 01:50:00,False,,,,
559,,,,,,2022-03-06 09:00:00,IOP8,PL,,,,,,,,,,,,PL,,,CU_DOW,DOW-CAN-N,,,,,2022-03-06 09:00:00,CU_DOW2022-03-06 09:00:00,False,,,,
560,,,,,,2022-03-06 09:10:00,IOP8,RA,,,,,,,,,,,,RA,,,CU_DOW,DOW-CAN-N,,,,,2022-03-06 09:10:00,CU_DOW2022-03-06 09:10:00,False,,,,
561,,,,,,2022-03-06 09:20:00,IOP8,RA,,,,,,,,,,,,RA,,,CU_DOW,DOW-CAN-N,,,,,2022-03-06 09:20:00,CU_DOW2022-03-06 09:20:00,False,,,,
562,,,,,,2022-03-06 09:30:00,IOP8,PL,,,,,,,,,,,,PL,,,CU_DOW,DOW-CAN-N,,,,,2022-03-06 09:30:00,CU_DOW2022-03-06 09:30:00,False,,,,
563,,,,,,2022-03-06 09:40:00,IOP8,RA,,,,,,,,,,,,RA,,,CU_DOW,DOW-CAN-N,,,,,2022-03-06 09:40:00,CU_DOW2022-03-06 09:40:00,False,,,,
564,,,,,,2022-03-06 10:00:00,IOP8,RA,,,,,,,,,,,0.583642999999995,RA,,,CU_DOW,DOW-CAN-N,,,"soundings_wintremix/upperair.sounding.202203061000.CU_DOW-CAN_N.csv,soundings_wintremix/upperair.sounding.202203061200.CU_DOW-CAN_N.csv",0.0,2022-03-06 10:00:00,CU_DOW2022-03-06 10:00:00,False,,,,
565,,,,,,2022-03-06 10:10:00,IOP8,,,,,,,,,,,,0.6992650608612618,,,,CU_DOW,DOW-CAN-N,,,"soundings_wintremix/upperair.sounding.202203061000.CU_DOW-CAN_N.csv,soundings_wintremix/upperair.sounding.202203061200.CU_DOW-CAN_N.csv",0.0,2022-03-06 10:10:00,CU_DOW2022-03-06 10:10:00,True,upperair.sounding.202203061000.CU_DOW-CAN_N.csv,,,
566,,,,,,2022-03-06 10:20:00,IOP8,RA,,,,,,,,,,,0.8148871217225288,RA,,,CU_DOW,DOW-CAN-N,,,"soundings_wintremix/upperair.sounding.202203061000.CU_DOW-CAN_N.csv,soundings_wintremix/upperair.sounding.202203061200.CU_DOW-CAN_N.csv",0.0,2022-03-06 10:20:00,CU_DOW2022-03-06 10:20:00,False,,,,
567,,,,,,2022-03-06 10:30:00,IOP8,,,,,,,,,,,,0.9305091825837957,,,,CU_DOW,DOW-CAN-N,,,"soundings_wintremix/upperair.sounding.202203061000.CU_DOW-CAN_N.csv,soundings_wintremix/upperair.sounding.202203061200.CU_DOW-CAN_N.csv",0.0,2022-03-06 10:30:00,CU_DOW2022-03-06 10:30:00,False,,,,
568,,,,,,2022-03-06 10:40:00,IOP8,,,,,,,,,,,,1.0461312434450625,,,,CU_DOW,DOW-CAN-N,,,"soundings_wintremix/upperair.sounding.202203061000.CU_DOW-CAN_N.csv,soundings_wintremix/upperair.sounding.202203061200.CU_DOW-CAN_N.csv",0.0,2022-03-06 10:40:00,CU_DOW2022-03-06 10:40:00,False,,,,
569,,,,,,2022-03-06 10:50:00,IOP8,,RA,,,,,,,,,,1.1617533043063295,,,,CU_DOW,DOW-CAN-N,,,"soundings_wintremix/upperair.sounding.202203061000.CU_DOW-CAN_N.csv,soundings_wintremix/upperair.sounding.202203061200.CU_DOW-CAN_N.csv",0.0,2022-03-06 10:50:00,CU_DOW2022-03-06 10:50:00,False,,,,
570,,,,,,2022-03-06 11:00:00,IOP8,,,,,,,,,,,,1.2773753651675963,,,,CU_DOW,DOW-CAN-N,,,"soundings_wintremix/upperair.sounding.202203061000.CU_DOW-CAN_N.csv,soundings_wintremix/upperair.sounding.202203061200.CU_DOW-CAN_N.csv",0.0,2022-03-06 11:00:00,CU_DOW2022-03-06 11:00:00,False,,,,
571,,,,,,2022-03-06 11:20:00,IOP8,,,,,,,,,,,,1.50861948689013,,,,CU_DOW,DOW-CAN-N,,,"soundings_wintremix/upperair.sounding.202203061000.CU_DOW-CAN_N.csv,soundings_wintremix/upperair.sounding.202203061200.CU_DOW-CAN_N.csv",0.0,2022-03-06 11:20:00,CU_DOW2022-03-06 11:20:00,False,,,,
572,,,,,,2022-03-06 11:30:00,IOP8,,,,,,,,,,,,1.624241547751397,,,,CU_DOW,DOW-CAN-N,,,"soundings_wintremix/upperair.sounding.202203061000.CU_DOW-CAN_N.csv,soundings_wintremix/upperair.sounding.202203061200.CU_DOW-CAN_N.csv",0.0,2022-03-06 11:30:00,CU_DOW2022-03-06 11:30:00,False,,,,
573,,,,,,2022-03-06 11:40:00,IOP8,,,,,,,,,,,,1.739863608612664,,,,CU_DOW,DOW-CAN-N,,,"soundings_wintremix/upperair.sounding.202203061000.CU_DOW-CAN_N.csv,soundings_wintremix/upperair.sounding.202203061200.CU_DOW-CAN_N.csv",0.0,2022-03-06 11:40:00,CU_DOW2022-03-06 11:40:00,False,,,,
574,,,,,,2022-03-06 12:00:00,IOP8,,,,,,,,,,,,1.9711000000000354,,,,CU_DOW,DOW-CAN-N,,,"soundings_wintremix/upperair.sounding.202203061200.CU_DOW-CAN_N.csv,soundings_wintremix/upperair.sounding.202203061400.CU_DOW-CAN_N.csv",0.0,2022-03-06 12:00:00,CU_DOW2022-03-06 12:00:00,False,,,,
575,,,,,,2022-03-06 12:10:00,IOP8,,,,,,,,,,,,2.0351908454844554,,,,CU_DOW,DOW-CAN-N,,,"soundings_wintremix/upperair.sounding.202203061200.CU_DOW-CAN_N.csv,soundings_wintremix/upperair.sounding.202203061400.CU_DOW-CAN_N.csv",0.0,2022-03-06 12:10:00,CU_DOW2022-03-06 12:10:00,True,upperair.sounding.202203061200.CU_DOW-CAN_N.csv,,,
576,,,,,,2022-03-06 12:40:00,IOP8,,,,,,,,,,,,2.2274633819377154,,,,CU_DOW,DOW-CAN-N,,,"soundings_wintremix/upperair.sounding.202203061200.CU_DOW-CAN_N.csv,soundings_wintremix/upperair.sounding.202203061400.CU_DOW-CAN_N.csv",0.0,2022-03-06 12:40:00,CU_DOW2022-03-06 12:40:00,False,,,,
577,,,,,,2022-03-06 12:50:00,IOP8,,,,,,,,,,,,2.291554227422136,,,,CU_DOW,DOW-CAN-N,,,"soundings_wintremix/upperair.sounding.202203061200.CU_DOW-CAN_N.csv,soundings_wintremix/upperair.sounding.202203061400.CU_DOW-CAN_N.csv",0.0,2022-03-06 12:50:00,CU_DOW2022-03-06 12:50:00,False,,,,
578,,,,,,2022-03-06 13:00:00,IOP8,,,,,,,,,,,,2.355645072906556,,,,CU_DOW,DOW-CAN-N,,,"soundings_wintremix/upperair.sounding.202203061200.CU_DOW-CAN_N.csv,soundings_wintremix/upperair.sounding.202203061400.CU_DOW-CAN_N.csv",0.0,2022-03-06 13:00:00,CU_DOW2022-03-06 13:00:00,False,,,,
579,,,,,,2022-03-06 13:10:00,IOP8,,,,,,,,,,,,2.419735918390976,,,,CU_DOW,DOW-CAN-N,,,"soundings_wintremix/upperair.sounding.202203061200.CU_DOW-CAN_N.csv,soundings_wintremix/upperair.sounding.202203061400.CU_DOW-CAN_N.csv",0.0,2022-03-06 13:10:00,CU_DOW2022-03-06 13:10:00,False,,,,
580,,,,,,2022-03-06 13:20:00,IOP8,RA,,,,,,,,,,,2.483826763875396,RA,,,CU_DOW,DOW-CAN-N,,,"soundings_wintremix/upperair.sounding.202203061200.CU_DOW-CAN_N.csv,soundings_wintremix/upperair.sounding.202203061400.CU_DOW-CAN_N.csv",0.0,2022-03-06 13:20:00,CU_DOW2022-03-06 13:20:00,False,,,,
581,,,,,,2022-03-06 13:30:00,IOP8,RA,,,,,,,,,,,2.547917609359816,RA,,,CU_DOW,DOW-CAN-N,,,"soundings_wintremix/upperair.sounding.202203061200.CU_DOW-CAN_N.csv,soundings_wintremix/upperair.sounding.202203061400.CU_DOW-CAN_N.csv",0.0,2022-03-06 13:30:00,CU_DOW2022-03-06 13:30:00,False,,,,
582,,,,,,2022-03-06 13:40:00,IOP8,RA,,,,,,,,,,,2.6120084548442364,RA,,,CU_DOW,DOW-CAN-N,,,"soundings_wintremix/upperair.sounding.202203061200.CU_DOW-CAN_N.csv,soundings_wintremix/upperair.sounding.202203061400.CU_DOW-CAN_N.csv",0.0,2022-03-06 13:40:00,CU_DOW2022-03-06 13:40:00,False,,,,
583,,,,,,2022-03-06 14:00:00,IOP8,RA,,,,,,,,,,,2.7334000000000174,RA,,,CU_DOW,DOW-CAN-N,,,"soundings_wintremix/upperair.sounding.202203061400.CU_DOW-CAN_N.csv,soundings_wintremix/upperair.sounding.202203061600.CU_DOW-CAN_N.csv",0.0,2022-03-06 14:00:00,CU_DOW2022-03-06 14:00:00,False,,,,
584,,,,,,2022-03-06 14:10:00,IOP8,RA,,,,,,,,,,,2.6843478519213515,RA,,,CU_DOW,DOW-CAN-N,,,"soundings_wintremix/upperair.sounding.202203061400.CU_DOW-CAN_N.csv,soundings_wintremix/upperair.sounding.202203061600.CU_DOW-CAN_N.csv",0.0,2022-03-06 14:10:00,CU_DOW2022-03-06 14:10:00,True,upperair.sounding.202203061400.CU_DOW-CAN_N.csv,,,
585,,,,,,2022-03-06 14:20:00,IOP8,RA,,,,,,,,,,,2.6352957038426856,RA,,,CU_DOW,DOW-CAN-N,,,"soundings_wintremix/upperair.sounding.202203061400.CU_DOW-CAN_N.csv,soundings_wintremix/upperair.sounding.202203061600.CU_DOW-CAN_N.csv",0.0,2022-03-06 14:20:00,CU_DOW2022-03-06 14:20:00,False,,,,
586,,,,,,2022-03-06 14:30:00,IOP8,RA,,,,,,,,,,,2.5862435557640198,RA,,,CU_DOW,DOW-CAN-N,,,"soundings_wintremix/upperair.sounding.202203061400.CU_DOW-CAN_N.csv,soundings_wintremix/upperair.sounding.202203061600.CU_DOW-CAN_N.csv",0.0,2022-03-06 14:30:00,CU_DOW2022-03-06 14:30:00,False,,,,
587,,,,,,2022-03-06 14:40:00,IOP8,RA,,,,,,,,,,,2.537191407685354,RA,,,CU_DOW,DOW-CAN-N,,,"soundings_wintremix/upperair.sounding.202203061400.CU_DOW-CAN_N.csv,soundings_wintremix/upperair.sounding.202203061600.CU_DOW-CAN_N.csv",0.0,2022-03-06 14:40:00,CU_DOW2022-03-06 14:40:00,False,,,,
588,,,,,,2022-03-06 14:50:00,IOP8,RA,,,,,,,,,,,2.488139259606688,RA,,,CU_DOW,DOW-CAN-N,,,"soundings_wintremix/upperair.sounding.202203061400.CU_DOW-CAN_N.csv,soundings_wintremix/upperair.sounding.202203061600.CU_DOW-CAN_N.csv",0.0,2022-03-06 14:50:00,CU_DOW2022-03-06 14:50:00,False,,,,
589,,,,,,2022-03-06 15:00:00,IOP8,RA,,,,,,,,,,,2.439087111528022,RA,,,CU_DOW,DOW-CAN-N,,,"soundings_wintremix/upperair.sounding.202203061400.CU_DOW-CAN_N.csv,soundings_wintremix/upperair.sounding.202203061600.CU_DOW-CAN_N.csv",0.0,2022-03-06 15:00:00,CU_DOW2022-03-06 15:00:00,False,,,,
590,,,,,,2022-03-06 15:10:00,IOP8,RA,,,,,,,,,,,2.390034963449356,RA,,,CU_DOW,DOW-CAN-N,,,"soundings_wintremix/upperair.sounding.202203061400.CU_DOW-CAN_N.csv,soundings_wintremix/upperair.sounding.202203061600.CU_DOW-CAN_N.csv",0.0,2022-03-06 15:10:00,CU_DOW2022-03-06 15:10:00,False,,,,
591,,,,,,2022-03-06 15:20:00,IOP8,RA,,,,,,,,,,,2.34098281537069,RA,,,CU_DOW,DOW-CAN-N,,,"soundings_wintremix/upperair.sounding.202203061400.CU_DOW-CAN_N.csv,soundings_wintremix/upperair.sounding.202203061600.CU_DOW-CAN_N.csv",0.0,2022-03-06 15:20:00,CU_DOW2022-03-06 15:20:00,False,,,,
592,,,,,,2022-03-06 15:30:00,IOP8,RA,,,,,,,,,,,2.291930667292024,RA,,,CU_DOW,DOW-CAN-N,,,"soundings_wintremix/upperair.sounding.202203061400.CU_DOW-CAN_N.csv,soundings_wintremix/upperair.sounding.202203061600.CU_DOW-CAN_N.csv",0.0,2022-03-06 15:30:00,CU_DOW2022-03-06 15:30:00,False,,,,
593,,,,,,2022-03-06 16:00:00,IOP8,RA,,,,,,,,,,,,RA,,,CU_DOW,DOW-CAN-N,,,,,2022-03-06 16:00:00,CU_DOW2022-03-06 16:00:00,False,,,,
594,,,,,,2022-03-06 16:10:00,IOP8,RA,,,,,,,,,,,,RA,,,CU_DOW,DOW-CAN-N,,,,0.0,2022-03-06 16:10:00,CU_DOW2022-03-06 16:10:00,True,upperair.sounding.202203061600.CU_DOW-CAN_N.csv,,,
595,,,,,,2022-03-06 16:20:00,IOP8,RA,,,,,,,,,,,,RA,,,CU_DOW,DOW-CAN-N,,,,,2022-03-06 16:20:00,CU_DOW2022-03-06 16:20:00,False,,,,
596,,,,,,2022-03-06 16:30:00,IOP8,RA,,,,,,,,,,,,RA,,,CU_DOW,DOW-CAN-N,,,,,2022-03-06 16:30:00,CU_DOW2022-03-06 16:30:00,False,,,,
597,,,,,,2022-03-06 17:20:00,IOP8,,,,,,,,,,,,,,,,CU_DOW,DOW-CAN-N,,,,,2022-03-06 17:20:00,CU_DOW2022-03-06 17:20:00,False,,,,
598,,,,,,2022-03-06 17:30:00,IOP8,,,,,,,,,,,,,,,,CU_DOW,DOW-CAN-N,,,,,2022-03-06 17:30:00,CU_DOW2022-03-06 17:30:00,False,,,,
599,,,,,,2022-03-07 15:00:00,IOP9,RA,PL,,,,,,,,,,,RA and PL,,,CU_DOW,DOW-CAN-SE,,,,,2022-03-07 15:00:00,CU_DOW2022-03-07 15:00:00,False,,,,
600,,,,,,2022-03-07 15:10:00,IOP9,PL,,,,,,,,,,,,PL,,,CU_DOW,DOW-CAN-SE,,,,,2022-03-07 15:10:00,CU_DOW2022-03-07 15:10:00,False,,,,
601,,,,,,2022-03-07 15:20:00,IOP9,PL,RA,,,,,,,,,,,RA and PL,,,CU_DOW,DOW-CAN-SE,,,,,2022-03-07 15:20:00,CU_DOW2022-03-07 15:20:00,False,,,,
602,,,,,,2022-03-07 15:30:00,IOP9,PL,RA,,,,,,,,,,,RA and PL,,,CU_DOW,DOW-CAN-SE,,,,,2022-03-07 15:30:00,CU_DOW2022-03-07 15:30:00,False,,,,
603,,,,,,2022-03-07 15:40:00,IOP9,PL,,,,,,,,,,,,PL,,,CU_DOW,DOW-CAN-SE,,,,,2022-03-07 15:40:00,CU_DOW2022-03-07 15:40:00,False,,,,
604,,,,,,2022-03-07 15:50:00,IOP9,PL,,,,,,,,,,,,PL,,,CU_DOW,DOW-CAN-SE,,,,,2022-03-07 15:50:00,CU_DOW2022-03-07 15:50:00,False,,,,
605,,,,,,2022-03-07 16:00:00,IOP9,PL,,,,,,,,,,,,PL,,,CU_DOW,DOW-CAN-SE,,,,,2022-03-07 16:00:00,CU_DOW2022-03-07 16:00:00,False,,,,
606,,,,,,2022-03-07 16:10:00,IOP9,PL,,,,,,,,,,,,PL,,,CU_DOW,DOW-CAN-SE,,,,,2022-03-07 16:10:00,CU_DOW2022-03-07 16:10:00,False,,,,
607,,,,,,2022-03-07 16:20:00,IOP9,PL,,,,,,,,,,,,PL,,,CU_DOW,DOW-CAN-SE,,,,,2022-03-07 16:20:00,CU_DOW2022-03-07 16:20:00,False,,,,
608,,,,,,2022-03-07 16:30:00,IOP9,PL,,,,,,,,,,,,PL,,,CU_DOW,DOW-CAN-SE,,,,,2022-03-07 16:30:00,CU_DOW2022-03-07 16:30:00,False,,,,
609,,,,,,2022-03-07 16:40:00,IOP9,,,,,,,,,,,,,,,,CU_DOW,DOW-CAN-SE,,,,,2022-03-07 16:40:00,CU_DOW2022-03-07 16:40:00,False,,,,
610,,,,,,2022-03-07 16:50:00,IOP9,,,,,,,,,,,,,,,,CU_DOW,DOW-CAN-SE,,,,,2022-03-07 16:50:00,CU_DOW2022-03-07 16:50:00,False,,,,
611,,,,,,2022-03-07 17:00:00,IOP9,,,,,,,,,,,,,,,,CU_DOW,DOW-CAN-SE,,,,,2022-03-07 17:00:00,CU_DOW2022-03-07 17:00:00,False,,,,
612,,,,,,2022-03-07 17:10:00,IOP9,,,,,,,,,,,,,,,,CU_DOW,DOW-CAN-SE,,,,,2022-03-07 17:10:00,CU_DOW2022-03-07 17:10:00,False,,,,
613,,,,,,2022-03-07 17:20:00,IOP9,,,,,,,,,,,,,,,,CU_DOW,DOW-CAN-SE,,,,,2022-03-07 17:20:00,CU_DOW2022-03-07 17:20:00,False,,,,
614,,,,,,2022-03-07 17:30:00,IOP9,,,,,,,,,,,,,,,,CU_DOW,DOW-CAN-SE,,,,,2022-03-07 17:30:00,CU_DOW2022-03-07 17:30:00,False,,,,
615,,,,,,2022-03-07 17:40:00,IOP9,,,,,,,,,,,,,,,,CU_DOW,DOW-CAN-SE,,,,,2022-03-07 17:40:00,CU_DOW2022-03-07 17:40:00,False,,,,
616,,,,,,2022-03-07 17:50:00,IOP9,PL,,,,,,,,,,,,PL,,,CU_DOW,DOW-CAN-SE,,,,,2022-03-07 17:50:00,CU_DOW2022-03-07 17:50:00,False,,,,
617,-1431.8094084377126,97.85367696912881,100.1040247798803,-1.5734169323491347,160.0,2022-03-07 18:00:00,IOP9,PL,,,,743.836345553919,1735.0,1.1102035008267446,1070.0,160.0,160.0,905.0,1.1794000000000437,PL,1.9864281949901836,-2.354494426640139,CU_DOW,DOW-CAN-SE,1735.0,1065.0,"soundings_wintremix/upperair.sounding.202203071800.CU_DOW-CAN_SE.csv,soundings_wintremix/upperair.sounding.202203072000.CU_DOW-CAN_SE.csv",665.0,2022-03-07 18:00:00,CU_DOW2022-03-07 18:00:00,False,,,,
618,-1431.8094084377126,97.85367696912881,100.1040247798803,-1.5734169323491347,160.0,2022-03-07 18:10:00,IOP9,PL,RA,,,743.836345553919,1735.0,1.1102035008267446,1070.0,160.0,160.0,905.0,1.1418484434388627,RA and PL,1.9864281949901836,-2.354494426640139,CU_DOW,DOW-CAN-SE,1735.0,1065.0,"soundings_wintremix/upperair.sounding.202203071800.CU_DOW-CAN_SE.csv,soundings_wintremix/upperair.sounding.202203072000.CU_DOW-CAN_SE.csv",665.0,2022-03-07 18:10:00,CU_DOW2022-03-07 18:10:00,True,upperair.sounding.202203071800.CU_DOW-CAN_SE.csv,,,
619,-1346.8848810311206,98.21139747427402,100.39784902116955,-1.4882705867747186,165.0,2022-03-07 18:20:00,IOP9,PL,,,,702.1941407538266,1735.0,1.048050956348995,1070.0,165.0,165.0,900.0,1.1042968868776817,PL,1.9064939929940852,-2.2916919520075276,CU_DOW,DOW-CAN-SE,1735.0,1065.0,"soundings_wintremix/upperair.sounding.202203071800.CU_DOW-CAN_SE.csv,soundings_wintremix/upperair.sounding.202203072000.CU_DOW-CAN_SE.csv",665.0,2022-03-07 18:20:00,CU_DOW2022-03-07 18:20:00,False,,,,
620,-1304.5043494866864,98.3902577268466,100.54458457557399,-1.4335212631721828,165.0,2022-03-07 18:30:00,IOP9,RA,,,,681.4191863489534,1730.0,1.0324533126499296,1075.0,165.0,165.0,905.0,1.0667453303165007,RA,1.8672109271166184,-2.272720824656103,CU_DOW,DOW-CAN-SE,1730.0,1070.0,"soundings_wintremix/upperair.sounding.202203071800.CU_DOW-CAN_SE.csv,soundings_wintremix/upperair.sounding.202203072000.CU_DOW-CAN_SE.csv",655.0,2022-03-07 18:30:00,CU_DOW2022-03-07 18:30:00,False,,,,
621,-1262.4557820586472,98.56911797941919,100.69120251199983,-1.3873140462182936,165.0,2022-03-07 18:40:00,IOP9,,,,,661.0169046986333,1730.0,1.001540764694899,1075.0,165.0,165.0,905.0,1.0291937737553196,,1.8279278612391514,-2.2537496973046784,CU_DOW,DOW-CAN-SE,1730.0,1070.0,"soundings_wintremix/upperair.sounding.202203071800.CU_DOW-CAN_SE.csv,soundings_wintremix/upperair.sounding.202203072000.CU_DOW-CAN_SE.csv",655.0,2022-03-07 18:40:00,CU_DOW2022-03-07 18:40:00,False,,,,
622,-1220.4072146306087,98.74797823199181,100.83770290004298,-1.341106829264405,165.0,2022-03-07 18:50:00,IOP9,,,,,640.6297942977117,1725.0,0.9780607546529948,1075.0,165.0,165.0,905.0,0.9916422171941386,,1.788644795361685,-2.2363155273919904,CU_DOW,DOW-CAN-SE,1725.0,1070.0,"soundings_wintremix/upperair.sounding.202203071800.CU_DOW-CAN_SE.csv,soundings_wintremix/upperair.sounding.202203072000.CU_DOW-CAN_SE.csv",650.0,2022-03-07 18:50:00,CU_DOW2022-03-07 18:50:00,False,,,,
623,-1178.5076584067606,98.9268384845644,100.98408580926814,-1.2950633608865503,170.0,2022-03-07 19:00:00,IOP9,,,,,620.3820531750231,1725.0,0.9544339279615741,1080.0,170.0,170.0,905.0,0.9540906606329576,,1.749361729484218,-2.22011011770593,CU_DOW,DOW-CAN-SE,1725.0,1075.0,"soundings_wintremix/upperair.sounding.202203071800.CU_DOW-CAN_SE.csv,soundings_wintremix/upperair.sounding.202203072000.CU_DOW-CAN_SE.csv",645.0,2022-03-07 19:00:00,CU_DOW2022-03-07 19:00:00,False,,,,
624,-1136.9176216244696,99.105698737137,101.13035130920895,-1.2493600237631537,170.0,2022-03-07 19:10:00,IOP9,,,,,600.4843420803786,1720.0,0.9309834760936102,1080.0,170.0,170.0,905.0,0.9165391040717765,,1.7100786636067513,-2.2053997701614905,CU_DOW,DOW-CAN-SE,1720.0,1075.0,"soundings_wintremix/upperair.sounding.202203071800.CU_DOW-CAN_SE.csv,soundings_wintremix/upperair.sounding.202203072000.CU_DOW-CAN_SE.csv",640.0,2022-03-07 19:10:00,CU_DOW2022-03-07 19:10:00,False,,,,
625,-1350.7100809904096,99.99999999999999,102.3013269538848,-1.2682723765168167,1720.0,2022-03-07 19:20:00,IOP9,,,,,580.754180206508,1715.0,0.9145735121362331,1085.0,1720.0,1720.0,1060.0,0.8789875475105954,,1.6731591262749674,-2.301097924537718,CU_DOW,DOW-CAN-SE,1715.0,2780.0,"soundings_wintremix/upperair.sounding.202203071800.CU_DOW-CAN_SE.csv,soundings_wintremix/upperair.sounding.202203072000.CU_DOW-CAN_SE.csv",630.0,2022-03-07 19:20:00,CU_DOW2022-03-07 19:20:00,False,,,,
626,-1282.8587489929507,100.0,102.33936271523346,-1.2159798568653564,1720.0,2022-03-07 19:30:00,IOP9,,,,,561.858886053912,1715.0,0.906224009764374,1100.0,1720.0,1720.0,1050.0,0.8414359909494143,,1.6508535542256293,-2.33889590907955,CU_DOW,DOW-CAN-SE,1715.0,2770.0,"soundings_wintremix/upperair.sounding.202203071800.CU_DOW-CAN_SE.csv,soundings_wintremix/upperair.sounding.202203072000.CU_DOW-CAN_SE.csv",615.0,2022-03-07 19:30:00,CU_DOW2022-03-07 19:30:00,False,,,,
627,-1216.7428985161769,100.0,102.37741328561575,-1.1533108042807363,1715.0,2022-03-07 19:40:00,IOP9,RA,,,,544.905618491279,1710.0,0.9081760308187985,1115.0,1715.0,1715.0,1050.0,0.8038844343882334,RA,1.6670563061857577,-2.376693893621383,CU_DOW,DOW-CAN-SE,1710.0,2765.0,"soundings_wintremix/upperair.sounding.202203071800.CU_DOW-CAN_SE.csv,soundings_wintremix/upperair.sounding.202203072000.CU_DOW-CAN_SE.csv",595.0,2022-03-07 19:40:00,CU_DOW2022-03-07 19:40:00,False,,,,
628,-1083.522086239188,100.0,102.45844760639514,-1.152683070467221,1821.0,2022-03-07 20:00:00,IOP9,RA,,,,513.0678873348842,1701.0,0.8770391236493746,1121.0,1821.0,1821.0,935.0,0.7272280000000251,RA,1.8335307280103623,-2.4571415549399136,CU_DOW,DOW-CAN-SE,1701.0,2756.0,"soundings_wintremix/upperair.sounding.202203072000.CU_DOW-CAN_SE.csv,soundings_wintremix/upperair.sounding.202203072200.CU_DOW-CAN_SE.csv",580.0,2022-03-07 20:00:00,CU_DOW2022-03-07 20:00:00,False,,,,
629,-1083.522086239188,100.0,102.45844760639514,-1.152683070467221,1821.0,2022-03-07 20:10:00,IOP9,RA,,,,513.0678873348842,1701.0,0.8770391236493746,1121.0,1821.0,1821.0,935.0,0.7189589907425276,RA,1.8335307280103623,-2.4571415549399136,CU_DOW,DOW-CAN-SE,1701.0,2756.0,"soundings_wintremix/upperair.sounding.202203072000.CU_DOW-CAN_SE.csv,soundings_wintremix/upperair.sounding.202203072200.CU_DOW-CAN_SE.csv",580.0,2022-03-07 20:10:00,CU_DOW2022-03-07 20:10:00,True,upperair.sounding.202203072000.CU_DOW-CAN_SE.csv,,,
630,-918.4121224599598,100.0,102.32678681921979,-1.1552353741634716,1976.0,2022-03-07 20:20:00,IOP9,RA,,,,594.5468625468636,1971.0,0.6873374133489752,1111.0,1976.0,1976.0,790.0,0.71068998148503,RA,1.7037751158992918,-2.3264003145607806,CU_DOW,DOW-CAN-SE,1971.0,2766.0,"soundings_wintremix/upperair.sounding.202203072000.CU_DOW-CAN_SE.csv,soundings_wintremix/upperair.sounding.202203072200.CU_DOW-CAN_SE.csv",860.0,2022-03-07 20:20:00,CU_DOW2022-03-07 20:20:00,False,,,,
631,-848.543973352483,100.0,102.2610228294619,-1.1785332963228932,2051.0,2022-03-07 20:30:00,IOP9,RA,,,,650.7949158242072,2046.0,0.6709225936332034,1081.0,2051.0,2051.0,715.0,0.7024209722275324,RA,1.6388973098437565,-2.261029694371213,CU_DOW,DOW-CAN-SE,2046.0,2766.0,"soundings_wintremix/upperair.sounding.202203072000.CU_DOW-CAN_SE.csv,soundings_wintremix/upperair.sounding.202203072200.CU_DOW-CAN_SE.csv",965.0,2022-03-07 20:30:00,CU_DOW2022-03-07 20:30:00,False,,,,
632,-790.6891642846083,99.99999999999999,102.19530307530242,-1.1376822507692206,2086.0,2022-03-07 20:40:00,IOP9,RA,,,,719.9764608847587,2081.0,0.7128479810740186,1076.0,2086.0,2086.0,690.0,0.6941519629700349,RA,1.574019503788221,-2.1956590741816466,CU_DOW,DOW-CAN-SE,2081.0,2776.0,"soundings_wintremix/upperair.sounding.202203072000.CU_DOW-CAN_SE.csv,soundings_wintremix/upperair.sounding.202203072200.CU_DOW-CAN_SE.csv",1005.0,2022-03-07 20:40:00,CU_DOW2022-03-07 20:40:00,False,,,,
633,-585.790626776773,100.0,101.37587686164862,-0.9448235915754405,456.0,2022-03-07 20:50:00,IOP9,RA,,,,795.7397001465496,2111.0,0.7651343270639899,1076.0,456.0,456.0,615.0,0.6858829537125374,RA,1.509141697732686,-1.3768692526352388,CU_DOW,DOW-CAN-SE,2111.0,1071.0,"soundings_wintremix/upperair.sounding.202203072000.CU_DOW-CAN_SE.csv,soundings_wintremix/upperair.sounding.202203072200.CU_DOW-CAN_SE.csv",1035.0,2022-03-07 20:50:00,CU_DOW2022-03-07 20:50:00,False,,,,
634,-521.7645940944931,100.0,101.23833872912665,-0.8553517935975297,456.0,2022-03-07 21:00:00,IOP9,RA,,,,878.0849901639834,2156.0,0.8019041006063775,1066.0,456.0,456.0,605.0,0.6776139444550398,RA,1.4442638916771506,-1.238758352562488,CU_DOW,DOW-CAN-SE,2156.0,1061.0,"soundings_wintremix/upperair.sounding.202203072000.CU_DOW-CAN_SE.csv,soundings_wintremix/upperair.sounding.202203072200.CU_DOW-CAN_SE.csv",1090.0,2022-03-07 21:00:00,CU_DOW2022-03-07 21:00:00,False,,,,
635,-459.4056300690207,100.0,101.11633225403526,-0.7721103026370095,461.0,2022-03-07 21:10:00,IOP9,RA,,,,968.0311595500708,2186.0,0.8528908894714279,1056.0,461.0,461.0,590.0,0.6693449351975422,RA,1.3806577934723414,-1.1160790473335813,CU_DOW,DOW-CAN-SE,2186.0,1051.0,"soundings_wintremix/upperair.sounding.202203072000.CU_DOW-CAN_SE.csv,soundings_wintremix/upperair.sounding.202203072200.CU_DOW-CAN_SE.csv",1130.0,2022-03-07 21:10:00,CU_DOW2022-03-07 21:10:00,False,,,,
636,-398.9126202872857,99.99999999999999,101.01833231992427,-0.6937610787604969,466.0,2022-03-07 21:20:00,IOP9,RA,,,,1063.9367635880617,2216.0,0.9016413250746287,1041.0,466.0,466.0,570.0,0.6610759259400447,RA,1.320949472607004,-1.0174260291071144,CU_DOW,DOW-CAN-SE,2216.0,1036.0,"soundings_wintremix/upperair.sounding.202203072000.CU_DOW-CAN_SE.csv,soundings_wintremix/upperair.sounding.202203072200.CU_DOW-CAN_SE.csv",1175.0,2022-03-07 21:20:00,CU_DOW2022-03-07 21:20:00,False,,,,
637,-341.75945481952186,100.0,100.93199860505935,-0.6157828014766159,471.0,2022-03-07 21:30:00,IOP9,RA,,,,1166.7707516495484,2236.0,0.9603051453905748,1026.0,471.0,471.0,550.0,0.6528069166825472,RA,1.3030167550451017,-0.9304338786352438,CU_DOW,DOW-CAN-SE,2236.0,1021.0,"soundings_wintremix/upperair.sounding.202203072000.CU_DOW-CAN_SE.csv,soundings_wintremix/upperair.sounding.202203072200.CU_DOW-CAN_SE.csv",1210.0,2022-03-07 21:30:00,CU_DOW2022-03-07 21:30:00,False,,,,
638,-289.2344944988249,100.0,100.84574232521565,-0.5509228466644284,476.0,2022-03-07 21:40:00,IOP9,RA,,,,1278.0579970544431,2266.0,1.0063448795704277,1001.0,476.0,476.0,520.0,0.6445379074250497,RA,1.448071780842199,-0.8434417281633734,CU_DOW,DOW-CAN-SE,2266.0,996.0,"soundings_wintremix/upperair.sounding.202203072000.CU_DOW-CAN_SE.csv,soundings_wintremix/upperair.sounding.202203072200.CU_DOW-CAN_SE.csv",1265.0,2022-03-07 21:40:00,CU_DOW2022-03-07 21:40:00,False,,,,
639,-193.8562915120951,100.0,100.67522483590847,-0.39162887174160627,481.0,2022-03-07 22:00:00,IOP9,RA,,,,1521.336143057253,2316.0,1.1311049390760246,976.0,481.0,481.0,490.0,0.6349730000000022,RA,1.7496898010086794,-0.6712394240653552,CU_DOW,DOW-CAN-SE,2316.0,971.0,"soundings_wintremix/upperair.sounding.202203072200.CU_DOW-CAN_SE.csv,soundings_wintremix/upperair.sounding.202203080000.CU_DOW-CAN_SE.csv",1340.0,2022-03-07 22:00:00,CU_DOW2022-03-07 22:00:00,False,,,,
640,-193.8562915120951,100.0,100.67522483590847,-0.39162887174160627,481.0,2022-03-07 22:10:00,IOP9,RA,,,,1521.336143057253,2316.0,1.1311049390760246,976.0,481.0,481.0,490.0,0.6388144691907393,RA,1.7496898010086794,-0.6712394240653552,CU_DOW,DOW-CAN-SE,2316.0,971.0,"soundings_wintremix/upperair.sounding.202203072200.CU_DOW-CAN_SE.csv,soundings_wintremix/upperair.sounding.202203080000.CU_DOW-CAN_SE.csv",1340.0,2022-03-07 22:10:00,CU_DOW2022-03-07 22:10:00,True,upperair.sounding.202203072200.CU_DOW-CAN_SE.csv,,,
641,-208.1610108766808,100.0,100.730160051128,-0.4525239366884366,486.0,2022-03-07 22:20:00,IOP9,RA,,,,1618.390862019159,2316.0,1.177011536013934,946.0,486.0,486.0,455.0,0.6426559383814764,RA,1.761095996982752,-0.7267508695951103,CU_DOW,DOW-CAN-SE,2316.0,941.0,"soundings_wintremix/upperair.sounding.202203072200.CU_DOW-CAN_SE.csv,soundings_wintremix/upperair.sounding.202203080000.CU_DOW-CAN_SE.csv",1370.0,2022-03-07 22:20:00,CU_DOW2022-03-07 22:20:00,False,,,,
642,-216.394317214405,100.0,100.76068310780339,-0.47559190596572526,486.0,2022-03-07 22:30:00,IOP9,RA,,,,1667.9991083495722,2316.0,1.208695006050415,941.0,486.0,486.0,450.0,0.6464974075722134,RA,1.8026464206210893,-0.7575803484295156,CU_DOW,DOW-CAN-SE,2316.0,936.0,"soundings_wintremix/upperair.sounding.202203072200.CU_DOW-CAN_SE.csv,soundings_wintremix/upperair.sounding.202203080000.CU_DOW-CAN_SE.csv",1375.0,2022-03-07 22:30:00,CU_DOW2022-03-07 22:30:00,False,,,,
643,-224.82811419415458,99.99999999999999,100.81273875257972,-0.4941277235036364,486.0,2022-03-07 22:40:00,IOP9,RA,,,,1717.8136056887088,2321.0,1.240298632266216,941.0,486.0,486.0,450.0,0.6503388767629504,RA,1.8901931206971498,-0.8101359443983399,CU_DOW,DOW-CAN-SE,2321.0,936.0,"soundings_wintremix/upperair.sounding.202203072200.CU_DOW-CAN_SE.csv,soundings_wintremix/upperair.sounding.202203080000.CU_DOW-CAN_SE.csv",1380.0,2022-03-07 22:40:00,CU_DOW2022-03-07 22:40:00,False,,,,
644,-233.42064345432127,100.0,100.86482265167096,-0.5187125410096027,486.0,2022-03-07 22:50:00,IOP9,RA,,,,1767.8069886092394,2321.0,1.2718035889275103,936.0,486.0,486.0,445.0,0.6541803459536876,RA,1.977739820773211,-0.8626915403671642,CU_DOW,DOW-CAN-SE,2321.0,931.0,"soundings_wintremix/upperair.sounding.202203072200.CU_DOW-CAN_SE.csv,soundings_wintremix/upperair.sounding.202203080000.CU_DOW-CAN_SE.csv",1385.0,2022-03-07 22:50:00,CU_DOW2022-03-07 22:50:00,False,,,,
645,-242.05353231048568,100.0,100.9169348182237,-0.537896738467746,486.0,2022-03-07 23:00:00,IOP9,RA,,,,1817.840731125767,2321.0,1.3077990871408396,936.0,486.0,486.0,445.0,0.6580218151444246,RA,2.065286520849272,-0.9152471363359884,CU_DOW,DOW-CAN-SE,2321.0,931.0,"soundings_wintremix/upperair.sounding.202203072200.CU_DOW-CAN_SE.csv,soundings_wintremix/upperair.sounding.202203080000.CU_DOW-CAN_SE.csv",1385.0,2022-03-07 23:00:00,CU_DOW2022-03-07 23:00:00,False,,,,
646,-250.68642116665015,100.0,100.96907526538433,-0.5570809359258891,486.0,2022-03-07 23:10:00,IOP9,RA,,,,1867.8744736422955,2321.0,1.3437945853541693,936.0,486.0,486.0,445.0,0.6618632843351617,RA,2.1556359692329234,-0.9678027323048127,CU_DOW,DOW-CAN-SE,2321.0,931.0,"soundings_wintremix/upperair.sounding.202203072200.CU_DOW-CAN_SE.csv,soundings_wintremix/upperair.sounding.202203080000.CU_DOW-CAN_SE.csv",1385.0,2022-03-07 23:10:00,CU_DOW2022-03-07 23:10:00,False,,,,
647,-259.31931002281453,99.99999999999999,101.02124400629913,-0.5762651333840323,486.0,2022-03-07 23:20:00,IOP9,RA,,,,1917.9082161588228,2321.0,1.3797900835674985,936.0,486.0,486.0,445.0,0.6657047535258986,RA,2.2464510329842797,-1.0203583282736373,CU_DOW,DOW-CAN-SE,2321.0,931.0,"soundings_wintremix/upperair.sounding.202203072200.CU_DOW-CAN_SE.csv,soundings_wintremix/upperair.sounding.202203080000.CU_DOW-CAN_SE.csv",1385.0,2022-03-07 23:20:00,CU_DOW2022-03-07 23:20:00,False,,,,
648,-268.0443629236342,100.0,101.07344105411438,-0.6023468829744589,486.0,2022-03-07 23:30:00,IOP9,RA,,,,1968.034122720006,2321.0,1.4107771489032301,931.0,486.0,486.0,440.0,0.6695462227166358,RA,2.3372660967356373,-1.0729139242424612,CU_DOW,DOW-CAN-SE,2321.0,926.0,"soundings_wintremix/upperair.sounding.202203072200.CU_DOW-CAN_SE.csv,soundings_wintremix/upperair.sounding.202203080000.CU_DOW-CAN_SE.csv",1390.0,2022-03-07 23:30:00,CU_DOW2022-03-07 23:30:00,False,,,,
649,-276.78938325783054,100.0,101.12566642197648,-0.6219986140625404,486.0,2022-03-07 23:40:00,IOP9,RA,,,,2018.1912036561957,2326.0,1.4415651454687113,931.0,486.0,486.0,440.0,0.6733876919073729,RA,2.4280811604869945,-1.1254695202112857,CU_DOW,DOW-CAN-SE,2326.0,926.0,"soundings_wintremix/upperair.sounding.202203072200.CU_DOW-CAN_SE.csv,soundings_wintremix/upperair.sounding.202203080000.CU_DOW-CAN_SE.csv",1395.0,2022-03-07 23:40:00,CU_DOW2022-03-07 23:40:00,False,,,,
650,,,,,,2022-03-08 00:00:00,IOP9,RA,,,,,,,,,,,,RA,,,CU_DOW,DOW-CAN-SE,,,,,2022-03-08 00:00:00,CU_DOW2022-03-08 00:00:00,False,,,,
651,-294.2764149136948,100.0,101.23419301754028,-0.6764975055487237,499.0,2022-03-08 00:10:00,IOP9,RA,,,,2118.713467106957,2324.0,1.5187910158472808,934.0,499.0,499.0,430.0,,RA,2.6140199427091053,-1.2345921974319318,CU_DOW,DOW-CAN-SE,2324.0,929.0,,1390.0,2022-03-08 00:10:00,CU_DOW2022-03-08 00:10:00,True,upperair.sounding.202203080000.CU_DOW-CAN_SE.csv,,,
652,,,,,,2022-03-08 00:20:00,IOP9,RA,,,,,,,,,,,,RA,,,CU_DOW,DOW-CAN-SE,,,,,2022-03-08 00:20:00,CU_DOW2022-03-08 00:20:00,False,,,,
653,,,,,,2022-03-08 00:30:00,IOP9,RA,,,,,,,,,,,,RA,,,CU_DOW,DOW-CAN-SE,,,,,2022-03-08 00:30:00,CU_DOW2022-03-08 00:30:00,False,,,,
654,,,,,,2022-03-08 00:40:00,IOP9,RA,,,,,,,,,,,,RA,,,CU_DOW,DOW-CAN-SE,,,,,2022-03-08 00:40:00,CU_DOW2022-03-08 00:40:00,False,,,,
655,,,,,,2022-03-08 00:50:00,IOP9,RA,,,,,,,,,,,,RA,,,CU_DOW,DOW-CAN-SE,,,,,2022-03-08 00:50:00,CU_DOW2022-03-08 00:50:00,False,,,,
656,,,,,,2022-03-08 01:00:00,IOP9,RA,,,,,,,,,,,,RA,,,CU_DOW,DOW-CAN-SE,,,,,2022-03-08 01:00:00,CU_DOW2022-03-08 01:00:00,False,,,,
657,,,,,,2022-03-08 01:10:00,IOP9,RA,,,,,,,,,,,,RA,,,CU_DOW,DOW-CAN-SE,,,,,2022-03-08 01:10:00,CU_DOW2022-03-08 01:10:00,False,,,,
1717,,,,,,,,,,,,,,,,,,,,,,,,,,,,0.0,2022-02-03 01:10:00,Gault2022-02-03 01:10:00,True,upperair.sounding.202202030100.McGill-Gault.txt,,,
658,,,,,,2022-02-03 02:00:00,IOP1,RA,,,,,,,,,,,3.574492753623188,RA,,,Gault,Gault,,,"soundings_wintremix/upperair.sounding.202202030100.McGill-Gault.txt,soundings_wintremix/upperair.sounding.202202030230.McGill-Gault.txt",0.0,2022-02-03 02:00:00,Gault2022-02-03 02:00:00,False,,,,
659,,,,,,2022-02-03 02:11:00,IOP1,RA,,,,,,,,,,,3.5368164251207728,RA,,,Gault,Gault,,,"soundings_wintremix/upperair.sounding.202202030100.McGill-Gault.txt,soundings_wintremix/upperair.sounding.202202030230.McGill-Gault.txt",0.0,2022-02-03 02:10:00,Gault2022-02-03 02:10:00,False,,,,
660,,,,,,2022-02-03 02:20:00,IOP1,,RA,,,,,,,,,,3.505990338164251,,,,Gault,Gault,,,"soundings_wintremix/upperair.sounding.202202030100.McGill-Gault.txt,soundings_wintremix/upperair.sounding.202202030230.McGill-Gault.txt",0.0,2022-02-03 02:20:00,Gault2022-02-03 02:20:00,False,,,,
661,,,,,,2022-02-03 02:31:00,IOP1,RA,,,,,,,,,,,3.443713101160862,RA,,,Gault,Gault,,,"soundings_wintremix/upperair.sounding.202202030230.McGill-Gault.txt,soundings_wintremix/upperair.sounding.202202030400.McGill-Gault.txt",0.0,2022-02-03 02:30:00,Gault2022-02-03 02:30:00,False,,,,
662,,,,,,2022-02-03 02:44:00,IOP1,RA,,,,,,,,,,,3.231983416252073,RA,,,Gault,Gault,,,"soundings_wintremix/upperair.sounding.202202030230.McGill-Gault.txt,soundings_wintremix/upperair.sounding.202202030400.McGill-Gault.txt",0.0,2022-02-03 02:40:00,Gault2022-02-03 02:40:00,True,upperair.sounding.202202030230.McGill-Gault.txt,,,
663,,,,,,2022-02-03 02:50:00,IOP1,RA,,,,,,,,,,,3.1342620232172473,RA,,,Gault,Gault,,,"soundings_wintremix/upperair.sounding.202202030230.McGill-Gault.txt,soundings_wintremix/upperair.sounding.202202030400.McGill-Gault.txt",0.0,2022-02-03 02:50:00,Gault2022-02-03 02:50:00,False,,,,
664,,,,,,2022-02-03 03:00:00,IOP1,RA,,,,,,,,,,,2.9713930348258706,RA,,,Gault,Gault,,,"soundings_wintremix/upperair.sounding.202202030230.McGill-Gault.txt,soundings_wintremix/upperair.sounding.202202030400.McGill-Gault.txt",0.0,2022-02-03 03:00:00,Gault2022-02-03 03:00:00,False,,,,
665,,,,,,2022-02-03 03:10:00,IOP1,RA,,,,,,,,,,,2.8085240464344943,RA,,,Gault,Gault,,,"soundings_wintremix/upperair.sounding.202202030230.McGill-Gault.txt,soundings_wintremix/upperair.sounding.202202030400.McGill-Gault.txt",0.0,2022-02-03 03:10:00,Gault2022-02-03 03:10:00,False,,,,
666,,,,,,2022-02-03 03:20:00,IOP1,RA,,,,,,,,,,,2.6456550580431175,RA,,,Gault,Gault,,,"soundings_wintremix/upperair.sounding.202202030230.McGill-Gault.txt,soundings_wintremix/upperair.sounding.202202030400.McGill-Gault.txt",0.0,2022-02-03 03:20:00,Gault2022-02-03 03:20:00,False,,,,
667,,,,,,2022-02-03 03:30:00,IOP1,RA,,,,,,,,,,,2.482786069651741,RA,,,Gault,Gault,,,"soundings_wintremix/upperair.sounding.202202030230.McGill-Gault.txt,soundings_wintremix/upperair.sounding.202202030400.McGill-Gault.txt",0.0,2022-02-03 03:30:00,Gault2022-02-03 03:30:00,False,,,,
668,,,,,,2022-02-03 03:40:00,IOP1,RA,,,,,,,,,,,2.319917081260365,RA,,,Gault,Gault,,,"soundings_wintremix/upperair.sounding.202202030230.McGill-Gault.txt,soundings_wintremix/upperair.sounding.202202030400.McGill-Gault.txt",0.0,2022-02-03 03:40:00,Gault2022-02-03 03:40:00,False,,,,
669,,,,,,2022-02-03 03:50:00,IOP1,RA,,,,,,,,,,,2.1570480928689886,RA,,,Gault,Gault,,,"soundings_wintremix/upperair.sounding.202202030230.McGill-Gault.txt,soundings_wintremix/upperair.sounding.202202030400.McGill-Gault.txt",0.0,2022-02-03 03:50:00,Gault2022-02-03 03:50:00,False,,,,
670,,,,,,2022-02-03 04:03:00,IOP1,RA,,,,,,,,,,,1.9452469135802468,RA,,,Gault,Gault,,,"soundings_wintremix/upperair.sounding.202202030400.McGill-Gault.txt,soundings_wintremix/upperair.sounding.202202030530.McGill-Gault.txt",0.0,2022-02-03 04:00:00,Gault2022-02-03 04:00:00,False,,,,
671,,,,,,2022-02-03 04:13:00,IOP1,RA,,,,,,,,,,,1.862736625514403,RA,,,Gault,Gault,,,"soundings_wintremix/upperair.sounding.202202030400.McGill-Gault.txt,soundings_wintremix/upperair.sounding.202202030530.McGill-Gault.txt",0.0,2022-02-03 04:10:00,Gault2022-02-03 04:10:00,True,upperair.sounding.202202030400.McGill-Gault.txt,,,
672,,,,,,2022-02-03 04:20:00,IOP1,RA,,,,,,,,,,,1.8049794238683128,RA,,,Gault,Gault,,,"soundings_wintremix/upperair.sounding.202202030400.McGill-Gault.txt,soundings_wintremix/upperair.sounding.202202030530.McGill-Gault.txt",0.0,2022-02-03 04:20:00,Gault2022-02-03 04:20:00,False,,,,
673,,,,,,2022-02-03 04:32:00,IOP1,RA,,,,,,,,,,,1.7059670781893004,RA,,,Gault,Gault,,,"soundings_wintremix/upperair.sounding.202202030400.McGill-Gault.txt,soundings_wintremix/upperair.sounding.202202030530.McGill-Gault.txt",0.0,2022-02-03 04:30:00,Gault2022-02-03 04:30:00,False,,,,
674,-2.6196887171594736,95.97176372544793,95.98486485536249,-0.04366147861932456,420.0,2022-02-03 04:40:00,IOP1,RA,,,,366.09829887294325,415.0,0.8716626163641508,0.0,420.0,420.0,55.0,1.6399588477366256,RA,1.7687753333952165,-0.0662964280069542,Gault,Gault,415.0,475.0,"soundings_wintremix/upperair.sounding.202202030400.McGill-Gault.txt,soundings_wintremix/upperair.sounding.202202030530.McGill-Gault.txt",415.0,2022-02-03 04:40:00,Gault2022-02-03 04:40:00,False,,,,
675,,,,,,2022-02-03 04:50:00,IOP1,RA,,,,,,,,,,,1.557448559670782,RA,,,Gault,Gault,,,"soundings_wintremix/upperair.sounding.202202030400.McGill-Gault.txt,soundings_wintremix/upperair.sounding.202202030530.McGill-Gault.txt",0.0,2022-02-03 04:50:00,Gault2022-02-03 04:50:00,False,,,,
676,,,,,,2022-02-03 05:00:00,IOP1,RA,,,,,,,,,,,1.4749382716049384,RA,,,Gault,Gault,,,"soundings_wintremix/upperair.sounding.202202030400.McGill-Gault.txt,soundings_wintremix/upperair.sounding.202202030530.McGill-Gault.txt",0.0,2022-02-03 05:00:00,Gault2022-02-03 05:00:00,False,,,,
677,,,,,,2022-02-03 05:10:00,IOP1,RA,SN,,,,,,,,,,1.3924279835390947,SN and RA,,,Gault,Gault,,,"soundings_wintremix/upperair.sounding.202202030400.McGill-Gault.txt,soundings_wintremix/upperair.sounding.202202030530.McGill-Gault.txt",0.0,2022-02-03 05:10:00,Gault2022-02-03 05:10:00,False,,,,
678,,,,,,2022-02-03 05:20:00,IOP1,RA,SN,,,,,,,,,,1.309917695473251,SN and RA,,,Gault,Gault,,,"soundings_wintremix/upperair.sounding.202202030400.McGill-Gault.txt,soundings_wintremix/upperair.sounding.202202030530.McGill-Gault.txt",0.0,2022-02-03 05:20:00,Gault2022-02-03 05:20:00,False,,,,
679,,,,,,2022-02-03 05:33:00,IOP1,RA,SN,,,,,,,,,,1.2222941176470588,SN and RA,,,Gault,Gault,,,"soundings_wintremix/upperair.sounding.202202030530.McGill-Gault.txt,soundings_wintremix/upperair.sounding.202202030700.McGill-Gault.txt",0.0,2022-02-03 05:30:00,Gault2022-02-03 05:30:00,False,,,,
680,,,,,,2022-02-03 05:40:00,IOP1,RA,SN,,,,,,,,,,1.2276470588235293,SN and RA,,,Gault,Gault,,,"soundings_wintremix/upperair.sounding.202202030530.McGill-Gault.txt,soundings_wintremix/upperair.sounding.202202030700.McGill-Gault.txt",0.0,2022-02-03 05:40:00,Gault2022-02-03 05:40:00,True,upperair.sounding.202202030530.McGill-Gault.txt,,,
681,,,,,,2022-02-03 05:51:00,IOP1,RA,SN,,,,,,,,,,1.2360588235294117,SN and RA,,,Gault,Gault,,,"soundings_wintremix/upperair.sounding.202202030530.McGill-Gault.txt,soundings_wintremix/upperair.sounding.202202030700.McGill-Gault.txt",0.0,2022-02-03 05:50:00,Gault2022-02-03 05:50:00,False,,,,
682,,,,,,2022-02-03 06:00:00,IOP1,RA,SN,,,,,,,,,,1.242941176470588,SN and RA,,,Gault,Gault,,,"soundings_wintremix/upperair.sounding.202202030530.McGill-Gault.txt,soundings_wintremix/upperair.sounding.202202030700.McGill-Gault.txt",0.0,2022-02-03 06:00:00,Gault2022-02-03 06:00:00,False,,,,
683,,,,,,2022-02-03 06:11:00,IOP1,RA,SN,,,,,,,,,,1.2513529411764706,SN and RA,,,Gault,Gault,,,"soundings_wintremix/upperair.sounding.202202030530.McGill-Gault.txt,soundings_wintremix/upperair.sounding.202202030700.McGill-Gault.txt",0.0,2022-02-03 06:10:00,Gault2022-02-03 06:10:00,False,,,,
684,,,,,,2022-02-03 06:20:00,IOP1,RA,,,,,,,,,,,1.2582352941176471,RA,,,Gault,Gault,,,"soundings_wintremix/upperair.sounding.202202030530.McGill-Gault.txt,soundings_wintremix/upperair.sounding.202202030700.McGill-Gault.txt",0.0,2022-02-03 06:20:00,Gault2022-02-03 06:20:00,False,,,,
685,,,,,,2022-02-03 06:30:00,IOP1,RA,,,,,,,,,,,1.2658823529411762,RA,,,Gault,Gault,,,"soundings_wintremix/upperair.sounding.202202030530.McGill-Gault.txt,soundings_wintremix/upperair.sounding.202202030700.McGill-Gault.txt",0.0,2022-02-03 06:30:00,Gault2022-02-03 06:30:00,False,,,,
686,,,,,,2022-02-03 06:40:00,IOP1,RA,,,,,,,,,,,1.2735294117647058,RA,,,Gault,Gault,,,"soundings_wintremix/upperair.sounding.202202030530.McGill-Gault.txt,soundings_wintremix/upperair.sounding.202202030700.McGill-Gault.txt",0.0,2022-02-03 06:40:00,Gault2022-02-03 06:40:00,False,,,,
687,,,,,,2022-02-03 06:50:00,IOP1,RA,,,,,,,,,,,1.2811764705882354,RA,,,Gault,Gault,,,"soundings_wintremix/upperair.sounding.202202030530.McGill-Gault.txt,soundings_wintremix/upperair.sounding.202202030700.McGill-Gault.txt",0.0,2022-02-03 06:50:00,Gault2022-02-03 06:50:00,False,,,,
688,,,,,,2022-02-03 07:04:00,IOP1,RA,,,,,,,,,,,,RA,,,Gault,Gault,,,,,2022-02-03 07:00:00,Gault2022-02-03 07:00:00,False,,,,
689,,,,,,2022-02-03 07:10:00,IOP1,RA,,,,,,,,,,,,RA,,,Gault,Gault,,,,0.0,2022-02-03 07:10:00,Gault2022-02-03 07:10:00,True,upperair.sounding.202202030700.McGill-Gault.txt,,,
690,,,,,,2022-02-03 07:20:00,IOP1,RA,,,,,,,,,,,,RA,,,Gault,Gault,,,,,2022-02-03 07:20:00,Gault2022-02-03 07:20:00,False,,,,
691,,,,,,2022-02-03 07:30:00,IOP1,RA,,,,,,,,,,,,RA,,,Gault,Gault,,,,,2022-02-03 07:30:00,Gault2022-02-03 07:30:00,False,,,,
692,,,,,,2022-02-03 07:40:00,IOP1,RA,,,,,,,,,,,,RA,,,Gault,Gault,,,,,2022-02-03 07:40:00,Gault2022-02-03 07:40:00,False,,,,
693,,,,,,2022-02-03 07:50:00,IOP1,RA,,,,,,,,,,,,RA,,,Gault,Gault,,,,,2022-02-03 07:50:00,Gault2022-02-03 07:50:00,False,,,,
694,,,,,,2022-02-03 08:00:00,IOP1,SN,,,,,,,,,,,,SN,,,Gault,Gault,,,,,2022-02-03 08:00:00,Gault2022-02-03 08:00:00,False,,,,
695,,,,,,2022-02-10 10:10:00,IOP2,,,,,,,,,,,,2.5614251207729466,,,,Gault,Gault,,,"soundings_wintremix/upperair.sounding.202202101000.McGill-Gault.txt,soundings_wintremix/upperair.sounding.202202101200.McGill-Gault.txt",0.0,2022-02-10 10:10:00,Gault2022-02-10 10:10:00,True,upperair.sounding.202202101000.McGill-Gault.txt,,,
696,,,,,,2022-02-10 10:20:00,IOP2,,,,,,,,,,,,2.482850241545894,,,,Gault,Gault,,,"soundings_wintremix/upperair.sounding.202202101000.McGill-Gault.txt,soundings_wintremix/upperair.sounding.202202101200.McGill-Gault.txt",0.0,2022-02-10 10:20:00,Gault2022-02-10 10:20:00,False,,,,
697,,,,,,2022-02-10 10:30:00,IOP2,,,,,,,,,,,,2.4042753623188404,,,,Gault,Gault,,,"soundings_wintremix/upperair.sounding.202202101000.McGill-Gault.txt,soundings_wintremix/upperair.sounding.202202101200.McGill-Gault.txt",0.0,2022-02-10 10:30:00,Gault2022-02-10 10:30:00,False,,,,
698,,,,,,2022-02-10 10:40:00,IOP2,,,,,,,,,,,,2.3257004830917873,,,,Gault,Gault,,,"soundings_wintremix/upperair.sounding.202202101000.McGill-Gault.txt,soundings_wintremix/upperair.sounding.202202101200.McGill-Gault.txt",0.0,2022-02-10 10:40:00,Gault2022-02-10 10:40:00,False,,,,
699,,,,,,2022-02-10 10:50:00,IOP2,,,,,,,,,,,,2.2471256038647347,,,,Gault,Gault,,,"soundings_wintremix/upperair.sounding.202202101000.McGill-Gault.txt,soundings_wintremix/upperair.sounding.202202101200.McGill-Gault.txt",0.0,2022-02-10 10:50:00,Gault2022-02-10 10:50:00,False,,,,
700,,,,,,2022-02-10 11:00:00,IOP2,,,,,,,,,,,,2.168550724637681,,,,Gault,Gault,,,"soundings_wintremix/upperair.sounding.202202101000.McGill-Gault.txt,soundings_wintremix/upperair.sounding.202202101200.McGill-Gault.txt",0.0,2022-02-10 11:00:00,Gault2022-02-10 11:00:00,False,,,,
701,,,,,,2022-02-10 11:10:00,IOP2,,,,,,,,,,,,2.089975845410628,,,,Gault,Gault,,,"soundings_wintremix/upperair.sounding.202202101000.McGill-Gault.txt,soundings_wintremix/upperair.sounding.202202101200.McGill-Gault.txt",0.0,2022-02-10 11:10:00,Gault2022-02-10 11:10:00,False,,,,
702,,,,,,2022-02-10 11:20:00,IOP2,,,,,,,,,,,,2.0114009661835746,,,,Gault,Gault,,,"soundings_wintremix/upperair.sounding.202202101000.McGill-Gault.txt,soundings_wintremix/upperair.sounding.202202101200.McGill-Gault.txt",0.0,2022-02-10 11:20:00,Gault2022-02-10 11:20:00,False,,,,
703,,,,,,2022-02-10 11:30:00,IOP2,,,,,,,,,,,,1.932826086956522,,,,Gault,Gault,,,"soundings_wintremix/upperair.sounding.202202101000.McGill-Gault.txt,soundings_wintremix/upperair.sounding.202202101200.McGill-Gault.txt",0.0,2022-02-10 11:30:00,Gault2022-02-10 11:30:00,False,,,,
704,,,,,,2022-02-10 11:40:00,IOP2,,,,,,,,,,,,1.8542512077294686,,,,Gault,Gault,,,"soundings_wintremix/upperair.sounding.202202101000.McGill-Gault.txt,soundings_wintremix/upperair.sounding.202202101200.McGill-Gault.txt",0.0,2022-02-10 11:40:00,Gault2022-02-10 11:40:00,False,,,,
705,,,,,,2022-02-10 11:50:00,IOP2,,,,,,,,,,,,1.7756763285024153,,,,Gault,Gault,,,"soundings_wintremix/upperair.sounding.202202101000.McGill-Gault.txt,soundings_wintremix/upperair.sounding.202202101200.McGill-Gault.txt",0.0,2022-02-10 11:50:00,Gault2022-02-10 11:50:00,False,,,,
706,,,,,,2022-02-10 12:00:00,IOP2,,,,,,,,,,,,,,,,Gault,Gault,,,,,2022-02-10 12:00:00,Gault2022-02-10 12:00:00,False,,,,
707,-212.06015843156806,94.95838709677419,96.23183972375776,-0.8002270129493135,200.0,2022-02-10 12:10:00,IOP2,,,,,255.5838237143633,755.0,0.8663858430995366,465.0,200.0,200.0,260.0,,,1.5082758620689656,-1.3616129032258064,Gault,Gault,755.0,460.0,,290.0,2022-02-10 12:10:00,Gault2022-02-10 12:10:00,True,upperair.sounding.202202101200.McGill-Gault.txt,,,
708,,,,,,2022-02-10 12:20:00,IOP2,,,,,,,,,,,,,,,,Gault,Gault,,,,,2022-02-10 12:20:00,Gault2022-02-10 12:20:00,False,,,,
709,,,,,,2022-02-10 12:30:00,IOP2,,,,,,,,,,,,,,,,Gault,Gault,,,,,2022-02-10 12:30:00,Gault2022-02-10 12:30:00,False,,,,
710,,,,,,2022-02-10 12:40:00,IOP2,,,,,,,,,,,,,,,,Gault,Gault,,,,,2022-02-10 12:40:00,Gault2022-02-10 12:40:00,False,,,,
711,,,,,,2022-02-10 12:50:00,IOP2,,,,,,,,,,,,,,,,Gault,Gault,,,,,2022-02-10 12:50:00,Gault2022-02-10 12:50:00,False,,,,
712,,,,,,2022-02-10 13:00:00,IOP2,,,,,,,,,,,,,,,,Gault,Gault,,,,,2022-02-10 13:00:00,Gault2022-02-10 13:00:00,False,,,,
713,,,,,,2022-02-10 13:10:00,IOP2,,,,,,,,,,,,,,,,Gault,Gault,,,,,2022-02-10 13:10:00,Gault2022-02-10 13:10:00,False,,,,
714,,,,,,2022-02-10 13:20:00,IOP2,,,,,,,,,,,,,,,,Gault,Gault,,,,,2022-02-10 13:20:00,Gault2022-02-10 13:20:00,False,,,,
715,,,,,,2022-02-10 13:30:00,IOP2,,,,,,,,,,,,,,,,Gault,Gault,,,,,2022-02-10 13:30:00,Gault2022-02-10 13:30:00,False,,,,
716,,,,,,2022-02-12 00:18:00,IOP3,,,,,,,,,,,,,,,,Gault,Gault,,,,,2022-02-12 00:20:00,Gault2022-02-12 00:20:00,False,,,,
717,,,,,,2022-02-12 00:30:00,IOP3,,,,,,,,,,,,,,,,Gault,Gault,,,,,2022-02-12 00:30:00,Gault2022-02-12 00:30:00,False,,,,
718,,,,,,2022-02-12 00:40:00,IOP3,,,,,,,,,,,,,,,,Gault,Gault,,,,,2022-02-12 00:40:00,Gault2022-02-12 00:40:00,False,,,,
719,,,,,,2022-02-12 00:50:00,IOP3,,,,,,,,,,,,,,,,Gault,Gault,,,,,2022-02-12 00:50:00,Gault2022-02-12 00:50:00,False,,,,
720,,,,,,2022-02-12 01:00:00,IOP3,,,,,,,,,,,,5.9,,,,Gault,Gault,,,"soundings_wintremix/upperair.sounding.202202120100.McGill-Gault.txt,soundings_wintremix/upperair.sounding.202202120230.McGill-Gault.txt",0.0,2022-02-12 01:00:00,Gault2022-02-12 01:00:00,False,,,,
721,,,,,,2022-02-12 01:10:00,IOP3,,,,,,,,,,,,5.897186379928315,,,,Gault,Gault,,,"soundings_wintremix/upperair.sounding.202202120100.McGill-Gault.txt,soundings_wintremix/upperair.sounding.202202120230.McGill-Gault.txt",0.0,2022-02-12 01:10:00,Gault2022-02-12 01:10:00,True,upperair.sounding.202202120100.McGill-Gault.txt,,,
722,,,,,,2022-02-12 01:20:00,IOP3,,,,,,,,,,,,5.894372759856632,,,,Gault,Gault,,,"soundings_wintremix/upperair.sounding.202202120100.McGill-Gault.txt,soundings_wintremix/upperair.sounding.202202120230.McGill-Gault.txt",0.0,2022-02-12 01:20:00,Gault2022-02-12 01:20:00,False,,,,
723,,,,,,2022-02-12 01:30:00,IOP3,,,,,,,,,,,,5.891559139784946,,,,Gault,Gault,,,"soundings_wintremix/upperair.sounding.202202120100.McGill-Gault.txt,soundings_wintremix/upperair.sounding.202202120230.McGill-Gault.txt",0.0,2022-02-12 01:30:00,Gault2022-02-12 01:30:00,False,,,,
724,,,,,,2022-02-12 01:40:00,IOP3,,,,,,,,,,,,5.888745519713262,,,,Gault,Gault,,,"soundings_wintremix/upperair.sounding.202202120100.McGill-Gault.txt,soundings_wintremix/upperair.sounding.202202120230.McGill-Gault.txt",0.0,2022-02-12 01:40:00,Gault2022-02-12 01:40:00,False,,,,
725,,,,,,2022-02-12 01:50:00,IOP3,,,,,,,,,,,,5.8859318996415775,,,,Gault,Gault,,,"soundings_wintremix/upperair.sounding.202202120100.McGill-Gault.txt,soundings_wintremix/upperair.sounding.202202120230.McGill-Gault.txt",0.0,2022-02-12 01:50:00,Gault2022-02-12 01:50:00,False,,,,
726,,,,,,2022-02-12 02:00:00,IOP3,,,,,,,,,,,,5.883118279569892,,,,Gault,Gault,,,"soundings_wintremix/upperair.sounding.202202120100.McGill-Gault.txt,soundings_wintremix/upperair.sounding.202202120230.McGill-Gault.txt",0.0,2022-02-12 02:00:00,Gault2022-02-12 02:00:00,False,,,,
727,,,,,,2022-02-12 02:10:00,IOP3,,,,,,,,,,,,5.880304659498208,,,,Gault,Gault,,,"soundings_wintremix/upperair.sounding.202202120100.McGill-Gault.txt,soundings_wintremix/upperair.sounding.202202120230.McGill-Gault.txt",0.0,2022-02-12 02:10:00,Gault2022-02-12 02:10:00,False,,,,
728,,,,,,2022-02-12 02:20:00,IOP3,,,,,,,,,,,,5.877491039426523,,,,Gault,Gault,,,"soundings_wintremix/upperair.sounding.202202120100.McGill-Gault.txt,soundings_wintremix/upperair.sounding.202202120230.McGill-Gault.txt",0.0,2022-02-12 02:20:00,Gault2022-02-12 02:20:00,False,,,,
729,,,,,,2022-02-12 02:30:00,IOP3,,,,,,,,,,,,5.53,,,,Gault,Gault,,,"soundings_wintremix/upperair.sounding.202202120230.McGill-Gault.txt,soundings_wintremix/upperair.sounding.202202120400.McGill-Gault.txt",0.0,2022-02-12 02:30:00,Gault2022-02-12 02:30:00,False,,,,
730,,,,,,2022-02-12 02:40:00,IOP3,,,,,,,,,,,,5.468185451638689,,,,Gault,Gault,,,"soundings_wintremix/upperair.sounding.202202120230.McGill-Gault.txt,soundings_wintremix/upperair.sounding.202202120400.McGill-Gault.txt",0.0,2022-02-12 02:40:00,Gault2022-02-12 02:40:00,True,upperair.sounding.202202120230.McGill-Gault.txt,,,
731,,,,,,2022-02-12 02:50:00,IOP3,,,,,,,,,,,,5.406370903277378,,,,Gault,Gault,,,"soundings_wintremix/upperair.sounding.202202120230.McGill-Gault.txt,soundings_wintremix/upperair.sounding.202202120400.McGill-Gault.txt",0.0,2022-02-12 02:50:00,Gault2022-02-12 02:50:00,False,,,,
732,,,,,,2022-02-12 03:00:00,IOP3,,,,,,,,,,,,5.344556354916067,,,,Gault,Gault,,,"soundings_wintremix/upperair.sounding.202202120230.McGill-Gault.txt,soundings_wintremix/upperair.sounding.202202120400.McGill-Gault.txt",0.0,2022-02-12 03:00:00,Gault2022-02-12 03:00:00,False,,,,
733,,,,,,2022-02-12 03:10:00,IOP3,,,,,,,,,,,,5.282741806554757,,,,Gault,Gault,,,"soundings_wintremix/upperair.sounding.202202120230.McGill-Gault.txt,soundings_wintremix/upperair.sounding.202202120400.McGill-Gault.txt",0.0,2022-02-12 03:10:00,Gault2022-02-12 03:10:00,False,,,,
734,,,,,,2022-02-12 03:20:00,IOP3,,,,,,,,,,,,5.220927258193445,,,,Gault,Gault,,,"soundings_wintremix/upperair.sounding.202202120230.McGill-Gault.txt,soundings_wintremix/upperair.sounding.202202120400.McGill-Gault.txt",0.0,2022-02-12 03:20:00,Gault2022-02-12 03:20:00,False,,,,
735,,,,,,2022-02-12 03:30:00,IOP3,RA,,,,,,,,,,,5.159112709832135,RA,,,Gault,Gault,,,"soundings_wintremix/upperair.sounding.202202120230.McGill-Gault.txt,soundings_wintremix/upperair.sounding.202202120400.McGill-Gault.txt",0.0,2022-02-12 03:30:00,Gault2022-02-12 03:30:00,False,,,,
736,,,,,,2022-02-12 03:40:00,IOP3,RA,,,,,,,,,,,5.097298161470824,RA,,,Gault,Gault,,,"soundings_wintremix/upperair.sounding.202202120230.McGill-Gault.txt,soundings_wintremix/upperair.sounding.202202120400.McGill-Gault.txt",0.0,2022-02-12 03:40:00,Gault2022-02-12 03:40:00,False,,,,
737,,,,,,2022-02-12 03:50:00,IOP3,RA,,,,,,,,,,,5.035483613109513,RA,,,Gault,Gault,,,"soundings_wintremix/upperair.sounding.202202120230.McGill-Gault.txt,soundings_wintremix/upperair.sounding.202202120400.McGill-Gault.txt",0.0,2022-02-12 03:50:00,Gault2022-02-12 03:50:00,False,,,,
738,,,,,,2022-02-12 04:00:00,IOP3,RA,,,,,,,,,,,,RA,,,Gault,Gault,,,,,2022-02-12 04:00:00,Gault2022-02-12 04:00:00,False,,,,
739,,,,,,2022-02-12 04:10:00,IOP3,,,,,,,,,,,,,,,,Gault,Gault,,,,0.0,2022-02-12 04:10:00,Gault2022-02-12 04:10:00,True,upperair.sounding.202202120400.McGill-Gault.txt,,,
740,,,,,,2022-02-12 04:20:00,IOP3,,,,,,,,,,,,,,,,Gault,Gault,,,,,2022-02-12 04:20:00,Gault2022-02-12 04:20:00,False,,,,
741,,,,,,2022-02-12 04:30:00,IOP3,RA,,,,,,,,,,,,RA,,,Gault,Gault,,,,,2022-02-12 04:30:00,Gault2022-02-12 04:30:00,False,,,,
742,,,,,,2022-02-12 04:40:00,IOP3,RA,,,,,,,,,,,,RA,,,Gault,Gault,,,,,2022-02-12 04:40:00,Gault2022-02-12 04:40:00,False,,,,
743,,,,,,2022-02-12 04:50:00,IOP3,RA,,,,,,,,,,,,RA,,,Gault,Gault,,,,,2022-02-12 04:50:00,Gault2022-02-12 04:50:00,False,,,,
744,,,,,,2022-02-12 05:00:00,IOP3,RA,,,,,,,,,,,,RA,,,Gault,Gault,,,,,2022-02-12 05:00:00,Gault2022-02-12 05:00:00,False,,,,
745,,,,,,2022-02-17 23:00:00,IOP4,RA,,,,,,,,,,,5.22,RA,,,Gault,Gault,,,"soundings_wintremix/upperair.sounding.202202172300.McGill-Gault.txt,soundings_wintremix/upperair.sounding.202202180100.McGill-Gault.txt",0.0,2022-02-17 23:00:00,Gault2022-02-17 23:00:00,False,,2.7074000000000003,4.3155453999999995,99.92809
746,,,,,,2022-02-17 23:10:00,IOP4,RA,,,,,,,,,,,5.01515570934256,RA,,,Gault,Gault,,,"soundings_wintremix/upperair.sounding.202202172300.McGill-Gault.txt,soundings_wintremix/upperair.sounding.202202180100.McGill-Gault.txt",0.0,2022-02-17 23:10:00,Gault2022-02-17 23:10:00,True,upperair.sounding.202202172300.McGill-Gault.txt,2.9421,4.521384899999999,99.93334200000001
747,,,,,,2022-02-17 23:20:00,IOP4,RA,,,,,,,,,,,4.810311418685121,RA,,,Gault,Gault,,,"soundings_wintremix/upperair.sounding.202202172300.McGill-Gault.txt,soundings_wintremix/upperair.sounding.202202180100.McGill-Gault.txt",0.0,2022-02-17 23:20:00,Gault2022-02-17 23:20:00,False,,3.3366,4.1807016,99.938667
748,,,,,,2022-02-17 23:30:00,IOP4,RA,,,,,,,,,,,4.605467128027682,RA,,,Gault,Gault,,,"soundings_wintremix/upperair.sounding.202202172300.McGill-Gault.txt,soundings_wintremix/upperair.sounding.202202180100.McGill-Gault.txt",0.0,2022-02-17 23:30:00,Gault2022-02-17 23:30:00,False,,3.7082,4.1242652,99.929687
749,,,,,,2022-02-17 23:40:00,IOP4,RA,,,,,,,,,,,4.400622837370242,RA,,,Gault,Gault,,,"soundings_wintremix/upperair.sounding.202202172300.McGill-Gault.txt,soundings_wintremix/upperair.sounding.202202180100.McGill-Gault.txt",0.0,2022-02-17 23:40:00,Gault2022-02-17 23:40:00,False,,3.7804,3.8784042999999997,99.93375599999999
750,,,,,,2022-02-17 23:50:00,IOP4,RA,,,,,,,,,,,4.195778546712803,RA,,,Gault,Gault,,,"soundings_wintremix/upperair.sounding.202202172300.McGill-Gault.txt,soundings_wintremix/upperair.sounding.202202180100.McGill-Gault.txt",0.0,2022-02-17 23:50:00,Gault2022-02-17 23:50:00,False,,3.5448999999999997,4.1161609,99.929687
751,,,,,,2022-02-18 00:00:00,IOP4,RA,,,,,,,,,,,3.990934256055363,RA,,,Gault,Gault,,,"soundings_wintremix/upperair.sounding.202202172300.McGill-Gault.txt,soundings_wintremix/upperair.sounding.202202180100.McGill-Gault.txt",0.0,2022-02-18 00:00:00,Gault2022-02-18 00:00:00,False,,2.6734,4.4815725,99.931415
752,,,,,,2022-02-18 00:10:00,IOP4,RA,,,,,,,,,,,3.786089965397924,RA,,,Gault,Gault,,,"soundings_wintremix/upperair.sounding.202202172300.McGill-Gault.txt,soundings_wintremix/upperair.sounding.202202180100.McGill-Gault.txt",0.0,2022-02-18 00:10:00,Gault2022-02-18 00:10:00,False,,2.6217,4.2658035,99.933721
753,,,,,,2022-02-18 00:20:00,IOP4,RA,,,,,,,,,,,3.581245674740484,RA,,,Gault,Gault,,,"soundings_wintremix/upperair.sounding.202202172300.McGill-Gault.txt,soundings_wintremix/upperair.sounding.202202180100.McGill-Gault.txt",0.0,2022-02-18 00:20:00,Gault2022-02-18 00:20:00,False,,2.3149,4.1710741,99.938884
754,,,,,,2022-02-18 00:30:00,IOP4,RA,,,,,,,,,,,3.376401384083045,RA,,,Gault,Gault,,,"soundings_wintremix/upperair.sounding.202202172300.McGill-Gault.txt,soundings_wintremix/upperair.sounding.202202180100.McGill-Gault.txt",0.0,2022-02-18 00:30:00,Gault2022-02-18 00:30:00,False,,2.4455999999999998,4.1449004,99.934157
755,,,,,,2022-02-18 00:40:00,IOP4,RA,,,,,,,,,,,3.171557093425605,RA,,,Gault,Gault,,,"soundings_wintremix/upperair.sounding.202202172300.McGill-Gault.txt,soundings_wintremix/upperair.sounding.202202180100.McGill-Gault.txt",0.0,2022-02-18 00:40:00,Gault2022-02-18 00:40:00,False,,2.6572,4.0398943,99.93153099999999
756,,,,,,2022-02-18 00:50:00,IOP4,RA,,,,,,,,,,,2.966712802768166,RA,,,Gault,Gault,,,"soundings_wintremix/upperair.sounding.202202172300.McGill-Gault.txt,soundings_wintremix/upperair.sounding.202202180100.McGill-Gault.txt",0.0,2022-02-18 00:50:00,Gault2022-02-18 00:50:00,False,,2.3234,3.8492648000000003,99.933233
757,,,,,,2022-02-18 01:00:00,IOP4,RA,,,,,,,,,,,2.22,RA,,,Gault,Gault,,,"soundings_wintremix/upperair.sounding.202202180100.McGill-Gault.txt,soundings_wintremix/upperair.sounding.202202180335.McGill-Gault.txt",0.0,2022-02-18 01:00:00,Gault2022-02-18 01:00:00,False,,2.499,1.4240734,99.928715
758,,,,,,2022-02-18 01:10:00,IOP4,RA,,,,,,,,,,,1.864905823771379,RA,,,Gault,Gault,,,"soundings_wintremix/upperair.sounding.202202180100.McGill-Gault.txt,soundings_wintremix/upperair.sounding.202202180335.McGill-Gault.txt",0.0,2022-02-18 01:10:00,Gault2022-02-18 01:10:00,True,upperair.sounding.202202180100.McGill-Gault.txt,1.5089000000000001,0.72700342,99.937978
759,,,,,,2022-02-18 01:20:00,IOP4,RA,,,,,,,,,,,1.5098116475427585,RA,,,Gault,Gault,,,"soundings_wintremix/upperair.sounding.202202180100.McGill-Gault.txt,soundings_wintremix/upperair.sounding.202202180335.McGill-Gault.txt",0.0,2022-02-18 01:20:00,Gault2022-02-18 01:20:00,False,,1.1716000000000002,0.49459418,99.9354
760,,,,,,2022-02-18 01:30:00,IOP4,RA,,,,,,,,,,,1.1547174713141373,RA,,,Gault,Gault,,,"soundings_wintremix/upperair.sounding.202202180100.McGill-Gault.txt,soundings_wintremix/upperair.sounding.202202180335.McGill-Gault.txt",0.0,2022-02-18 01:30:00,Gault2022-02-18 01:30:00,False,,1.0826,0.20367311400000002,99.929472
761,,,,,,2022-02-18 01:40:00,IOP4,RA,,,,,,,,,,,0.7996232950855165,RA,,,Gault,Gault,,,"soundings_wintremix/upperair.sounding.202202180100.McGill-Gault.txt,soundings_wintremix/upperair.sounding.202202180335.McGill-Gault.txt",0.0,2022-02-18 01:40:00,Gault2022-02-18 01:40:00,False,,0.9576,-0.34695714,99.934539
762,,,,,,2022-02-18 01:50:00,IOP4,RA,,,,,,,,,,,0.4445291188568956,RA,,,Gault,Gault,,,"soundings_wintremix/upperair.sounding.202202180100.McGill-Gault.txt,soundings_wintremix/upperair.sounding.202202180335.McGill-Gault.txt",0.0,2022-02-18 01:50:00,Gault2022-02-18 01:50:00,False,,1.0271000000000001,-0.6074173,99.934244
763,,,,,,2022-02-18 02:00:00,IOP4,FZRA,,,,,,,,,,,0.08943494262827478,FZRA,,,Gault,Gault,,,"soundings_wintremix/upperair.sounding.202202180100.McGill-Gault.txt,soundings_wintremix/upperair.sounding.202202180335.McGill-Gault.txt",0.0,2022-02-18 02:00:00,Gault2022-02-18 02:00:00,False,,1.4515,-0.7494016,99.930853
764,-7.322444346101635,74.24979438343627,74.34561092958799,-0.16272098546892522,30.0,2022-02-18 02:10:00,IOP4,FZRA,,,,1729.980547463997,1570.0,1.1649700656323212,90.0,30.0,30.0,40.0,-0.26565923360034605,FZRA,2.241800195503421,-0.2586330200908199,Gault,Gault,1570.0,70.0,"soundings_wintremix/upperair.sounding.202202180100.McGill-Gault.txt,soundings_wintremix/upperair.sounding.202202180335.McGill-Gault.txt",1480.0,2022-02-18 02:10:00,Gault2022-02-18 02:10:00,False,,1.4756,-1.19519901,98.950192
765,-68.78067552645251,75.26619134568007,75.44289664895138,-0.3620035554023816,25.0,2022-02-18 02:20:00,IOP4,FZRA,,,,1544.9561338379315,1575.0,1.131835995485664,215.0,25.0,25.0,185.0,-0.6207534098289671,FZRA,2.098765982404693,-0.6161656284031141,Gault,Gault,1575.0,210.0,"soundings_wintremix/upperair.sounding.202202180100.McGill-Gault.txt,soundings_wintremix/upperair.sounding.202202180335.McGill-Gault.txt",1360.0,2022-02-18 02:20:00,Gault2022-02-18 02:20:00,False,,1.7169,-1.4690132999999999,99.935918
766,-183.4163608182419,76.03781822144725,76.12099387500604,-0.5394598847595349,20.0,2022-02-18 02:30:00,IOP4,FZRA,,,,1412.1780322539664,1600.0,1.1342795439790896,360.0,20.0,20.0,335.0,-0.9758475860575879,FZRA,2.0393713813068657,-0.9736982367154081,Gault,Gault,1600.0,355.0,"soundings_wintremix/upperair.sounding.202202180100.McGill-Gault.txt,soundings_wintremix/upperair.sounding.202202180335.McGill-Gault.txt",1240.0,2022-02-18 02:30:00,Gault2022-02-18 02:30:00,False,,1.6545999999999998,-1.6013565,99.21984599999999
767,-341.14514413881705,75.60151592759921,75.69692230075094,-0.7666183014355437,15.0,2022-02-18 02:40:00,IOP4,PL,,,,1322.013156125579,1610.0,1.1446001351736617,460.0,15.0,15.0,440.0,-1.3309417622862088,PL,2.0563385718224425,-1.4241198156682024,Gault,Gault,1610.0,455.0,"soundings_wintremix/upperair.sounding.202202180100.McGill-Gault.txt,soundings_wintremix/upperair.sounding.202202180335.McGill-Gault.txt",1150.0,2022-02-18 02:40:00,Gault2022-02-18 02:40:00,False,,1.5551,-2.1358463,98.039133
768,-543.8044850432251,79.14941837732161,79.25942532595921,-0.9624858142357967,10.0,2022-02-18 02:50:00,IOP4,PL,,,,1276.3670957735133,1620.0,1.2155877102604888,575.0,10.0,10.0,560.0,-1.6860359385148298,PL,2.0733057623380207,-1.9228806707360286,Gault,Gault,1620.0,570.0,"soundings_wintremix/upperair.sounding.202202180100.McGill-Gault.txt,soundings_wintremix/upperair.sounding.202202180335.McGill-Gault.txt",1045.0,2022-02-18 02:50:00,Gault2022-02-18 02:50:00,False,,2.435,-2.2516675,98.435496
769,-761.8736490481,77.41155558517728,77.74860387848852,-1.3135752569794825,10.0,2022-02-18 03:00:00,IOP4,PL,,,,1245.3372504714744,1625.0,1.1974396639148792,590.0,10.0,10.0,575.0,-2.0411301147434506,PL,2.090272952853598,-2.425774128841218,Gault,Gault,1625.0,585.0,"soundings_wintremix/upperair.sounding.202202180100.McGill-Gault.txt,soundings_wintremix/upperair.sounding.202202180335.McGill-Gault.txt",1035.0,2022-02-18 03:00:00,Gault2022-02-18 03:00:00,False,,2.5659,-2.3679081,98.737866
770,-985.0575807917352,82.95257597811356,82.83714321985468,-1.6555589593138407,5.0,2022-02-18 03:10:00,IOP4,PL,,,,1219.1511017112273,1635.0,1.1722606747223339,600.0,5.0,5.0,590.0,-2.396224290972072,PL,2.1072401433691756,-2.928667586946407,Gault,Gault,1635.0,595.0,"soundings_wintremix/upperair.sounding.202202180100.McGill-Gault.txt,soundings_wintremix/upperair.sounding.202202180335.McGill-Gault.txt",1035.0,2022-02-18 03:10:00,Gault2022-02-18 03:10:00,False,,2.375,-2.5985357999999996,98.755295
771,-1210.882747239844,82.45047176136477,82.51049066654093,-2.018137912066407,5.0,2022-02-18 03:20:00,IOP4,PL,,,,1195.2671577551225,1645.0,1.1437963232106438,605.0,5.0,5.0,595.0,-2.7513184672006923,PL,2.1242073338847534,-3.4315610450515956,Gault,Gault,1645.0,600.0,"soundings_wintremix/upperair.sounding.202202180100.McGill-Gault.txt,soundings_wintremix/upperair.sounding.202202180335.McGill-Gault.txt",1040.0,2022-02-18 03:20:00,Gault2022-02-18 03:20:00,False,,1.9686,-2.8053011999999997,97.14412
772,-1438.35422449587,93.04193548387096,93.13409317056828,-2.357957745075197,0.0,2022-02-18 03:30:00,IOP4,PL,,,,1173.7089618624632,1680.0,1.091822290104617,610.0,0.0,0.0,605.0,-3.106412643429313,PL,2.179361731458506,-3.934454503156786,Gault,Gault,1680.0,605.0,"soundings_wintremix/upperair.sounding.202202180100.McGill-Gault.txt,soundings_wintremix/upperair.sounding.202202180335.McGill-Gault.txt",1070.0,2022-02-18 03:30:00,Gault2022-02-18 03:30:00,False,,1.6823000000000001,-3.0197304,96.48139499999999
773,-1554.1094926924727,93.1,93.2956423809665,-2.527007305191012,0.0,2022-02-18 03:40:00,IOP4,PL,,,,1164.2468163902904,1690.0,1.078006311472491,615.0,0.0,0.0,610.0,-3.4166666666666665,PL,2.214259259259259,-4.186842105263158,Gault,Gault,1690.0,610.0,"soundings_wintremix/upperair.sounding.202202180335.McGill-Gault.txt,soundings_wintremix/upperair.sounding.202202180500.McGill-Gault.txt",1075.0,2022-02-18 03:40:00,Gault2022-02-18 03:40:00,True,upperair.sounding.202202180335.McGill-Gault.txt,1.3815,-3.3759872,94.19262699999999
774,-1635.6944655112636,91.9705882352941,92.58029997896394,-2.6171111448180224,0.0,2022-02-18 03:50:00,IOP4,PL,,,,923.9621103488029,1710.0,1.1622164910047834,920.0,0.0,0.0,620.0,-3.4899999999999998,PL,2.0838667133520072,-4.121564312533525,Gault,Gault,1710.0,620.0,"soundings_wintremix/upperair.sounding.202202180335.McGill-Gault.txt,soundings_wintremix/upperair.sounding.202202180500.McGill-Gault.txt",790.0,2022-02-18 03:50:00,Gault2022-02-18 03:50:00,False,,1.4545,-3.5218200000000004,95.970488
775,-1714.718216203216,91.21764705882353,92.09881123734495,-2.226906774289891,0.0,2022-02-18 04:00:00,IOP4,PL,,,,904.2637241850417,1715.0,1.1374386467736375,925.0,0.0,0.0,765.0,-3.5633333333333335,PL,2.034469213611371,-4.081178616127302,Gault,Gault,1715.0,765.0,"soundings_wintremix/upperair.sounding.202202180335.McGill-Gault.txt,soundings_wintremix/upperair.sounding.202202180500.McGill-Gault.txt",790.0,2022-02-18 04:00:00,Gault2022-02-18 04:00:00,False,,1.4665,-3.4809655999999998,95.925119
776,-1834.3332199863373,93.4219910790945,93.44505103102395,-2.278674807436444,0.0,2022-02-18 04:10:00,IOP4,PL,,,,884.9238533202786,1720.0,1.106154816650348,925.0,0.0,0.0,800.0,-3.6366666666666667,PL,1.9850717138707337,-4.0407929197210795,Gault,Gault,1720.0,800.0,"soundings_wintremix/upperair.sounding.202202180335.McGill-Gault.txt,soundings_wintremix/upperair.sounding.202202180500.McGill-Gault.txt",795.0,2022-02-18 04:10:00,Gault2022-02-18 04:10:00,False,,1.2614,-3.4748210999999998,96.22440900000001
777,-1982.754960363317,99.10508324084351,99.27246830828037,-2.131994581035825,0.0,2022-02-18 04:20:00,IOP4,PL,,,,865.7912734273546,1725.0,1.0822390917841933,930.0,0.0,0.0,925.0,-3.71,PL,1.937788494185553,-4.11577731092437,Gault,Gault,1725.0,925.0,"soundings_wintremix/upperair.sounding.202202180335.McGill-Gault.txt,soundings_wintremix/upperair.sounding.202202180500.McGill-Gault.txt",795.0,2022-02-18 04:20:00,Gault2022-02-18 04:20:00,False,,1.5224,-3.4719662999999996,95.736414
778,-2125.040659180452,99.32881243063264,99.63577806368333,-2.2849899561080127,0.0,2022-02-18 04:30:00,IOP4,PL,,,,847.2678267508493,1740.0,1.0395924254611646,930.0,0.0,0.0,925.0,-3.783333333333333,PL,1.8924831582479418,-4.215981792717088,Gault,Gault,1740.0,925.0,"soundings_wintremix/upperair.sounding.202202180335.McGill-Gault.txt,soundings_wintremix/upperair.sounding.202202180500.McGill-Gault.txt",810.0,2022-02-18 04:30:00,Gault2022-02-18 04:30:00,False,,1.6396000000000002,-3.4621837999999996,95.26160899999999
779,-2267.3263579975865,99.55254162042175,99.99992008486667,-2.4379853311802004,0.0,2022-02-18 04:40:00,IOP4,PL,,,,829.2135984934185,1745.0,1.0112360957236812,930.0,0.0,0.0,925.0,-3.8566666666666665,PL,1.8771904566022213,-4.316186274509803,Gault,Gault,1745.0,925.0,"soundings_wintremix/upperair.sounding.202202180335.McGill-Gault.txt,soundings_wintremix/upperair.sounding.202202180500.McGill-Gault.txt",815.0,2022-02-18 04:40:00,Gault2022-02-18 04:40:00,False,,1.124,-3.4575589,95.144233
780,-2409.923509020604,99.77627081021087,100.36489601471963,-2.577458298417758,0.0,2022-02-18 04:50:00,IOP4,PL,,,,811.6060701935589,1750.0,0.9897635002360475,935.0,0.0,0.0,930.0,-3.9299999999999993,PL,1.8680008227067049,-4.416390756302521,Gault,Gault,1750.0,930.0,"soundings_wintremix/upperair.sounding.202202180335.McGill-Gault.txt,soundings_wintremix/upperair.sounding.202202180500.McGill-Gault.txt",815.0,2022-02-18 04:50:00,Gault2022-02-18 04:50:00,False,,1.5189,-3.4476736000000003,94.951697
781,-2558.684818389187,100.0,100.79736482054176,-2.70760298242242,0.0,2022-02-18 05:00:00,IOP4,PL,,,,794.7010002918669,1755.0,0.9750932518918611,945.0,0.0,0.0,940.0,-3.89,PL,1.86,-4.556666666666667,Gault,Gault,1755.0,940.0,"soundings_wintremix/upperair.sounding.202202180500.McGill-Gault.txt,soundings_wintremix/upperair.sounding.202202180700.McGill-Gault.txt",810.0,2022-02-18 05:00:00,Gault2022-02-18 05:00:00,False,,1.8169,-3.5061256999999997,95.214617
782,-2558.684818389187,100.0,100.79736482054176,-2.70760298242242,0.0,2022-02-18 05:10:00,IOP4,PL,,,,794.7010002918669,1755.0,0.9750932518918611,945.0,0.0,0.0,940.0,-4.05770202020202,PL,1.86,-4.556666666666667,Gault,Gault,1755.0,940.0,"soundings_wintremix/upperair.sounding.202202180500.McGill-Gault.txt,soundings_wintremix/upperair.sounding.202202180700.McGill-Gault.txt",810.0,2022-02-18 05:10:00,Gault2022-02-18 05:10:00,True,upperair.sounding.202202180500.McGill-Gault.txt,1.9992,-3.6744335,94.47414599999999
783,-2720.368457699115,99.98840099305029,100.69354964196434,-2.603223404496761,0.0,2022-02-18 05:20:00,IOP4,PL,,,,711.8164669994973,1785.0,0.9554583449657683,1045.0,0.0,0.0,1040.0,-4.22540404040404,PL,1.6697777777777778,-4.909762329174094,Gault,Gault,1785.0,1040.0,"soundings_wintremix/upperair.sounding.202202180500.McGill-Gault.txt,soundings_wintremix/upperair.sounding.202202180700.McGill-Gault.txt",740.0,2022-02-18 05:20:00,Gault2022-02-18 05:20:00,False,,2.2465,-4.0515332,94.164034
784,-2814.5697191974214,99.98260148957543,100.82746010449205,-2.655254452073039,0.0,2022-02-18 05:30:00,IOP4,PL,,,,686.2984062530247,1810.0,0.9090045115934103,1060.0,0.0,0.0,1055.0,-4.39310606060606,PL,1.5746666666666667,-5.086310160427807,Gault,Gault,1810.0,1055.0,"soundings_wintremix/upperair.sounding.202202180500.McGill-Gault.txt,soundings_wintremix/upperair.sounding.202202180700.McGill-Gault.txt",750.0,2022-02-18 05:30:00,Gault2022-02-18 05:30:00,False,,1.0652,-4.3438831,93.07236900000001
785,-2910.3878417698675,99.97680198610055,101.06360285256476,-2.732758536873115,0.0,2022-02-18 05:40:00,IOP4,PL,,,,663.3609918634629,1825.0,0.867138551455507,1065.0,0.0,0.0,1060.0,-4.560808080808081,PL,1.479555555555555,-5.266747822558438,Gault,Gault,1825.0,1060.0,"soundings_wintremix/upperair.sounding.202202180500.McGill-Gault.txt,soundings_wintremix/upperair.sounding.202202180700.McGill-Gault.txt",760.0,2022-02-18 05:40:00,Gault2022-02-18 05:40:00,False,,0.9487,-4.695525399999999,93.212136
786,-3007.7034438042733,99.9710024826257,101.30848805235871,-2.784910596115068,0.0,2022-02-18 05:50:00,IOP4,PL,,,,643.4262811610208,1840.0,0.8410801060928378,1080.0,0.0,0.0,1075.0,-4.728510101010102,PL,1.3844444444444446,-5.455934778198049,Gault,Gault,1840.0,1075.0,"soundings_wintremix/upperair.sounding.202202180500.McGill-Gault.txt,soundings_wintremix/upperair.sounding.202202180700.McGill-Gault.txt",760.0,2022-02-18 05:50:00,Gault2022-02-18 05:50:00,False,,1.9918,-4.9699049,92.492835
787,-3106.8639393135463,99.96520297915085,101.55399666198652,-2.837318666039768,0.0,2022-02-18 06:00:00,IOP4,PL,,,,626.5276961132931,1855.0,0.8189904524356774,1095.0,0.0,0.0,1090.0,-4.8962121212121215,PL,1.2893333333333332,-5.64512173383766,Gault,Gault,1855.0,1090.0,"soundings_wintremix/upperair.sounding.202202180500.McGill-Gault.txt,soundings_wintremix/upperair.sounding.202202180700.McGill-Gault.txt",760.0,2022-02-18 06:00:00,Gault2022-02-18 06:00:00,False,,2.0073,-5.0768,92.010438
788,-3206.9225433798943,99.95940347567598,101.80013001503963,-2.9153841303453585,0.0,2022-02-18 06:10:00,IOP4,PL,,,,611.1583795303864,1860.0,0.798899842523381,1100.0,0.0,0.0,1095.0,-5.063914141414141,PL,1.194222222222222,-5.83430868947727,Gault,Gault,1860.0,1095.0,"soundings_wintremix/upperair.sounding.202202180500.McGill-Gault.txt,soundings_wintremix/upperair.sounding.202202180700.McGill-Gault.txt",760.0,2022-02-18 06:10:00,Gault2022-02-18 06:10:00,False,,1.2921,-5.232185899999999,94.863122
789,-3307.7753407569,99.95360397220112,102.04688944458752,-2.966614655387354,0.0,2022-02-18 06:20:00,IOP4,PL,,,,597.2373604311806,1870.0,0.7858386321462902,1115.0,0.0,0.0,1110.0,-5.231616161616161,PL,1.1001464646464645,-6.023495645116879,Gault,Gault,1870.0,1110.0,"soundings_wintremix/upperair.sounding.202202180500.McGill-Gault.txt,soundings_wintremix/upperair.sounding.202202180700.McGill-Gault.txt",755.0,2022-02-18 06:20:00,Gault2022-02-18 06:20:00,False,,2.0032,-5.5314404,90.875373
790,-3409.463080685331,99.94780446872628,102.29427628313299,-3.030633849498072,0.0,2022-02-18 06:30:00,IOP4,PL,,,,585.590075826769,1895.0,0.7556000978409922,1125.0,0.0,0.0,1120.0,-5.399318181818182,PL,1.0598946747556455,-6.212682600756489,Gault,Gault,1895.0,1120.0,"soundings_wintremix/upperair.sounding.202202180500.McGill-Gault.txt,soundings_wintremix/upperair.sounding.202202180700.McGill-Gault.txt",770.0,2022-02-18 06:30:00,Gault2022-02-18 06:30:00,False,,1.4995,-5.6981416000000005,91.29336
791,-3511.6975407303808,99.9420049652514,102.54229186257176,-3.1076969386994517,0.0,2022-02-18 06:40:00,IOP4,PL,,,,576.4680622397527,1925.0,0.7205850777996907,1130.0,0.0,0.0,1125.0,-5.567020202020203,PL,1.061691757480433,-6.4054320987654325,Gault,Gault,1925.0,1125.0,"soundings_wintremix/upperair.sounding.202202180500.McGill-Gault.txt,soundings_wintremix/upperair.sounding.202202180700.McGill-Gault.txt",795.0,2022-02-18 06:40:00,Gault2022-02-18 06:40:00,False,,1.8477000000000001,-5.9206232,91.162508
792,-3614.556793782394,99.93620546177654,102.79093751414942,-3.1706638541950825,0.0,2022-02-18 06:50:00,IOP4,PL,,,,570.3215331223561,1955.0,0.6955140647833611,1140.0,0.0,0.0,1135.0,-5.734722222222222,PL,1.1206547619047618,-6.666975308641974,Gault,Gault,1955.0,1135.0,"soundings_wintremix/upperair.sounding.202202180500.McGill-Gault.txt,soundings_wintremix/upperair.sounding.202202180700.McGill-Gault.txt",815.0,2022-02-18 06:50:00,Gault2022-02-18 06:50:00,False,,2.2960000000000003,-6.0347072,91.53844000000001
793,,,,,,2022-02-18 07:00:00,IOP4,PL,,,,,,,,,,,,PL,,,Gault,Gault,,,,,2022-02-18 07:00:00,Gault2022-02-18 07:00:00,False,,2.0493,-6.1682866,90.25897599999999
794,-3723.944321039138,99.95632653061224,103.0646194355411,-3.2523531188114743,0.0,2022-02-18 07:10:00,IOP4,PL,,,,565.8436218510183,1970.0,0.6817393034349619,1145.0,0.0,0.0,1140.0,,PL,1.18,-6.93,Gault,Gault,1970.0,1140.0,,825.0,2022-02-18 07:10:00,Gault2022-02-18 07:10:00,True,upperair.sounding.202202180700.McGill-Gault.txt,3.5414000000000003,-6.2257247,90.264625
795,,,,,,2022-02-18 07:20:00,IOP4,PL,SN,,,,,,,,,,,SN and PL,,,Gault,Gault,,,,,2022-02-18 07:20:00,Gault2022-02-18 07:20:00,False,,3.2969999999999997,-6.3264830000000005,90.014846
796,,,,,,2022-02-18 07:30:00,IOP4,PL,SN,,,,,,,,,,,SN and PL,,,Gault,Gault,,,,,2022-02-18 07:30:00,Gault2022-02-18 07:30:00,False,,3.8538000000000006,-6.446958700000001,89.739981
797,,,,,,2022-02-18 07:40:00,IOP4,PL,SN,,,,,,,,,,,SN and PL,,,Gault,Gault,,,,,2022-02-18 07:40:00,Gault2022-02-18 07:40:00,False,,3.8,-6.5485398,88.524259
798,,,,,,2022-02-18 07:50:00,IOP4,PL,SN,,,,,,,,,,,SN and PL,,,Gault,Gault,,,,,2022-02-18 07:50:00,Gault2022-02-18 07:50:00,False,,3.0758,-6.6763375,88.636657
799,,,,,,2022-02-18 08:00:00,IOP4,PL,SN,,,,,,,,,,,SN and PL,,,Gault,Gault,,,,,2022-02-18 08:00:00,Gault2022-02-18 08:00:00,False,,6.9117999999999995,-6.971940399999999,88.844353
800,,,,,,2022-02-18 08:10:00,IOP4,SN,,,,,,,,,,,,SN,,,Gault,Gault,,,,,2022-02-18 08:10:00,Gault2022-02-18 08:10:00,False,,7.624899999999999,-7.480697600000001,88.914706
801,,,,,,2022-02-18 08:20:00,IOP4,SN,SN,,,,,,,,,,,SN,,,Gault,Gault,,,,,2022-02-18 08:20:00,Gault2022-02-18 08:20:00,False,,8.3919,-7.6558037,91.18446300000001
802,,,,,,2022-02-18 08:30:00,IOP4,SN,SN,,,,,,,,,,,SN,,,Gault,Gault,,,,,2022-02-18 08:30:00,Gault2022-02-18 08:30:00,False,,5.9825,-7.796498,91.411592
803,,,,,,2022-02-18 08:40:00,IOP4,SN,,,,,,,,,,,,SN,,,Gault,Gault,,,,,2022-02-18 08:40:00,Gault2022-02-18 08:40:00,False,,5.9381,-7.978019999999999,91.21218
804,,,,,,2022-02-18 08:50:00,IOP4,SN,,,,,,,,,,,,SN,,,Gault,Gault,,,,,2022-02-18 08:50:00,Gault2022-02-18 08:50:00,False,,7.7349000000000006,-8.3035724,90.45124100000001
805,,,,,,2022-02-18 09:00:00,IOP4,SN,,,,,,,,,,,,SN,,,Gault,Gault,,,,,2022-02-18 09:00:00,Gault2022-02-18 09:00:00,False,,5.469333333333334,-8.574462166666667,92.23983666666668
806,,,,,,2022-02-22 22:00:00,IOP5,FZRA,FZRA,,,,,,,,,,,FZRA,,,Gault,Gault,,,,,2022-02-22 22:00:00,Gault2022-02-22 22:00:00,False,,2.87,-5.5322398,94.170766
807,,,,,,2022-02-22 22:10:00,IOP5,FZRA,FZRA,,,,,,,,,,,FZRA,,,Gault,Gault,,,,,2022-02-22 22:10:00,Gault2022-02-22 22:10:00,False,,1.8021,-5.6325245,96.085059
808,-812.6938884194032,99.71456310679612,105.55149768546868,-3.1870348565466795,0.0,2022-02-22 22:20:00,IOP5,FZRA,FZRA,,,6521.329463644295,2115.0,3.4966914014178525,255.0,0.0,0.0,250.0,-5.545436893203884,FZRA,5.800161435716387,-6.0767961165048545,Gault,Gault,2115.0,250.0,"soundings_wintremix/upperair.sounding.202202222217.McGill-Gault.txt,soundings_wintremix/upperair.sounding.202202230000.McGill-Gault.txt",1860.0,2022-02-22 22:20:00,Gault2022-02-22 22:20:00,False,,0.7141,-5.8257838,97.631546
809,-833.4340337236331,100.0,106.01431090475398,-3.2683687597005213,0.0,2022-02-22 22:30:00,IOP5,FZRA,FZRA,,,6511.275402173951,2115.0,3.491300483739384,255.0,0.0,0.0,250.0,-5.096893203883495,FZRA,5.83,-6.2,Gault,Gault,2115.0,250.0,"soundings_wintremix/upperair.sounding.202202222217.McGill-Gault.txt,soundings_wintremix/upperair.sounding.202202230000.McGill-Gault.txt",1860.0,2022-02-22 22:30:00,Gault2022-02-22 22:30:00,True,upperair.sounding.202202222217.McGill-Gault.txt,0.9097999999999999,-5.8012575,98.73405
810,-676.2454148020097,97.81165048543689,102.49167828181194,-2.7601853665388147,0.0,2022-02-22 22:40:00,IOP5,FZRA,,,,6591.0898788820305,2145.0,3.459889700200541,245.0,0.0,0.0,240.0,-4.648349514563106,FZRA,5.6783191638240185,-5.255436893203884,Gault,Gault,2145.0,240.0,"soundings_wintremix/upperair.sounding.202202222217.McGill-Gault.txt,soundings_wintremix/upperair.sounding.202202230000.McGill-Gault.txt",1900.0,2022-02-22 22:40:00,Gault2022-02-22 22:40:00,False,,0.9690999999999999,-5.5198972,99.750959
811,-609.0162102883615,96.86019417475728,101.30362986589218,-2.537567542868173,0.0,2022-02-22 22:50:00,IOP5,FZRA,,,,6627.555657878221,2150.0,3.460864573304554,240.0,0.0,0.0,235.0,-4.199805825242718,FZRA,5.632197061138809,-4.844757281553398,Gault,Gault,2150.0,235.0,"soundings_wintremix/upperair.sounding.202202222217.McGill-Gault.txt,soundings_wintremix/upperair.sounding.202202230000.McGill-Gault.txt",1910.0,2022-02-22 22:50:00,Gault2022-02-22 22:50:00,False,,0.714,-4.9458952,99.917068
812,-542.475378625972,96.78912505356728,100.76656509479209,-2.3084058664934983,0.0,2022-02-22 23:00:00,IOP5,FZRA,,,,6664.89059979283,2155.0,3.4622808310612103,235.0,0.0,0.0,230.0,-3.75126213592233,FZRA,5.586074958453599,-4.434077669902912,Gault,Gault,2155.0,230.0,"soundings_wintremix/upperair.sounding.202202222217.McGill-Gault.txt,soundings_wintremix/upperair.sounding.202202230000.McGill-Gault.txt",1920.0,2022-02-22 23:00:00,Gault2022-02-22 23:00:00,False,,0.3782,-4.842817200000001,99.92326299999999
813,-477.91480854996416,96.81665838990453,100.23235231789273,-2.2757848026188774,0.0,2022-02-22 23:10:00,IOP5,FZRA,,,,6704.149138139657,2165.0,3.4468633100975103,225.0,0.0,0.0,205.0,-3.3027184466019417,FZRA,5.53995285576839,-4.023398058252428,Gault,Gault,2165.0,205.0,"soundings_wintremix/upperair.sounding.202202222217.McGill-Gault.txt,soundings_wintremix/upperair.sounding.202202230000.McGill-Gault.txt",1940.0,2022-02-22 23:10:00,Gault2022-02-22 23:10:00,False,,0.2808,-4.1396417,99.91860299999999
814,-420.95810442854463,96.93992812196295,99.75985052931526,-2.1587595098899723,0.0,2022-02-22 23:20:00,IOP5,FZRA,,,,6751.723725025483,2170.0,3.4099614772855977,195.0,0.0,0.0,190.0,-2.8541747572815535,FZRA,5.493830753083181,-3.6127184466019413,Gault,Gault,2170.0,190.0,"soundings_wintremix/upperair.sounding.202202222217.McGill-Gault.txt,soundings_wintremix/upperair.sounding.202202230000.McGill-Gault.txt",1975.0,2022-02-22 23:20:00,Gault2022-02-22 23:20:00,False,,0.1578,-3.7579328000000003,99.589872
815,-368.03299964344905,97.62725521404272,99.33181119802111,-1.9893675656402654,0.0,2022-02-22 23:30:00,IOP5,FZRA,,,,6803.238058696369,2180.0,3.4016190293481845,185.0,0.0,0.0,180.0,-2.405631067961165,FZRA,5.454334330446951,-3.2020388349514564,Gault,Gault,2180.0,180.0,"soundings_wintremix/upperair.sounding.202202222217.McGill-Gault.txt,soundings_wintremix/upperair.sounding.202202230000.McGill-Gault.txt",1995.0,2022-02-22 23:30:00,Gault2022-02-22 23:30:00,False,,0.2672,-3.0557724,99.922846
816,-316.50786387276565,98.31458230612247,99.00690085288517,-1.7583770215153645,0.0,2022-02-22 23:40:00,IOP5,FZRA,,,,6856.406548627659,2185.0,3.4111475366306756,180.0,0.0,0.0,175.0,-1.9570873786407768,FZRA,5.415366430508177,-2.791359223300971,Gault,Gault,2185.0,175.0,"soundings_wintremix/upperair.sounding.202202222217.McGill-Gault.txt,soundings_wintremix/upperair.sounding.202202230000.McGill-Gault.txt",2005.0,2022-02-22 23:40:00,Gault2022-02-22 23:40:00,False,,0.4032,-2.6989114,99.92274499999999
817,-265.49645691721213,98.58421727677593,99.44007810758247,-1.5171226109554974,0.0,2022-02-22 23:50:00,IOP5,FZRA,FZRA,,,6910.378087185547,2200.0,3.404127136544605,175.0,0.0,0.0,170.0,-1.5085436893203883,FZRA,5.3763985305694035,-2.3806796116504856,Gault,Gault,2200.0,170.0,"soundings_wintremix/upperair.sounding.202202222217.McGill-Gault.txt,soundings_wintremix/upperair.sounding.202202230000.McGill-Gault.txt",2025.0,2022-02-22 23:50:00,Gault2022-02-22 23:50:00,False,,0.7666000000000001,-2.0621382,99.92234900000001
818,-215.04539510056676,99.50782608695653,99.87175559311648,-1.2288308291460954,0.0,2022-02-23 00:00:00,IOP5,FZRA,FZRA,,,6965.436031084438,2205.0,3.422818688493581,175.0,0.0,0.0,170.0,-1.94,FZRA,5.341111111111111,-1.97,Gault,Gault,2205.0,170.0,"soundings_wintremix/upperair.sounding.202202230000.McGill-Gault.txt,soundings_wintremix/upperair.sounding.202202230200.McGill-Gault.txt",2030.0,2022-02-23 00:00:00,Gault2022-02-23 00:00:00,False,,0.9638,-2.0862055,99.920726
819,-215.04539510056676,99.50782608695653,99.87175559311648,-1.2288308291460954,0.0,2022-02-23 00:10:00,IOP5,FZRA,FZRA,,,6965.436031084438,2205.0,3.422818688493581,175.0,0.0,0.0,170.0,-1.9166115702479338,FZRA,5.341111111111111,-1.97,Gault,Gault,2205.0,170.0,"soundings_wintremix/upperair.sounding.202202230000.McGill-Gault.txt,soundings_wintremix/upperair.sounding.202202230200.McGill-Gault.txt",2030.0,2022-02-23 00:10:00,Gault2022-02-23 00:10:00,True,upperair.sounding.202202230000.McGill-Gault.txt,1.1703,-1.6300763,99.927262
820,-172.16033724608565,98.59740838023765,99.39236021376682,-1.0127078661534448,0.0,2022-02-23 00:20:00,IOP5,FZRA,FZRA,,,7067.341334444138,2195.0,3.481448933223713,170.0,0.0,0.0,165.0,-1.8932231404958677,FZRA,5.375263157894738,-1.9070930232558139,Gault,Gault,2195.0,165.0,"soundings_wintremix/upperair.sounding.202202230000.McGill-Gault.txt,soundings_wintremix/upperair.sounding.202202230200.McGill-Gault.txt",2025.0,2022-02-23 00:20:00,Gault2022-02-23 00:20:00,False,,1.4060000000000001,-0.88660777,99.92301599999999
821,-151.16780831884506,98.51672232645403,99.15345268954249,-0.889222401875559,0.0,2022-02-23 00:30:00,IOP5,FZRA,FZRA,,,7118.924924618155,2190.0,3.5155184812929163,170.0,0.0,0.0,165.0,-1.8698347107438018,FZRA,5.392339181286549,-1.8856395348837207,Gault,Gault,2190.0,165.0,"soundings_wintremix/upperair.sounding.202202230000.McGill-Gault.txt,soundings_wintremix/upperair.sounding.202202230200.McGill-Gault.txt",2020.0,2022-02-23 00:30:00,Gault2022-02-23 00:30:00,False,,1.9166,-0.9322200199999999,99.92546
822,-130.70334956704306,98.45593205128205,98.91507054558387,-0.7921415125275338,0.0,2022-02-23 00:40:00,IOP5,FZRA,FZRA,,,7171.127190468835,2185.0,3.5412973780093013,165.0,0.0,0.0,160.0,-1.8464462809917355,FZRA,5.409415204678362,-1.8641860465116276,Gault,Gault,2185.0,160.0,"soundings_wintremix/upperair.sounding.202202230000.McGill-Gault.txt,soundings_wintremix/upperair.sounding.202202230200.McGill-Gault.txt",2020.0,2022-02-23 00:40:00,Gault2022-02-23 00:40:00,False,,1.8381,-0.60937788,99.92087799999999
823,-113.4809801166561,98.46822756410256,98.67721273597817,-0.8105784294046864,0.0,2022-02-23 00:50:00,IOP5,FZRA,FZRA,,,7226.662226358392,2175.0,3.542481483509016,140.0,0.0,0.0,135.0,-1.8230578512396696,FZRA,5.426491228070176,-1.8427325581395348,Gault,Gault,2175.0,135.0,"soundings_wintremix/upperair.sounding.202202230000.McGill-Gault.txt,soundings_wintremix/upperair.sounding.202202230200.McGill-Gault.txt",2035.0,2022-02-23 00:50:00,Gault2022-02-23 00:50:00,False,,2.8213,-0.32867278,99.92115
824,-99.05653004087736,98.27466416510319,98.75691555057253,-0.7619733080067489,0.0,2022-02-23 01:00:00,IOP5,RA,RA,,,7285.150454967251,2170.0,3.5624207603751836,130.0,0.0,0.0,125.0,-1.7996694214876034,RA,5.443567251461988,-1.8212790697674417,Gault,Gault,2170.0,125.0,"soundings_wintremix/upperair.sounding.202202230000.McGill-Gault.txt,soundings_wintremix/upperair.sounding.202202230200.McGill-Gault.txt",2040.0,2022-02-23 01:00:00,Gault2022-02-23 01:00:00,False,,2.3669000000000002,-0.08326829300000001,99.922235
825,-84.80296859257773,98.01177462887989,99.12506042317445,-1.2114709798939676,0.0,2022-02-23 01:10:00,IOP5,RA,RA,,,7344.241311578035,2165.0,3.591316044781435,125.0,0.0,0.0,65.0,-1.7762809917355376,RA,5.460643274853801,-1.799825581395349,Gault,Gault,2165.0,65.0,"soundings_wintremix/upperair.sounding.202202230000.McGill-Gault.txt,soundings_wintremix/upperair.sounding.202202230200.McGill-Gault.txt",2040.0,2022-02-23 01:10:00,Gault2022-02-23 01:10:00,False,,2.2333,0.169178644,99.92305
826,-80.98581397121521,98.32262478238087,99.49280726240417,-1.245935599557157,0.0,2022-02-23 01:20:00,IOP5,RA,RA,,,7413.213560560967,2160.0,3.530101695505222,65.0,0.0,0.0,60.0,-1.752892561983471,RA,5.4777192982456135,-1.7783720930232556,Gault,Gault,2160.0,60.0,"soundings_wintremix/upperair.sounding.202202230000.McGill-Gault.txt,soundings_wintremix/upperair.sounding.202202230200.McGill-Gault.txt",2095.0,2022-02-23 01:20:00,Gault2022-02-23 01:20:00,False,,2.5332,0.24976094,99.92143300000001
827,-77.84816056889723,98.67562179909741,99.8601563953875,-1.1976640087522648,0.0,2022-02-23 01:30:00,IOP5,RA,RA,,,7483.31000791282,2155.0,3.5719856839679327,65.0,0.0,0.0,60.0,-1.7295041322314053,RA,5.497624466571835,-1.756918604651163,Gault,Gault,2155.0,60.0,"soundings_wintremix/upperair.sounding.202202230000.McGill-Gault.txt,soundings_wintremix/upperair.sounding.202202230200.McGill-Gault.txt",2090.0,2022-02-23 01:30:00,Gault2022-02-23 01:30:00,False,,1.8991,0.09607543999999998,99.920055
828,-74.71050716657923,99.02861881581394,100.22710814904397,-1.149392417947373,0.0,2022-02-23 01:40:00,IOP5,FZRA,FZRA,,,7553.59469007593,2145.0,3.622827189484859,65.0,0.0,0.0,60.0,-1.7061157024793392,FZRA,5.51805120910384,-1.7354651162790697,Gault,Gault,2145.0,60.0,"soundings_wintremix/upperair.sounding.202202230000.McGill-Gault.txt,soundings_wintremix/upperair.sounding.202202230200.McGill-Gault.txt",2080.0,2022-02-23 01:40:00,Gault2022-02-23 01:40:00,False,,2.5956,-0.7559313299999999,99.922681
829,-72.26578139584016,99.40896940753044,100.59366285008842,-1.2044296899306692,0.0,2022-02-23 01:50:00,IOP5,FZRA,FZRA,,,7624.689989373042,2140.0,3.6569256543755593,60.0,0.0,0.0,55.0,-1.6827272727272728,FZRA,5.538477951635845,-1.7140116279069768,Gault,Gault,2140.0,55.0,"soundings_wintremix/upperair.sounding.202202230000.McGill-Gault.txt,soundings_wintremix/upperair.sounding.202202230200.McGill-Gault.txt",2080.0,2022-02-23 01:50:00,Gault2022-02-23 01:50:00,False,,2.5097,-1.4161205000000001,99.922477
830,-70.31056036180452,99.79142857142857,101.0271900681743,-1.1718426726967417,0.0,2022-02-23 02:00:00,IOP5,FZRA,FZRA,,,7696.025023542988,2125.0,3.717886484803376,60.0,0.0,0.0,55.0,-1.76,FZRA,5.56,-1.7506976744186047,Gault,Gault,2125.0,55.0,"soundings_wintremix/upperair.sounding.202202230200.McGill-Gault.txt,soundings_wintremix/upperair.sounding.202202230400.McGill-Gault.txt",2065.0,2022-02-23 02:00:00,Gault2022-02-23 02:00:00,False,,2.6061,-1.7908406,99.919343
831,-70.31056036180452,99.79142857142857,101.0271900681743,-1.1718426726967417,0.0,2022-02-23 02:10:00,IOP5,FZRA,FZRA,,,7696.025023542988,2125.0,3.717886484803376,60.0,0.0,0.0,55.0,-1.4331372549019608,FZRA,5.56,-1.7506976744186047,Gault,Gault,2125.0,55.0,"soundings_wintremix/upperair.sounding.202202230200.McGill-Gault.txt,soundings_wintremix/upperair.sounding.202202230400.McGill-Gault.txt",2065.0,2022-02-23 02:10:00,Gault2022-02-23 02:10:00,True,upperair.sounding.202202230200.McGill-Gault.txt,2.6024000000000003,-1.7946285,99.92459
832,-44.75926552657818,99.58333333333334,100.21840637864427,-0.813804827755967,0.0,2022-02-23 02:20:00,IOP5,FZRA,FZRA,,,7949.8497170303435,2200.0,3.6976045195489977,55.0,0.0,0.0,50.0,-1.1062745098039217,FZRA,5.63115925925926,-1.0969372968825775,Gault,Gault,2200.0,50.0,"soundings_wintremix/upperair.sounding.202202230200.McGill-Gault.txt,soundings_wintremix/upperair.sounding.202202230400.McGill-Gault.txt",2145.0,2022-02-23 02:20:00,Gault2022-02-23 02:20:00,False,,3.1725000000000003,-1.4216431,99.922162
833,-32.34459371872111,99.625,100.27676086542938,-0.5880835221585656,0.0,2022-02-23 02:30:00,IOP5,FZRA,FZRA,,,8081.737264624109,2230.0,3.7072189287266553,55.0,0.0,0.0,50.0,-0.7794117647058824,FZRA,5.786304347826087,-0.7700571081145636,Gault,Gault,2230.0,50.0,"soundings_wintremix/upperair.sounding.202202230200.McGill-Gault.txt,soundings_wintremix/upperair.sounding.202202230400.McGill-Gault.txt",2175.0,2022-02-23 02:30:00,Gault2022-02-23 02:30:00,False,,2.2805,-1.5904179,99.920175
834,-21.201180414265398,99.66666666666666,100.33513191431086,-0.42402360828530805,0.0,2022-02-23 02:40:00,IOP5,FZRA,FZRA,,,8217.631707844195,2260.0,3.7099917416903816,50.0,0.0,0.0,45.0,-0.4525490196078431,FZRA,5.944492753623188,-0.6666666666666666,Gault,Gault,2260.0,45.0,"soundings_wintremix/upperair.sounding.202202230200.McGill-Gault.txt,soundings_wintremix/upperair.sounding.202202230400.McGill-Gault.txt",2210.0,2022-02-23 02:40:00,Gault2022-02-23 02:40:00,False,,3.1698,-1.4765253,99.919186
835,-12.192060667883016,99.70833333333334,100.39351952924886,-0.34834459051094335,0.0,2022-02-23 02:50:00,IOP5,FZRA,FZRA,,,8358.975374946695,2295.0,3.690496854281102,35.0,0.0,0.0,30.0,-0.12568627450980396,FZRA,6.10268115942029,-0.6833333333333333,Gault,Gault,2295.0,30.0,"soundings_wintremix/upperair.sounding.202202230200.McGill-Gault.txt,soundings_wintremix/upperair.sounding.202202230400.McGill-Gault.txt",2260.0,2022-02-23 02:50:00,Gault2022-02-23 02:50:00,False,,2.6805,-1.8098006999999998,99.921962
836,-8.414195430238209,99.75,100.45192371420511,-0.42070977151191047,0.0,2022-02-23 03:00:00,IOP5,FZRA,FZRA,,,8506.168008314373,2310.0,3.706391289025871,20.0,0.0,0.0,15.0,0.2011764705882354,FZRA,6.260869565217391,-0.7,Gault,Gault,2310.0,15.0,"soundings_wintremix/upperair.sounding.202202230200.McGill-Gault.txt,soundings_wintremix/upperair.sounding.202202230400.McGill-Gault.txt",2290.0,2022-02-23 03:00:00,Gault2022-02-23 03:00:00,False,,2.2775,-1.3621957,99.916425
837,-6.892440447253283,99.79166666666667,100.5103444731412,-0.45949602981688553,0.0,2022-02-23 03:10:00,IOP5,FZRA,,,,8656.127054392808,2315.0,3.755369654834189,15.0,0.0,0.0,10.0,0.5280392156862748,FZRA,6.419057971014493,-0.7166666666666668,Gault,Gault,2315.0,10.0,"soundings_wintremix/upperair.sounding.202202230200.McGill-Gault.txt,soundings_wintremix/upperair.sounding.202202230400.McGill-Gault.txt",2300.0,2022-02-23 03:10:00,Gault2022-02-23 03:10:00,False,,1.8620999999999999,-1.3536438,99.92687600000001
838,-6.077783179387456,99.83333333333331,100.56878181002067,-0.40518554529249706,0.0,2022-02-23 03:20:00,IOP5,FZRA,,,,8807.149109879187,2320.0,3.812618662285362,15.0,0.0,0.0,10.0,0.8549019607843138,FZRA,6.577246376811594,-0.7333333333333333,Gault,Gault,2320.0,10.0,"soundings_wintremix/upperair.sounding.202202230200.McGill-Gault.txt,soundings_wintremix/upperair.sounding.202202230400.McGill-Gault.txt",2305.0,2022-02-23 03:20:00,Gault2022-02-23 03:20:00,False,,1.1732,-1.522055,99.926645
839,-5.504375303840545,99.875,100.62723572880621,-0.5504375303840545,0.0,2022-02-23 03:30:00,IOP5,FZRA,,,,8958.996991383277,2335.0,3.8450630864305904,10.0,0.0,0.0,5.0,1.1817647058823533,FZRA,6.735434782608696,-0.7500000000000001,Gault,Gault,2335.0,5.0,"soundings_wintremix/upperair.sounding.202202230200.McGill-Gault.txt,soundings_wintremix/upperair.sounding.202202230400.McGill-Gault.txt",2325.0,2022-02-23 03:30:00,Gault2022-02-23 03:30:00,False,,1.0097,-1.7338926000000001,99.919634
840,-5.3161562145519365,99.91666666666667,100.68570623346216,-0.5316156214551937,0.0,2022-02-23 03:40:00,IOP5,FZRA,,,,9112.036851000632,2345.0,3.8940328423079626,10.0,0.0,0.0,5.0,1.5086274509803923,FZRA,6.8936231884057975,-0.7666666666666667,Gault,Gault,2345.0,5.0,"soundings_wintremix/upperair.sounding.202202230200.McGill-Gault.txt,soundings_wintremix/upperair.sounding.202202230400.McGill-Gault.txt",2335.0,2022-02-23 03:40:00,Gault2022-02-23 03:40:00,False,,0.5577,-1.581874,99.926459
841,-5.127937125263329,99.95833333333333,100.74419332795405,-0.5127937125263329,0.0,2022-02-23 03:50:00,IOP5,FZRA,,,,9265.769979255314,2355.0,3.9428808422363035,10.0,0.0,0.0,5.0,1.8354901960784313,FZRA,7.051811594202897,-0.7833333333333334,Gault,Gault,2355.0,5.0,"soundings_wintremix/upperair.sounding.202202230200.McGill-Gault.txt,soundings_wintremix/upperair.sounding.202202230400.McGill-Gault.txt",2345.0,2022-02-23 03:50:00,Gault2022-02-23 03:50:00,False,,0.46109999999999995,-1.4433379,99.933614
842,,,,,,2022-02-23 04:00:00,IOP5,FZRA,,,,,,,,,,,,FZRA,,,Gault,Gault,,,,,2022-02-23 04:00:00,Gault2022-02-23 04:00:00,False,,0.1886,-0.8890874199999999,99.930654
843,-4.556603773584906,100.0,100.80269701624611,-0.45566037735849063,0.0,2022-02-23 04:10:00,IOP5,FZRA,FZRA,,,9423.729892111462,2370.0,3.984663802161294,10.0,0.0,0.0,5.0,,FZRA,7.21,-0.8,Gault,Gault,2370.0,5.0,,2360.0,2022-02-23 04:10:00,Gault2022-02-23 04:10:00,True,upperair.sounding.202202230400.McGill-Gault.txt,0.0388,-0.5963433656,99.922052
844,,,,,,2022-02-23 04:20:00,IOP5,FZRA,FZRA,,,,,,,,,,,FZRA,,,Gault,Gault,,,,,2022-02-23 04:20:00,Gault2022-02-23 04:20:00,False,,0.47030000000000005,-0.67752342,99.920657
845,,,,,,2022-02-23 04:30:00,IOP5,RA,RA,,,,,,,,,,,RA,,,Gault,Gault,,,,,2022-02-23 04:30:00,Gault2022-02-23 04:30:00,False,,0.8911,-0.28067176,99.922244
846,,,,,,2022-02-23 04:40:00,IOP5,,,,,,,,,,,,,,,,Gault,Gault,,,,,2022-02-23 04:40:00,Gault2022-02-23 04:40:00,False,,0.5814999999999999,0.21269970900000001,99.92992000000001
847,,,,,,2022-02-23 04:50:00,IOP5,,,,,,,,,,,,,,,,Gault,Gault,,,,,2022-02-23 04:50:00,Gault2022-02-23 04:50:00,False,,1.0224,0.139065298,99.92692500000001
848,,,,,,2022-02-23 05:00:00,IOP5,,,,,,,,,,,,,,,,Gault,Gault,,,,,2022-02-23 05:00:00,Gault2022-02-23 05:00:00,False,,0.4755,-0.4579758166666667,99.92877666666668
849,,,,,,2022-03-01 16:00:00,IOP7,SN,,,,,,,,,,,,SN,,,Gault,Gault,,,,,2022-03-01 16:00:00,Gault2022-03-01 16:00:00,False,,,,
850,,,,,,2022-03-01 16:10:00,IOP7,SN,,,,,,,,,,,,SN,,,Gault,Gault,,,,,2022-03-01 16:10:00,Gault2022-03-01 16:10:00,False,,,,
851,,,,,,2022-03-01 16:20:00,IOP7,SN,,,,,,,,,,,,SN,,,Gault,Gault,,,,,2022-03-01 16:20:00,Gault2022-03-01 16:20:00,False,,,,
852,,,,,,2022-03-01 16:30:00,IOP7,SN,,,,,,,,,,,,SN,,,Gault,Gault,,,,,2022-03-01 16:30:00,Gault2022-03-01 16:30:00,False,,,,
853,,,,,,2022-03-01 16:40:00,IOP7,SN,,,,,,,,,,,,SN,,,Gault,Gault,,,,,2022-03-01 16:40:00,Gault2022-03-01 16:40:00,False,,,,
854,,,,,,2022-03-01 16:50:00,IOP7,SN,,,,,,,,,,,,SN,,,Gault,Gault,,,,,2022-03-01 16:50:00,Gault2022-03-01 16:50:00,False,,,,
855,,,,,,2022-03-01 17:00:00,IOP7,SN,,,,,,,,,,,-8.62,SN,,,Gault,Gault,,,"soundings_wintremix/upperair.sounding.202203011700.McGill-Gault.txt,soundings_wintremix/upperair.sounding.202203011900.McGill-Gault.txt",0.0,2022-03-01 17:00:00,Gault2022-03-01 17:00:00,False,,,,
856,,,,,,2022-03-01 17:10:00,IOP7,SN,,,,,,,,,,,-8.426987179487178,SN,,,Gault,Gault,,,"soundings_wintremix/upperair.sounding.202203011700.McGill-Gault.txt,soundings_wintremix/upperair.sounding.202203011900.McGill-Gault.txt",0.0,2022-03-01 17:10:00,Gault2022-03-01 17:10:00,True,upperair.sounding.202203011700.McGill-Gault.txt,,,
857,,,,,,2022-03-01 17:20:00,IOP7,SN,,,,,,,,,,,-8.233974358974358,SN,,,Gault,Gault,,,"soundings_wintremix/upperair.sounding.202203011700.McGill-Gault.txt,soundings_wintremix/upperair.sounding.202203011900.McGill-Gault.txt",0.0,2022-03-01 17:20:00,Gault2022-03-01 17:20:00,False,,,,
858,,,,,,2022-03-01 17:30:00,IOP7,SN,,,,,,,,,,,-8.040961538461538,SN,,,Gault,Gault,,,"soundings_wintremix/upperair.sounding.202203011700.McGill-Gault.txt,soundings_wintremix/upperair.sounding.202203011900.McGill-Gault.txt",0.0,2022-03-01 17:30:00,Gault2022-03-01 17:30:00,False,,,,
859,,,,,,2022-03-01 17:40:00,IOP7,SN,,,,,,,,,,,-7.847948717948717,SN,,,Gault,Gault,,,"soundings_wintremix/upperair.sounding.202203011700.McGill-Gault.txt,soundings_wintremix/upperair.sounding.202203011900.McGill-Gault.txt",0.0,2022-03-01 17:40:00,Gault2022-03-01 17:40:00,False,,,,
860,,,,,,2022-03-01 17:50:00,IOP7,SN,,,,,,,,,,,-7.654935897435898,SN,,,Gault,Gault,,,"soundings_wintremix/upperair.sounding.202203011700.McGill-Gault.txt,soundings_wintremix/upperair.sounding.202203011900.McGill-Gault.txt",0.0,2022-03-01 17:50:00,Gault2022-03-01 17:50:00,False,,,,
861,,,,,,2022-03-01 18:00:00,IOP7,SN,,,,,,,,,,,-7.461923076923076,SN,,,Gault,Gault,,,"soundings_wintremix/upperair.sounding.202203011700.McGill-Gault.txt,soundings_wintremix/upperair.sounding.202203011900.McGill-Gault.txt",0.0,2022-03-01 18:00:00,Gault2022-03-01 18:00:00,False,,,,
862,,,,,,2022-03-01 18:10:00,IOP7,SN,,,,,,,,,,,-7.268910256410257,SN,,,Gault,Gault,,,"soundings_wintremix/upperair.sounding.202203011700.McGill-Gault.txt,soundings_wintremix/upperair.sounding.202203011900.McGill-Gault.txt",0.0,2022-03-01 18:10:00,Gault2022-03-01 18:10:00,False,,,,
863,,,,,,2022-03-01 18:20:00,IOP7,SN,,,,,,,,,,,-7.075897435897435,SN,,,Gault,Gault,,,"soundings_wintremix/upperair.sounding.202203011700.McGill-Gault.txt,soundings_wintremix/upperair.sounding.202203011900.McGill-Gault.txt",0.0,2022-03-01 18:20:00,Gault2022-03-01 18:20:00,False,,,,
864,,,,,,2022-03-01 18:30:00,IOP7,SN,,,,,,,,,,,-6.882884615384615,SN,,,Gault,Gault,,,"soundings_wintremix/upperair.sounding.202203011700.McGill-Gault.txt,soundings_wintremix/upperair.sounding.202203011900.McGill-Gault.txt",0.0,2022-03-01 18:30:00,Gault2022-03-01 18:30:00,False,,,,
865,,,,,,2022-03-01 18:40:00,IOP7,SN,,,,,,,,,,,-6.689871794871795,SN,,,Gault,Gault,,,"soundings_wintremix/upperair.sounding.202203011700.McGill-Gault.txt,soundings_wintremix/upperair.sounding.202203011900.McGill-Gault.txt",0.0,2022-03-01 18:40:00,Gault2022-03-01 18:40:00,False,,,,
866,,,,,,2022-03-01 18:50:00,IOP7,SN,,,,,,,,,,,-6.4968589743589735,SN,,,Gault,Gault,,,"soundings_wintremix/upperair.sounding.202203011700.McGill-Gault.txt,soundings_wintremix/upperair.sounding.202203011900.McGill-Gault.txt",0.0,2022-03-01 18:50:00,Gault2022-03-01 18:50:00,False,,,,
867,,,,,,2022-03-01 19:00:00,IOP7,SN,,,,,,,,,,,-6.13,SN,,,Gault,Gault,,,"soundings_wintremix/upperair.sounding.202203011900.McGill-Gault.txt,soundings_wintremix/upperair.sounding.202203012100.McGill-Gault.txt",0.0,2022-03-01 19:00:00,Gault2022-03-01 19:00:00,False,,,,
868,,,,,,2022-03-01 19:10:00,IOP7,SN,,,,,,,,,,,-6.029135220125786,SN,,,Gault,Gault,,,"soundings_wintremix/upperair.sounding.202203011900.McGill-Gault.txt,soundings_wintremix/upperair.sounding.202203012100.McGill-Gault.txt",0.0,2022-03-01 19:10:00,Gault2022-03-01 19:10:00,True,upperair.sounding.202203011900.McGill-Gault.txt,,,
869,,,,,,2022-03-01 19:20:00,IOP7,SN,,,,,,,,,,,-5.9282704402515725,SN,,,Gault,Gault,,,"soundings_wintremix/upperair.sounding.202203011900.McGill-Gault.txt,soundings_wintremix/upperair.sounding.202203012100.McGill-Gault.txt",0.0,2022-03-01 19:20:00,Gault2022-03-01 19:20:00,False,,,,
870,,,,,,2022-03-01 19:30:00,IOP7,SN,,,,,,,,,,,-5.827405660377359,SN,,,Gault,Gault,,,"soundings_wintremix/upperair.sounding.202203011900.McGill-Gault.txt,soundings_wintremix/upperair.sounding.202203012100.McGill-Gault.txt",0.0,2022-03-01 19:30:00,Gault2022-03-01 19:30:00,False,,,,
871,,,,,,2022-03-01 19:40:00,IOP7,SN,,,,,,,,,,,-5.726540880503144,SN,,,Gault,Gault,,,"soundings_wintremix/upperair.sounding.202203011900.McGill-Gault.txt,soundings_wintremix/upperair.sounding.202203012100.McGill-Gault.txt",0.0,2022-03-01 19:40:00,Gault2022-03-01 19:40:00,False,,,,
872,,,,,,2022-03-01 19:50:00,IOP7,SN,,,,,,,,,,,-5.625676100628931,SN,,,Gault,Gault,,,"soundings_wintremix/upperair.sounding.202203011900.McGill-Gault.txt,soundings_wintremix/upperair.sounding.202203012100.McGill-Gault.txt",0.0,2022-03-01 19:50:00,Gault2022-03-01 19:50:00,False,,,,
873,,,,,,2022-03-01 20:00:00,IOP7,SN,SN,,,,,,,,,,-5.524811320754717,SN,,,Gault,Gault,,,"soundings_wintremix/upperair.sounding.202203011900.McGill-Gault.txt,soundings_wintremix/upperair.sounding.202203012100.McGill-Gault.txt",0.0,2022-03-01 20:00:00,Gault2022-03-01 20:00:00,False,,,,
874,,,,,,2022-03-01 20:10:00,IOP7,SN,SN,,,,,,,,,,-5.423946540880504,SN,,,Gault,Gault,,,"soundings_wintremix/upperair.sounding.202203011900.McGill-Gault.txt,soundings_wintremix/upperair.sounding.202203012100.McGill-Gault.txt",0.0,2022-03-01 20:10:00,Gault2022-03-01 20:10:00,False,,,,
875,,,,,,2022-03-01 20:20:00,IOP7,SN,SN,,,,,,,,,,-5.323081761006289,SN,,,Gault,Gault,,,"soundings_wintremix/upperair.sounding.202203011900.McGill-Gault.txt,soundings_wintremix/upperair.sounding.202203012100.McGill-Gault.txt",0.0,2022-03-01 20:20:00,Gault2022-03-01 20:20:00,False,,,,
876,,,,,,2022-03-01 20:30:00,IOP7,SN,SN,,,,,,,,,,-5.2222169811320756,SN,,,Gault,Gault,,,"soundings_wintremix/upperair.sounding.202203011900.McGill-Gault.txt,soundings_wintremix/upperair.sounding.202203012100.McGill-Gault.txt",0.0,2022-03-01 20:30:00,Gault2022-03-01 20:30:00,False,,,,
877,,,,,,2022-03-01 20:40:00,IOP7,SN,SN,,,,,,,,,,-5.121352201257862,SN,,,Gault,Gault,,,"soundings_wintremix/upperair.sounding.202203011900.McGill-Gault.txt,soundings_wintremix/upperair.sounding.202203012100.McGill-Gault.txt",0.0,2022-03-01 20:40:00,Gault2022-03-01 20:40:00,False,,,,
878,,,,,,2022-03-01 20:50:00,IOP7,SN,SN,,,,,,,,,,-5.020487421383648,SN,,,Gault,Gault,,,"soundings_wintremix/upperair.sounding.202203011900.McGill-Gault.txt,soundings_wintremix/upperair.sounding.202203012100.McGill-Gault.txt",0.0,2022-03-01 20:50:00,Gault2022-03-01 20:50:00,False,,,,
879,,,,,,2022-03-01 21:00:00,IOP7,SN,SN,,,,,,,,,,-4.88,SN,,,Gault,Gault,,,"soundings_wintremix/upperair.sounding.202203012100.McGill-Gault.txt,soundings_wintremix/upperair.sounding.202203012300.McGill-Gault.txt",0.0,2022-03-01 21:00:00,Gault2022-03-01 21:00:00,False,,,,
880,,,,,,2022-03-01 21:10:00,IOP7,SN,SN,,,,,,,,,,-4.83611111111111,SN,,,Gault,Gault,,,"soundings_wintremix/upperair.sounding.202203012100.McGill-Gault.txt,soundings_wintremix/upperair.sounding.202203012300.McGill-Gault.txt",0.0,2022-03-01 21:10:00,Gault2022-03-01 21:10:00,True,upperair.sounding.202203012100.McGill-Gault.txt,,,
881,,,,,,2022-03-01 21:20:00,IOP7,SN,SN,,,,,,,,,,-4.792222222222222,SN,,,Gault,Gault,,,"soundings_wintremix/upperair.sounding.202203012100.McGill-Gault.txt,soundings_wintremix/upperair.sounding.202203012300.McGill-Gault.txt",0.0,2022-03-01 21:20:00,Gault2022-03-01 21:20:00,False,,,,
882,,,,,,2022-03-01 21:30:00,IOP7,SN,SN,,,,,,,,,,-4.748333333333333,SN,,,Gault,Gault,,,"soundings_wintremix/upperair.sounding.202203012100.McGill-Gault.txt,soundings_wintremix/upperair.sounding.202203012300.McGill-Gault.txt",0.0,2022-03-01 21:30:00,Gault2022-03-01 21:30:00,False,,,,
883,,,,,,2022-03-01 21:40:00,IOP7,SN,SN,,,,,,,,,,-4.7044444444444435,SN,,,Gault,Gault,,,"soundings_wintremix/upperair.sounding.202203012100.McGill-Gault.txt,soundings_wintremix/upperair.sounding.202203012300.McGill-Gault.txt",0.0,2022-03-01 21:40:00,Gault2022-03-01 21:40:00,False,,,,
884,,,,,,2022-03-01 21:50:00,IOP7,SN,SN,,,,,,,,,,-4.660555555555556,SN,,,Gault,Gault,,,"soundings_wintremix/upperair.sounding.202203012100.McGill-Gault.txt,soundings_wintremix/upperair.sounding.202203012300.McGill-Gault.txt",0.0,2022-03-01 21:50:00,Gault2022-03-01 21:50:00,False,,,,
885,,,,,,2022-03-01 22:00:00,IOP7,SN,SN,,,,,,,,,,-4.616666666666666,SN,,,Gault,Gault,,,"soundings_wintremix/upperair.sounding.202203012100.McGill-Gault.txt,soundings_wintremix/upperair.sounding.202203012300.McGill-Gault.txt",0.0,2022-03-01 22:00:00,Gault2022-03-01 22:00:00,False,,,,
886,,,,,,2022-03-01 22:10:00,IOP7,SN,SN,,,,,,,,,,-4.572777777777778,SN,,,Gault,Gault,,,"soundings_wintremix/upperair.sounding.202203012100.McGill-Gault.txt,soundings_wintremix/upperair.sounding.202203012300.McGill-Gault.txt",0.0,2022-03-01 22:10:00,Gault2022-03-01 22:10:00,False,,,,
887,,,,,,2022-03-01 22:20:00,IOP7,SN,SN,,,,,,,,,,-4.528888888888888,SN,,,Gault,Gault,,,"soundings_wintremix/upperair.sounding.202203012100.McGill-Gault.txt,soundings_wintremix/upperair.sounding.202203012300.McGill-Gault.txt",0.0,2022-03-01 22:20:00,Gault2022-03-01 22:20:00,False,,,,
888,,,,,,2022-03-01 22:30:00,IOP7,SN,SN,,,,,,,,,,-4.484999999999999,SN,,,Gault,Gault,,,"soundings_wintremix/upperair.sounding.202203012100.McGill-Gault.txt,soundings_wintremix/upperair.sounding.202203012300.McGill-Gault.txt",0.0,2022-03-01 22:30:00,Gault2022-03-01 22:30:00,False,,,,
889,,,,,,2022-03-01 22:40:00,IOP7,SN,SN,,,,,,,,,,-4.441111111111111,SN,,,Gault,Gault,,,"soundings_wintremix/upperair.sounding.202203012100.McGill-Gault.txt,soundings_wintremix/upperair.sounding.202203012300.McGill-Gault.txt",0.0,2022-03-01 22:40:00,Gault2022-03-01 22:40:00,False,,,,
890,,,,,,2022-03-01 22:50:00,IOP7,SN,SN,,,,,,,,,,-4.397222222222221,SN,,,Gault,Gault,,,"soundings_wintremix/upperair.sounding.202203012100.McGill-Gault.txt,soundings_wintremix/upperair.sounding.202203012300.McGill-Gault.txt",0.0,2022-03-01 22:50:00,Gault2022-03-01 22:50:00,False,,,,
891,,,,,,2022-03-01 23:00:00,IOP7,SN,SN,,,,,,,,,,-4.35,SN,,,Gault,Gault,,,"soundings_wintremix/upperair.sounding.202203012300.McGill-Gault.txt,soundings_wintremix/upperair.sounding.202203020100.McGill-Gault.txt",0.0,2022-03-01 23:00:00,Gault2022-03-01 23:00:00,False,,,,
892,,,,,,2022-03-01 23:10:00,IOP7,SN,SN,,,,,,,,,,-4.418068181818181,SN,,,Gault,Gault,,,"soundings_wintremix/upperair.sounding.202203012300.McGill-Gault.txt,soundings_wintremix/upperair.sounding.202203020100.McGill-Gault.txt",0.0,2022-03-01 23:10:00,Gault2022-03-01 23:10:00,True,upperair.sounding.202203012300.McGill-Gault.txt,,,
893,,,,,,2022-03-01 23:20:00,IOP7,SN,SN,,,,,,,,,,-4.486136363636364,SN,,,Gault,Gault,,,"soundings_wintremix/upperair.sounding.202203012300.McGill-Gault.txt,soundings_wintremix/upperair.sounding.202203020100.McGill-Gault.txt",0.0,2022-03-01 23:20:00,Gault2022-03-01 23:20:00,False,,,,
894,,,,,,2022-03-01 23:30:00,IOP7,SN,SN,,,,,,,,,,-4.554204545454545,SN,,,Gault,Gault,,,"soundings_wintremix/upperair.sounding.202203012300.McGill-Gault.txt,soundings_wintremix/upperair.sounding.202203020100.McGill-Gault.txt",0.0,2022-03-01 23:30:00,Gault2022-03-01 23:30:00,False,,,,
895,,,,,,2022-03-01 23:40:00,IOP7,SN,SN,,,,,,,,,,-4.622272727272726,SN,,,Gault,Gault,,,"soundings_wintremix/upperair.sounding.202203012300.McGill-Gault.txt,soundings_wintremix/upperair.sounding.202203020100.McGill-Gault.txt",0.0,2022-03-01 23:40:00,Gault2022-03-01 23:40:00,False,,,,
896,,,,,,2022-03-01 23:50:00,IOP7,SN,SN,,,,,,,,,,-4.690340909090909,SN,,,Gault,Gault,,,"soundings_wintremix/upperair.sounding.202203012300.McGill-Gault.txt,soundings_wintremix/upperair.sounding.202203020100.McGill-Gault.txt",0.0,2022-03-01 23:50:00,Gault2022-03-01 23:50:00,False,,,,
897,,,,,,2022-03-02 00:00:00,IOP7,SN,SN,,,,,,,,,,-4.75840909090909,SN,,,Gault,Gault,,,"soundings_wintremix/upperair.sounding.202203012300.McGill-Gault.txt,soundings_wintremix/upperair.sounding.202203020100.McGill-Gault.txt",0.0,2022-03-02 00:00:00,Gault2022-03-02 00:00:00,False,,,,
898,,,,,,2022-03-02 00:10:00,IOP7,SN,SN,,,,,,,,,,-4.8264772727272724,SN,,,Gault,Gault,,,"soundings_wintremix/upperair.sounding.202203012300.McGill-Gault.txt,soundings_wintremix/upperair.sounding.202203020100.McGill-Gault.txt",0.0,2022-03-02 00:10:00,Gault2022-03-02 00:10:00,False,,,,
899,,,,,,2022-03-02 00:20:00,IOP7,SN,SN,,,,,,,,,,-4.8945454545454545,SN,,,Gault,Gault,,,"soundings_wintremix/upperair.sounding.202203012300.McGill-Gault.txt,soundings_wintremix/upperair.sounding.202203020100.McGill-Gault.txt",0.0,2022-03-02 00:20:00,Gault2022-03-02 00:20:00,False,,,,
900,,,,,,2022-03-02 00:30:00,IOP7,SN,SN,,,,,,,,,,-4.962613636363637,SN,,,Gault,Gault,,,"soundings_wintremix/upperair.sounding.202203012300.McGill-Gault.txt,soundings_wintremix/upperair.sounding.202203020100.McGill-Gault.txt",0.0,2022-03-02 00:30:00,Gault2022-03-02 00:30:00,False,,,,
901,,,,,,2022-03-02 00:40:00,IOP7,SN,SN,,,,,,,,,,-5.030681818181818,SN,,,Gault,Gault,,,"soundings_wintremix/upperair.sounding.202203012300.McGill-Gault.txt,soundings_wintremix/upperair.sounding.202203020100.McGill-Gault.txt",0.0,2022-03-02 00:40:00,Gault2022-03-02 00:40:00,False,,,,
902,,,,,,2022-03-02 00:50:00,IOP7,SN,SN,,,,,,,,,,-5.09875,SN,,,Gault,Gault,,,"soundings_wintremix/upperair.sounding.202203012300.McGill-Gault.txt,soundings_wintremix/upperair.sounding.202203020100.McGill-Gault.txt",0.0,2022-03-02 00:50:00,Gault2022-03-02 00:50:00,False,,,,
903,,,,,,2022-03-02 01:00:00,IOP7,SN,SN,,,,,,,,,,,SN,,,Gault,Gault,,,,,2022-03-02 01:00:00,Gault2022-03-02 01:00:00,False,,,,
904,,,,,,2022-03-02 01:10:00,IOP7,SN,SN,,,,,,,,,,,SN,,,Gault,Gault,,,,0.0,2022-03-02 01:10:00,Gault2022-03-02 01:10:00,True,upperair.sounding.202203020100.McGill-Gault.txt,,,
905,,,,,,2022-03-02 01:20:00,IOP7,SN,SN,,,,,,,,,,,SN,,,Gault,Gault,,,,,2022-03-02 01:20:00,Gault2022-03-02 01:20:00,False,,,,
906,,,,,,2022-03-02 01:30:00,IOP7,SN,SN,,,,,,,,,,,SN,,,Gault,Gault,,,,,2022-03-02 01:30:00,Gault2022-03-02 01:30:00,False,,,,
907,,,,,,2022-03-02 01:40:00,IOP7,SN,,,,,,,,,,,,SN,,,Gault,Gault,,,,,2022-03-02 01:40:00,Gault2022-03-02 01:40:00,False,,,,
908,,,,,,2022-03-02 01:50:00,IOP7,SN,,,,,,,,,,,,SN,,,Gault,Gault,,,,,2022-03-02 01:50:00,Gault2022-03-02 01:50:00,False,,,,
909,,,,,,2022-03-02 02:00:00,IOP7,SN,,,,,,,,,,,,SN,,,Gault,Gault,,,,,2022-03-02 02:00:00,Gault2022-03-02 02:00:00,False,,,,
1718,-112.05508373795752,77.87085106382979,78.18584456601235,-0.5211864359905,1510.0,,,,,,,541.4234442229753,1505.0,0.6332437944128364,655.0,1510.0,1510.0,210.0,,,1.9450943396226414,-0.757692307692308,,,1505.0,1720.0,,850.0,2022-03-06 08:10:00,Gault2022-03-06 08:10:00,True,upperair.sounding.202203060800.McGill-Gault.txt,,,
910,,,,,,2022-03-06 10:00:00,IOP8,,,,,,,,,,,,2.92,,,,Gault,Gault,,,"soundings_wintremix/upperair.sounding.202203061000.McGill-Gault.txt,soundings_wintremix/upperair.sounding.202203061200.McGill-Gault.txt",0.0,2022-03-06 10:00:00,Gault2022-03-06 10:00:00,False,,,,
911,,,,,,2022-03-06 10:10:00,IOP8,,,,,,,,,,,,2.852531806615776,,,,Gault,Gault,,,"soundings_wintremix/upperair.sounding.202203061000.McGill-Gault.txt,soundings_wintremix/upperair.sounding.202203061200.McGill-Gault.txt",0.0,2022-03-06 10:10:00,Gault2022-03-06 10:10:00,True,upperair.sounding.202203061000.McGill-Gault.txt,,,
912,,,,,,2022-03-06 10:20:00,IOP8,,,,,,,,,,,,2.7850636132315523,,,,Gault,Gault,,,"soundings_wintremix/upperair.sounding.202203061000.McGill-Gault.txt,soundings_wintremix/upperair.sounding.202203061200.McGill-Gault.txt",0.0,2022-03-06 10:20:00,Gault2022-03-06 10:20:00,False,,,,
913,,,,,,2022-03-06 10:30:00,IOP8,,,,,,,,,,,,2.717595419847328,,,,Gault,Gault,,,"soundings_wintremix/upperair.sounding.202203061000.McGill-Gault.txt,soundings_wintremix/upperair.sounding.202203061200.McGill-Gault.txt",0.0,2022-03-06 10:30:00,Gault2022-03-06 10:30:00,False,,,,
914,,,,,,2022-03-06 10:40:00,IOP8,,,,,,,,,,,,2.650127226463104,,,,Gault,Gault,,,"soundings_wintremix/upperair.sounding.202203061000.McGill-Gault.txt,soundings_wintremix/upperair.sounding.202203061200.McGill-Gault.txt",0.0,2022-03-06 10:40:00,Gault2022-03-06 10:40:00,False,,,,
915,,,,,,2022-03-06 10:50:00,IOP8,,,,,,,,,,,,2.5826590330788806,,,,Gault,Gault,,,"soundings_wintremix/upperair.sounding.202203061000.McGill-Gault.txt,soundings_wintremix/upperair.sounding.202203061200.McGill-Gault.txt",0.0,2022-03-06 10:50:00,Gault2022-03-06 10:50:00,False,,,,
916,,,,,,2022-03-06 11:00:00,IOP8,,,,,,,,,,,,2.5151908396946565,,,,Gault,Gault,,,"soundings_wintremix/upperair.sounding.202203061000.McGill-Gault.txt,soundings_wintremix/upperair.sounding.202203061200.McGill-Gault.txt",0.0,2022-03-06 11:00:00,Gault2022-03-06 11:00:00,False,,,,
917,,,,,,2022-03-06 11:10:00,IOP8,,,,,,,,,,,,2.447722646310433,,,,Gault,Gault,,,"soundings_wintremix/upperair.sounding.202203061000.McGill-Gault.txt,soundings_wintremix/upperair.sounding.202203061200.McGill-Gault.txt",0.0,2022-03-06 11:10:00,Gault2022-03-06 11:10:00,False,,,,
918,,,,,,2022-03-06 11:20:00,IOP8,,,,,,,,,,,,2.3802544529262084,,,,Gault,Gault,,,"soundings_wintremix/upperair.sounding.202203061000.McGill-Gault.txt,soundings_wintremix/upperair.sounding.202203061200.McGill-Gault.txt",0.0,2022-03-06 11:20:00,Gault2022-03-06 11:20:00,False,,,,
919,,,,,,2022-03-06 11:30:00,IOP8,,,,,,,,,,,,2.312786259541985,,,,Gault,Gault,,,"soundings_wintremix/upperair.sounding.202203061000.McGill-Gault.txt,soundings_wintremix/upperair.sounding.202203061200.McGill-Gault.txt",0.0,2022-03-06 11:30:00,Gault2022-03-06 11:30:00,False,,,,
920,,,,,,2022-03-06 11:40:00,IOP8,,,,,,,,,,,,2.245318066157761,,,,Gault,Gault,,,"soundings_wintremix/upperair.sounding.202203061000.McGill-Gault.txt,soundings_wintremix/upperair.sounding.202203061200.McGill-Gault.txt",0.0,2022-03-06 11:40:00,Gault2022-03-06 11:40:00,False,,,,
921,,,,,,2022-03-06 11:50:00,IOP8,,,,,,,,,,,,2.1778498727735367,,,,Gault,Gault,,,"soundings_wintremix/upperair.sounding.202203061000.McGill-Gault.txt,soundings_wintremix/upperair.sounding.202203061200.McGill-Gault.txt",0.0,2022-03-06 11:50:00,Gault2022-03-06 11:50:00,False,,,,
922,,,,,,2022-03-06 12:00:00,IOP8,,,,,,,,,,,,3.38,,,,Gault,Gault,,,"soundings_wintremix/upperair.sounding.202203061200.McGill-Gault.txt,soundings_wintremix/upperair.sounding.202203061600.McGill-Gault.txt",0.0,2022-03-06 12:00:00,Gault2022-03-06 12:00:00,False,,,,
923,,,,,,2022-03-06 12:10:00,IOP8,,,,,,,,,,,,3.37817738791423,,,,Gault,Gault,,,"soundings_wintremix/upperair.sounding.202203061200.McGill-Gault.txt,soundings_wintremix/upperair.sounding.202203061600.McGill-Gault.txt",0.0,2022-03-06 12:10:00,Gault2022-03-06 12:10:00,True,upperair.sounding.202203061200.McGill-Gault.txt,,,
924,,,,,,2022-03-06 12:20:00,IOP8,,,,,,,,,,,,3.3763547758284598,,,,Gault,Gault,,,"soundings_wintremix/upperair.sounding.202203061200.McGill-Gault.txt,soundings_wintremix/upperair.sounding.202203061600.McGill-Gault.txt",0.0,2022-03-06 12:20:00,Gault2022-03-06 12:20:00,False,,,,
925,,,,,,2022-03-06 12:30:00,IOP8,,,,,,,,,,,,3.37453216374269,,,,Gault,Gault,,,"soundings_wintremix/upperair.sounding.202203061200.McGill-Gault.txt,soundings_wintremix/upperair.sounding.202203061600.McGill-Gault.txt",0.0,2022-03-06 12:30:00,Gault2022-03-06 12:30:00,False,,,,
926,,,,,,2022-03-06 12:40:00,IOP8,,,,,,,,,,,,3.37270955165692,,,,Gault,Gault,,,"soundings_wintremix/upperair.sounding.202203061200.McGill-Gault.txt,soundings_wintremix/upperair.sounding.202203061600.McGill-Gault.txt",0.0,2022-03-06 12:40:00,Gault2022-03-06 12:40:00,False,,,,
927,,,,,,2022-03-06 12:50:00,IOP8,RA,,,,,,,,,,,3.3708869395711503,RA,,,Gault,Gault,,,"soundings_wintremix/upperair.sounding.202203061200.McGill-Gault.txt,soundings_wintremix/upperair.sounding.202203061600.McGill-Gault.txt",0.0,2022-03-06 12:50:00,Gault2022-03-06 12:50:00,False,,,,
928,,,,,,2022-03-06 13:00:00,IOP8,RA,,,,,,,,,,,3.36906432748538,RA,,,Gault,Gault,,,"soundings_wintremix/upperair.sounding.202203061200.McGill-Gault.txt,soundings_wintremix/upperair.sounding.202203061600.McGill-Gault.txt",0.0,2022-03-06 13:00:00,Gault2022-03-06 13:00:00,False,,,,
929,,,,,,2022-03-06 13:10:00,IOP8,RA,,,,,,,,,,,3.36724171539961,RA,,,Gault,Gault,,,"soundings_wintremix/upperair.sounding.202203061200.McGill-Gault.txt,soundings_wintremix/upperair.sounding.202203061600.McGill-Gault.txt",0.0,2022-03-06 13:10:00,Gault2022-03-06 13:10:00,False,,,,
930,,,,,,2022-03-06 13:20:00,IOP8,RA,,,,,,,,,,,3.3654191033138394,RA,,,Gault,Gault,,,"soundings_wintremix/upperair.sounding.202203061200.McGill-Gault.txt,soundings_wintremix/upperair.sounding.202203061600.McGill-Gault.txt",0.0,2022-03-06 13:20:00,Gault2022-03-06 13:20:00,False,,,,
931,,,,,,2022-03-06 13:30:00,IOP8,RA,,,,,,,,,,,3.36359649122807,RA,,,Gault,Gault,,,"soundings_wintremix/upperair.sounding.202203061200.McGill-Gault.txt,soundings_wintremix/upperair.sounding.202203061600.McGill-Gault.txt",0.0,2022-03-06 13:30:00,Gault2022-03-06 13:30:00,False,,,,
932,,,,,,2022-03-06 13:40:00,IOP8,RA,,,,,,,,,,,3.3617738791423,RA,,,Gault,Gault,,,"soundings_wintremix/upperair.sounding.202203061200.McGill-Gault.txt,soundings_wintremix/upperair.sounding.202203061600.McGill-Gault.txt",0.0,2022-03-06 13:40:00,Gault2022-03-06 13:40:00,False,,,,
933,,,,,,2022-03-06 13:50:00,IOP8,RA,,,,,,,,,,,3.35995126705653,RA,,,Gault,Gault,,,"soundings_wintremix/upperair.sounding.202203061200.McGill-Gault.txt,soundings_wintremix/upperair.sounding.202203061600.McGill-Gault.txt",0.0,2022-03-06 13:50:00,Gault2022-03-06 13:50:00,False,,,,
934,,,,,,2022-03-06 14:00:00,IOP8,RA,,,,,,,,,,,3.35812865497076,RA,,,Gault,Gault,,,"soundings_wintremix/upperair.sounding.202203061200.McGill-Gault.txt,soundings_wintremix/upperair.sounding.202203061600.McGill-Gault.txt",0.0,2022-03-06 14:00:00,Gault2022-03-06 14:00:00,False,,,,
935,,,,,,2022-03-06 14:10:00,IOP8,RA,,,,,,,,,,,3.35630604288499,RA,,,Gault,Gault,,,"soundings_wintremix/upperair.sounding.202203061200.McGill-Gault.txt,soundings_wintremix/upperair.sounding.202203061600.McGill-Gault.txt",0.0,2022-03-06 14:10:00,Gault2022-03-06 14:10:00,False,,,,
936,,,,,,2022-03-06 14:20:00,IOP8,RA,,,,,,,,,,,3.3544834307992204,RA,,,Gault,Gault,,,"soundings_wintremix/upperair.sounding.202203061200.McGill-Gault.txt,soundings_wintremix/upperair.sounding.202203061600.McGill-Gault.txt",0.0,2022-03-06 14:20:00,Gault2022-03-06 14:20:00,False,,,,
937,,,,,,2022-03-06 14:30:00,IOP8,RA,,,,,,,,,,,3.35266081871345,RA,,,Gault,Gault,,,"soundings_wintremix/upperair.sounding.202203061200.McGill-Gault.txt,soundings_wintremix/upperair.sounding.202203061600.McGill-Gault.txt",0.0,2022-03-06 14:30:00,Gault2022-03-06 14:30:00,False,,,,
938,,,,,,2022-03-06 14:40:00,IOP8,RA,,,,,,,,,,,3.35083820662768,RA,,,Gault,Gault,,,"soundings_wintremix/upperair.sounding.202203061200.McGill-Gault.txt,soundings_wintremix/upperair.sounding.202203061600.McGill-Gault.txt",0.0,2022-03-06 14:40:00,Gault2022-03-06 14:40:00,False,,,,
939,,,,,,2022-03-06 14:50:00,IOP8,RA,,,,,,,,,,,3.3490155945419104,RA,,,Gault,Gault,,,"soundings_wintremix/upperair.sounding.202203061200.McGill-Gault.txt,soundings_wintremix/upperair.sounding.202203061600.McGill-Gault.txt",0.0,2022-03-06 14:50:00,Gault2022-03-06 14:50:00,False,,,,
940,,,,,,2022-03-06 15:00:00,IOP8,RA,,,,,,,,,,,3.34719298245614,RA,,,Gault,Gault,,,"soundings_wintremix/upperair.sounding.202203061200.McGill-Gault.txt,soundings_wintremix/upperair.sounding.202203061600.McGill-Gault.txt",0.0,2022-03-06 15:00:00,Gault2022-03-06 15:00:00,False,,,,
941,,,,,,2022-03-06 15:10:00,IOP8,RA,,,,,,,,,,,3.34537037037037,RA,,,Gault,Gault,,,"soundings_wintremix/upperair.sounding.202203061200.McGill-Gault.txt,soundings_wintremix/upperair.sounding.202203061600.McGill-Gault.txt",0.0,2022-03-06 15:10:00,Gault2022-03-06 15:10:00,False,,,,
942,,,,,,2022-03-06 15:20:00,IOP8,RA,,,,,,,,,,,3.3435477582846005,RA,,,Gault,Gault,,,"soundings_wintremix/upperair.sounding.202203061200.McGill-Gault.txt,soundings_wintremix/upperair.sounding.202203061600.McGill-Gault.txt",0.0,2022-03-06 15:20:00,Gault2022-03-06 15:20:00,False,,,,
943,,,,,,2022-03-06 15:30:00,IOP8,RA,,,,,,,,,,,3.34172514619883,RA,,,Gault,Gault,,,"soundings_wintremix/upperair.sounding.202203061200.McGill-Gault.txt,soundings_wintremix/upperair.sounding.202203061600.McGill-Gault.txt",0.0,2022-03-06 15:30:00,Gault2022-03-06 15:30:00,False,,,,
944,,,,,,2022-03-06 15:40:00,IOP8,RA,,,,,,,,,,,3.3399025341130604,RA,,,Gault,Gault,,,"soundings_wintremix/upperair.sounding.202203061200.McGill-Gault.txt,soundings_wintremix/upperair.sounding.202203061600.McGill-Gault.txt",0.0,2022-03-06 15:40:00,Gault2022-03-06 15:40:00,False,,,,
945,,,,,,2022-03-06 15:50:00,IOP8,RA,,,,,,,,,,,3.33807992202729,RA,,,Gault,Gault,,,"soundings_wintremix/upperair.sounding.202203061200.McGill-Gault.txt,soundings_wintremix/upperair.sounding.202203061600.McGill-Gault.txt",0.0,2022-03-06 15:50:00,Gault2022-03-06 15:50:00,False,,,,
946,,,,,,2022-03-06 16:00:00,IOP8,RA,,,,,,,,,,,,RA,,,Gault,Gault,,,,,2022-03-06 16:00:00,Gault2022-03-06 16:00:00,False,,,,
1719,,,,,,,,,,,,,,,,,,,,,,,,,,,,0.0,2022-03-06 16:10:00,Gault2022-03-06 16:10:00,True,upperair.sounding.202203061600.McGill-Gault.txt,,,
947,-2621.763168330761,98.79592592592593,99.81872127319768,-2.2124583698993763,20.0,2022-03-07 18:00:00,IOP9,RA,,,,224.1289930265915,1725.0,0.4269123676696981,1205.0,20.0,20.0,1180.0,-0.36,RA,0.6964814814814814,-3.86,Gault,Gault,1725.0,1200.0,"soundings_wintremix/upperair.sounding.202203071800.McGill-Gault.txt,soundings_wintremix/upperair.sounding.202203072000.McGill-Gault.txt",520.0,2022-03-07 18:00:00,Gault2022-03-07 18:00:00,False,,0.3638,0.5096353,99.93517
948,-2621.763168330761,98.79592592592593,99.81872127319768,-2.2124583698993763,20.0,2022-03-07 18:10:00,IOP9,RA,,,,224.1289930265915,1725.0,0.4269123676696981,1205.0,20.0,20.0,1180.0,-0.32111111111111107,RA,0.6964814814814814,-3.86,Gault,Gault,1725.0,1200.0,"soundings_wintremix/upperair.sounding.202203071800.McGill-Gault.txt,soundings_wintremix/upperair.sounding.202203072000.McGill-Gault.txt",520.0,2022-03-07 18:10:00,Gault2022-03-07 18:10:00,True,upperair.sounding.202203071800.McGill-Gault.txt,0.29900000000000004,0.43364779999999997,99.934598
949,-2451.249169304539,98.9966049382716,100.06191016382805,-2.0598732515164198,20.0,2022-03-07 18:20:00,IOP9,RA,,,,173.77193737344504,1645.0,0.39493622130328415,1210.0,20.0,20.0,1185.0,-0.2822222222222222,RA,0.6254012345679012,-3.631666666666667,Gault,Gault,1645.0,1205.0,"soundings_wintremix/upperair.sounding.202203071800.McGill-Gault.txt,soundings_wintremix/upperair.sounding.202203072000.McGill-Gault.txt",435.0,2022-03-07 18:20:00,Gault2022-03-07 18:20:00,False,,0.1311,0.50699153,99.931703
950,-2366.004905640485,99.09694444444445,100.29899853904473,-1.988239416504609,20.0,2022-03-07 18:30:00,IOP9,RA,,,,154.71797967181453,1620.0,0.3728144088477458,1210.0,20.0,20.0,1185.0,-0.24333333333333335,RA,0.589861111111111,-3.5175,Gault,Gault,1620.0,1205.0,"soundings_wintremix/upperair.sounding.202203071800.McGill-Gault.txt,soundings_wintremix/upperair.sounding.202203072000.McGill-Gault.txt",410.0,2022-03-07 18:30:00,Gault2022-03-07 18:30:00,False,,0.3101,0.49303747,99.932581
951,-2280.7606419764306,99.19728395061728,100.53556032067536,-1.916605581492799,20.0,2022-03-07 18:40:00,IOP9,RA,,,,136.88606010796428,1610.0,0.33799027187151665,1210.0,20.0,20.0,1185.0,-0.20444444444444443,RA,0.5543209876543209,-3.4033333333333333,Gault,Gault,1610.0,1205.0,"soundings_wintremix/upperair.sounding.202203071800.McGill-Gault.txt,soundings_wintremix/upperair.sounding.202203072000.McGill-Gault.txt",400.0,2022-03-07 18:40:00,Gault2022-03-07 18:40:00,False,,0.21280000000000002,0.2636968,99.950506
952,-2195.516378312376,99.29762345679012,100.77159634000232,-1.8449717464809887,20.0,2022-03-07 18:50:00,IOP9,RA,,,,120.31265438698176,1585.0,0.3166122483867941,1210.0,20.0,20.0,1185.0,-0.16555555555555554,RA,0.5187808641975308,-3.289166666666667,Gault,Gault,1585.0,1205.0,"soundings_wintremix/upperair.sounding.202203071800.McGill-Gault.txt,soundings_wintremix/upperair.sounding.202203072000.McGill-Gault.txt",375.0,2022-03-07 18:50:00,Gault2022-03-07 18:50:00,False,,0.10980000000000001,0.098789275,99.9352
953,-2110.2721146483223,99.39796296296296,101.00710742730281,-1.773337911469178,20.0,2022-03-07 19:00:00,IOP9,RA,,,,105.4846432767285,1575.0,0.2850936304776446,1210.0,20.0,20.0,1185.0,-0.12666666666666665,RA,0.4832407407407407,-3.175,Gault,Gault,1575.0,1205.0,"soundings_wintremix/upperair.sounding.202203071800.McGill-Gault.txt,soundings_wintremix/upperair.sounding.202203072000.McGill-Gault.txt",365.0,2022-03-07 19:00:00,Gault2022-03-07 19:00:00,False,,0.7949999999999999,0.10653247800000001,99.93104500000001
954,-2025.1047508794463,99.49830246913581,101.24209441185077,-1.6946483270957708,20.0,2022-03-07 19:10:00,IOP9,RA,,,,91.57270520212607,1560.0,0.26163630057750303,1215.0,20.0,20.0,1190.0,-0.08777777777777776,RA,0.4477006172839506,-3.0608333333333335,Gault,Gault,1560.0,1210.0,"soundings_wintremix/upperair.sounding.202203071800.McGill-Gault.txt,soundings_wintremix/upperair.sounding.202203072000.McGill-Gault.txt",345.0,2022-03-07 19:10:00,Gault2022-03-07 19:10:00,False,,1.3627,0.27206491,99.938508
955,-1940.0026037804407,99.59864197530862,101.47655812191363,-1.6302542888911267,25.0,2022-03-07 19:20:00,IOP9,RA,,,,78.82162738231129,1540.0,0.23885341631003426,1215.0,25.0,25.0,1185.0,-0.04888888888888887,RA,0.42025157232704424,-2.9481818181818182,Gault,Gault,1540.0,1210.0,"soundings_wintremix/upperair.sounding.202203071800.McGill-Gault.txt,soundings_wintremix/upperair.sounding.202203072000.McGill-Gault.txt",325.0,2022-03-07 19:20:00,Gault2022-03-07 19:20:00,False,,1.533,0.31485864,99.935226
956,-1855.017475954971,99.69898148148148,101.71049938475592,-1.5523158794602268,25.0,2022-03-07 19:30:00,IOP9,RA,,,,68.2889258849384,1510.0,0.23148788435572334,1220.0,25.0,25.0,1190.0,-0.009999999999999981,RA,0.3958390783744556,-2.8366031149301825,Gault,Gault,1510.0,1215.0,"soundings_wintremix/upperair.sounding.202203071800.McGill-Gault.txt,soundings_wintremix/upperair.sounding.202203072000.McGill-Gault.txt",290.0,2022-03-07 19:30:00,Gault2022-03-07 19:30:00,False,,1.1422,0.2453336,99.934732
957,-1770.1419503556224,99.79932098765433,101.94391902663753,-1.4875142439963214,30.0,2022-03-07 19:40:00,IOP9,RA,,,,59.25637234379674,1485.0,0.21946804571776574,1220.0,30.0,30.0,1185.0,0.02888888888888891,RA,0.37229499274310573,-2.7251145721446473,Gault,Gault,1485.0,1215.0,"soundings_wintremix/upperair.sounding.202203071800.McGill-Gault.txt,soundings_wintremix/upperair.sounding.202203072000.McGill-Gault.txt",265.0,2022-03-07 19:40:00,Gault2022-03-07 19:40:00,False,,0.6426999999999999,0.24340184000000004,99.933223
958,-1685.491210963788,99.89966049382714,102.1768178728142,-1.4104528962040068,30.0,2022-03-07 19:50:00,IOP9,RA,,,,51.97712226254167,1465.0,0.21215151943894558,1225.0,30.0,30.0,1190.0,0.0677777777777778,RA,0.34875090711175605,-2.6136260293591116,Gault,Gault,1465.0,1220.0,"soundings_wintremix/upperair.sounding.202203071800.McGill-Gault.txt,soundings_wintremix/upperair.sounding.202203072000.McGill-Gault.txt",240.0,2022-03-07 19:50:00,Gault2022-03-07 19:50:00,False,,0.4091,0.22624320999999997,99.93315199999999
959,-1591.1373658842815,100.0,102.50617261064703,-1.4801277822179362,35.0,2022-03-07 20:00:00,IOP9,RA,,,,45.274254745439535,1455.0,0.19265640317208313,1225.0,35.0,35.0,1070.0,0.83,RA,0.3244230769230768,-2.504489795918367,Gault,Gault,1455.0,1105.0,"soundings_wintremix/upperair.sounding.202203072000.McGill-Gault.txt,soundings_wintremix/upperair.sounding.202203072200.McGill-Gault.txt",230.0,2022-03-07 20:00:00,Gault2022-03-07 20:00:00,False,,0.13369999999999999,0.22640577999999997,99.931326
960,-1591.1373658842815,100.0,102.50617261064703,-1.4801277822179362,35.0,2022-03-07 20:10:00,IOP9,RA,,,,45.274254745439535,1455.0,0.19265640317208313,1225.0,35.0,35.0,1070.0,0.8528551912568305,RA,0.3244230769230768,-2.504489795918367,Gault,Gault,1455.0,1105.0,"soundings_wintremix/upperair.sounding.202203072000.McGill-Gault.txt,soundings_wintremix/upperair.sounding.202203072200.McGill-Gault.txt",230.0,2022-03-07 20:10:00,Gault2022-03-07 20:10:00,True,upperair.sounding.202203072000.McGill-Gault.txt,0.0,0.21479657,99.935956
961,-1443.7853472806523,99.8695946255003,102.03453407839213,-1.2287534870473638,50.0,2022-03-07 20:20:00,IOP9,RA,,,,49.263182802751714,1460.0,0.20526326167813214,1225.0,50.0,50.0,1170.0,0.8757103825136612,RA,0.32885108481262315,-2.4328627087198518,Gault,Gault,1460.0,1220.0,"soundings_wintremix/upperair.sounding.202203072000.McGill-Gault.txt,soundings_wintremix/upperair.sounding.202203072200.McGill-Gault.txt",235.0,2022-03-07 20:20:00,Gault2022-03-07 20:20:00,False,,0.0,0.18131434,99.936886
962,-1366.241729378689,99.80439193825043,101.80098682260025,-1.172739681870119,60.0,2022-03-07 20:30:00,IOP9,RA,,,,51.392705654937195,1470.0,0.2055708226197488,1225.0,60.0,60.0,1160.0,0.8985655737704918,RA,0.33112556561085993,-2.39730604657688,Gault,Gault,1470.0,1220.0,"soundings_wintremix/upperair.sounding.202203072000.McGill-Gault.txt,soundings_wintremix/upperair.sounding.202203072200.McGill-Gault.txt",245.0,2022-03-07 20:30:00,Gault2022-03-07 20:30:00,False,,0.0,0.22740714,99.946258
963,-1289.954468049116,99.73918925100055,101.56758545442317,-1.1315390070606282,80.0,2022-03-07 20:40:00,IOP9,RA,,,,53.645099636848954,1475.0,0.2063273062955729,1220.0,80.0,80.0,1135.0,0.9214207650273223,RA,0.3342458521870288,-2.367624086671706,Gault,Gault,1475.0,1215.0,"soundings_wintremix/upperair.sounding.202203072000.McGill-Gault.txt,soundings_wintremix/upperair.sounding.202203072200.McGill-Gault.txt",255.0,2022-03-07 20:40:00,Gault2022-03-07 20:40:00,False,,0.2084,0.27055429000000003,99.93583
964,-1215.1269415554316,99.67398656375072,101.33432989960386,-1.0801128369381614,95.0,2022-03-07 20:50:00,IOP9,RA,,,,56.03169034392336,1480.0,0.21144034092046549,1220.0,95.0,95.0,1120.0,0.9442759562841532,RA,0.3464894419306185,-2.338152557319224,Gault,Gault,1480.0,1215.0,"soundings_wintremix/upperair.sounding.202203072000.McGill-Gault.txt,soundings_wintremix/upperair.sounding.202203072200.McGill-Gault.txt",260.0,2022-03-07 20:50:00,Gault2022-03-07 20:50:00,False,,0.2104,0.27006937999999997,99.935192
965,-1142.9004967773167,99.60878387650085,101.10122008391309,-1.0533645131588172,125.0,2022-03-07 21:00:00,IOP9,RA,,,,58.598703681416936,1485.0,0.20928108457648903,1210.0,125.0,125.0,1080.0,0.9671311475409836,RA,0.36178733031674215,-2.314452727272727,Gault,Gault,1485.0,1205.0,"soundings_wintremix/upperair.sounding.202203072000.McGill-Gault.txt,soundings_wintremix/upperair.sounding.202203072200.McGill-Gault.txt",275.0,2022-03-07 21:00:00,Gault2022-03-07 21:00:00,False,,0.12,0.30808984,99.931416
966,-1073.3281612776875,99.543581189251,100.86825593314995,-1.012573737054422,150.0,2022-03-07 21:10:00,IOP9,RA,,,,61.325807003826974,1490.0,0.21517827018886662,1210.0,150.0,150.0,1055.0,0.9899863387978144,RA,0.3770852187028658,-2.298639054948579,Gault,Gault,1490.0,1205.0,"soundings_wintremix/upperair.sounding.202203072000.McGill-Gault.txt,soundings_wintremix/upperair.sounding.202203072200.McGill-Gault.txt",280.0,2022-03-07 21:10:00,Gault2022-03-07 21:10:00,False,,0.0819,0.31400737,99.937453
967,-983.9761963471826,99.47837850200112,100.6399494086696,-1.1508493524528451,350.0,2022-03-07 21:20:00,IOP9,RA,,,,64.15337241266239,1490.0,0.2212185255609048,1205.0,350.0,350.0,850.0,1.012841530054645,RA,0.3923831070889895,-2.282992739183215,Gault,Gault,1490.0,1200.0,"soundings_wintremix/upperair.sounding.202203072000.McGill-Gault.txt,soundings_wintremix/upperair.sounding.202203072200.McGill-Gault.txt",285.0,2022-03-07 21:20:00,Gault2022-03-07 21:20:00,False,,0.0,0.28476474,99.937477
968,-938.7380084188719,99.41317581475127,100.4255787375087,-1.1043976569633789,355.0,2022-03-07 21:30:00,IOP9,RA,,,,67.06774901856792,1495.0,0.2273483017578573,1205.0,355.0,355.0,845.0,1.0356967213114756,RA,0.4076809954751132,-2.2673464234178518,Gault,Gault,1495.0,1200.0,"soundings_wintremix/upperair.sounding.202203072000.McGill-Gault.txt,soundings_wintremix/upperair.sounding.202203072200.McGill-Gault.txt",290.0,2022-03-07 21:30:00,Gault2022-03-07 21:30:00,False,,0.0327,0.26845691,99.936293
969,-897.617271923725,99.3479731275014,100.21128936065669,-1.1434614928964648,420.0,2022-03-07 21:40:00,IOP9,RA,,,,70.00676498712185,1500.0,0.23335588329040619,1205.0,420.0,420.0,780.0,1.0585519125683063,RA,0.42297888386123694,-2.2517001076524887,Gault,Gault,1500.0,1200.0,"soundings_wintremix/upperair.sounding.202203072000.McGill-Gault.txt,soundings_wintremix/upperair.sounding.202203072200.McGill-Gault.txt",295.0,2022-03-07 21:40:00,Gault2022-03-07 21:40:00,False,,0.0,0.29892627000000005,99.935536
970,-862.4128706585429,99.28277044025155,99.99708125271485,-1.1576011686691852,460.0,2022-03-07 21:50:00,IOP9,RA,,,,73.00930775692883,1500.0,0.24336435918976276,1205.0,460.0,460.0,740.0,1.0814071038251367,RA,0.43827677224736056,-2.2360537918871253,Gault,Gault,1500.0,1200.0,"soundings_wintremix/upperair.sounding.202203072000.McGill-Gault.txt,soundings_wintremix/upperair.sounding.202203072200.McGill-Gault.txt",295.0,2022-03-07 21:50:00,Gault2022-03-07 21:50:00,False,,0.0,0.37933979,99.937618
971,-832.8390112768566,99.3630909090909,99.79360574027446,-1.156720848995634,480.0,2022-03-07 22:00:00,IOP9,RA,,,,76.10717016705084,1505.0,0.24550700053887367,1200.0,480.0,480.0,715.0,1.12,RA,0.45470588235294124,-2.2256363636363634,Gault,Gault,1505.0,1195.0,"soundings_wintremix/upperair.sounding.202203072200.McGill-Gault.txt,soundings_wintremix/upperair.sounding.202203080000.McGill-Gault.txt",305.0,2022-03-07 22:00:00,Gault2022-03-07 22:00:00,False,,0.0,0.45010109,99.935215
972,-832.8390112768566,99.3630909090909,99.79360574027446,-1.156720848995634,480.0,2022-03-07 22:10:00,IOP9,RA,,,,76.10717016705084,1505.0,0.24550700053887367,1200.0,480.0,480.0,715.0,1.0858419243986255,RA,0.45470588235294124,-2.2256363636363634,Gault,Gault,1505.0,1195.0,"soundings_wintremix/upperair.sounding.202203072200.McGill-Gault.txt,soundings_wintremix/upperair.sounding.202203080000.McGill-Gault.txt",305.0,2022-03-07 22:10:00,Gault2022-03-07 22:10:00,True,upperair.sounding.202203072200.McGill-Gault.txt,0.0,0.60584634,99.93995
973,-775.0225650966527,96.57539482526883,98.27103627645896,-1.0764202293009066,465.0,2022-03-07 22:20:00,IOP9,RA,,,,131.12918195150147,1570.0,0.3450767946092144,1195.0,465.0,465.0,715.0,1.051683848797251,RA,0.6068050749711642,-2.0858684573002755,Gault,Gault,1570.0,1180.0,"soundings_wintremix/upperair.sounding.202203072200.McGill-Gault.txt,soundings_wintremix/upperair.sounding.202203080000.McGill-Gault.txt",375.0,2022-03-07 22:20:00,Gault2022-03-07 22:20:00,False,,0.0,0.67633883,99.93713
974,-747.6156567503992,95.86109223790324,97.5396503625481,-1.0529797982399989,465.0,2022-03-07 22:30:00,IOP9,RA,,,,167.31638489441644,1600.0,0.3891078718474801,1175.0,465.0,465.0,705.0,1.0175257731958764,RA,0.6828546712802757,-2.0257117768595037,Gault,Gault,1600.0,1170.0,"soundings_wintremix/upperair.sounding.202203072200.McGill-Gault.txt,soundings_wintremix/upperair.sounding.202203080000.McGill-Gault.txt",425.0,2022-03-07 22:30:00,Gault2022-03-07 22:30:00,False,,0.0252,0.6978494,99.93173
975,-722.6862306282352,95.36314841156945,96.94300745759604,-0.9766030143624799,425.0,2022-03-07 22:40:00,IOP9,PL,RA,,,207.8881692529059,1625.0,0.4470713317266794,1165.0,425.0,425.0,735.0,0.9833676975945018,RA and PL,0.7589042675893862,-1.965555096418732,Gault,Gault,1625.0,1160.0,"soundings_wintremix/upperair.sounding.202203072200.McGill-Gault.txt,soundings_wintremix/upperair.sounding.202203080000.McGill-Gault.txt",460.0,2022-03-07 22:40:00,Gault2022-03-07 22:40:00,False,,0.8775000000000001,0.60502419,99.936481
976,-698.6268503546496,95.14393551446183,96.70718931325558,-0.9636232418684822,420.0,2022-03-07 22:50:00,IOP9,RA,PL,,,256.4001806963323,1680.0,0.4837739258421365,1155.0,420.0,420.0,720.0,0.9492096219931273,RA and PL,0.8349538638984987,-1.9100678077066968,Gault,Gault,1680.0,1140.0,"soundings_wintremix/upperair.sounding.202203072200.McGill-Gault.txt,soundings_wintremix/upperair.sounding.202203080000.McGill-Gault.txt",525.0,2022-03-07 22:50:00,Gault2022-03-07 22:50:00,False,,1.4706,0.58801415,99.931781
977,-648.6799736979407,94.92472261735419,96.47126869820524,-1.0378879579167049,370.0,2022-03-07 23:00:00,IOP9,RA,,,,310.7157786288581,1705.0,0.5451154011032598,1140.0,370.0,370.0,620.0,0.9150515463917527,RA,0.9199045300361103,-1.8595693041526378,Gault,Gault,1705.0,990.0,"soundings_wintremix/upperair.sounding.202203072200.McGill-Gault.txt,soundings_wintremix/upperair.sounding.202203080000.McGill-Gault.txt",565.0,2022-03-07 23:00:00,Gault2022-03-07 23:00:00,False,,0.48819999999999997,0.58471863,99.939765
978,-647.8669446589797,94.71340385276918,96.23524557773587,-1.0283602296174283,365.0,2022-03-07 23:10:00,IOP9,RA,,,,370.6151296758232,1750.0,0.6026262271151598,1140.0,365.0,365.0,625.0,0.8808934707903782,RA,1.0889591311959723,-1.8358609625668454,Gault,Gault,1750.0,990.0,"soundings_wintremix/upperair.sounding.202203072200.McGill-Gault.txt,soundings_wintremix/upperair.sounding.202203080000.McGill-Gault.txt",610.0,2022-03-07 23:10:00,Gault2022-03-07 23:10:00,False,,0.6214000000000001,0.50028546,99.931185
979,-667.503977177934,94.50450636394908,96.03357357384203,-0.9020324015918028,230.0,2022-03-07 23:20:00,IOP9,RA,,,,439.9784297628597,1800.0,0.6240828790962548,1100.0,230.0,230.0,735.0,0.8467353951890035,RA,1.2580137323558425,-1.8293475935828876,Gault,Gault,1800.0,965.0,"soundings_wintremix/upperair.sounding.202203072200.McGill-Gault.txt,soundings_wintremix/upperair.sounding.202203080000.McGill-Gault.txt",700.0,2022-03-07 23:20:00,Gault2022-03-07 23:20:00,False,,0.9794,0.40062046,99.940684
980,-679.5992330536067,94.29560887512899,95.87625340683415,-0.9504884378372125,230.0,2022-03-07 23:30:00,IOP9,RA,,,,617.6202835362344,2135.0,0.5347361762218479,985.0,230.0,230.0,710.0,0.8125773195876289,RA,1.427068333515704,-1.8228342245989309,Gault,Gault,2135.0,940.0,"soundings_wintremix/upperair.sounding.202203072200.McGill-Gault.txt,soundings_wintremix/upperair.sounding.202203080000.McGill-Gault.txt",1150.0,2022-03-07 23:30:00,Gault2022-03-07 23:30:00,False,,0.5114,0.32988555,99.933813
981,-695.5344098116043,94.08671138630892,95.72079464342949,-0.9796259293121184,225.0,2022-03-07 23:40:00,IOP9,RA,,,,726.8884837066495,2140.0,0.6160071895819063,965.0,225.0,225.0,705.0,0.7784192439862544,RA,1.596122934675564,-1.8424554367201427,Gault,Gault,2140.0,930.0,"soundings_wintremix/upperair.sounding.202203072200.McGill-Gault.txt,soundings_wintremix/upperair.sounding.202203080000.McGill-Gault.txt",1175.0,2022-03-07 23:40:00,Gault2022-03-07 23:40:00,False,,1.0436,0.27847143,99.92914
982,-712.5810414066988,93.87781389748882,95.5651184688583,-1.0036352695868995,220.0,2022-03-07 23:50:00,IOP9,PL,RA,,,844.4435639888925,2175.0,0.675554851191114,930.0,220.0,220.0,705.0,0.7442611683848799,RA and PL,1.7651775358354378,-1.8746100713012475,Gault,Gault,2175.0,925.0,"soundings_wintremix/upperair.sounding.202203072200.McGill-Gault.txt,soundings_wintremix/upperair.sounding.202203080000.McGill-Gault.txt",1245.0,2022-03-07 23:50:00,Gault2022-03-07 23:50:00,False,,1.9949000000000001,0.26768036,99.942811
983,-731.1317573741316,93.69368421052631,95.4305770892497,-1.0444739391059024,220.0,2022-03-08 00:00:00,IOP9,RA,RA,,,957.92257321047,2175.0,0.7602560104845,920.0,220.0,220.0,695.0,0.48,RA,1.985,-1.9114705882352938,Gault,Gault,2175.0,915.0,"soundings_wintremix/upperair.sounding.202203080000.McGill-Gault.txt,soundings_wintremix/upperair.sounding.202203080100.McGill-Gault.txt",1255.0,2022-03-08 00:00:00,Gault2022-03-08 00:00:00,False,,4.3205,0.31937307000000004,99.937321
984,-731.1317573741316,93.69368421052631,95.4305770892497,-1.0444739391059024,220.0,2022-03-08 00:10:00,IOP9,RA,RA,,,957.92257321047,2175.0,0.7602560104845,920.0,220.0,220.0,695.0,0.46863636363636363,RA,1.985,-1.9114705882352938,Gault,Gault,2175.0,915.0,"soundings_wintremix/upperair.sounding.202203080000.McGill-Gault.txt,soundings_wintremix/upperair.sounding.202203080100.McGill-Gault.txt",1255.0,2022-03-08 00:10:00,Gault2022-03-08 00:10:00,True,upperair.sounding.202203080000.McGill-Gault.txt,2.7041999999999997,0.36208215,99.938444
985,-716.25071369943,95.30854382929643,96.99739670717915,-1.0088038221118734,235.0,2022-03-08 00:20:00,IOP9,RA,,,,559.4446709868607,1945.0,0.5679641329815845,965.0,235.0,235.0,705.0,0.4572727272727272,RA,1.4546771572104062,-1.8173453996983409,Gault,Gault,1945.0,940.0,"soundings_wintremix/upperair.sounding.202203080000.McGill-Gault.txt,soundings_wintremix/upperair.sounding.202203080100.McGill-Gault.txt",980.0,2022-03-08 00:20:00,Gault2022-03-08 00:20:00,False,,1.0358,0.35853265,99.933601
986,-716.166126928008,96.16126414027148,97.82643100022821,-1.0304548588892202,275.0,2022-03-08 00:30:00,IOP9,PL,,,,403.5097373215426,1890.0,0.580589550102939,1200.0,275.0,275.0,690.0,0.4459090909090909,PL,1.189515735815603,-1.809547511312217,Gault,Gault,1890.0,965.0,"soundings_wintremix/upperair.sounding.202203080000.McGill-Gault.txt,soundings_wintremix/upperair.sounding.202203080100.McGill-Gault.txt",690.0,2022-03-08 00:30:00,Gault2022-03-08 00:30:00,False,,3.1523,0.29149729,99.940545
987,-765.9956249518676,97.09443061840119,98.74195089437592,-0.8281033783263434,300.0,2022-03-08 00:40:00,IOP9,PL,SN,,,298.90285195169827,1885.0,0.46341527434371826,1245.0,300.0,300.0,920.0,0.4345454545454545,SN and PL,0.9243543144208061,-1.8170112893642305,Gault,Gault,1885.0,1220.0,"soundings_wintremix/upperair.sounding.202203080000.McGill-Gault.txt,soundings_wintremix/upperair.sounding.202203080100.McGill-Gault.txt",640.0,2022-03-08 00:40:00,Gault2022-03-08 00:40:00,False,,3.6117000000000004,0.26763745,99.934456
988,-828.9585176661894,98.06444124502949,99.67755766036255,-0.8248343459365071,300.0,2022-03-08 00:50:00,IOP9,SN,,,,206.14060514380458,1855.0,0.3714245137726208,1305.0,300.0,300.0,1000.0,0.4231818181818182,SN,0.7069230769230768,-1.887190621531632,Gault,Gault,1855.0,1300.0,"soundings_wintremix/upperair.sounding.202203080000.McGill-Gault.txt,soundings_wintremix/upperair.sounding.202203080100.McGill-Gault.txt",550.0,2022-03-08 00:50:00,Gault2022-03-08 00:50:00,False,,1.7268000000000001,0.24153792,99.930939
989,,,,,,2022-03-08 01:00:00,IOP9,SN,PL,,,,,,,,,,,SN and PL,,,Gault,Gault,,,,,2022-03-08 01:00:00,Gault2022-03-08 01:00:00,False,,5.5912999999999995,0.0419204701,99.92424700000001
990,-899.3494875196259,99.61981818181818,101.16813112246187,-0.9224097307893596,360.0,2022-03-08 01:10:00,IOP9,PL,FZRA,,,125.40758713221999,1835.0,0.24833185570736635,1335.0,360.0,360.0,970.0,,FZRA and PL,0.55,-1.9673584905660375,Gault,Gault,1835.0,1330.0,,500.0,2022-03-08 01:10:00,Gault2022-03-08 01:10:00,True,upperair.sounding.202203080100.McGill-Gault.txt,4.6957,-0.127219773,99.931335
991,,,,,,2022-03-08 01:50:00,IOP9,SN,,,,,,,,,,,,SN,,,Gault,Gault,,,,,2022-03-08 01:50:00,Gault2022-03-08 01:50:00,False,,0.9442,-0.44238545,99.938645
992,,,,,,2022-03-12 00:00:00,IOP10,SN,,,,,,,,,,,,SN,,,Gault,Gault,,,,,2022-03-12 00:00:00,Gault2022-03-12 00:00:00,False,,,,
993,,,,,,2022-03-12 00:10:00,IOP10,SN,,,,,,,,,,,,SN,,,Gault,Gault,,,,,2022-03-12 00:10:00,Gault2022-03-12 00:10:00,False,,,,
994,,,,,,2022-03-12 00:20:00,IOP10,SN,,,,,,,,,,,,SN,,,Gault,Gault,,,,,2022-03-12 00:20:00,Gault2022-03-12 00:20:00,False,,,,
995,,,,,,2022-03-12 00:30:00,IOP10,SN,,,,,,,,,,,,SN,,,Gault,Gault,,,,,2022-03-12 00:30:00,Gault2022-03-12 00:30:00,False,,,,
996,,,,,,2022-03-12 00:40:00,IOP10,SN,FZRA,,,,,,,,,,-0.8106060606060606,SN and FZRA,,,Gault,Gault,,,"soundings_wintremix/upperair.sounding.202203120032.McGill-Gault.txt,soundings_wintremix/upperair.sounding.202203120200.McGill-Gault.txt",0.0,2022-03-12 00:40:00,Gault2022-03-12 00:40:00,True,upperair.sounding.202203120032.McGill-Gault.txt,,,
997,,,,,,2022-03-12 00:50:00,IOP10,SN,FZRA,,,,,,,,,,-0.7988636363636363,SN and FZRA,,,Gault,Gault,,,"soundings_wintremix/upperair.sounding.202203120032.McGill-Gault.txt,soundings_wintremix/upperair.sounding.202203120200.McGill-Gault.txt",0.0,2022-03-12 00:50:00,Gault2022-03-12 00:50:00,False,,,,
998,-192.7674445596914,92.98684876144816,93.89980771475706,-0.6425581485323048,0.0,2022-03-12 01:00:00,IOP10,FZRA,SN,,,2.061226155288856,350.0,0.0374768391870701,300.0,0.0,0.0,295.0,-0.787121212121212,SN and FZRA,0.0657668185119166,-1.0853714724991321,Gault,Gault,350.0,295.0,"soundings_wintremix/upperair.sounding.202203120032.McGill-Gault.txt,soundings_wintremix/upperair.sounding.202203120200.McGill-Gault.txt",50.0,2022-03-12 01:00:00,Gault2022-03-12 01:00:00,False,,,,
999,-174.40589867472227,93.1052430235417,94.0112109965183,-0.6976235946988889,0.0,2022-03-12 01:10:00,IOP10,FZRA,SN,,,24.64225004657589,415.0,0.1449544120386817,250.0,0.0,0.0,245.0,-0.7753787878787879,SN and FZRA,0.2637682538050185,-1.0960810643257453,Gault,Gault,415.0,245.0,"soundings_wintremix/upperair.sounding.202203120032.McGill-Gault.txt,soundings_wintremix/upperair.sounding.202203120200.McGill-Gault.txt",165.0,2022-03-12 01:10:00,Gault2022-03-12 01:10:00,False,,,,
1000,-168.63578999751599,93.22363728563525,94.12259432216136,-0.7843525116163534,0.0,2022-03-12 01:20:00,IOP10,FZRA,SN,,,73.8631999134744,480.0,0.27356740708694227,215.0,0.0,0.0,210.0,-0.7636363636363636,SN and FZRA,0.46511415055532696,-1.1067906561523582,Gault,Gault,480.0,210.0,"soundings_wintremix/upperair.sounding.202203120032.McGill-Gault.txt,soundings_wintremix/upperair.sounding.202203120200.McGill-Gault.txt",265.0,2022-03-12 01:20:00,Gault2022-03-12 01:20:00,False,,,,
1001,-167.08984280108106,93.34659012727897,94.2611111734365,-0.7956659181003859,0.0,2022-03-12 01:30:00,IOP10,FZRA,,,,140.80783378836432,525.0,0.44002448058863847,210.0,0.0,0.0,205.0,-0.7518939393939393,FZRA,0.6665290346907994,-1.119559212466418,Gault,Gault,525.0,205.0,"soundings_wintremix/upperair.sounding.202203120032.McGill-Gault.txt,soundings_wintremix/upperair.sounding.202203120200.McGill-Gault.txt",315.0,2022-03-12 01:30:00,Gault2022-03-12 01:30:00,False,,,,
1002,-165.919156726503,93.528216374269,94.44408907591693,-0.8093617401292829,0.0,2022-03-12 01:40:00,IOP10,FZRA,SN,,,244.51489727269097,675.0,0.5147682047846125,205.0,0.0,0.0,200.0,-0.7401515151515152,SN and FZRA,0.8934333333333334,-1.1363189144129606,Gault,Gault,675.0,200.0,"soundings_wintremix/upperair.sounding.202203120032.McGill-Gault.txt,soundings_wintremix/upperair.sounding.202203120200.McGill-Gault.txt",470.0,2022-03-12 01:40:00,Gault2022-03-12 01:40:00,False,,,,
1003,-165.08842471382047,93.70984262125903,94.64277720045757,-0.8053093888479047,0.0,2022-03-12 01:50:00,IOP10,,,,,353.67956795910396,695.0,0.7145041776951596,205.0,0.0,0.0,200.0,-0.7284090909090909,,1.1576441176470589,-1.153078616359503,Gault,Gault,695.0,200.0,"soundings_wintremix/upperair.sounding.202203120032.McGill-Gault.txt,soundings_wintremix/upperair.sounding.202203120200.McGill-Gault.txt",490.0,2022-03-12 01:50:00,Gault2022-03-12 01:50:00,False,,,,
1004,-163.85363804742659,94.18857142857144,95.22020638845044,-0.7992860392557395,0.0,2022-03-12 02:00:00,IOP10,,,,,466.49931407753445,715.0,0.9058239108301643,205.0,0.0,0.0,200.0,-0.63,,1.4242,-1.169787234042553,Gault,Gault,715.0,200.0,"soundings_wintremix/upperair.sounding.202203120200.McGill-Gault.txt,soundings_wintremix/upperair.sounding.202203120400.McGill-Gault.txt",510.0,2022-03-12 02:00:00,Gault2022-03-12 02:00:00,False,,,,
1005,-163.85363804742659,94.18857142857144,95.22020638845044,-0.7992860392557395,0.0,2022-03-12 02:10:00,IOP10,,,,,466.49931407753445,715.0,0.9058239108301643,205.0,0.0,0.0,200.0,-0.5506944444444445,,1.4242,-1.169787234042553,Gault,Gault,715.0,200.0,"soundings_wintremix/upperair.sounding.202203120200.McGill-Gault.txt,soundings_wintremix/upperair.sounding.202203120400.McGill-Gault.txt",510.0,2022-03-12 02:10:00,Gault2022-03-12 02:10:00,True,upperair.sounding.202203120200.McGill-Gault.txt,,,
1006,-84.16737482244352,90.68333333333334,91.1421555898902,-0.5430153214351195,0.0,2022-03-12 02:20:00,IOP10,SN,SN,,,535.9347293016821,740.0,0.9083639479689529,155.0,0.0,0.0,150.0,-0.4713888888888889,SN,1.5471458834412581,-0.6593534499514092,Gault,Gault,740.0,150.0,"soundings_wintremix/upperair.sounding.202203120200.McGill-Gault.txt,soundings_wintremix/upperair.sounding.202203120400.McGill-Gault.txt",585.0,2022-03-12 02:20:00,Gault2022-03-12 02:20:00,False,,,,
1007,-52.22861309549801,90.125,90.4920366728677,-0.3481907539699868,0.0,2022-03-12 02:30:00,IOP10,PL,SN,,,579.932946713485,750.0,0.9585668540718761,150.0,0.0,0.0,145.0,-0.39208333333333334,SN and PL,1.608970588235294,-0.5073647421931735,Gault,Gault,750.0,145.0,"soundings_wintremix/upperair.sounding.202203120200.McGill-Gault.txt,soundings_wintremix/upperair.sounding.202203120400.McGill-Gault.txt",600.0,2022-03-12 02:30:00,Gault2022-03-12 02:30:00,False,,,,
1008,-22.88461287899073,89.56666666666666,89.84311120369205,-0.20804193526355205,0.0,2022-03-12 02:40:00,IOP10,SN,,,,626.3887097146751,760.0,1.0103043705075405,145.0,0.0,0.0,105.0,-0.31277777777777777,SN,1.6754901960784312,-0.42080004841442753,Gault,Gault,760.0,105.0,"soundings_wintremix/upperair.sounding.202203120200.McGill-Gault.txt,soundings_wintremix/upperair.sounding.202203120400.McGill-Gault.txt",615.0,2022-03-12 02:40:00,Gault2022-03-12 02:40:00,False,,,,
1009,-9.824019329974586,89.00833333333334,89.19537739626774,-0.24560048324936468,0.0,2022-03-12 02:50:00,IOP10,SN,FZRA,,,691.603267632105,770.0,0.9880046680458642,75.0,0.0,0.0,35.0,-0.23347222222222228,SN and FZRA,1.7420098039215686,-0.3342353546356815,Gault,Gault,770.0,35.0,"soundings_wintremix/upperair.sounding.202203120200.McGill-Gault.txt,soundings_wintremix/upperair.sounding.202203120400.McGill-Gault.txt",695.0,2022-03-12 02:50:00,Gault2022-03-12 02:50:00,False,,,,
1010,-6.127221314158519,88.44999999999999,88.54883346651691,-0.17506346611881485,0.0,2022-03-12 03:00:00,IOP10,SN,SN,,,767.9663759443679,785.0,1.017174007873335,35.0,0.0,0.0,30.0,-0.15416666666666667,SN,1.8085294117647057,-0.24767066085693537,Gault,Gault,785.0,30.0,"soundings_wintremix/upperair.sounding.202203120200.McGill-Gault.txt,soundings_wintremix/upperair.sounding.202203120400.McGill-Gault.txt",750.0,2022-03-12 03:00:00,Gault2022-03-12 03:00:00,False,,,,
1011,-2.991884352077813,87.89166666666667,87.90347763238023,-0.08548241005936609,0.0,2022-03-12 03:10:00,IOP10,,,,,845.5228551451788,800.0,1.098081630058674,35.0,0.0,0.0,30.0,-0.07486111111111113,,1.875049019607843,-0.1611059670781893,Gault,Gault,800.0,30.0,"soundings_wintremix/upperair.sounding.202203120200.McGill-Gault.txt,soundings_wintremix/upperair.sounding.202203120400.McGill-Gault.txt",765.0,2022-03-12 03:10:00,Gault2022-03-12 03:10:00,False,,,,
1012,-0.8983446201120939,85.52431856693295,85.59846222389409,-0.059889641340806266,15.0,2022-03-12 03:20:00,IOP10,SN,,,,925.4909645281023,820.0,1.1641395780227701,30.0,15.0,15.0,10.0,0.004444444444444445,SN,1.9848211189913318,-0.07454127329944325,Gault,Gault,820.0,25.0,"soundings_wintremix/upperair.sounding.202203120200.McGill-Gault.txt,soundings_wintremix/upperair.sounding.202203120400.McGill-Gault.txt",790.0,2022-03-12 03:20:00,Gault2022-03-12 03:20:00,False,,,,
1013,,,,,,2022-03-12 03:30:00,IOP10,,,,,,,,,,,,0.08374999999999999,,,,Gault,Gault,,,"soundings_wintremix/upperair.sounding.202203120200.McGill-Gault.txt,soundings_wintremix/upperair.sounding.202203120400.McGill-Gault.txt",0.0,2022-03-12 03:30:00,Gault2022-03-12 03:30:00,False,,,,
1014,,,,,,2022-03-12 03:40:00,IOP10,,,,,,,,,,,,0.16305555555555556,,,,Gault,Gault,,,"soundings_wintremix/upperair.sounding.202203120200.McGill-Gault.txt,soundings_wintremix/upperair.sounding.202203120400.McGill-Gault.txt",0.0,2022-03-12 03:40:00,Gault2022-03-12 03:40:00,False,,,,
1015,,,,,,2022-03-12 03:50:00,IOP10,,,,,,,,,,,,0.24236111111111108,,,,Gault,Gault,,,"soundings_wintremix/upperair.sounding.202203120200.McGill-Gault.txt,soundings_wintremix/upperair.sounding.202203120400.McGill-Gault.txt",0.0,2022-03-12 03:50:00,Gault2022-03-12 03:50:00,False,,,,
1016,,,,,,2022-03-12 04:00:00,IOP10,,,,,,,,,,,,0.3,,,,Gault,Gault,,,"soundings_wintremix/upperair.sounding.202203120400.McGill-Gault.txt,soundings_wintremix/upperair.sounding.202203120600.McGill-Gault.txt",0.0,2022-03-12 04:00:00,Gault2022-03-12 04:00:00,False,,,,
1017,,,,,,2022-03-12 04:10:00,IOP10,,,,,,,,,,,,0.33963178294573637,,,,Gault,Gault,,,"soundings_wintremix/upperair.sounding.202203120400.McGill-Gault.txt,soundings_wintremix/upperair.sounding.202203120600.McGill-Gault.txt",0.0,2022-03-12 04:10:00,Gault2022-03-12 04:10:00,True,upperair.sounding.202203120400.McGill-Gault.txt,,,
1018,,,,,,2022-03-12 04:20:00,IOP10,FZRA,,,,,,,,,,,0.37926356589147286,FZRA,,,Gault,Gault,,,"soundings_wintremix/upperair.sounding.202203120400.McGill-Gault.txt,soundings_wintremix/upperair.sounding.202203120600.McGill-Gault.txt",0.0,2022-03-12 04:20:00,Gault2022-03-12 04:20:00,False,,,,
1019,,,,,,2022-03-12 04:30:00,IOP10,,,,,,,,,,,,0.41889534883720925,,,,Gault,Gault,,,"soundings_wintremix/upperair.sounding.202203120400.McGill-Gault.txt,soundings_wintremix/upperair.sounding.202203120600.McGill-Gault.txt",0.0,2022-03-12 04:30:00,Gault2022-03-12 04:30:00,False,,,,
1020,,,,,,2022-03-12 04:40:00,IOP10,,,,,,,,,,,,0.4585271317829457,,,,Gault,Gault,,,"soundings_wintremix/upperair.sounding.202203120400.McGill-Gault.txt,soundings_wintremix/upperair.sounding.202203120600.McGill-Gault.txt",0.0,2022-03-12 04:40:00,Gault2022-03-12 04:40:00,False,,,,
1021,,,,,,2022-03-12 04:50:00,IOP10,,,,,,,,,,,,0.49815891472868223,,,,Gault,Gault,,,"soundings_wintremix/upperair.sounding.202203120400.McGill-Gault.txt,soundings_wintremix/upperair.sounding.202203120600.McGill-Gault.txt",0.0,2022-03-12 04:50:00,Gault2022-03-12 04:50:00,False,,,,
1022,,,,,,2022-03-12 05:00:00,IOP10,,,,,,,,,,,,0.5377906976744186,,,,Gault,Gault,,,"soundings_wintremix/upperair.sounding.202203120400.McGill-Gault.txt,soundings_wintremix/upperair.sounding.202203120600.McGill-Gault.txt",0.0,2022-03-12 05:00:00,Gault2022-03-12 05:00:00,False,,,,
1023,,,,,,2022-03-12 05:10:00,IOP10,,,,,,,,,,,,0.5774224806201551,,,,Gault,Gault,,,"soundings_wintremix/upperair.sounding.202203120400.McGill-Gault.txt,soundings_wintremix/upperair.sounding.202203120600.McGill-Gault.txt",0.0,2022-03-12 05:10:00,Gault2022-03-12 05:10:00,False,,,,
1024,,,,,,2022-03-12 05:20:00,IOP10,FZRA,,,,,,,,,,,0.6170542635658914,FZRA,,,Gault,Gault,,,"soundings_wintremix/upperair.sounding.202203120400.McGill-Gault.txt,soundings_wintremix/upperair.sounding.202203120600.McGill-Gault.txt",0.0,2022-03-12 05:20:00,Gault2022-03-12 05:20:00,False,,,,
1025,,,,,,2022-03-12 05:30:00,IOP10,PL,SN,,,,,,,,,,0.6566860465116279,SN and PL,,,Gault,Gault,,,"soundings_wintremix/upperair.sounding.202203120400.McGill-Gault.txt,soundings_wintremix/upperair.sounding.202203120600.McGill-Gault.txt",0.0,2022-03-12 05:30:00,Gault2022-03-12 05:30:00,False,,,,
1026,,,,,,2022-03-12 05:40:00,IOP10,PL,SN,,,,,,,,,,0.6963178294573644,SN and PL,,,Gault,Gault,,,"soundings_wintremix/upperair.sounding.202203120400.McGill-Gault.txt,soundings_wintremix/upperair.sounding.202203120600.McGill-Gault.txt",0.0,2022-03-12 05:40:00,Gault2022-03-12 05:40:00,False,,,,
1027,-1.4777732691986118,83.34192253317751,83.44032847559123,-0.07388866345993059,345.0,2022-03-12 05:50:00,IOP10,SN,,,,579.6915301321039,855.0,1.171094000266877,365.0,345.0,345.0,15.0,0.7359496124031008,SN,1.8849246453900708,-0.1085547542959659,Gault,Gault,855.0,360.0,"soundings_wintremix/upperair.sounding.202203120400.McGill-Gault.txt,soundings_wintremix/upperair.sounding.202203120600.McGill-Gault.txt",490.0,2022-03-12 05:50:00,Gault2022-03-12 05:50:00,False,,,,
1028,-7.550025604598918,83.97729166666667,84.2209880837302,-0.13727319281088943,320.0,2022-03-12 06:00:00,IOP10,SN,,,,580.6388421547189,855.0,1.1971934889788014,375.0,320.0,320.0,50.0,1.18,SN,1.933191489361702,-0.28124999999999994,Gault,Gault,855.0,370.0,"soundings_wintremix/upperair.sounding.202203120600.McGill-Gault.txt,soundings_wintremix/upperair.sounding.202203120823.McGill-Gault.txt",480.0,2022-03-12 06:00:00,Gault2022-03-12 06:00:00,False,,,,
1029,-7.550025604598918,83.97729166666667,84.2209880837302,-0.13727319281088943,320.0,2022-03-12 06:10:00,IOP10,SN,SN,,,580.6388421547189,855.0,1.1971934889788014,375.0,320.0,320.0,50.0,1.038288190682557,SN,1.933191489361702,-0.28124999999999994,Gault,Gault,855.0,370.0,"soundings_wintremix/upperair.sounding.202203120600.McGill-Gault.txt,soundings_wintremix/upperair.sounding.202203120823.McGill-Gault.txt",480.0,2022-03-12 06:10:00,Gault2022-03-12 06:10:00,True,upperair.sounding.202203120600.McGill-Gault.txt,,,
1030,-10.185483226154627,85.3736856487009,85.64159782009978,-0.14550690323078047,305.0,2022-03-12 06:20:00,IOP10,SN,SN,,,410.400856576993,820.0,0.9120019035044289,375.0,305.0,305.0,65.0,0.8965763813651135,SN,1.472511786515655,-0.30522091221786374,Gault,Gault,820.0,370.0,"soundings_wintremix/upperair.sounding.202203120600.McGill-Gault.txt,soundings_wintremix/upperair.sounding.202203120823.McGill-Gault.txt",445.0,2022-03-12 06:20:00,Gault2022-03-12 06:20:00,False,,,,
1031,-18.155265856164924,86.07188263971801,86.35215213343598,-0.12520873004251673,235.0,2022-03-12 06:30:00,IOP10,SN,,,,331.0989641437506,795.0,0.78833086700893,380.0,235.0,235.0,140.0,0.7548645720476705,SN,1.2421719350926312,-0.3172063683267954,Gault,Gault,795.0,375.0,"soundings_wintremix/upperair.sounding.202203120600.McGill-Gault.txt,soundings_wintremix/upperair.sounding.202203120823.McGill-Gault.txt",415.0,2022-03-12 06:30:00,Gault2022-03-12 06:30:00,False,,,,
1032,-27.848764234459466,86.77007963073511,87.062872785395,-0.17405477646537165,220.0,2022-03-12 06:40:00,IOP10,SN,,,,256.48179666572696,770.0,0.6493210042170302,380.0,220.0,220.0,155.0,0.6131527627302276,SN,1.0576691345431204,-0.32919182443572653,Gault,Gault,770.0,375.0,"soundings_wintremix/upperair.sounding.202203120600.McGill-Gault.txt,soundings_wintremix/upperair.sounding.202203120823.McGill-Gault.txt",390.0,2022-03-12 06:40:00,Gault2022-03-12 06:40:00,False,,,,
1033,-39.75128944859731,87.46827662175222,87.7737598073735,-0.22084049693665175,200.0,2022-03-12 06:50:00,IOP10,SN,,,,186.70149172825612,745.0,0.5045986262925841,380.0,200.0,200.0,175.0,0.47144095341278436,SN,0.8882492088765752,-0.3888191467069518,Gault,Gault,745.0,375.0,"soundings_wintremix/upperair.sounding.202203120600.McGill-Gault.txt,soundings_wintremix/upperair.sounding.202203120823.McGill-Gault.txt",365.0,2022-03-12 06:50:00,Gault2022-03-12 06:50:00,False,,,,
1034,-71.64798457200862,88.16647361276934,88.48481323077264,-0.23491142482625776,80.0,2022-03-12 07:00:00,IOP10,PL,,,,122.81704099519533,715.0,0.36661803282147865,385.0,80.0,80.0,300.0,0.32972914409534126,PL,0.7188292832100296,-0.5170629760483422,Gault,Gault,715.0,380.0,"soundings_wintremix/upperair.sounding.202203120600.McGill-Gault.txt,soundings_wintremix/upperair.sounding.202203120823.McGill-Gault.txt",330.0,2022-03-12 07:00:00,Gault2022-03-12 07:00:00,False,,,,
1035,-110.87799660882243,88.86467060378646,89.19603308699872,-0.3359939291176437,55.0,2022-03-12 07:10:00,IOP10,,,,,64.91935040855125,680.0,0.21639783469517082,385.0,55.0,55.0,325.0,0.18801733477789817,,0.5494093575434841,-0.6495173815731307,Gault,Gault,680.0,380.0,"soundings_wintremix/upperair.sounding.202203120600.McGill-Gault.txt,soundings_wintremix/upperair.sounding.202203120823.McGill-Gault.txt",295.0,2022-03-12 07:10:00,Gault2022-03-12 07:10:00,False,,,,
1036,-163.56474039916282,89.56286759480358,89.90741940746203,-0.42484348155626717,5.0,2022-03-12 07:20:00,IOP10,,,,,18.59683682770621,495.0,0.16906215297914737,390.0,5.0,5.0,380.0,0.04630552546045508,,0.3799894318769386,-0.7842880862293505,Gault,Gault,495.0,385.0,"soundings_wintremix/upperair.sounding.202203120600.McGill-Gault.txt,soundings_wintremix/upperair.sounding.202203120823.McGill-Gault.txt",105.0,2022-03-12 07:20:00,Gault2022-03-12 07:20:00,False,,,,
1037,-212.6636332602674,90.26106458582068,90.61897222357835,-0.545291367334019,5.0,2022-03-12 07:30:00,IOP10,,,,,5.262581399456341,475.0,0.09568329817193347,425.0,5.0,5.0,385.0,-0.09540628385698813,,0.21056950621039316,-0.9190587908855704,Gault,Gault,475.0,390.0,"soundings_wintremix/upperair.sounding.202203120600.McGill-Gault.txt,soundings_wintremix/upperair.sounding.202203120823.McGill-Gault.txt",50.0,2022-03-12 07:30:00,Gault2022-03-12 07:30:00,False,,,,
1038,-264.9294639523588,90.95926157683779,91.33069156676727,-0.6161150324473459,5.0,2022-03-12 07:40:00,IOP10,SN,,,,0.4143824205196428,445.0,0.02762549470130952,435.0,5.0,5.0,425.0,-0.23711809317443117,SN,0.04114958054384771,-1.1102400594970254,Gault,Gault,445.0,430.0,"soundings_wintremix/upperair.sounding.202203120600.McGill-Gault.txt,soundings_wintremix/upperair.sounding.202203120823.McGill-Gault.txt",10.0,2022-03-12 07:40:00,Gault2022-03-12 07:40:00,False,,,,
1039,,,,,,2022-03-12 07:50:00,IOP10,SN,,,,,,,,,,,-0.37882990249187437,SN,,,Gault,Gault,,,"soundings_wintremix/upperair.sounding.202203120600.McGill-Gault.txt,soundings_wintremix/upperair.sounding.202203120823.McGill-Gault.txt",0.0,2022-03-12 07:50:00,Gault2022-03-12 07:50:00,False,,,,
1040,,,,,,2022-03-12 08:00:00,IOP10,SN,,,,,,,,,,,-0.5205417118093174,SN,,,Gault,Gault,,,"soundings_wintremix/upperair.sounding.202203120600.McGill-Gault.txt,soundings_wintremix/upperair.sounding.202203120823.McGill-Gault.txt",0.0,2022-03-12 08:00:00,Gault2022-03-12 08:00:00,False,,,,
1720,,,,,,,,,,,,,,,,,,,,,,,,,,,,0.0,2022-03-12 08:30:00,Gault2022-03-12 08:30:00,True,upperair.sounding.202203120823.McGill-Gault.txt,,,
1041,,,,,,2022-03-15 00:00:00,IOP11,,,,,,,,,,,,3.09,,,,Gault,Gault,,,"soundings_wintremix/upperair.sounding.202203150000.McGill-Gault.txt,soundings_wintremix/upperair.sounding.202203150200.McGill-Gault.txt",0.0,2022-03-15 00:00:00,Gault2022-03-15 00:00:00,False,,,,
1042,,,,,,2022-03-15 00:10:00,IOP11,,,,,,,,,,,,3.007916666666666,,,,Gault,Gault,,,"soundings_wintremix/upperair.sounding.202203150000.McGill-Gault.txt,soundings_wintremix/upperair.sounding.202203150200.McGill-Gault.txt",0.0,2022-03-15 00:10:00,Gault2022-03-15 00:10:00,True,upperair.sounding.202203150000.McGill-Gault.txt,,,
1043,,,,,,2022-03-15 00:20:00,IOP11,,,,,,,,,,,,2.9258333333333333,,,,Gault,Gault,,,"soundings_wintremix/upperair.sounding.202203150000.McGill-Gault.txt,soundings_wintremix/upperair.sounding.202203150200.McGill-Gault.txt",0.0,2022-03-15 00:20:00,Gault2022-03-15 00:20:00,False,,,,
1044,,,,,,2022-03-15 00:30:00,IOP11,,,,,,,,,,,,2.84375,,,,Gault,Gault,,,"soundings_wintremix/upperair.sounding.202203150000.McGill-Gault.txt,soundings_wintremix/upperair.sounding.202203150200.McGill-Gault.txt",0.0,2022-03-15 00:30:00,Gault2022-03-15 00:30:00,False,,,,
1045,,,,,,2022-03-15 00:40:00,IOP11,,,,,,,,,,,,2.7616666666666663,,,,Gault,Gault,,,"soundings_wintremix/upperair.sounding.202203150000.McGill-Gault.txt,soundings_wintremix/upperair.sounding.202203150200.McGill-Gault.txt",0.0,2022-03-15 00:40:00,Gault2022-03-15 00:40:00,False,,,,
1046,,,,,,2022-03-15 00:50:00,IOP11,,,,,,,,,,,,2.6795833333333334,,,,Gault,Gault,,,"soundings_wintremix/upperair.sounding.202203150000.McGill-Gault.txt,soundings_wintremix/upperair.sounding.202203150200.McGill-Gault.txt",0.0,2022-03-15 00:50:00,Gault2022-03-15 00:50:00,False,,,,
1047,,,,,,2022-03-15 01:00:00,IOP11,,,,,,,,,,,,2.5975,,,,Gault,Gault,,,"soundings_wintremix/upperair.sounding.202203150000.McGill-Gault.txt,soundings_wintremix/upperair.sounding.202203150200.McGill-Gault.txt",0.0,2022-03-15 01:00:00,Gault2022-03-15 01:00:00,False,,,,
1048,,,,,,2022-03-15 01:10:00,IOP11,,,,,,,,,,,,2.515416666666667,,,,Gault,Gault,,,"soundings_wintremix/upperair.sounding.202203150000.McGill-Gault.txt,soundings_wintremix/upperair.sounding.202203150200.McGill-Gault.txt",0.0,2022-03-15 01:10:00,Gault2022-03-15 01:10:00,False,,,,
1049,,,,,,2022-03-15 01:20:00,IOP11,,,,,,,,,,,,2.433333333333333,,,,Gault,Gault,,,"soundings_wintremix/upperair.sounding.202203150000.McGill-Gault.txt,soundings_wintremix/upperair.sounding.202203150200.McGill-Gault.txt",0.0,2022-03-15 01:20:00,Gault2022-03-15 01:20:00,False,,,,
1050,,,,,,2022-03-15 01:30:00,IOP11,,,,,,,,,,,,2.35125,,,,Gault,Gault,,,"soundings_wintremix/upperair.sounding.202203150000.McGill-Gault.txt,soundings_wintremix/upperair.sounding.202203150200.McGill-Gault.txt",0.0,2022-03-15 01:30:00,Gault2022-03-15 01:30:00,False,,,,
1051,,,,,,2022-03-15 01:40:00,IOP11,RA,,,,,,,,,,,2.2691666666666666,RA,,,Gault,Gault,,,"soundings_wintremix/upperair.sounding.202203150000.McGill-Gault.txt,soundings_wintremix/upperair.sounding.202203150200.McGill-Gault.txt",0.0,2022-03-15 01:40:00,Gault2022-03-15 01:40:00,False,,,,
1052,,,,,,2022-03-15 01:50:00,IOP11,RA,,,,,,,,,,,2.1870833333333333,RA,,,Gault,Gault,,,"soundings_wintremix/upperair.sounding.202203150000.McGill-Gault.txt,soundings_wintremix/upperair.sounding.202203150200.McGill-Gault.txt",0.0,2022-03-15 01:50:00,Gault2022-03-15 01:50:00,False,,,,
1053,,,,,,2022-03-15 02:00:00,IOP11,RA,,,,,,,,,,,2.16,RA,,,Gault,Gault,,,"soundings_wintremix/upperair.sounding.202203150200.McGill-Gault.txt,soundings_wintremix/upperair.sounding.202203150400.McGill-Gault.txt",0.0,2022-03-15 02:00:00,Gault2022-03-15 02:00:00,False,,,,
1054,,,,,,2022-03-15 02:10:00,IOP11,RA,,,,,,,,,,,2.0929418344519015,RA,,,Gault,Gault,,,"soundings_wintremix/upperair.sounding.202203150200.McGill-Gault.txt,soundings_wintremix/upperair.sounding.202203150400.McGill-Gault.txt",0.0,2022-03-15 02:10:00,Gault2022-03-15 02:10:00,True,upperair.sounding.202203150200.McGill-Gault.txt,,,
1055,,,,,,2022-03-15 02:20:00,IOP11,RA,,,,,,,,,,,2.0258836689038033,RA,,,Gault,Gault,,,"soundings_wintremix/upperair.sounding.202203150200.McGill-Gault.txt,soundings_wintremix/upperair.sounding.202203150400.McGill-Gault.txt",0.0,2022-03-15 02:20:00,Gault2022-03-15 02:20:00,False,,,,
1056,,,,,,2022-03-15 02:30:00,IOP11,RA,,,,,,,,,,,1.9588255033557047,RA,,,Gault,Gault,,,"soundings_wintremix/upperair.sounding.202203150200.McGill-Gault.txt,soundings_wintremix/upperair.sounding.202203150400.McGill-Gault.txt",0.0,2022-03-15 02:30:00,Gault2022-03-15 02:30:00,False,,,,
1057,,,,,,2022-03-15 02:40:00,IOP11,RA,,,,,,,,,,,1.891767337807606,RA,,,Gault,Gault,,,"soundings_wintremix/upperair.sounding.202203150200.McGill-Gault.txt,soundings_wintremix/upperair.sounding.202203150400.McGill-Gault.txt",0.0,2022-03-15 02:40:00,Gault2022-03-15 02:40:00,False,,,,
1058,,,,,,2022-03-15 02:50:00,IOP11,RA,,,,,,,,,,,1.8247091722595081,RA,,,Gault,Gault,,,"soundings_wintremix/upperair.sounding.202203150200.McGill-Gault.txt,soundings_wintremix/upperair.sounding.202203150400.McGill-Gault.txt",0.0,2022-03-15 02:50:00,Gault2022-03-15 02:50:00,False,,,,
1059,,,,,,2022-03-15 03:00:00,IOP11,RA,,,,,,,,,,,1.7576510067114095,RA,,,Gault,Gault,,,"soundings_wintremix/upperair.sounding.202203150200.McGill-Gault.txt,soundings_wintremix/upperair.sounding.202203150400.McGill-Gault.txt",0.0,2022-03-15 03:00:00,Gault2022-03-15 03:00:00,False,,,,
1060,,,,,,2022-03-15 03:10:00,IOP11,RA,,,,,,,,,,,1.690592841163311,RA,,,Gault,Gault,,,"soundings_wintremix/upperair.sounding.202203150200.McGill-Gault.txt,soundings_wintremix/upperair.sounding.202203150400.McGill-Gault.txt",0.0,2022-03-15 03:10:00,Gault2022-03-15 03:10:00,False,,,,
1061,,,,,,2022-03-15 03:20:00,IOP11,RA,,,,,,,,,,,1.6235346756152125,RA,,,Gault,Gault,,,"soundings_wintremix/upperair.sounding.202203150200.McGill-Gault.txt,soundings_wintremix/upperair.sounding.202203150400.McGill-Gault.txt",0.0,2022-03-15 03:20:00,Gault2022-03-15 03:20:00,False,,,,
1062,,,,,,2022-03-15 03:30:00,IOP11,RA,,,,,,,,,,,1.5564765100671143,RA,,,Gault,Gault,,,"soundings_wintremix/upperair.sounding.202203150200.McGill-Gault.txt,soundings_wintremix/upperair.sounding.202203150400.McGill-Gault.txt",0.0,2022-03-15 03:30:00,Gault2022-03-15 03:30:00,False,,,,
1063,,,,,,2022-03-15 03:40:00,IOP11,RA,,,,,,,,,,,1.4894183445190157,RA,,,Gault,Gault,,,"soundings_wintremix/upperair.sounding.202203150200.McGill-Gault.txt,soundings_wintremix/upperair.sounding.202203150400.McGill-Gault.txt",0.0,2022-03-15 03:40:00,Gault2022-03-15 03:40:00,False,,,,
1064,,,,,,2022-03-15 03:50:00,IOP11,RA,,,,,,,,,,,1.4223601789709173,RA,,,Gault,Gault,,,"soundings_wintremix/upperair.sounding.202203150200.McGill-Gault.txt,soundings_wintremix/upperair.sounding.202203150400.McGill-Gault.txt",0.0,2022-03-15 03:50:00,Gault2022-03-15 03:50:00,False,,,,
1065,,,,,,2022-03-15 04:00:00,IOP11,RA,SN,,,,,,,,,,1.01,SN and RA,,,Gault,Gault,,,"soundings_wintremix/upperair.sounding.202203150400.McGill-Gault.txt,soundings_wintremix/upperair.sounding.202203150600.McGill-Gault.txt",0.0,2022-03-15 04:00:00,Gault2022-03-15 04:00:00,False,,,,
1066,,,,,,2022-03-15 04:10:00,IOP11,SN,RA,,,,,,,,,,0.9436619718309859,SN and RA,,,Gault,Gault,,,"soundings_wintremix/upperair.sounding.202203150400.McGill-Gault.txt,soundings_wintremix/upperair.sounding.202203150600.McGill-Gault.txt",0.0,2022-03-15 04:10:00,Gault2022-03-15 04:10:00,True,upperair.sounding.202203150400.McGill-Gault.txt,,,
1067,,,,,,2022-03-15 04:20:00,IOP11,SN,RA,,,,,,,,,,0.8773239436619719,SN and RA,,,Gault,Gault,,,"soundings_wintremix/upperair.sounding.202203150400.McGill-Gault.txt,soundings_wintremix/upperair.sounding.202203150600.McGill-Gault.txt",0.0,2022-03-15 04:20:00,Gault2022-03-15 04:20:00,False,,,,
1068,,,,,,2022-03-15 04:30:00,IOP11,SN,RA,,,,,,,,,,0.8109859154929578,SN and RA,,,Gault,Gault,,,"soundings_wintremix/upperair.sounding.202203150400.McGill-Gault.txt,soundings_wintremix/upperair.sounding.202203150600.McGill-Gault.txt",0.0,2022-03-15 04:30:00,Gault2022-03-15 04:30:00,False,,,,
1069,,,,,,2022-03-15 04:40:00,IOP11,SN,RA,,,,,,,,,,0.7446478873239437,SN and RA,,,Gault,Gault,,,"soundings_wintremix/upperair.sounding.202203150400.McGill-Gault.txt,soundings_wintremix/upperair.sounding.202203150600.McGill-Gault.txt",0.0,2022-03-15 04:40:00,Gault2022-03-15 04:40:00,False,,,,
1070,,,,,,2022-03-15 04:50:00,IOP11,SN,RA,,,,,,,,,,0.6783098591549297,SN and RA,,,Gault,Gault,,,"soundings_wintremix/upperair.sounding.202203150400.McGill-Gault.txt,soundings_wintremix/upperair.sounding.202203150600.McGill-Gault.txt",0.0,2022-03-15 04:50:00,Gault2022-03-15 04:50:00,False,,,,
1071,,,,,,2022-03-15 05:00:00,IOP11,SN,RA,,,,,,,,,,0.6119718309859155,SN and RA,,,Gault,Gault,,,"soundings_wintremix/upperair.sounding.202203150400.McGill-Gault.txt,soundings_wintremix/upperair.sounding.202203150600.McGill-Gault.txt",0.0,2022-03-15 05:00:00,Gault2022-03-15 05:00:00,False,,,,
1072,,,,,,2022-03-15 05:10:00,IOP11,SN,RA,,,,,,,,,,0.5456338028169014,SN and RA,,,Gault,Gault,,,"soundings_wintremix/upperair.sounding.202203150400.McGill-Gault.txt,soundings_wintremix/upperair.sounding.202203150600.McGill-Gault.txt",0.0,2022-03-15 05:10:00,Gault2022-03-15 05:10:00,False,,,,
1073,,,,,,2022-03-15 05:20:00,IOP11,RA,,,,,,,,,,,0.4792957746478873,RA,,,Gault,Gault,,,"soundings_wintremix/upperair.sounding.202203150400.McGill-Gault.txt,soundings_wintremix/upperair.sounding.202203150600.McGill-Gault.txt",0.0,2022-03-15 05:20:00,Gault2022-03-15 05:20:00,False,,,,
1074,,,,,,2022-03-15 05:30:00,IOP11,,,,,,,,,,,,0.4129577464788733,,,,Gault,Gault,,,"soundings_wintremix/upperair.sounding.202203150400.McGill-Gault.txt,soundings_wintremix/upperair.sounding.202203150600.McGill-Gault.txt",0.0,2022-03-15 05:30:00,Gault2022-03-15 05:30:00,False,,,,
1075,,,,,,2022-03-15 05:40:00,IOP11,,,,,,,,,,,,0.34661971830985916,,,,Gault,Gault,,,"soundings_wintremix/upperair.sounding.202203150400.McGill-Gault.txt,soundings_wintremix/upperair.sounding.202203150600.McGill-Gault.txt",0.0,2022-03-15 05:40:00,Gault2022-03-15 05:40:00,False,,,,
1076,,,,,,2022-03-15 05:50:00,IOP11,,,,,,,,,,,,0.2802816901408451,,,,Gault,Gault,,,"soundings_wintremix/upperair.sounding.202203150400.McGill-Gault.txt,soundings_wintremix/upperair.sounding.202203150600.McGill-Gault.txt",0.0,2022-03-15 05:50:00,Gault2022-03-15 05:50:00,False,,,,
1077,,,,,,2022-03-15 06:00:00,IOP11,,,,,,,,,,,,,,,,Gault,Gault,,,,,2022-03-15 06:00:00,Gault2022-03-15 06:00:00,False,,,,
1721,,,,,,,,,,,,,,,,,,,,,,,,,,,,0.0,2022-03-15 06:10:00,Gault2022-03-15 06:10:00,True,upperair.sounding.202203150600.McGill-Gault.txt,,,
1078,,,,,,2022-03-12 00:00:00,IOP10,SN,,,,,,,,,,,-0.4410159999999905,SN,,,JEAN,JEAN,,,"soundings_wintremix/upperair.sounding.202203120000.CU_JEAN.csv,soundings_wintremix/upperair.sounding.202203120200.CU_JEAN.csv",0.0,2022-03-12 00:00:00,JEAN2022-03-12 00:00:00,False,,,,
1079,,,,,,2022-03-12 00:10:00,IOP10,SN,,,,,,,,,,,-0.42147017712209095,SN,,,JEAN,JEAN,,,"soundings_wintremix/upperair.sounding.202203120000.CU_JEAN.csv,soundings_wintremix/upperair.sounding.202203120200.CU_JEAN.csv",0.0,2022-03-12 00:10:00,JEAN2022-03-12 00:10:00,True,upperair.sounding.202203120000.CU_JEAN.csv,,,
1080,-369.3977292928342,99.38390949977618,100.63292870023801,-0.8795184030781765,12.0,2022-03-12 00:20:00,IOP10,SN,,,,0.816992600071611,517.0,0.04084963000358055,502.0,12.0,12.0,415.0,-0.40192435424419154,SN,0.06538039236870119,-1.3044811959576306,JEAN,JEAN,517.0,427.0,"soundings_wintremix/upperair.sounding.202203120000.CU_JEAN.csv,soundings_wintremix/upperair.sounding.202203120200.CU_JEAN.csv",15.0,2022-03-12 00:20:00,JEAN2022-03-12 00:20:00,False,,,,
1081,-344.57206055956385,99.1951215052589,100.43230951423266,-0.8302941218302743,12.0,2022-03-12 00:30:00,IOP10,SN,,,,12.852472625346046,597.0,0.09520350092848923,467.0,12.0,12.0,410.0,-0.38237853136629196,SN,0.21425031867519054,-1.2896431487154827,JEAN,JEAN,597.0,422.0,"soundings_wintremix/upperair.sounding.202203120000.CU_JEAN.csv,soundings_wintremix/upperair.sounding.202203120200.CU_JEAN.csv",130.0,2022-03-12 00:30:00,JEAN2022-03-12 00:30:00,False,,,,
1082,-320.19611869779806,99.07407508347008,100.29312107924588,-0.8538563165274614,12.0,2022-03-12 00:40:00,IOP10,,,,,41.10868586444108,652.0,0.1749305781465578,422.0,12.0,12.0,370.0,-0.3628327084883924,,0.36691475438690174,-1.2784434744758824,JEAN,JEAN,652.0,382.0,"soundings_wintremix/upperair.sounding.202203120000.CU_JEAN.csv,soundings_wintremix/upperair.sounding.202203120200.CU_JEAN.csv",230.0,2022-03-12 00:40:00,JEAN2022-03-12 00:40:00,False,,,,
1083,-300.06493319648354,98.96678878957252,100.16537637994064,-0.822095707387626,12.0,2022-03-12 00:50:00,IOP10,,,,,81.76662291134677,667.0,0.2771749929198196,377.0,12.0,12.0,360.0,-0.343286885610493,,0.5199202160316656,-1.2672438002362822,JEAN,JEAN,667.0,372.0,"soundings_wintremix/upperair.sounding.202203120000.CU_JEAN.csv,soundings_wintremix/upperair.sounding.202203120200.CU_JEAN.csv",290.0,2022-03-12 00:50:00,JEAN2022-03-12 00:50:00,False,,,,
1084,-280.34263214248125,98.89153856694243,100.11612756465381,-0.7787295337291146,12.0,2022-03-12 01:00:00,IOP10,,,,,126.43561031230811,687.0,0.3951112822259629,372.0,12.0,12.0,355.0,-0.3237410627325934,,0.6898593877727232,-1.2560441259966817,JEAN,JEAN,687.0,367.0,"soundings_wintremix/upperair.sounding.202203120000.CU_JEAN.csv,soundings_wintremix/upperair.sounding.202203120200.CU_JEAN.csv",315.0,2022-03-12 01:00:00,JEAN2022-03-12 01:00:00,False,,,,
1085,-262.34798474920035,98.91409551760376,100.14762330923988,-0.794993893179395,12.0,2022-03-12 01:10:00,IOP10,,,,,178.54018728510692,722.0,0.4637407461950828,342.0,12.0,12.0,325.0,-0.3041952398546939,,0.9096155253692306,-1.2553695447592066,JEAN,JEAN,722.0,337.0,"soundings_wintremix/upperair.sounding.202203120000.CU_JEAN.csv,soundings_wintremix/upperair.sounding.202203120200.CU_JEAN.csv",380.0,2022-03-12 01:10:00,JEAN2022-03-12 01:10:00,False,,,,
1086,-249.87497582806185,98.97496196160405,100.20298922286318,-0.7932538915176565,12.0,2022-03-12 01:20:00,IOP10,,,,,242.99365345974957,777.0,0.5340519856258232,327.0,12.0,12.0,310.0,-0.28464941697679436,,1.129371662965738,-1.261065097641786,JEAN,JEAN,777.0,322.0,"soundings_wintremix/upperair.sounding.202203120000.CU_JEAN.csv,soundings_wintremix/upperair.sounding.202203120200.CU_JEAN.csv",450.0,2022-03-12 01:20:00,JEAN2022-03-12 01:20:00,False,,,,
1087,-239.4013316510283,99.03582840560439,100.25834895774578,-0.7849223988558307,12.0,2022-03-12 01:30:00,IOP10,,,,,318.0321659894695,807.0,0.6424892242211505,317.0,12.0,12.0,300.0,-0.26510359409889483,,1.3491278005622453,-1.268798725073426,JEAN,JEAN,807.0,312.0,"soundings_wintremix/upperair.sounding.202203120000.CU_JEAN.csv,soundings_wintremix/upperair.sounding.202203120200.CU_JEAN.csv",490.0,2022-03-12 01:30:00,JEAN2022-03-12 01:30:00,False,,,,
1088,-232.40420513907623,99.13303854391027,100.3886005424622,-0.845106200505732,12.0,2022-03-12 01:40:00,IOP10,,,,,402.5162732317798,847.0,0.7124181827111148,287.0,12.0,12.0,270.0,-0.2455577712209953,,1.5688839381587527,-1.276532352505066,JEAN,JEAN,847.0,282.0,"soundings_wintremix/upperair.sounding.202203120000.CU_JEAN.csv,soundings_wintremix/upperair.sounding.202203120200.CU_JEAN.csv",560.0,2022-03-12 01:40:00,JEAN2022-03-12 01:40:00,False,,,,
1089,-227.32675748915244,99.56651927195513,100.87329245703663,-0.8266427545060088,12.0,2022-03-12 01:50:00,IOP10,SN,,,,492.4837665210153,862.0,0.8491099422776125,287.0,12.0,12.0,270.0,-0.2260119483430958,SN,1.78864007575526,-1.3132155029493913,JEAN,JEAN,862.0,282.0,"soundings_wintremix/upperair.sounding.202203120000.CU_JEAN.csv,soundings_wintremix/upperair.sounding.202203120200.CU_JEAN.csv",575.0,2022-03-12 01:50:00,JEAN2022-03-12 01:50:00,False,,,,
1090,-222.81713459149262,100.0,101.35800023205888,-0.8252486466351578,13.0,2022-03-12 02:00:00,IOP10,,,,,584.6093562366299,873.0,0.9825367331708069,283.0,13.0,13.0,265.0,-0.24903000000000475,,2.0115351255848664,-1.3597854340543702,JEAN,JEAN,873.0,278.0,"soundings_wintremix/upperair.sounding.202203120200.CU_JEAN.csv,soundings_wintremix/upperair.sounding.202203120400.CU_JEAN.csv",590.0,2022-03-12 02:00:00,JEAN2022-03-12 02:00:00,False,,,,
1091,-222.81713459149262,100.0,101.35800023205888,-0.8252486466351578,13.0,2022-03-12 02:10:00,IOP10,,,,,584.6093562366299,873.0,0.9825367331708069,283.0,13.0,13.0,265.0,-0.2207683276303684,,2.0115351255848664,-1.3597854340543702,JEAN,JEAN,873.0,278.0,"soundings_wintremix/upperair.sounding.202203120200.CU_JEAN.csv,soundings_wintremix/upperair.sounding.202203120400.CU_JEAN.csv",590.0,2022-03-12 02:10:00,JEAN2022-03-12 02:10:00,True,upperair.sounding.202203120200.CU_JEAN.csv,,,
1092,-159.63205029041737,97.98932351648222,99.01494227951629,-0.6385282011616694,13.0,2022-03-12 02:20:00,IOP10,,,,,705.446528906727,898.0,1.1022602014167608,263.0,13.0,13.0,245.0,-0.1925066552607321,,2.0224992115042335,-1.1207252153513199,JEAN,JEAN,898.0,258.0,"soundings_wintremix/upperair.sounding.202203120200.CU_JEAN.csv,soundings_wintremix/upperair.sounding.202203120400.CU_JEAN.csv",635.0,2022-03-12 02:20:00,JEAN2022-03-12 02:20:00,False,,,,
1093,-135.05930175368516,97.57285836763003,98.51246651747726,-0.6139059170622052,13.0,2022-03-12 02:30:00,IOP10,,,,,774.466129936991,913.0,1.1306074889591111,233.0,13.0,13.0,215.0,-0.16424498289109576,,2.0336254013177477,-1.014213757150083,JEAN,JEAN,913.0,228.0,"soundings_wintremix/upperair.sounding.202203120200.CU_JEAN.csv,soundings_wintremix/upperair.sounding.202203120400.CU_JEAN.csv",680.0,2022-03-12 02:30:00,JEAN2022-03-12 02:30:00,False,,,,
1094,-115.12138465244229,97.18196087987958,98.07610579557016,-0.5481970697735347,13.0,2022-03-12 02:40:00,IOP10,,,,,849.2442107358504,923.0,1.204601717355816,223.0,13.0,13.0,205.0,-0.13598331052145943,,2.051541299994867,-0.9427336683576281,JEAN,JEAN,923.0,218.0,"soundings_wintremix/upperair.sounding.202203120200.CU_JEAN.csv,soundings_wintremix/upperair.sounding.202203120400.CU_JEAN.csv",700.0,2022-03-12 02:40:00,JEAN2022-03-12 02:40:00,False,,,,
1095,-97.85531485638411,96.82785264827946,97.6522834383836,-0.5018221274686366,13.0,2022-03-12 02:50:00,IOP10,,,,,927.9494759940001,938.0,1.262516293869388,208.0,13.0,13.0,190.0,-0.1077216381518231,,2.07911588956242,-0.8911213747489739,JEAN,JEAN,938.0,203.0,"soundings_wintremix/upperair.sounding.202203120200.CU_JEAN.csv,soundings_wintremix/upperair.sounding.202203120400.CU_JEAN.csv",730.0,2022-03-12 02:50:00,JEAN2022-03-12 02:50:00,False,,,,
1096,-85.76333272893137,96.48367983493898,97.26815719057214,-0.5044901925231257,13.0,2022-03-12 03:00:00,IOP10,,,,,1013.0895787811701,953.0,1.3072123597176386,183.0,13.0,13.0,165.0,-0.07945996578218678,,2.112311430469961,-0.8395090811403196,JEAN,JEAN,953.0,178.0,"soundings_wintremix/upperair.sounding.202203120200.CU_JEAN.csv,soundings_wintremix/upperair.sounding.202203120400.CU_JEAN.csv",770.0,2022-03-12 03:00:00,JEAN2022-03-12 03:00:00,False,,,,
1097,-77.11336104737052,96.15566518156639,96.8843102588901,-0.4819585065460657,18.0,2022-03-12 03:10:00,IOP10,,,,,1104.2128566219244,993.0,1.3466010446608834,178.0,18.0,18.0,155.0,-0.051198293412550444,,2.1455069713775017,-0.7886754147745454,JEAN,JEAN,993.0,173.0,"soundings_wintremix/upperair.sounding.202203120200.CU_JEAN.csv,soundings_wintremix/upperair.sounding.202203120400.CU_JEAN.csv",815.0,2022-03-12 03:10:00,JEAN2022-03-12 03:10:00,False,,,,
1098,-69.55182796112891,95.88900940957002,96.53684877140985,-0.44872147071696084,18.0,2022-03-12 03:20:00,IOP10,,,,,1200.0896484338882,1008.0,1.428678152897486,173.0,18.0,18.0,150.0,-0.02293662104291412,,2.182568134953753,-0.7454297556010043,JEAN,JEAN,1008.0,168.0,"soundings_wintremix/upperair.sounding.202203120200.CU_JEAN.csv,soundings_wintremix/upperair.sounding.202203120400.CU_JEAN.csv",835.0,2022-03-12 03:20:00,JEAN2022-03-12 03:20:00,False,,,,
1099,-62.842785283294305,95.7050675422373,96.29403160652456,-0.4333985191951331,23.0,2022-03-12 03:30:00,IOP10,,,,,1298.1205909795576,1023.0,1.5094425476506488,168.0,23.0,23.0,140.0,0.005325051326722216,,2.2308119043591876,-0.7021840964274635,JEAN,JEAN,1023.0,163.0,"soundings_wintremix/upperair.sounding.202203120200.CU_JEAN.csv,soundings_wintremix/upperair.sounding.202203120400.CU_JEAN.csv",855.0,2022-03-12 03:30:00,JEAN2022-03-12 03:30:00,False,,,,
1100,-56.62855832834652,95.52112567490458,96.08373158117789,-0.4044897023453324,28.0,2022-03-12 03:40:00,IOP10,,,,,1403.7447025089064,1088.0,1.517561840550169,168.0,28.0,28.0,135.0,0.03358672369635854,,2.3971677650910594,-0.6589384372539225,JEAN,JEAN,1088.0,163.0,"soundings_wintremix/upperair.sounding.202203120200.CU_JEAN.csv,soundings_wintremix/upperair.sounding.202203120400.CU_JEAN.csv",920.0,2022-03-12 03:40:00,JEAN2022-03-12 03:40:00,False,,,,
1101,-50.90589702839945,95.34546036779791,95.87353589397767,-0.37708071872888477,28.0,2022-03-12 03:50:00,IOP10,,,,,1513.4200801627062,1103.0,1.6015027303309064,163.0,28.0,28.0,130.0,0.06184839606599486,,2.563523625822931,-0.6168710831029423,JEAN,JEAN,1103.0,158.0,"soundings_wintremix/upperair.sounding.202203120200.CU_JEAN.csv,soundings_wintremix/upperair.sounding.202203120400.CU_JEAN.csv",940.0,2022-03-12 03:50:00,JEAN2022-03-12 03:50:00,False,,,,
1102,-45.516267754214134,95.19720431454408,95.6865444851632,-0.3501251365708779,34.0,2022-03-12 04:00:00,IOP10,,,,,1624.7195463616747,1109.0,1.7102311014333416,164.0,34.0,34.0,125.0,0.08016400000002477,,2.729678582555177,-0.5808761571688649,JEAN,JEAN,1109.0,159.0,"soundings_wintremix/upperair.sounding.202203120400.CU_JEAN.csv,soundings_wintremix/upperair.sounding.202203120600.CU_JEAN.csv",945.0,2022-03-12 04:00:00,JEAN2022-03-12 04:00:00,False,,,,
1103,-45.516267754214134,95.19720431454408,95.6865444851632,-0.3501251365708779,34.0,2022-03-12 04:10:00,IOP10,,,,,1624.7195463616747,1109.0,1.7102311014333416,164.0,34.0,34.0,125.0,0.057063249771352915,,2.729678582555177,-0.5808761571688649,JEAN,JEAN,1109.0,159.0,"soundings_wintremix/upperair.sounding.202203120400.CU_JEAN.csv,soundings_wintremix/upperair.sounding.202203120600.CU_JEAN.csv",945.0,2022-03-12 04:10:00,JEAN2022-03-12 04:10:00,True,upperair.sounding.202203120400.CU_JEAN.csv,,,
1104,-57.49627801601069,95.96666012042004,96.57410677153835,-0.42589835567415324,29.0,2022-03-12 04:20:00,IOP10,,,,,1466.8848050248553,1104.0,1.5522590529363545,164.0,29.0,29.0,130.0,0.03396249954268106,,2.4175869209005505,-0.6912508341205647,JEAN,JEAN,1104.0,159.0,"soundings_wintremix/upperair.sounding.202203120400.CU_JEAN.csv,soundings_wintremix/upperair.sounding.202203120600.CU_JEAN.csv",940.0,2022-03-12 04:20:00,JEAN2022-03-12 04:20:00,False,,,,
1105,-71.54743283853279,96.36042680938945,97.0214477589809,-0.4615963408937599,14.0,2022-03-12 04:30:00,IOP10,,,,,1388.3664230966906,1099.0,1.4848838749697226,169.0,14.0,14.0,150.0,0.010861749314009198,,2.334161709932725,-1.153238323119049,JEAN,JEAN,1099.0,164.0,"soundings_wintremix/upperair.sounding.202203120400.CU_JEAN.csv,soundings_wintremix/upperair.sounding.202203120600.CU_JEAN.csv",930.0,2022-03-12 04:30:00,JEAN2022-03-12 04:30:00,False,,,,
1106,-81.15272701013274,96.75964469707472,97.46918907296896,-0.5235659807105336,14.0,2022-03-12 04:40:00,IOP10,,,,,1310.673687812703,1094.0,1.4093265460351645,169.0,14.0,14.0,150.0,-0.012239000914662651,,2.3326843277989657,-1.577285072734831,JEAN,JEAN,1094.0,164.0,"soundings_wintremix/upperair.sounding.202203120400.CU_JEAN.csv,soundings_wintremix/upperair.sounding.202203120600.CU_JEAN.csv",925.0,2022-03-12 04:40:00,JEAN2022-03-12 04:40:00,False,,,,
1107,-90.7580211817327,97.15886258476,98.22495415824952,-0.5855356205273078,14.0,2022-03-12 04:50:00,IOP10,,,,,1233.6373127888744,1084.0,1.3409101225966027,169.0,14.0,14.0,150.0,-0.03533975114333453,,2.331206945665207,-2.001331822350613,JEAN,JEAN,1084.0,164.0,"soundings_wintremix/upperair.sounding.202203120400.CU_JEAN.csv,soundings_wintremix/upperair.sounding.202203120600.CU_JEAN.csv",915.0,2022-03-12 04:50:00,JEAN2022-03-12 04:50:00,False,,,,
1108,-100.67557686720096,97.55808047244528,99.171813937571,-0.6292223554200059,14.0,2022-03-12 05:00:00,IOP10,,,,,1157.6781357372931,1054.0,1.3081108878387493,174.0,14.0,14.0,155.0,-0.058440501372006376,,2.3297295635314472,-2.425378571966395,JEAN,JEAN,1054.0,169.0,"soundings_wintremix/upperair.sounding.202203120400.CU_JEAN.csv,soundings_wintremix/upperair.sounding.202203120600.CU_JEAN.csv",880.0,2022-03-12 05:00:00,JEAN2022-03-12 05:00:00,False,,,,
1109,-111.00148851833625,97.95729836013055,100.12505248288771,-0.6727362940505227,14.0,2022-03-12 05:10:00,IOP10,RA,,,,1083.9363455724397,1044.0,1.2459038454855627,179.0,14.0,14.0,160.0,-0.08154125160067824,RA,2.328252181397689,-2.8494253215821765,JEAN,JEAN,1044.0,174.0,"soundings_wintremix/upperair.sounding.202203120400.CU_JEAN.csv,soundings_wintremix/upperair.sounding.202203120600.CU_JEAN.csv",865.0,2022-03-12 05:10:00,JEAN2022-03-12 05:10:00,False,,,,
1110,-121.78204531951933,98.35651624781582,101.08470756435273,-0.7380730019364808,14.0,2022-03-12 05:20:00,IOP10,RA,,,,1010.8284062991027,1039.0,1.1685877529469393,179.0,14.0,14.0,160.0,-0.10464200182935007,RA,2.3267747992639296,-3.2734720711979586,JEAN,JEAN,1039.0,174.0,"soundings_wintremix/upperair.sounding.202203120400.CU_JEAN.csv,soundings_wintremix/upperair.sounding.202203120600.CU_JEAN.csv",860.0,2022-03-12 05:20:00,JEAN2022-03-12 05:20:00,False,,,,
1111,-133.06295151509653,98.75573413550111,102.05081710413042,-0.7827232442064501,14.0,2022-03-12 05:30:00,IOP10,SN,,,,936.7215985435826,1034.0,1.1564464179550402,229.0,14.0,14.0,165.0,-0.12774275205802194,SN,2.3256424824365314,-3.69751882081374,JEAN,JEAN,1034.0,179.0,"soundings_wintremix/upperair.sounding.202203120400.CU_JEAN.csv,soundings_wintremix/upperair.sounding.202203120600.CU_JEAN.csv",805.0,2022-03-12 05:30:00,JEAN2022-03-12 05:30:00,False,,,,
1112,-152.9434794262064,99.15932046530516,103.0234191756106,-0.6649716496791582,14.0,2022-03-12 05:40:00,IOP10,FZRA,,,,872.7899652911486,1034.0,1.1715301547532195,294.0,14.0,14.0,225.0,-0.15084350228669383,FZRA,2.332353677444413,-4.121565570429523,JEAN,JEAN,1034.0,239.0,"soundings_wintremix/upperair.sounding.202203120400.CU_JEAN.csv,soundings_wintremix/upperair.sounding.202203120600.CU_JEAN.csv",740.0,2022-03-12 05:40:00,JEAN2022-03-12 05:40:00,False,,,,
1113,-239.7939223848034,100.0,103.83097984297397,-0.7266482496509195,10.0,2022-03-12 06:00:00,IOP10,SN,,,,791.287049427617,1025.0,1.1467928252574162,340.0,10.0,10.0,325.0,-4.805578999999966,SN,2.362964918314836,-3.808490621002809,JEAN,JEAN,1025.0,335.0,"soundings_wintremix/upperair.sounding.202203120600.CU_JEAN.csv,soundings_wintremix/upperair.sounding.202203120800.CU_JEAN.csv",685.0,2022-03-12 06:00:00,JEAN2022-03-12 06:00:00,False,,,,
1114,-239.7939223848034,100.0,103.83097984297397,-0.7266482496509195,10.0,2022-03-12 06:10:00,IOP10,,,,,791.287049427617,1025.0,1.1467928252574162,340.0,10.0,10.0,325.0,-4.427053821032155,,2.362964918314836,-3.808490621002809,JEAN,JEAN,1025.0,335.0,"soundings_wintremix/upperair.sounding.202203120600.CU_JEAN.csv,soundings_wintremix/upperair.sounding.202203120800.CU_JEAN.csv",685.0,2022-03-12 06:10:00,JEAN2022-03-12 06:10:00,True,upperair.sounding.202203120600.CU_JEAN.csv,,,
1115,-251.84843563809315,100.0,102.96875540280901,-0.7631770776911914,10.0,2022-03-12 06:20:00,IOP10,SN,,,,551.571681238336,925.0,0.9348672563361631,340.0,10.0,10.0,325.0,-4.048528642064343,SN,1.8759374862138705,-3.2156040386312026,JEAN,JEAN,925.0,335.0,"soundings_wintremix/upperair.sounding.202203120600.CU_JEAN.csv,soundings_wintremix/upperair.sounding.202203120800.CU_JEAN.csv",585.0,2022-03-12 06:20:00,JEAN2022-03-12 06:20:00,False,,,,
1116,-257.875692264738,100.0,102.5401707400432,-0.7814414917113272,10.0,2022-03-12 06:30:00,IOP10,SN,,,,446.3168529518379,865.0,0.8421072697204489,340.0,10.0,10.0,325.0,-3.670003463096532,SN,1.6324237701633877,-2.919160747445399,JEAN,JEAN,865.0,335.0,"soundings_wintremix/upperair.sounding.202203120600.CU_JEAN.csv,soundings_wintremix/upperair.sounding.202203120800.CU_JEAN.csv",525.0,2022-03-12 06:30:00,JEAN2022-03-12 06:30:00,False,,,,
1117,-263.90294889138283,99.99999999999999,102.11326316930555,-0.799705905731463,10.0,2022-03-12 06:40:00,IOP10,PL,,,,354.4366104210823,830.0,0.716033556406227,340.0,10.0,10.0,325.0,-3.2914782841287207,PL,1.3889100541129045,-2.622717456259595,JEAN,JEAN,830.0,335.0,"soundings_wintremix/upperair.sounding.202203120600.CU_JEAN.csv,soundings_wintremix/upperair.sounding.202203120800.CU_JEAN.csv",490.0,2022-03-12 06:40:00,JEAN2022-03-12 06:40:00,False,,,,
1118,-269.9302055180278,100.0,101.68802674507722,-0.8179703197515992,10.0,2022-03-12 06:50:00,IOP10,FZRA,,,,267.2189578186786,800.0,0.7125838875164763,430.0,10.0,10.0,325.0,-2.9129531051609097,FZRA,1.1453963380624221,-2.326274165073792,JEAN,JEAN,800.0,335.0,"soundings_wintremix/upperair.sounding.202203120600.CU_JEAN.csv,soundings_wintremix/upperair.sounding.202203120800.CU_JEAN.csv",370.0,2022-03-12 06:50:00,JEAN2022-03-12 06:50:00,False,,,,
1119,-275.9574621446726,100.0,101.26445553328787,-0.8362347337717351,10.0,2022-03-12 07:00:00,IOP10,FZRA,,,,193.92166107569807,760.0,0.5788706300767106,430.0,10.0,10.0,325.0,-2.534427926193098,FZRA,0.9018826220119393,-2.0298308738879887,JEAN,JEAN,760.0,335.0,"soundings_wintremix/upperair.sounding.202203120600.CU_JEAN.csv,soundings_wintremix/upperair.sounding.202203120800.CU_JEAN.csv",330.0,2022-03-12 07:00:00,JEAN2022-03-12 07:00:00,False,,,,
1120,-281.9847187713175,100.0,101.22677740401969,-0.8544991477918712,10.0,2022-03-12 07:10:00,IOP10,SN,,,,129.47429722236802,725.0,0.4315809907412268,430.0,10.0,10.0,325.0,-2.155902747225287,SN,0.660998939550066,-1.733387582702185,JEAN,JEAN,725.0,335.0,"soundings_wintremix/upperair.sounding.202203120600.CU_JEAN.csv,soundings_wintremix/upperair.sounding.202203120800.CU_JEAN.csv",295.0,2022-03-12 07:10:00,JEAN2022-03-12 07:10:00,False,,,,
1121,-288.01197539796226,99.99999999999999,101.22298711758675,-0.872763561812007,10.0,2022-03-12 07:20:00,IOP10,SN,,,,75.8512056678567,675.0,0.30959675782798657,435.0,10.0,10.0,325.0,-1.7773775682574757,SN,0.4591730878186383,-1.4369442915163815,JEAN,JEAN,675.0,335.0,"soundings_wintremix/upperair.sounding.202203120600.CU_JEAN.csv,soundings_wintremix/upperair.sounding.202203120800.CU_JEAN.csv",240.0,2022-03-12 07:20:00,JEAN2022-03-12 07:20:00,False,,,,
1122,-294.03923202460714,100.0,101.21919697922938,-0.8910279758321431,10.0,2022-03-12 07:30:00,IOP10,PL,,,,34.653646909720024,630.0,0.177711009793436,440.0,10.0,10.0,325.0,-1.3988523892896643,PL,0.2986355090217551,-1.3080341933728328,JEAN,JEAN,630.0,335.0,"soundings_wintremix/upperair.sounding.202203120600.CU_JEAN.csv,soundings_wintremix/upperair.sounding.202203120800.CU_JEAN.csv",190.0,2022-03-12 07:30:00,JEAN2022-03-12 07:30:00,False,,,,
1123,-300.4953350266544,100.0,101.21540698894542,-0.9852306066447688,10.0,2022-03-12 07:40:00,IOP10,PL,,,,8.229663629455256,555.0,0.07837774885195484,455.0,10.0,10.0,300.0,-1.020327210321853,PL,0.1404760554533873,-1.395623059207333,JEAN,JEAN,555.0,310.0,"soundings_wintremix/upperair.sounding.202203120600.CU_JEAN.csv,soundings_wintremix/upperair.sounding.202203120800.CU_JEAN.csv",100.0,2022-03-12 07:40:00,JEAN2022-03-12 07:40:00,False,,,,
1124,-307.2463358876765,99.99999999999999,101.22669254178525,-1.0073650356972998,10.0,2022-03-12 07:50:00,IOP10,SN,,,,1.3426878079396993,350.0,0.03356719519849249,315.0,10.0,10.0,300.0,-0.6418020313540418,SN,0.05738135123769429,-1.4881818180786897,JEAN,JEAN,350.0,310.0,"soundings_wintremix/upperair.sounding.202203120600.CU_JEAN.csv,soundings_wintremix/upperair.sounding.202203120800.CU_JEAN.csv",35.0,2022-03-12 07:50:00,JEAN2022-03-12 07:50:00,False,,,,
1125,-314.5905232999001,100.0,101.4376555694122,-1.0486350776663338,8.0,2022-03-12 08:10:00,IOP10,SN,,,,2.134506450045114,343.0,0.053362661251127846,308.0,8.0,8.0,295.0,,SN,0.09688111738406328,-1.5907688513886704,JEAN,JEAN,343.0,303.0,,35.0,2022-03-12 08:10:00,JEAN2022-03-12 08:10:00,True,upperair.sounding.202203120800.CU_JEAN.csv,,,
1126,,,,,,2022-03-12 08:20:00,IOP10,SN,,,,,,,,,,,,SN,,,JEAN,JEAN,,,,,2022-03-12 08:20:00,JEAN2022-03-12 08:20:00,False,,,,
1127,,,,,,2022-03-14 23:00:00,IOP11,,,,,,,,,,,,,,,,JEAN,JEAN,,,,,2022-03-14 23:00:00,JEAN2022-03-14 23:00:00,False,,,,
1128,,,,,,2022-03-15 00:00:00,IOP11,RA,,,,,,,,,,,,RA,,,JEAN,JEAN,,,,,2022-03-15 00:00:00,JEAN2022-03-15 00:00:00,False,,,,
1129,,,,,,2022-03-15 00:10:00,IOP11,RA,,,,,,,,,,,4.58,RA,,,JEAN,JEAN,,,"soundings_wintremix/upperair.sounding.202203150010.CU_JEAN.csv,soundings_wintremix/upperair.sounding.202203150200.CU_JEAN.csv",0.0,2022-03-15 00:10:00,JEAN2022-03-15 00:10:00,False,,,,
1130,,,,,,2022-03-15 00:20:00,IOP11,RA,,,,,,,,,,,4.446755793226381,RA,,,JEAN,JEAN,,,"soundings_wintremix/upperair.sounding.202203150010.CU_JEAN.csv,soundings_wintremix/upperair.sounding.202203150200.CU_JEAN.csv",0.0,2022-03-15 00:20:00,JEAN2022-03-15 00:20:00,True,upperair.sounding.202203150010.CU_JEAN.csv,,,
1131,,,,,,2022-03-15 00:30:00,IOP11,RA,,,,,,,,,,,4.313511586452764,RA,,,JEAN,JEAN,,,"soundings_wintremix/upperair.sounding.202203150010.CU_JEAN.csv,soundings_wintremix/upperair.sounding.202203150200.CU_JEAN.csv",0.0,2022-03-15 00:30:00,JEAN2022-03-15 00:30:00,False,,,,
1132,,,,,,2022-03-15 00:40:00,IOP11,RA,,,,,,,,,,,4.180267379679145,RA,,,JEAN,JEAN,,,"soundings_wintremix/upperair.sounding.202203150010.CU_JEAN.csv,soundings_wintremix/upperair.sounding.202203150200.CU_JEAN.csv",0.0,2022-03-15 00:40:00,JEAN2022-03-15 00:40:00,False,,,,
1133,,,,,,2022-03-15 00:50:00,IOP11,RA,,,,,,,,,,,4.047023172905526,RA,,,JEAN,JEAN,,,"soundings_wintremix/upperair.sounding.202203150010.CU_JEAN.csv,soundings_wintremix/upperair.sounding.202203150200.CU_JEAN.csv",0.0,2022-03-15 00:50:00,JEAN2022-03-15 00:50:00,False,,,,
1134,,,,,,2022-03-15 01:00:00,IOP11,RA,,,,,,,,,,,3.9137789661319076,RA,,,JEAN,JEAN,,,"soundings_wintremix/upperair.sounding.202203150010.CU_JEAN.csv,soundings_wintremix/upperair.sounding.202203150200.CU_JEAN.csv",0.0,2022-03-15 01:00:00,JEAN2022-03-15 01:00:00,False,,,,
1135,,,,,,2022-03-15 01:10:00,IOP11,RA,,,,,,,,,,,3.7805347593582885,RA,,,JEAN,JEAN,,,"soundings_wintremix/upperair.sounding.202203150010.CU_JEAN.csv,soundings_wintremix/upperair.sounding.202203150200.CU_JEAN.csv",0.0,2022-03-15 01:10:00,JEAN2022-03-15 01:10:00,False,,,,
1136,,,,,,2022-03-15 01:20:00,IOP11,RA,,,,,,,,,,,3.647290552584671,RA,,,JEAN,JEAN,,,"soundings_wintremix/upperair.sounding.202203150010.CU_JEAN.csv,soundings_wintremix/upperair.sounding.202203150200.CU_JEAN.csv",0.0,2022-03-15 01:20:00,JEAN2022-03-15 01:20:00,False,,,,
1137,,,,,,2022-03-15 01:30:00,IOP11,RA,,,,,,,,,,,3.5140463458110522,RA,,,JEAN,JEAN,,,"soundings_wintremix/upperair.sounding.202203150010.CU_JEAN.csv,soundings_wintremix/upperair.sounding.202203150200.CU_JEAN.csv",0.0,2022-03-15 01:30:00,JEAN2022-03-15 01:30:00,False,,,,
1138,,,,,,2022-03-15 01:40:00,IOP11,RA,,,,,,,,,,,3.380802139037434,RA,,,JEAN,JEAN,,,"soundings_wintremix/upperair.sounding.202203150010.CU_JEAN.csv,soundings_wintremix/upperair.sounding.202203150200.CU_JEAN.csv",0.0,2022-03-15 01:40:00,JEAN2022-03-15 01:40:00,False,,,,
1139,,,,,,2022-03-15 01:50:00,IOP11,RA,,,,,,,,,,,3.2475579322638155,RA,,,JEAN,JEAN,,,"soundings_wintremix/upperair.sounding.202203150010.CU_JEAN.csv,soundings_wintremix/upperair.sounding.202203150200.CU_JEAN.csv",0.0,2022-03-15 01:50:00,JEAN2022-03-15 01:50:00,False,,,,
1140,,,,,,2022-03-15 02:00:00,IOP11,RA,,,,,,,,,,,3.07,RA,,,JEAN,JEAN,,,"soundings_wintremix/upperair.sounding.202203150200.CU_JEAN.csv,soundings_wintremix/upperair.sounding.202203150400.CU_JEAN.csv",0.0,2022-03-15 02:00:00,JEAN2022-03-15 02:00:00,False,,,,
1141,,,,,,2022-03-15 02:10:00,IOP11,RA,,,,,,,,,,,2.935681818181818,RA,,,JEAN,JEAN,,,"soundings_wintremix/upperair.sounding.202203150200.CU_JEAN.csv,soundings_wintremix/upperair.sounding.202203150400.CU_JEAN.csv",0.0,2022-03-15 02:10:00,JEAN2022-03-15 02:10:00,True,upperair.sounding.202203150200.CU_JEAN.csv,,,
1142,,,,,,2022-03-15 02:20:00,IOP11,RA,,,,,,,,,,,2.8013636363636363,RA,,,JEAN,JEAN,,,"soundings_wintremix/upperair.sounding.202203150200.CU_JEAN.csv,soundings_wintremix/upperair.sounding.202203150400.CU_JEAN.csv",0.0,2022-03-15 02:20:00,JEAN2022-03-15 02:20:00,False,,,,
1143,,,,,,2022-03-15 02:30:00,IOP11,RA,,,,,,,,,,,2.6670454545454545,RA,,,JEAN,JEAN,,,"soundings_wintremix/upperair.sounding.202203150200.CU_JEAN.csv,soundings_wintremix/upperair.sounding.202203150400.CU_JEAN.csv",0.0,2022-03-15 02:30:00,JEAN2022-03-15 02:30:00,False,,,,
1144,,,,,,2022-03-15 02:40:00,IOP11,RA,,,,,,,,,,,2.5327272727272727,RA,,,JEAN,JEAN,,,"soundings_wintremix/upperair.sounding.202203150200.CU_JEAN.csv,soundings_wintremix/upperair.sounding.202203150400.CU_JEAN.csv",0.0,2022-03-15 02:40:00,JEAN2022-03-15 02:40:00,False,,,,
1145,,,,,,2022-03-15 02:50:00,IOP11,RA,,,,,,,,,,,2.398409090909091,RA,,,JEAN,JEAN,,,"soundings_wintremix/upperair.sounding.202203150200.CU_JEAN.csv,soundings_wintremix/upperair.sounding.202203150400.CU_JEAN.csv",0.0,2022-03-15 02:50:00,JEAN2022-03-15 02:50:00,False,,,,
1146,,,,,,2022-03-15 03:00:00,IOP11,RA,,,,,,,,,,,2.264090909090909,RA,,,JEAN,JEAN,,,"soundings_wintremix/upperair.sounding.202203150200.CU_JEAN.csv,soundings_wintremix/upperair.sounding.202203150400.CU_JEAN.csv",0.0,2022-03-15 03:00:00,JEAN2022-03-15 03:00:00,False,,,,
1147,,,,,,2022-03-15 03:10:00,IOP11,RA,,,,,,,,,,,2.1297727272727274,RA,,,JEAN,JEAN,,,"soundings_wintremix/upperair.sounding.202203150200.CU_JEAN.csv,soundings_wintremix/upperair.sounding.202203150400.CU_JEAN.csv",0.0,2022-03-15 03:10:00,JEAN2022-03-15 03:10:00,False,,,,
1148,,,,,,2022-03-15 03:20:00,IOP11,RA,,,,,,,,,,,1.9954545454545456,RA,,,JEAN,JEAN,,,"soundings_wintremix/upperair.sounding.202203150200.CU_JEAN.csv,soundings_wintremix/upperair.sounding.202203150400.CU_JEAN.csv",0.0,2022-03-15 03:20:00,JEAN2022-03-15 03:20:00,False,,,,
1149,,,,,,2022-03-15 03:30:00,IOP11,RA,,,,,,,,,,,1.8611363636363638,RA,,,JEAN,JEAN,,,"soundings_wintremix/upperair.sounding.202203150200.CU_JEAN.csv,soundings_wintremix/upperair.sounding.202203150400.CU_JEAN.csv",0.0,2022-03-15 03:30:00,JEAN2022-03-15 03:30:00,False,,,,
1150,,,,,,2022-03-15 03:40:00,IOP11,RA,,,,,,,,,,,1.726818181818182,RA,,,JEAN,JEAN,,,"soundings_wintremix/upperair.sounding.202203150200.CU_JEAN.csv,soundings_wintremix/upperair.sounding.202203150400.CU_JEAN.csv",0.0,2022-03-15 03:40:00,JEAN2022-03-15 03:40:00,False,,,,
1151,,,,,,2022-03-15 03:50:00,IOP11,RA,,,,,,,,,,,1.5925000000000002,RA,,,JEAN,JEAN,,,"soundings_wintremix/upperair.sounding.202203150200.CU_JEAN.csv,soundings_wintremix/upperair.sounding.202203150400.CU_JEAN.csv",0.0,2022-03-15 03:50:00,JEAN2022-03-15 03:50:00,False,,,,
1152,,,,,,2022-03-15 04:00:00,IOP11,RA,,,,,,,,,,,1.25,RA,,,JEAN,JEAN,,,"soundings_wintremix/upperair.sounding.202203150400.CU_JEAN.csv,soundings_wintremix/upperair.sounding.202203150515.CU_JEAN.csv",0.0,2022-03-15 04:00:00,JEAN2022-03-15 04:00:00,False,,,,
1153,,,,,,2022-03-15 04:10:00,IOP11,RA,,,,,,,,,,,1.1540000000000001,RA,,,JEAN,JEAN,,,"soundings_wintremix/upperair.sounding.202203150400.CU_JEAN.csv,soundings_wintremix/upperair.sounding.202203150515.CU_JEAN.csv",0.0,2022-03-15 04:10:00,JEAN2022-03-15 04:10:00,True,upperair.sounding.202203150400.CU_JEAN.csv,,,
1154,,,,,,2022-03-15 04:20:00,IOP11,RA,,,,,,,,,,,1.058,RA,,,JEAN,JEAN,,,"soundings_wintremix/upperair.sounding.202203150400.CU_JEAN.csv,soundings_wintremix/upperair.sounding.202203150515.CU_JEAN.csv",0.0,2022-03-15 04:20:00,JEAN2022-03-15 04:20:00,False,,,,
1155,,,,,,2022-03-15 04:30:00,IOP11,SN,,,,,,,,,,,0.962,SN,,,JEAN,JEAN,,,"soundings_wintremix/upperair.sounding.202203150400.CU_JEAN.csv,soundings_wintremix/upperair.sounding.202203150515.CU_JEAN.csv",0.0,2022-03-15 04:30:00,JEAN2022-03-15 04:30:00,False,,,,
1156,-0.802949258626435,94.10503991642302,94.15460442293646,-0.022941407389326714,360.0,2022-03-15 04:40:00,IOP11,SN,,,,90.55352813449414,355.0,0.33538343753516353,90.0,360.0,360.0,30.0,0.8660000000000001,SN,0.9012121212121212,-0.03991450186856263,JEAN,JEAN,355.0,390.0,"soundings_wintremix/upperair.sounding.202203150400.CU_JEAN.csv,soundings_wintremix/upperair.sounding.202203150515.CU_JEAN.csv",265.0,2022-03-15 04:40:00,JEAN2022-03-15 04:40:00,False,,,,
1157,,,,,,2022-03-15 04:50:00,IOP11,SN,,,,,,,,,,,0.77,SN,,,JEAN,JEAN,,,"soundings_wintremix/upperair.sounding.202203150400.CU_JEAN.csv,soundings_wintremix/upperair.sounding.202203150515.CU_JEAN.csv",0.0,2022-03-15 04:50:00,JEAN2022-03-15 04:50:00,False,,,,
1158,,,,,,2022-03-15 05:00:00,IOP11,SN,,,,,,,,,,,0.674,SN,,,JEAN,JEAN,,,"soundings_wintremix/upperair.sounding.202203150400.CU_JEAN.csv,soundings_wintremix/upperair.sounding.202203150515.CU_JEAN.csv",0.0,2022-03-15 05:00:00,JEAN2022-03-15 05:00:00,False,,,,
1159,,,,,,2022-03-15 05:20:00,IOP11,SN,RA,,,,,,,,,,0.5455345911949685,SN and RA,,,JEAN,JEAN,,,"soundings_wintremix/upperair.sounding.202203150515.CU_JEAN.csv,soundings_wintremix/upperair.sounding.202203150600.CU_JEAN.csv",0.0,2022-03-15 05:20:00,JEAN2022-03-15 05:20:00,True,upperair.sounding.202203150515.CU_JEAN.csv,,,
1160,,,,,,2022-03-15 05:30:00,IOP11,RA,,,,,,,,,,,0.5766037735849057,RA,,,JEAN,JEAN,,,"soundings_wintremix/upperair.sounding.202203150515.CU_JEAN.csv,soundings_wintremix/upperair.sounding.202203150600.CU_JEAN.csv",0.0,2022-03-15 05:30:00,JEAN2022-03-15 05:30:00,False,,,,
1161,,,,,,2022-03-15 05:40:00,IOP11,RA,,,,,,,,,,,0.6076729559748427,RA,,,JEAN,JEAN,,,"soundings_wintremix/upperair.sounding.202203150515.CU_JEAN.csv,soundings_wintremix/upperair.sounding.202203150600.CU_JEAN.csv",0.0,2022-03-15 05:40:00,JEAN2022-03-15 05:40:00,False,,,,
1162,,,,,,2022-03-15 05:50:00,IOP11,,,,,,,,,,,,0.6387421383647799,,,,JEAN,JEAN,,,"soundings_wintremix/upperair.sounding.202203150515.CU_JEAN.csv,soundings_wintremix/upperair.sounding.202203150600.CU_JEAN.csv",0.0,2022-03-15 05:50:00,JEAN2022-03-15 05:50:00,False,,,,
1163,,,,,,2022-03-15 06:00:00,IOP11,,,,,,,,,,,,,,,,JEAN,JEAN,,,,,2022-03-15 06:00:00,JEAN2022-03-15 06:00:00,False,,,,
1164,,,,,,2022-03-15 06:10:00,IOP11,,,,,,,,,,,,,,,,JEAN,JEAN,,,,0.0,2022-03-15 06:10:00,JEAN2022-03-15 06:10:00,True,upperair.sounding.202203150600.CU_JEAN.csv,,,
1165,,,,,,2022-03-15 06:20:00,IOP11,,,,,,,,,,,,,,,,JEAN,JEAN,,,,,2022-03-15 06:20:00,JEAN2022-03-15 06:20:00,False,,,,
1166,,,,,,2022-03-15 06:30:00,IOP11,,,,,,,,,,,,,,,,JEAN,JEAN,,,,,2022-03-15 06:30:00,JEAN2022-03-15 06:30:00,False,,,,
1167,,,,,,2022-03-15 06:40:00,IOP11,,,,,,,,,,,,,,,,JEAN,JEAN,,,,,2022-03-15 06:40:00,JEAN2022-03-15 06:40:00,False,,,,
1168,,,,,,2022-03-15 06:50:00,IOP11,,,,,,,,,,,,,,,,JEAN,JEAN,,,,,2022-03-15 06:50:00,JEAN2022-03-15 06:50:00,False,,,,
1169,,,,,,2022-03-15 23:30:00,IOP11,,,,,,,,,,,,,,,,JEAN,JEAN,,,,,2022-03-15 23:30:00,JEAN2022-03-15 23:30:00,False,,,,
1170,,,,,,2022-02-02 23:00:00,IOP1,,,,,,,,,,,,,,,,Sorel,Sorel,,,,,2022-02-02 23:00:00,Sorel2022-02-02 23:00:00,False,,,,
1171,,,,,,2022-02-03 00:00:00,IOP1,,,,,,,,,,,,,,,,Sorel,Sorel,,,,,2022-02-03 00:00:00,Sorel2022-02-03 00:00:00,False,,,,
1172,,,,,,2022-02-03 01:00:00,IOP1,,,,,,,,,,,,2.91,,,,Sorel,Sorel,,,"soundings_wintremix/upperair.sounding.202202030100.UQAM-Sorel.txt,soundings_wintremix/upperair.sounding.202202030230.UQAM-Sorel.txt",0.0,2022-02-03 01:00:00,Sorel2022-02-03 01:00:00,False,,,,
1173,,,,,,2022-02-03 01:10:00,IOP1,,,,,,,,,,,,2.7199999999999998,,,,Sorel,Sorel,,,"soundings_wintremix/upperair.sounding.202202030100.UQAM-Sorel.txt,soundings_wintremix/upperair.sounding.202202030230.UQAM-Sorel.txt",0.0,2022-02-03 01:10:00,Sorel2022-02-03 01:10:00,True,upperair.sounding.202202030100.UQAM-Sorel.txt,,,
1174,,,,,,2022-02-03 01:20:00,IOP1,,,,,,,,,,,,2.5300000000000002,,,,Sorel,Sorel,,,"soundings_wintremix/upperair.sounding.202202030100.UQAM-Sorel.txt,soundings_wintremix/upperair.sounding.202202030230.UQAM-Sorel.txt",0.0,2022-02-03 01:20:00,Sorel2022-02-03 01:20:00,False,,,,
1175,,,,,,2022-02-03 01:47:00,IOP1,,,,,,,,,,,,2.0170000000000003,,,,Sorel,Sorel,,,"soundings_wintremix/upperair.sounding.202202030100.UQAM-Sorel.txt,soundings_wintremix/upperair.sounding.202202030230.UQAM-Sorel.txt",0.0,2022-02-03 01:40:00,Sorel2022-02-03 01:40:00,False,,,,
1176,-0.24615384615384672,89.49564102564104,89.52458247019327,-0.02461538461538467,429.0,2022-02-03 02:30:00,IOP1,SN,,,,234.24492912270554,424.0,0.5644456123438687,14.0,429.0,429.0,5.0,1.04,SN,1.2,-0.03,Sorel,Sorel,424.0,434.0,"soundings_wintremix/upperair.sounding.202202030230.UQAM-Sorel.txt,soundings_wintremix/upperair.sounding.202202030400.UQAM-Sorel.txt",410.0,2022-02-03 02:30:00,Sorel2022-02-03 02:30:00,False,,,,
1177,-0.24615384615384672,89.49564102564104,89.52458247019327,-0.02461538461538467,429.0,2022-02-03 02:45:00,IOP1,RA,,,,234.24492912270554,424.0,0.5644456123438687,14.0,429.0,429.0,5.0,1.2782781456953645,RA,1.2,-0.03,Sorel,Sorel,424.0,434.0,"soundings_wintremix/upperair.sounding.202202030230.UQAM-Sorel.txt,soundings_wintremix/upperair.sounding.202202030400.UQAM-Sorel.txt",410.0,2022-02-03 02:40:00,Sorel2022-02-03 02:40:00,True,upperair.sounding.202202030230.UQAM-Sorel.txt,,,
1178,,,,,,2022-02-03 02:50:00,IOP1,SN,RA,,,,,,,,,,1.357704194260486,SN and RA,,,Sorel,Sorel,,,"soundings_wintremix/upperair.sounding.202202030230.UQAM-Sorel.txt,soundings_wintremix/upperair.sounding.202202030400.UQAM-Sorel.txt",0.0,2022-02-03 02:50:00,Sorel2022-02-03 02:50:00,False,,,,
1179,,,,,,2022-02-03 03:00:00,IOP1,RA,,,,,,,,,,,1.5165562913907287,RA,,,Sorel,Sorel,,,"soundings_wintremix/upperair.sounding.202202030230.UQAM-Sorel.txt,soundings_wintremix/upperair.sounding.202202030400.UQAM-Sorel.txt",0.0,2022-02-03 03:00:00,Sorel2022-02-03 03:00:00,False,,,,
1180,,,,,,2022-02-03 03:10:00,IOP1,RA,,,,,,,,,,,1.6754083885209718,RA,,,Sorel,Sorel,,,"soundings_wintremix/upperair.sounding.202202030230.UQAM-Sorel.txt,soundings_wintremix/upperair.sounding.202202030400.UQAM-Sorel.txt",0.0,2022-02-03 03:10:00,Sorel2022-02-03 03:10:00,False,,,,
1181,,,,,,2022-02-03 03:20:00,IOP1,RA,,,,,,,,,,,1.8342604856512144,RA,,,Sorel,Sorel,,,"soundings_wintremix/upperair.sounding.202202030230.UQAM-Sorel.txt,soundings_wintremix/upperair.sounding.202202030400.UQAM-Sorel.txt",0.0,2022-02-03 03:20:00,Sorel2022-02-03 03:20:00,False,,,,
1182,,,,,,2022-02-03 03:30:00,IOP1,RA,,,,,,,,,,,1.9931125827814573,RA,,,Sorel,Sorel,,,"soundings_wintremix/upperair.sounding.202202030230.UQAM-Sorel.txt,soundings_wintremix/upperair.sounding.202202030400.UQAM-Sorel.txt",0.0,2022-02-03 03:30:00,Sorel2022-02-03 03:30:00,False,,,,
1183,,,,,,2022-02-03 03:40:00,IOP1,RA,,,,,,,,,,,2.1519646799117003,RA,,,Sorel,Sorel,,,"soundings_wintremix/upperair.sounding.202202030230.UQAM-Sorel.txt,soundings_wintremix/upperair.sounding.202202030400.UQAM-Sorel.txt",0.0,2022-02-03 03:40:00,Sorel2022-02-03 03:40:00,False,,,,
1184,,,,,,2022-02-03 04:00:00,IOP1,RA,,,,,,,,,,,0.93,RA,,,Sorel,Sorel,,,"soundings_wintremix/upperair.sounding.202202030400.UQAM-Sorel.txt,soundings_wintremix/upperair.sounding.202202030530.UQAM-Sorel.txt",0.0,2022-02-03 04:00:00,Sorel2022-02-03 04:00:00,False,,,,
1185,,,,,,2022-02-03 04:10:00,IOP1,RA,,,,,,,,,,,0.9508888888888889,RA,,,Sorel,Sorel,,,"soundings_wintremix/upperair.sounding.202202030400.UQAM-Sorel.txt,soundings_wintremix/upperair.sounding.202202030530.UQAM-Sorel.txt",0.0,2022-02-03 04:10:00,Sorel2022-02-03 04:10:00,True,upperair.sounding.202202030400.UQAM-Sorel.txt,,,
1186,,,,,,2022-02-03 04:20:00,IOP1,RA,,,,,,,,,,,0.9717777777777779,RA,,,Sorel,Sorel,,,"soundings_wintremix/upperair.sounding.202202030400.UQAM-Sorel.txt,soundings_wintremix/upperair.sounding.202202030530.UQAM-Sorel.txt",0.0,2022-02-03 04:20:00,Sorel2022-02-03 04:20:00,False,,,,
1187,,,,,,2022-02-03 04:30:00,IOP1,RA,,,,,,,,,,,0.9926666666666667,RA,,,Sorel,Sorel,,,"soundings_wintremix/upperair.sounding.202202030400.UQAM-Sorel.txt,soundings_wintremix/upperair.sounding.202202030530.UQAM-Sorel.txt",0.0,2022-02-03 04:30:00,Sorel2022-02-03 04:30:00,False,,,,
1188,,,,,,2022-02-03 04:40:00,IOP1,RA,,,,,,,,,,,1.0135555555555555,RA,,,Sorel,Sorel,,,"soundings_wintremix/upperair.sounding.202202030400.UQAM-Sorel.txt,soundings_wintremix/upperair.sounding.202202030530.UQAM-Sorel.txt",0.0,2022-02-03 04:40:00,Sorel2022-02-03 04:40:00,False,,,,
1189,,,,,,2022-02-03 04:50:00,IOP1,RA,,,,,,,,,,,1.0344444444444445,RA,,,Sorel,Sorel,,,"soundings_wintremix/upperair.sounding.202202030400.UQAM-Sorel.txt,soundings_wintremix/upperair.sounding.202202030530.UQAM-Sorel.txt",0.0,2022-02-03 04:50:00,Sorel2022-02-03 04:50:00,False,,,,
1190,,,,,,2022-02-03 05:00:00,IOP1,RA,,,,,,,,,,,1.0553333333333335,RA,,,Sorel,Sorel,,,"soundings_wintremix/upperair.sounding.202202030400.UQAM-Sorel.txt,soundings_wintremix/upperair.sounding.202202030530.UQAM-Sorel.txt",0.0,2022-02-03 05:00:00,Sorel2022-02-03 05:00:00,False,,,,
1191,,,,,,2022-02-03 05:10:00,IOP1,RA,,,,,,,,,,,1.0762222222222224,RA,,,Sorel,Sorel,,,"soundings_wintremix/upperair.sounding.202202030400.UQAM-Sorel.txt,soundings_wintremix/upperair.sounding.202202030530.UQAM-Sorel.txt",0.0,2022-02-03 05:10:00,Sorel2022-02-03 05:10:00,False,,,,
1192,,,,,,2022-02-03 05:34:00,IOP1,RA,,,,,,,,,,,1.1194695340501795,RA,,,Sorel,Sorel,,,"soundings_wintremix/upperair.sounding.202202030530.UQAM-Sorel.txt,soundings_wintremix/upperair.sounding.202202030700.UQAM-Sorel.txt",0.0,2022-02-03 05:30:00,Sorel2022-02-03 05:30:00,False,,,,
1193,,,,,,2022-02-03 05:40:00,IOP1,RA,,,,,,,,,,,1.1186738351254482,RA,,,Sorel,Sorel,,,"soundings_wintremix/upperair.sounding.202202030530.UQAM-Sorel.txt,soundings_wintremix/upperair.sounding.202202030700.UQAM-Sorel.txt",0.0,2022-02-03 05:40:00,Sorel2022-02-03 05:40:00,True,upperair.sounding.202202030530.UQAM-Sorel.txt,,,
1194,-0.5364510780880032,90.41455284552846,90.44805905717675,-0.017881702602933442,503.0,2022-02-03 05:50:00,IOP1,RA,,,,298.49222231180545,433.0,0.7106957674090607,18.0,503.0,503.0,25.0,1.1173476702508962,RA,1.2126167333714504,-0.036221113357518084,Sorel,Sorel,433.0,528.0,"soundings_wintremix/upperair.sounding.202202030530.UQAM-Sorel.txt,soundings_wintremix/upperair.sounding.202202030700.UQAM-Sorel.txt",415.0,2022-02-03 05:50:00,Sorel2022-02-03 05:50:00,False,,,,
1195,,,,,,2022-02-03 06:00:00,IOP1,RA,,,,,,,,,,,1.1160215053763443,RA,,,Sorel,Sorel,,,"soundings_wintremix/upperair.sounding.202202030530.UQAM-Sorel.txt,soundings_wintremix/upperair.sounding.202202030700.UQAM-Sorel.txt",0.0,2022-02-03 06:00:00,Sorel2022-02-03 06:00:00,False,,,,
1196,,,,,,2022-02-03 06:10:00,IOP1,RA,,,,,,,,,,,1.1146953405017923,RA,,,Sorel,Sorel,,,"soundings_wintremix/upperair.sounding.202202030530.UQAM-Sorel.txt,soundings_wintremix/upperair.sounding.202202030700.UQAM-Sorel.txt",0.0,2022-02-03 06:10:00,Sorel2022-02-03 06:10:00,False,,,,
1197,,,,,,2022-02-03 06:20:00,IOP1,RA,,,,,,,,,,,1.1133691756272404,RA,,,Sorel,Sorel,,,"soundings_wintremix/upperair.sounding.202202030530.UQAM-Sorel.txt,soundings_wintremix/upperair.sounding.202202030700.UQAM-Sorel.txt",0.0,2022-02-03 06:20:00,Sorel2022-02-03 06:20:00,False,,,,
1198,,,,,,2022-02-03 06:30:00,IOP1,RA,,,,,,,,,,,1.1120430107526882,RA,,,Sorel,Sorel,,,"soundings_wintremix/upperair.sounding.202202030530.UQAM-Sorel.txt,soundings_wintremix/upperair.sounding.202202030700.UQAM-Sorel.txt",0.0,2022-02-03 06:30:00,Sorel2022-02-03 06:30:00,False,,,,
1199,,,,,,2022-02-03 06:40:00,IOP1,RA,,,,,,,,,,,1.1107168458781362,RA,,,Sorel,Sorel,,,"soundings_wintremix/upperair.sounding.202202030530.UQAM-Sorel.txt,soundings_wintremix/upperair.sounding.202202030700.UQAM-Sorel.txt",0.0,2022-02-03 06:40:00,Sorel2022-02-03 06:40:00,False,,,,
1200,,,,,,2022-02-03 07:00:00,IOP1,SN,RA,,,,,,,,,,,SN and RA,,,Sorel,Sorel,,,,,2022-02-03 07:00:00,Sorel2022-02-03 07:00:00,False,,,,
1201,,,,,,2022-02-03 07:10:00,IOP1,SN,RA,,,,,,,,,,,SN and RA,,,Sorel,Sorel,,,,0.0,2022-02-03 07:10:00,Sorel2022-02-03 07:10:00,True,upperair.sounding.202202030700.UQAM-Sorel.txt,,,
1202,,,,,,2022-02-03 07:20:00,IOP1,SN,RA,,,,,,,,,,,SN and RA,,,Sorel,Sorel,,,,,2022-02-03 07:20:00,Sorel2022-02-03 07:20:00,False,,,,
1203,,,,,,2022-02-03 07:30:00,IOP1,SN,RA,,,,,,,,,,,SN and RA,,,Sorel,Sorel,,,,,2022-02-03 07:30:00,Sorel2022-02-03 07:30:00,False,,,,
1204,,,,,,2022-02-03 07:40:00,IOP1,SN,RA,,,,,,,,,,,SN and RA,,,Sorel,Sorel,,,,,2022-02-03 07:40:00,Sorel2022-02-03 07:40:00,False,,,,
1205,,,,,,2022-02-03 07:50:00,IOP1,SN,RA,,,,,,,,,,,SN and RA,,,Sorel,Sorel,,,,,2022-02-03 07:50:00,Sorel2022-02-03 07:50:00,False,,,,
1206,,,,,,2022-02-03 08:00:00,IOP1,SN,RA,,,,,,,,,,,SN and RA,,,Sorel,Sorel,,,,,2022-02-03 08:00:00,Sorel2022-02-03 08:00:00,False,,,,
1207,,,,,,2022-02-03 08:10:00,IOP1,SN,RA,,,,,,,,,,,SN and RA,,,Sorel,Sorel,,,,,2022-02-03 08:10:00,Sorel2022-02-03 08:10:00,False,,,,
1208,,,,,,2022-02-10 01:13:00,IOP2,SN,,,,,,,,,,,,SN,,,Sorel,Sorel,,,,,2022-02-10 01:10:00,Sorel2022-02-10 01:10:00,False,,,,
1209,,,,,,2022-02-10 01:30:00,IOP2,SN,,,,,,,,,,,,SN,,,Sorel,Sorel,,,,,2022-02-10 01:30:00,Sorel2022-02-10 01:30:00,False,,,,
1210,,,,,,2022-02-10 07:50:00,IOP2,,,,,,,,,,,,,,,,Sorel,Sorel,,,,,2022-02-10 07:50:00,Sorel2022-02-10 07:50:00,False,,,,
1211,,,,,,2022-02-10 08:00:00,IOP2,,,,,,,,,,,,,,,,Sorel,Sorel,,,,,2022-02-10 08:00:00,Sorel2022-02-10 08:00:00,False,,,,
1212,,,,,,2022-02-10 08:10:00,IOP2,,,,,,,,,,,,,,,,Sorel,Sorel,,,,,2022-02-10 08:10:00,Sorel2022-02-10 08:10:00,False,,,,
1213,,,,,,2022-02-10 08:30:00,IOP2,,,,,,,,,,,,,,,,Sorel,Sorel,,,,,2022-02-10 08:30:00,Sorel2022-02-10 08:30:00,False,,,,
1214,,,,,,2022-02-10 08:40:00,IOP2,,,,,,,,,,,,,,,,Sorel,Sorel,,,,,2022-02-10 08:40:00,Sorel2022-02-10 08:40:00,False,,,,
1215,,,,,,2022-02-10 08:50:00,IOP2,SN,,,,,,,,,,,,SN,,,Sorel,Sorel,,,,,2022-02-10 08:50:00,Sorel2022-02-10 08:50:00,False,,,,
1216,,,,,,2022-02-10 09:00:00,IOP2,,,,,,,,,,,,,,,,Sorel,Sorel,,,,,2022-02-10 09:00:00,Sorel2022-02-10 09:00:00,False,,,,
1217,,,,,,2022-02-10 09:10:00,IOP2,,,,,,,,,,,,,,,,Sorel,Sorel,,,,,2022-02-10 09:10:00,Sorel2022-02-10 09:10:00,False,,,,
1218,,,,,,2022-02-10 09:20:00,IOP2,,,,,,,,,,,,,,,,Sorel,Sorel,,,,,2022-02-10 09:20:00,Sorel2022-02-10 09:20:00,False,,,,
1219,,,,,,2022-02-10 09:30:00,IOP2,,,,,,,,,,,,,,,,Sorel,Sorel,,,,,2022-02-10 09:30:00,Sorel2022-02-10 09:30:00,False,,,,
1220,,,,,,2022-02-10 09:40:00,IOP2,,,,,,,,,,,,,,,,Sorel,Sorel,,,,,2022-02-10 09:40:00,Sorel2022-02-10 09:40:00,False,,,,
1221,-143.95905135257442,80.8,82.33408230627757,-1.439590513525744,14.0,2022-02-10 10:00:00,IOP2,,,,,1009.1890608122334,914.0,1.2536510072201656,114.0,14.0,14.0,95.0,-1.52,,2.494666666666667,-1.9777777777777779,Sorel,Sorel,914.0,109.0,"soundings_wintremix/upperair.sounding.202202101000.UQAM-Sorel.txt,soundings_wintremix/upperair.sounding.202202101200.UQAM-Sorel.txt",800.0,2022-02-10 10:00:00,Sorel2022-02-10 10:00:00,False,,,,
1222,-143.95905135257442,80.8,82.33408230627757,-1.439590513525744,14.0,2022-02-10 10:10:00,IOP2,,,,,1009.1890608122334,914.0,1.2536510072201656,114.0,14.0,14.0,95.0,-1.5206212121212122,,2.494666666666667,-1.9777777777777779,Sorel,Sorel,914.0,109.0,"soundings_wintremix/upperair.sounding.202202101000.UQAM-Sorel.txt,soundings_wintremix/upperair.sounding.202202101200.UQAM-Sorel.txt",800.0,2022-02-10 10:10:00,Sorel2022-02-10 10:10:00,True,upperair.sounding.202202101000.UQAM-Sorel.txt,,,
1223,-120.90436394309847,81.78846153846153,83.30454800411663,-1.4224042816835119,14.0,2022-02-10 10:20:00,IOP2,,,,,938.5417435054308,894.0,1.1731771793817884,99.0,14.0,14.0,80.0,-1.5212424242424243,,2.2609425287356326,-1.855128205128205,Sorel,Sorel,894.0,94.0,"soundings_wintremix/upperair.sounding.202202101000.UQAM-Sorel.txt,soundings_wintremix/upperair.sounding.202202101200.UQAM-Sorel.txt",795.0,2022-02-10 10:20:00,Sorel2022-02-10 10:20:00,False,,,,
1224,-110.41072612071345,82.2826923076923,83.78945403549913,-1.2989497190672175,14.0,2022-02-10 10:30:00,IOP2,,,,,905.554508337817,884.0,1.1462715295415407,99.0,14.0,14.0,80.0,-1.5218636363636364,,2.144080459770115,-1.8326923076923074,Sorel,Sorel,884.0,94.0,"soundings_wintremix/upperair.sounding.202202101000.UQAM-Sorel.txt,soundings_wintremix/upperair.sounding.202202101200.UQAM-Sorel.txt",785.0,2022-02-10 10:30:00,Sorel2022-02-10 10:30:00,False,,,,
1225,-100.21328223567349,82.77692307692307,84.27414229004778,-1.2526660279459185,14.0,2022-02-10 10:40:00,IOP2,,,,,874.0329800945614,869.0,1.120555102685335,94.0,14.0,14.0,75.0,-1.5224848484848483,,2.0272183908045975,-1.81025641025641,Sorel,Sorel,869.0,89.0,"soundings_wintremix/upperair.sounding.202202101000.UQAM-Sorel.txt,soundings_wintremix/upperair.sounding.202202101200.UQAM-Sorel.txt",775.0,2022-02-10 10:40:00,Sorel2022-02-10 10:40:00,False,,,,
1226,-88.34010664282943,82.44726334271789,83.89357404635363,-1.1042513330353678,15.0,2022-02-10 10:50:00,IOP2,,,,,843.83964269328,860.0,1.0958956398614024,95.0,15.0,15.0,75.0,-1.5231060606060607,,1.9147605363984674,-1.7534420125329218,Sorel,Sorel,860.0,90.0,"soundings_wintremix/upperair.sounding.202202101000.UQAM-Sorel.txt,soundings_wintremix/upperair.sounding.202202101200.UQAM-Sorel.txt",765.0,2022-02-10 10:50:00,Sorel2022-02-10 10:50:00,False,,,,
1227,-80.5412917598561,83.76538461538462,85.24286577309984,-1.0738838901314147,14.0,2022-02-10 11:00:00,IOP2,,,,,815.2558008003366,849.0,1.0656938572553423,89.0,14.0,14.0,70.0,-1.5237272727272728,,1.8040517241379308,-1.7653846153846153,Sorel,Sorel,849.0,84.0,"soundings_wintremix/upperair.sounding.202202101000.UQAM-Sorel.txt,soundings_wintremix/upperair.sounding.202202101200.UQAM-Sorel.txt",760.0,2022-02-10 11:00:00,Sorel2022-02-10 11:00:00,False,,,,
1228,-69.41029809526248,83.7020128356492,85.13690460683586,-0.9254706412701663,15.0,2022-02-10 11:10:00,IOP2,,,,,788.3665133014247,835.0,1.0511553510685667,90.0,15.0,15.0,70.0,-1.524348484848485,,1.691331417624521,-1.7145590772863502,Sorel,Sorel,835.0,85.0,"soundings_wintremix/upperair.sounding.202202101000.UQAM-Sorel.txt,soundings_wintremix/upperair.sounding.202202101200.UQAM-Sorel.txt",745.0,2022-02-10 11:10:00,Sorel2022-02-10 11:10:00,False,,,,
1229,-62.55467377777301,84.75384615384615,86.2107190619768,-0.8936381968253287,14.0,2022-02-10 11:20:00,IOP2,,,,,763.9580682175132,809.0,1.0465179016678263,84.0,14.0,14.0,65.0,-1.5249696969696969,,1.5861839080459765,-1.7205128205128204,Sorel,Sorel,809.0,79.0,"soundings_wintremix/upperair.sounding.202202101000.UQAM-Sorel.txt,soundings_wintremix/upperair.sounding.202202101200.UQAM-Sorel.txt",725.0,2022-02-10 11:20:00,Sorel2022-02-10 11:20:00,False,,,,
1230,-55.14145799833756,85.24807692307692,86.6943195737326,-0.9190242999722926,14.0,2022-02-10 11:30:00,IOP2,,,,,742.377850978125,799.0,1.0169559602440068,74.0,14.0,14.0,55.0,-1.525590909090909,,1.5401350368846647,-1.6980769230769233,Sorel,Sorel,799.0,69.0,"soundings_wintremix/upperair.sounding.202202101000.UQAM-Sorel.txt,soundings_wintremix/upperair.sounding.202202101200.UQAM-Sorel.txt",725.0,2022-02-10 11:30:00,Sorel2022-02-10 11:30:00,False,,,,
1231,-49.13799889069985,85.74230769230769,87.17770276506256,-0.8934181616490883,14.0,2022-02-10 11:40:00,IOP2,SN,PL,,,723.2600290224931,789.0,0.997600040031025,69.0,14.0,14.0,50.0,-1.5262121212121214,SN and PL,1.5323722632051828,-1.6756410256410257,Sorel,Sorel,789.0,64.0,"soundings_wintremix/upperair.sounding.202202101000.UQAM-Sorel.txt,soundings_wintremix/upperair.sounding.202202101200.UQAM-Sorel.txt",720.0,2022-02-10 11:40:00,Sorel2022-02-10 11:40:00,False,,,,
1232,-44.38161241018993,86.23653846153846,87.66086871196485,-0.9862580535597762,14.0,2022-02-10 11:50:00,IOP2,,,,,706.9648313516457,769.0,0.9887620018904134,59.0,14.0,14.0,40.0,-1.5268333333333333,,1.6312835969233428,-1.653205128205128,Sorel,Sorel,769.0,54.0,"soundings_wintremix/upperair.sounding.202202101000.UQAM-Sorel.txt,soundings_wintremix/upperair.sounding.202202101200.UQAM-Sorel.txt",710.0,2022-02-10 11:50:00,Sorel2022-02-10 11:50:00,False,,,,
1233,,,,,,2022-02-10 12:00:00,IOP2,,,,,,,,,,,,,,,,Sorel,Sorel,,,,,2022-02-10 12:00:00,Sorel2022-02-10 12:00:00,False,,,,
1234,-46.44280939648587,88.45545454545454,89.82623156982889,-1.0320624310330193,11.0,2022-02-10 12:10:00,IOP2,SN,PL,,,693.7738672672078,756.0,0.9840764074712168,56.0,11.0,11.0,40.0,,SN and PL,1.75,-1.7,Sorel,Sorel,756.0,51.0,,700.0,2022-02-10 12:10:00,Sorel2022-02-10 12:10:00,True,upperair.sounding.202202101200.UQAM-Sorel.txt,,,
1235,,,,,,2022-02-10 12:20:00,IOP2,,,,,,,,,,,,,,,,Sorel,Sorel,,,,,2022-02-10 12:20:00,Sorel2022-02-10 12:20:00,False,,,,
1722,,,,,,,,,,,,,,,,,,,,,,,,,,,,0.0,2022-02-11 22:10:00,Sorel2022-02-11 22:10:00,True,upperair.sounding.202202112200.UQAM-Sorel.txt,,,
1236,,,,,,2022-02-11 22:30:00,IOP3,RA,,,,,,,,,,,4.5239821882951645,RA,,,Sorel,Sorel,,,"soundings_wintremix/upperair.sounding.202202112200.UQAM-Sorel.txt,soundings_wintremix/upperair.sounding.202202120100.UQAM-Sorel.txt",0.0,2022-02-11 22:30:00,Sorel2022-02-11 22:30:00,False,,,,
1237,,,,,,2022-02-11 23:00:00,IOP3,RA,,,,,,,,,,,4.23796437659033,RA,,,Sorel,Sorel,,,"soundings_wintremix/upperair.sounding.202202112200.UQAM-Sorel.txt,soundings_wintremix/upperair.sounding.202202120100.UQAM-Sorel.txt",0.0,2022-02-11 23:00:00,Sorel2022-02-11 23:00:00,False,,,,
1238,,,,,,2022-02-11 23:10:00,IOP3,RA,,,,,,,,,,,4.142625106022052,RA,,,Sorel,Sorel,,,"soundings_wintremix/upperair.sounding.202202112200.UQAM-Sorel.txt,soundings_wintremix/upperair.sounding.202202120100.UQAM-Sorel.txt",0.0,2022-02-11 23:10:00,Sorel2022-02-11 23:10:00,False,,,,
1239,,,,,,2022-02-11 23:20:00,IOP3,RA,,,,,,,,,,,4.047285835453774,RA,,,Sorel,Sorel,,,"soundings_wintremix/upperair.sounding.202202112200.UQAM-Sorel.txt,soundings_wintremix/upperair.sounding.202202120100.UQAM-Sorel.txt",0.0,2022-02-11 23:20:00,Sorel2022-02-11 23:20:00,False,,,,
1240,,,,,,2022-02-11 23:30:00,IOP3,RA,,,,,,,,,,,3.951946564885496,RA,,,Sorel,Sorel,,,"soundings_wintremix/upperair.sounding.202202112200.UQAM-Sorel.txt,soundings_wintremix/upperair.sounding.202202120100.UQAM-Sorel.txt",0.0,2022-02-11 23:30:00,Sorel2022-02-11 23:30:00,False,,,,
1241,,,,,,2022-02-11 23:40:00,IOP3,RA,,,,,,,,,,,3.856607294317218,RA,,,Sorel,Sorel,,,"soundings_wintremix/upperair.sounding.202202112200.UQAM-Sorel.txt,soundings_wintremix/upperair.sounding.202202120100.UQAM-Sorel.txt",0.0,2022-02-11 23:40:00,Sorel2022-02-11 23:40:00,False,,,,
1242,,,,,,2022-02-11 23:50:00,IOP3,RA,,,,,,,,,,,3.76126802374894,RA,,,Sorel,Sorel,,,"soundings_wintremix/upperair.sounding.202202112200.UQAM-Sorel.txt,soundings_wintremix/upperair.sounding.202202120100.UQAM-Sorel.txt",0.0,2022-02-11 23:50:00,Sorel2022-02-11 23:50:00,False,,,,
1243,,,,,,2022-02-12 00:00:00,IOP3,,,,,,,,,,,,3.665928753180661,,,,Sorel,Sorel,,,"soundings_wintremix/upperair.sounding.202202112200.UQAM-Sorel.txt,soundings_wintremix/upperair.sounding.202202120100.UQAM-Sorel.txt",0.0,2022-02-12 00:00:00,Sorel2022-02-12 00:00:00,False,,,,
1244,,,,,,2022-02-12 00:10:00,IOP3,,,,,,,,,,,,3.570589482612383,,,,Sorel,Sorel,,,"soundings_wintremix/upperair.sounding.202202112200.UQAM-Sorel.txt,soundings_wintremix/upperair.sounding.202202120100.UQAM-Sorel.txt",0.0,2022-02-12 00:10:00,Sorel2022-02-12 00:10:00,False,,,,
1245,,,,,,2022-02-12 00:20:00,IOP3,,,,,,,,,,,,3.475250212044105,,,,Sorel,Sorel,,,"soundings_wintremix/upperair.sounding.202202112200.UQAM-Sorel.txt,soundings_wintremix/upperair.sounding.202202120100.UQAM-Sorel.txt",0.0,2022-02-12 00:20:00,Sorel2022-02-12 00:20:00,False,,,,
1246,,,,,,2022-02-12 00:30:00,IOP3,,,,,,,,,,,,3.379910941475827,,,,Sorel,Sorel,,,"soundings_wintremix/upperair.sounding.202202112200.UQAM-Sorel.txt,soundings_wintremix/upperair.sounding.202202120100.UQAM-Sorel.txt",0.0,2022-02-12 00:30:00,Sorel2022-02-12 00:30:00,False,,,,
1247,,,,,,2022-02-12 00:40:00,IOP3,,,,,,,,,,,,3.2845716709075483,,,,Sorel,Sorel,,,"soundings_wintremix/upperair.sounding.202202112200.UQAM-Sorel.txt,soundings_wintremix/upperair.sounding.202202120100.UQAM-Sorel.txt",0.0,2022-02-12 00:40:00,Sorel2022-02-12 00:40:00,False,,,,
1248,,,,,,2022-02-12 00:50:00,IOP3,,,,,,,,,,,,3.1892324003392702,,,,Sorel,Sorel,,,"soundings_wintremix/upperair.sounding.202202112200.UQAM-Sorel.txt,soundings_wintremix/upperair.sounding.202202120100.UQAM-Sorel.txt",0.0,2022-02-12 00:50:00,Sorel2022-02-12 00:50:00,False,,,,
1249,,,,,,2022-02-12 01:00:00,IOP3,,,,,,,,,,,,3.82,,,,Sorel,Sorel,,,"soundings_wintremix/upperair.sounding.202202120100.UQAM-Sorel.txt,soundings_wintremix/upperair.sounding.202202120230.UQAM-Sorel.txt",0.0,2022-02-12 01:00:00,Sorel2022-02-12 01:00:00,False,,,,
1250,,,,,,2022-02-12 01:10:00,IOP3,,,,,,,,,,,,3.881719939117199,,,,Sorel,Sorel,,,"soundings_wintremix/upperair.sounding.202202120100.UQAM-Sorel.txt,soundings_wintremix/upperair.sounding.202202120230.UQAM-Sorel.txt",0.0,2022-02-12 01:10:00,Sorel2022-02-12 01:10:00,True,upperair.sounding.202202120100.UQAM-Sorel.txt,,,
1251,,,,,,2022-02-12 01:20:00,IOP3,,,,,,,,,,,,3.9434398782343987,,,,Sorel,Sorel,,,"soundings_wintremix/upperair.sounding.202202120100.UQAM-Sorel.txt,soundings_wintremix/upperair.sounding.202202120230.UQAM-Sorel.txt",0.0,2022-02-12 01:20:00,Sorel2022-02-12 01:20:00,False,,,,
1252,,,,,,2022-02-12 01:30:00,IOP3,,,,,,,,,,,,4.005159817351598,,,,Sorel,Sorel,,,"soundings_wintremix/upperair.sounding.202202120100.UQAM-Sorel.txt,soundings_wintremix/upperair.sounding.202202120230.UQAM-Sorel.txt",0.0,2022-02-12 01:30:00,Sorel2022-02-12 01:30:00,False,,,,
1253,,,,,,2022-02-12 01:40:00,IOP3,,,,,,,,,,,,4.066879756468797,,,,Sorel,Sorel,,,"soundings_wintremix/upperair.sounding.202202120100.UQAM-Sorel.txt,soundings_wintremix/upperair.sounding.202202120230.UQAM-Sorel.txt",0.0,2022-02-12 01:40:00,Sorel2022-02-12 01:40:00,False,,,,
1254,,,,,,2022-02-12 01:50:00,IOP3,,,,,,,,,,,,4.128599695585997,,,,Sorel,Sorel,,,"soundings_wintremix/upperair.sounding.202202120100.UQAM-Sorel.txt,soundings_wintremix/upperair.sounding.202202120230.UQAM-Sorel.txt",0.0,2022-02-12 01:50:00,Sorel2022-02-12 01:50:00,False,,,,
1255,-0.42118851013946823,79.14076363636364,79.1645032434049,-0.028079234009297887,833.0,2022-02-12 02:00:00,IOP3,RA,,,,2501.4140496946156,828.0,3.069219692876829,18.0,833.0,833.0,10.0,4.190319634703196,RA,4.746264513788098,-0.034774273345701406,Sorel,Sorel,828.0,843.0,"soundings_wintremix/upperair.sounding.202202120100.UQAM-Sorel.txt,soundings_wintremix/upperair.sounding.202202120230.UQAM-Sorel.txt",810.0,2022-02-12 02:00:00,Sorel2022-02-12 02:00:00,False,,,,
1256,,,,,,2022-02-12 02:10:00,IOP3,RA,,,,,,,,,,,4.2520395738203955,RA,,,Sorel,Sorel,,,"soundings_wintremix/upperair.sounding.202202120100.UQAM-Sorel.txt,soundings_wintremix/upperair.sounding.202202120230.UQAM-Sorel.txt",0.0,2022-02-12 02:10:00,Sorel2022-02-12 02:10:00,False,,,,
1257,,,,,,2022-02-12 02:20:00,IOP3,RA,,,,,,,,,,,4.313759512937595,RA,,,Sorel,Sorel,,,"soundings_wintremix/upperair.sounding.202202120100.UQAM-Sorel.txt,soundings_wintremix/upperair.sounding.202202120230.UQAM-Sorel.txt",0.0,2022-02-12 02:20:00,Sorel2022-02-12 02:20:00,False,,,,
1258,,,,,,2022-02-12 02:30:00,IOP3,RA,,,,,,,,,,,4.37,RA,,,Sorel,Sorel,,,"soundings_wintremix/upperair.sounding.202202120230.UQAM-Sorel.txt,soundings_wintremix/upperair.sounding.202202120400.UQAM-Sorel.txt",0.0,2022-02-12 02:30:00,Sorel2022-02-12 02:30:00,False,,,,
1259,,,,,,2022-02-12 02:40:00,IOP3,RA,,,,,,,,,,,4.172171717171717,RA,,,Sorel,Sorel,,,"soundings_wintremix/upperair.sounding.202202120230.UQAM-Sorel.txt,soundings_wintremix/upperair.sounding.202202120400.UQAM-Sorel.txt",0.0,2022-02-12 02:40:00,Sorel2022-02-12 02:40:00,True,upperair.sounding.202202120230.UQAM-Sorel.txt,,,
1260,,,,,,2022-02-12 02:50:00,IOP3,RA,,,,,,,,,,,3.9743434343434343,RA,,,Sorel,Sorel,,,"soundings_wintremix/upperair.sounding.202202120230.UQAM-Sorel.txt,soundings_wintremix/upperair.sounding.202202120400.UQAM-Sorel.txt",0.0,2022-02-12 02:50:00,Sorel2022-02-12 02:50:00,False,,,,
1261,,,,,,2022-02-12 03:00:00,IOP3,RA,,,,,,,,,,,3.7765151515151514,RA,,,Sorel,Sorel,,,"soundings_wintremix/upperair.sounding.202202120230.UQAM-Sorel.txt,soundings_wintremix/upperair.sounding.202202120400.UQAM-Sorel.txt",0.0,2022-02-12 03:00:00,Sorel2022-02-12 03:00:00,False,,,,
1262,,,,,,2022-02-12 03:10:00,IOP3,RA,,,,,,,,,,,3.5786868686868685,RA,,,Sorel,Sorel,,,"soundings_wintremix/upperair.sounding.202202120230.UQAM-Sorel.txt,soundings_wintremix/upperair.sounding.202202120400.UQAM-Sorel.txt",0.0,2022-02-12 03:10:00,Sorel2022-02-12 03:10:00,False,,,,
1263,,,,,,2022-02-12 03:20:00,IOP3,RA,,,,,,,,,,,3.3808585858585856,RA,,,Sorel,Sorel,,,"soundings_wintremix/upperair.sounding.202202120230.UQAM-Sorel.txt,soundings_wintremix/upperair.sounding.202202120400.UQAM-Sorel.txt",0.0,2022-02-12 03:20:00,Sorel2022-02-12 03:20:00,False,,,,
1264,,,,,,2022-02-12 03:30:00,IOP3,RA,,,,,,,,,,,3.1830303030303027,RA,,,Sorel,Sorel,,,"soundings_wintremix/upperair.sounding.202202120230.UQAM-Sorel.txt,soundings_wintremix/upperair.sounding.202202120400.UQAM-Sorel.txt",0.0,2022-02-12 03:30:00,Sorel2022-02-12 03:30:00,False,,,,
1265,,,,,,2022-02-12 03:40:00,IOP3,RA,,,,,,,,,,,2.98520202020202,RA,,,Sorel,Sorel,,,"soundings_wintremix/upperair.sounding.202202120230.UQAM-Sorel.txt,soundings_wintremix/upperair.sounding.202202120400.UQAM-Sorel.txt",0.0,2022-02-12 03:40:00,Sorel2022-02-12 03:40:00,False,,,,
1266,,,,,,2022-02-12 03:50:00,IOP3,RA,,,,,,,,,,,2.787373737373737,RA,,,Sorel,Sorel,,,"soundings_wintremix/upperair.sounding.202202120230.UQAM-Sorel.txt,soundings_wintremix/upperair.sounding.202202120400.UQAM-Sorel.txt",0.0,2022-02-12 03:50:00,Sorel2022-02-12 03:50:00,False,,,,
1267,,,,,,2022-02-12 04:00:00,IOP3,RA,,,,,,,,,,,2.58,RA,,,Sorel,Sorel,,,"soundings_wintremix/upperair.sounding.202202120400.UQAM-Sorel.txt,soundings_wintremix/upperair.sounding.202202120530.UQAM-Sorel.txt",0.0,2022-02-12 04:00:00,Sorel2022-02-12 04:00:00,False,,,,
1268,,,,,,2022-02-12 04:10:00,IOP3,RA,,,,,,,,,,,2.6781102362204727,RA,,,Sorel,Sorel,,,"soundings_wintremix/upperair.sounding.202202120400.UQAM-Sorel.txt,soundings_wintremix/upperair.sounding.202202120530.UQAM-Sorel.txt",0.0,2022-02-12 04:10:00,Sorel2022-02-12 04:10:00,True,upperair.sounding.202202120400.UQAM-Sorel.txt,,,
1269,,,,,,2022-02-12 04:20:00,IOP3,RA,,,,,,,,,,,2.776220472440945,RA,,,Sorel,Sorel,,,"soundings_wintremix/upperair.sounding.202202120400.UQAM-Sorel.txt,soundings_wintremix/upperair.sounding.202202120530.UQAM-Sorel.txt",0.0,2022-02-12 04:20:00,Sorel2022-02-12 04:20:00,False,,,,
1270,,,,,,2022-02-12 04:30:00,IOP3,RA,,,,,,,,,,,2.874330708661417,RA,,,Sorel,Sorel,,,"soundings_wintremix/upperair.sounding.202202120400.UQAM-Sorel.txt,soundings_wintremix/upperair.sounding.202202120530.UQAM-Sorel.txt",0.0,2022-02-12 04:30:00,Sorel2022-02-12 04:30:00,False,,,,
1271,,,,,,2022-02-12 04:40:00,IOP3,RA,,,,,,,,,,,2.97244094488189,RA,,,Sorel,Sorel,,,"soundings_wintremix/upperair.sounding.202202120400.UQAM-Sorel.txt,soundings_wintremix/upperair.sounding.202202120530.UQAM-Sorel.txt",0.0,2022-02-12 04:40:00,Sorel2022-02-12 04:40:00,False,,,,
1272,,,,,,2022-02-12 04:50:00,IOP3,RA,,,,,,,,,,,3.0705511811023625,RA,,,Sorel,Sorel,,,"soundings_wintremix/upperair.sounding.202202120400.UQAM-Sorel.txt,soundings_wintremix/upperair.sounding.202202120530.UQAM-Sorel.txt",0.0,2022-02-12 04:50:00,Sorel2022-02-12 04:50:00,False,,,,
1273,,,,,,2022-02-12 05:00:00,IOP3,RA,,,,,,,,,,,3.1686614173228342,RA,,,Sorel,Sorel,,,"soundings_wintremix/upperair.sounding.202202120400.UQAM-Sorel.txt,soundings_wintremix/upperair.sounding.202202120530.UQAM-Sorel.txt",0.0,2022-02-12 05:00:00,Sorel2022-02-12 05:00:00,False,,,,
1274,,,,,,2022-02-12 05:10:00,IOP3,RA,,,,,,,,,,,3.266771653543307,RA,,,Sorel,Sorel,,,"soundings_wintremix/upperair.sounding.202202120400.UQAM-Sorel.txt,soundings_wintremix/upperair.sounding.202202120530.UQAM-Sorel.txt",0.0,2022-02-12 05:10:00,Sorel2022-02-12 05:10:00,False,,,,
1275,,,,,,2022-02-12 05:20:00,IOP3,RA,,,,,,,,,,,3.364881889763779,RA,,,Sorel,Sorel,,,"soundings_wintremix/upperair.sounding.202202120400.UQAM-Sorel.txt,soundings_wintremix/upperair.sounding.202202120530.UQAM-Sorel.txt",0.0,2022-02-12 05:20:00,Sorel2022-02-12 05:20:00,False,,,,
1276,,,,,,2022-02-12 05:30:00,IOP3,RA,,,,,,,,,,,,RA,,,Sorel,Sorel,,,,,2022-02-12 05:30:00,Sorel2022-02-12 05:30:00,False,,,,
1277,,,,,,2022-02-12 05:40:00,IOP3,RA,,,,,,,,,,,,RA,,,Sorel,Sorel,,,,0.0,2022-02-12 05:40:00,Sorel2022-02-12 05:40:00,True,upperair.sounding.202202120530.UQAM-Sorel.txt,,,
1278,,,,,,2022-02-12 05:50:00,IOP3,RA,,,,,,,,,,,,RA,,,Sorel,Sorel,,,,,2022-02-12 05:50:00,Sorel2022-02-12 05:50:00,False,,,,
1279,,,,,,2022-02-12 06:00:00,IOP3,RA,,,,,,,,,,,,RA,,,Sorel,Sorel,,,,,2022-02-12 06:00:00,Sorel2022-02-12 06:00:00,False,,,,
1280,,,,,,2022-02-12 06:10:00,IOP3,RA,,,,,,,,,,,,RA,,,Sorel,Sorel,,,,,2022-02-12 06:10:00,Sorel2022-02-12 06:10:00,False,,,,
1281,,,,,,2022-02-12 06:20:00,IOP3,RA,,,,,,,,,,,,RA,,,Sorel,Sorel,,,,,2022-02-12 06:20:00,Sorel2022-02-12 06:20:00,False,,,,
1282,,,,,,2022-02-12 06:30:00,IOP3,RA,,,,,,,,,,,,RA,,,Sorel,Sorel,,,,,2022-02-12 06:30:00,Sorel2022-02-12 06:30:00,False,,,,
1283,-0.020967741935482214,98.18903225806451,98.20626901090964,-0.004193548387096443,1047.0,2022-02-17 23:00:00,IOP4,RA,,,,2061.558899760824,1042.0,2.0015134949134206,17.0,1047.0,1047.0,0.0,4.09,RA,4.105833333333334,-0.004193548387096443,Sorel,Sorel,1042.0,1047.0,"soundings_wintremix/upperair.sounding.202202172300.UQAM-Sorel.txt,soundings_wintremix/upperair.sounding.202202180100.UQAM-Sorel.txt",1025.0,2022-02-17 23:00:00,Sorel2022-02-17 23:00:00,False,,,,
1284,-0.020967741935482214,98.18903225806451,98.20626901090964,-0.004193548387096443,1047.0,2022-02-17 23:10:00,IOP4,RA,,,,2061.558899760824,1042.0,2.0015134949134206,17.0,1047.0,1047.0,0.0,3.695906432748538,RA,4.105833333333334,-0.004193548387096443,Sorel,Sorel,1042.0,1047.0,"soundings_wintremix/upperair.sounding.202202172300.UQAM-Sorel.txt,soundings_wintremix/upperair.sounding.202202180100.UQAM-Sorel.txt",1025.0,2022-02-17 23:10:00,Sorel2022-02-17 23:10:00,True,upperair.sounding.202202172300.UQAM-Sorel.txt,,,
1285,,,,,,2022-02-17 23:20:00,IOP4,RA,,,,,,,,,,,3.3018128654970758,RA,,,Sorel,Sorel,,,"soundings_wintremix/upperair.sounding.202202172300.UQAM-Sorel.txt,soundings_wintremix/upperair.sounding.202202180100.UQAM-Sorel.txt",0.0,2022-02-17 23:20:00,Sorel2022-02-17 23:20:00,False,,,,
1286,-0.7652904911180759,97.29210714285715,97.34528641804096,-0.03061161964472304,777.0,2022-02-17 23:28:00,IOP4,SN,,,,984.6163053686383,722.0,1.3867835286882229,17.0,777.0,777.0,20.0,2.9865380116959064,SN,2.9916801413255363,-0.06745568326947642,Sorel,Sorel,722.0,797.0,"soundings_wintremix/upperair.sounding.202202172300.UQAM-Sorel.txt,soundings_wintremix/upperair.sounding.202202180100.UQAM-Sorel.txt",705.0,2022-02-17 23:30:00,Sorel2022-02-17 23:30:00,False,,,,
1287,-0.034734299516910594,93.93541062801931,93.95096295285722,-0.0034734299516910594,547.0,2022-02-17 23:40:00,IOP4,SN,,,,632.4356341433868,542.0,1.1932747814026168,17.0,547.0,547.0,5.0,2.513625730994152,SN,2.5141859161793376,-0.0037681159420291342,Sorel,Sorel,542.0,552.0,"soundings_wintremix/upperair.sounding.202202172300.UQAM-Sorel.txt,soundings_wintremix/upperair.sounding.202202180100.UQAM-Sorel.txt",525.0,2022-02-17 23:40:00,Sorel2022-02-17 23:40:00,False,,,,
1288,,,,,,2022-02-17 23:53:00,IOP4,SN,,,,,,,,,,,2.0013040935672515,SN,,,Sorel,Sorel,,,"soundings_wintremix/upperair.sounding.202202172300.UQAM-Sorel.txt,soundings_wintremix/upperair.sounding.202202180100.UQAM-Sorel.txt",0.0,2022-02-17 23:50:00,Sorel2022-02-17 23:50:00,False,,,,
1289,,,,,,2022-02-18 00:00:00,IOP4,SN,,,,,,,,,,,1.725438596491228,SN,,,Sorel,Sorel,,,"soundings_wintremix/upperair.sounding.202202172300.UQAM-Sorel.txt,soundings_wintremix/upperair.sounding.202202180100.UQAM-Sorel.txt",0.0,2022-02-18 00:00:00,Sorel2022-02-18 00:00:00,False,,,,
1290,,,,,,2022-02-18 00:10:00,IOP4,SN,,,,,,,,,,,1.331345029239766,SN,,,Sorel,Sorel,,,"soundings_wintremix/upperair.sounding.202202172300.UQAM-Sorel.txt,soundings_wintremix/upperair.sounding.202202180100.UQAM-Sorel.txt",0.0,2022-02-18 00:10:00,Sorel2022-02-18 00:10:00,False,,,,
1291,,,,,,2022-02-18 00:20:00,IOP4,SN,,,,,,,,,,,0.9372514619883041,SN,,,Sorel,Sorel,,,"soundings_wintremix/upperair.sounding.202202172300.UQAM-Sorel.txt,soundings_wintremix/upperair.sounding.202202180100.UQAM-Sorel.txt",0.0,2022-02-18 00:20:00,Sorel2022-02-18 00:20:00,False,,,,
1292,,,,,,2022-02-18 00:30:00,IOP4,SN,,,,,,,,,,,0.5431578947368421,SN,,,Sorel,Sorel,,,"soundings_wintremix/upperair.sounding.202202172300.UQAM-Sorel.txt,soundings_wintremix/upperair.sounding.202202180100.UQAM-Sorel.txt",0.0,2022-02-18 00:30:00,Sorel2022-02-18 00:30:00,False,,,,
1293,,,,,,2022-02-18 00:40:00,IOP4,SN,,,,,,,,,,,0.14906432748538,SN,,,Sorel,Sorel,,,"soundings_wintremix/upperair.sounding.202202172300.UQAM-Sorel.txt,soundings_wintremix/upperair.sounding.202202180100.UQAM-Sorel.txt",0.0,2022-02-18 00:40:00,Sorel2022-02-18 00:40:00,False,,,,
1294,,,,,,2022-02-18 00:50:00,IOP4,SN,,,,,,,,,,,-0.24502923976608182,SN,,,Sorel,Sorel,,,"soundings_wintremix/upperair.sounding.202202172300.UQAM-Sorel.txt,soundings_wintremix/upperair.sounding.202202180100.UQAM-Sorel.txt",0.0,2022-02-18 00:50:00,Sorel2022-02-18 00:50:00,False,,,,
1295,,,,,,2022-02-18 01:00:00,IOP4,SN,,,,,,,,,,,-0.63,SN,,,Sorel,Sorel,,,"soundings_wintremix/upperair.sounding.202202180100.UQAM-Sorel.txt,soundings_wintremix/upperair.sounding.202202180300.UQAM-Sorel.txt",0.0,2022-02-18 01:00:00,Sorel2022-02-18 01:00:00,False,,,,
1296,,,,,,2022-02-18 01:10:00,IOP4,SN,,,,,,,,,,,-0.8584599156118143,SN,,,Sorel,Sorel,,,"soundings_wintremix/upperair.sounding.202202180100.UQAM-Sorel.txt,soundings_wintremix/upperair.sounding.202202180300.UQAM-Sorel.txt",0.0,2022-02-18 01:10:00,Sorel2022-02-18 01:10:00,True,upperair.sounding.202202180100.UQAM-Sorel.txt,,,
1297,,,,,,2022-02-18 01:20:00,IOP4,SN,,,,,,,,,,,-1.0869198312236286,SN,,,Sorel,Sorel,,,"soundings_wintremix/upperair.sounding.202202180100.UQAM-Sorel.txt,soundings_wintremix/upperair.sounding.202202180300.UQAM-Sorel.txt",0.0,2022-02-18 01:20:00,Sorel2022-02-18 01:20:00,False,,,,
1298,,,,,,2022-02-18 01:30:00,IOP4,SN,,,,,,,,,,,-1.315379746835443,SN,,,Sorel,Sorel,,,"soundings_wintremix/upperair.sounding.202202180100.UQAM-Sorel.txt,soundings_wintremix/upperair.sounding.202202180300.UQAM-Sorel.txt",0.0,2022-02-18 01:30:00,Sorel2022-02-18 01:30:00,False,,,,
1299,,,,,,2022-02-18 01:40:00,IOP4,SN,,,,,,,,,,,-1.5438396624472572,SN,,,Sorel,Sorel,,,"soundings_wintremix/upperair.sounding.202202180100.UQAM-Sorel.txt,soundings_wintremix/upperair.sounding.202202180300.UQAM-Sorel.txt",0.0,2022-02-18 01:40:00,Sorel2022-02-18 01:40:00,False,,,,
1300,,,,,,2022-02-18 01:50:00,IOP4,SN,,,,,,,,,,,-1.7722995780590716,SN,,,Sorel,Sorel,,,"soundings_wintremix/upperair.sounding.202202180100.UQAM-Sorel.txt,soundings_wintremix/upperair.sounding.202202180300.UQAM-Sorel.txt",0.0,2022-02-18 01:50:00,Sorel2022-02-18 01:50:00,False,,,,
1301,,,,,,2022-02-18 02:00:00,IOP4,SN,,,,,,,,,,,-2.000759493670886,SN,,,Sorel,Sorel,,,"soundings_wintremix/upperair.sounding.202202180100.UQAM-Sorel.txt,soundings_wintremix/upperair.sounding.202202180300.UQAM-Sorel.txt",0.0,2022-02-18 02:00:00,Sorel2022-02-18 02:00:00,False,,,,
1302,,,,,,2022-02-18 02:10:00,IOP4,SN,,,,,,,,,,,-2.2292194092827007,SN,,,Sorel,Sorel,,,"soundings_wintremix/upperair.sounding.202202180100.UQAM-Sorel.txt,soundings_wintremix/upperair.sounding.202202180300.UQAM-Sorel.txt",0.0,2022-02-18 02:10:00,Sorel2022-02-18 02:10:00,False,,,,
1303,,,,,,2022-02-18 02:20:00,IOP4,SN,,,,,,,,,,,-2.4576793248945146,SN,,,Sorel,Sorel,,,"soundings_wintremix/upperair.sounding.202202180100.UQAM-Sorel.txt,soundings_wintremix/upperair.sounding.202202180300.UQAM-Sorel.txt",0.0,2022-02-18 02:20:00,Sorel2022-02-18 02:20:00,False,,,,
1304,,,,,,2022-02-18 02:30:00,IOP4,SN,,,,,,,,,,,-2.686139240506329,SN,,,Sorel,Sorel,,,"soundings_wintremix/upperair.sounding.202202180100.UQAM-Sorel.txt,soundings_wintremix/upperair.sounding.202202180300.UQAM-Sorel.txt",0.0,2022-02-18 02:30:00,Sorel2022-02-18 02:30:00,False,,,,
1305,,,,,,2022-02-18 02:40:00,IOP4,SN,,,,,,,,,,,-2.9145991561181432,SN,,,Sorel,Sorel,,,"soundings_wintremix/upperair.sounding.202202180100.UQAM-Sorel.txt,soundings_wintremix/upperair.sounding.202202180300.UQAM-Sorel.txt",0.0,2022-02-18 02:40:00,Sorel2022-02-18 02:40:00,False,,,,
1306,,,,,,2022-02-18 02:50:00,IOP4,SN,,,,,,,,,,,-3.1430590717299576,SN,,,Sorel,Sorel,,,"soundings_wintremix/upperair.sounding.202202180100.UQAM-Sorel.txt,soundings_wintremix/upperair.sounding.202202180300.UQAM-Sorel.txt",0.0,2022-02-18 02:50:00,Sorel2022-02-18 02:50:00,False,,,,
1307,,,,,,2022-02-18 03:00:00,IOP4,SN,,,,,,,,,,,-3.75,SN,,,Sorel,Sorel,,,"soundings_wintremix/upperair.sounding.202202180300.UQAM-Sorel.txt,soundings_wintremix/upperair.sounding.202202180500.UQAM-Sorel.txt",0.0,2022-02-18 03:00:00,Sorel2022-02-18 03:00:00,False,,,,
1308,,,,,,2022-02-18 03:10:00,IOP4,SN,,,,,,,,,,,-3.8539855072463767,SN,,,Sorel,Sorel,,,"soundings_wintremix/upperair.sounding.202202180300.UQAM-Sorel.txt,soundings_wintremix/upperair.sounding.202202180500.UQAM-Sorel.txt",0.0,2022-02-18 03:10:00,Sorel2022-02-18 03:10:00,True,upperair.sounding.202202180300.UQAM-Sorel.txt,,,
1309,,,,,,2022-02-18 03:20:00,IOP4,SN,,,,,,,,,,,-3.9579710144927533,SN,,,Sorel,Sorel,,,"soundings_wintremix/upperair.sounding.202202180300.UQAM-Sorel.txt,soundings_wintremix/upperair.sounding.202202180500.UQAM-Sorel.txt",0.0,2022-02-18 03:20:00,Sorel2022-02-18 03:20:00,False,,,,
1310,,,,,,2022-02-18 03:30:00,IOP4,SN,,,,,,,,,,,-4.0619565217391305,SN,,,Sorel,Sorel,,,"soundings_wintremix/upperair.sounding.202202180300.UQAM-Sorel.txt,soundings_wintremix/upperair.sounding.202202180500.UQAM-Sorel.txt",0.0,2022-02-18 03:30:00,Sorel2022-02-18 03:30:00,False,,,,
1311,,,,,,2022-02-18 03:40:00,IOP4,SN,,,,,,,,,,,-4.165942028985507,SN,,,Sorel,Sorel,,,"soundings_wintremix/upperair.sounding.202202180300.UQAM-Sorel.txt,soundings_wintremix/upperair.sounding.202202180500.UQAM-Sorel.txt",0.0,2022-02-18 03:40:00,Sorel2022-02-18 03:40:00,False,,,,
1312,,,,,,2022-02-18 03:50:00,IOP4,SN,,,,,,,,,,,-4.269927536231885,SN,,,Sorel,Sorel,,,"soundings_wintremix/upperair.sounding.202202180300.UQAM-Sorel.txt,soundings_wintremix/upperair.sounding.202202180500.UQAM-Sorel.txt",0.0,2022-02-18 03:50:00,Sorel2022-02-18 03:50:00,False,,,,
1313,,,,,,2022-02-18 04:00:00,IOP4,SN,,,,,,,,,,,-4.373913043478261,SN,,,Sorel,Sorel,,,"soundings_wintremix/upperair.sounding.202202180300.UQAM-Sorel.txt,soundings_wintremix/upperair.sounding.202202180500.UQAM-Sorel.txt",0.0,2022-02-18 04:00:00,Sorel2022-02-18 04:00:00,False,,,,
1314,,,,,,2022-02-18 04:10:00,IOP4,SN,,,,,,,,,,,-4.477898550724638,SN,,,Sorel,Sorel,,,"soundings_wintremix/upperair.sounding.202202180300.UQAM-Sorel.txt,soundings_wintremix/upperair.sounding.202202180500.UQAM-Sorel.txt",0.0,2022-02-18 04:10:00,Sorel2022-02-18 04:10:00,False,,,,
1315,,,,,,2022-02-18 04:20:00,IOP4,SN,,,,,,,,,,,-4.581884057971014,SN,,,Sorel,Sorel,,,"soundings_wintremix/upperair.sounding.202202180300.UQAM-Sorel.txt,soundings_wintremix/upperair.sounding.202202180500.UQAM-Sorel.txt",0.0,2022-02-18 04:20:00,Sorel2022-02-18 04:20:00,False,,,,
1316,,,,,,2022-02-18 04:30:00,IOP4,SN,,,,,,,,,,,-4.685869565217391,SN,,,Sorel,Sorel,,,"soundings_wintremix/upperair.sounding.202202180300.UQAM-Sorel.txt,soundings_wintremix/upperair.sounding.202202180500.UQAM-Sorel.txt",0.0,2022-02-18 04:30:00,Sorel2022-02-18 04:30:00,False,,,,
1317,,,,,,2022-02-18 04:40:00,IOP4,SN,,,,,,,,,,,-4.7898550724637685,SN,,,Sorel,Sorel,,,"soundings_wintremix/upperair.sounding.202202180300.UQAM-Sorel.txt,soundings_wintremix/upperair.sounding.202202180500.UQAM-Sorel.txt",0.0,2022-02-18 04:40:00,Sorel2022-02-18 04:40:00,False,,,,
1318,,,,,,2022-02-18 04:50:00,IOP4,SN,,,,,,,,,,,-4.893840579710145,SN,,,Sorel,Sorel,,,"soundings_wintremix/upperair.sounding.202202180300.UQAM-Sorel.txt,soundings_wintremix/upperair.sounding.202202180500.UQAM-Sorel.txt",0.0,2022-02-18 04:50:00,Sorel2022-02-18 04:50:00,False,,,,
1319,,,,,,2022-02-18 05:00:00,IOP4,SN,,,,,,,,,,,-4.83,SN,,,Sorel,Sorel,,,"soundings_wintremix/upperair.sounding.202202180500.UQAM-Sorel.txt,soundings_wintremix/upperair.sounding.202202180700.UQAM-Sorel.txt",0.0,2022-02-18 05:00:00,Sorel2022-02-18 05:00:00,False,,,,
1320,,,,,,2022-02-18 05:10:00,IOP4,SN,,,,,,,,,,,-4.988297872340426,SN,,,Sorel,Sorel,,,"soundings_wintremix/upperair.sounding.202202180500.UQAM-Sorel.txt,soundings_wintremix/upperair.sounding.202202180700.UQAM-Sorel.txt",0.0,2022-02-18 05:10:00,Sorel2022-02-18 05:10:00,True,upperair.sounding.202202180500.UQAM-Sorel.txt,,,
1321,,,,,,2022-02-18 05:20:00,IOP4,SN,,,,,,,,,,,-5.146595744680852,SN,,,Sorel,Sorel,,,"soundings_wintremix/upperair.sounding.202202180500.UQAM-Sorel.txt,soundings_wintremix/upperair.sounding.202202180700.UQAM-Sorel.txt",0.0,2022-02-18 05:20:00,Sorel2022-02-18 05:20:00,False,,,,
1322,,,,,,2022-02-18 05:30:00,IOP4,SN,,,,,,,,,,,-5.304893617021277,SN,,,Sorel,Sorel,,,"soundings_wintremix/upperair.sounding.202202180500.UQAM-Sorel.txt,soundings_wintremix/upperair.sounding.202202180700.UQAM-Sorel.txt",0.0,2022-02-18 05:30:00,Sorel2022-02-18 05:30:00,False,,,,
1323,,,,,,2022-02-18 05:40:00,IOP4,SN,,,,,,,,,,,-5.4631914893617015,SN,,,Sorel,Sorel,,,"soundings_wintremix/upperair.sounding.202202180500.UQAM-Sorel.txt,soundings_wintremix/upperair.sounding.202202180700.UQAM-Sorel.txt",0.0,2022-02-18 05:40:00,Sorel2022-02-18 05:40:00,False,,,,
1324,,,,,,2022-02-18 05:50:00,IOP4,SN,,,,,,,,,,,-5.621489361702128,SN,,,Sorel,Sorel,,,"soundings_wintremix/upperair.sounding.202202180500.UQAM-Sorel.txt,soundings_wintremix/upperair.sounding.202202180700.UQAM-Sorel.txt",0.0,2022-02-18 05:50:00,Sorel2022-02-18 05:50:00,False,,,,
1325,,,,,,2022-02-18 06:00:00,IOP4,SN,,,,,,,,,,,-5.779787234042553,SN,,,Sorel,Sorel,,,"soundings_wintremix/upperair.sounding.202202180500.UQAM-Sorel.txt,soundings_wintremix/upperair.sounding.202202180700.UQAM-Sorel.txt",0.0,2022-02-18 06:00:00,Sorel2022-02-18 06:00:00,False,,,,
1326,,,,,,2022-02-18 06:10:00,IOP4,SN,,,,,,,,,,,-5.93808510638298,SN,,,Sorel,Sorel,,,"soundings_wintremix/upperair.sounding.202202180500.UQAM-Sorel.txt,soundings_wintremix/upperair.sounding.202202180700.UQAM-Sorel.txt",0.0,2022-02-18 06:10:00,Sorel2022-02-18 06:10:00,False,,,,
1327,,,,,,2022-02-18 06:20:00,IOP4,SN,,,,,,,,,,,-6.096382978723405,SN,,,Sorel,Sorel,,,"soundings_wintremix/upperair.sounding.202202180500.UQAM-Sorel.txt,soundings_wintremix/upperair.sounding.202202180700.UQAM-Sorel.txt",0.0,2022-02-18 06:20:00,Sorel2022-02-18 06:20:00,False,,,,
1328,,,,,,2022-02-18 06:30:00,IOP4,SN,,,,,,,,,,,-6.25468085106383,SN,,,Sorel,Sorel,,,"soundings_wintremix/upperair.sounding.202202180500.UQAM-Sorel.txt,soundings_wintremix/upperair.sounding.202202180700.UQAM-Sorel.txt",0.0,2022-02-18 06:30:00,Sorel2022-02-18 06:30:00,False,,,,
1329,,,,,,2022-02-18 06:40:00,IOP4,SN,,,,,,,,,,,-6.4129787234042555,SN,,,Sorel,Sorel,,,"soundings_wintremix/upperair.sounding.202202180500.UQAM-Sorel.txt,soundings_wintremix/upperair.sounding.202202180700.UQAM-Sorel.txt",0.0,2022-02-18 06:40:00,Sorel2022-02-18 06:40:00,False,,,,
1330,,,,,,2022-02-18 06:50:00,IOP4,SN,,,,,,,,,,,-6.571276595744681,SN,,,Sorel,Sorel,,,"soundings_wintremix/upperair.sounding.202202180500.UQAM-Sorel.txt,soundings_wintremix/upperair.sounding.202202180700.UQAM-Sorel.txt",0.0,2022-02-18 06:50:00,Sorel2022-02-18 06:50:00,False,,,,
1331,,,,,,2022-02-18 07:00:00,IOP4,SN,,,,,,,,,,,,SN,,,Sorel,Sorel,,,,,2022-02-18 07:00:00,Sorel2022-02-18 07:00:00,False,,,,
1332,,,,,,2022-02-18 07:10:00,IOP4,SN,,,,,,,,,,,,SN,,,Sorel,Sorel,,,,0.0,2022-02-18 07:10:00,Sorel2022-02-18 07:10:00,True,upperair.sounding.202202180700.UQAM-Sorel.txt,,,
1333,,,,,,2022-02-18 07:20:00,IOP4,SN,,,,,,,,,,,,SN,,,Sorel,Sorel,,,,,2022-02-18 07:20:00,Sorel2022-02-18 07:20:00,False,,,,
1334,,,,,,2022-02-18 07:30:00,IOP4,SN,,,,,,,,,,,,SN,,,Sorel,Sorel,,,,,2022-02-18 07:30:00,Sorel2022-02-18 07:30:00,False,,,,
1335,,,,,,2022-02-18 07:40:00,IOP4,SN,,,,,,,,,,,,SN,,,Sorel,Sorel,,,,,2022-02-18 07:40:00,Sorel2022-02-18 07:40:00,False,,,,
1336,,,,,,2022-02-18 07:50:00,IOP4,SN,,,,,,,,,,,,SN,,,Sorel,Sorel,,,,,2022-02-18 07:50:00,Sorel2022-02-18 07:50:00,False,,,,
1337,,,,,,2022-02-18 08:00:00,IOP4,SN,,,,,,,,,,,,SN,,,Sorel,Sorel,,,,,2022-02-18 08:00:00,Sorel2022-02-18 08:00:00,False,,,,
1338,-5208.582152908326,82.73507936507936,90.9521928478123,-7.54866978682366,15.0,2022-02-22 20:00:00,IOP5,,,,,4401.944765007608,2245.0,2.84915518770719,705.0,15.0,15.0,685.0,-8.39,,4.5529824561403505,-11.52,Sorel,Sorel,2245.0,700.0,"soundings_wintremix/upperair.sounding.202202222000.UQAM-Sorel.txt,soundings_wintremix/upperair.sounding.202202222200.UQAM-Sorel.txt",1540.0,2022-02-22 20:00:00,Sorel2022-02-22 20:00:00,False,,0.0,-7.261666666666667,69.27
1723,-5208.582152908326,82.73507936507936,90.9521928478123,-7.54866978682366,15.0,,,,,,,4401.944765007608,2245.0,2.84915518770719,705.0,15.0,15.0,685.0,,,4.5529824561403505,-11.52,,,2245.0,700.0,,1540.0,2022-02-22 20:10:00,Sorel2022-02-22 20:10:00,True,upperair.sounding.202202222000.UQAM-Sorel.txt,,,
1339,-5058.073853382689,84.77489047619048,92.50152021019666,-7.965470635248331,15.0,2022-02-22 20:30:00,IOP5,,,,,4192.5101019461035,2215.0,2.6703885999656714,650.0,15.0,15.0,630.0,-8.301337209302325,,4.5303725838648425,-11.310338620395997,Sorel,Sorel,2215.0,645.0,"soundings_wintremix/upperair.sounding.202202222000.UQAM-Sorel.txt,soundings_wintremix/upperair.sounding.202202222200.UQAM-Sorel.txt",1565.0,2022-02-22 20:30:00,Sorel2022-02-22 20:30:00,False,,0.0,-7.2,69.59416666666667
1340,-4917.305364293983,86.81470158730158,95.55891681258382,-7.931137684345132,15.0,2022-02-22 21:00:00,IOP5,,,,,4003.6349622762064,2160.0,2.616754877304711,635.0,15.0,15.0,615.0,-8.212674418604651,,4.513718140929536,-11.285431339152652,Sorel,Sorel,2160.0,630.0,"soundings_wintremix/upperair.sounding.202202222000.UQAM-Sorel.txt,soundings_wintremix/upperair.sounding.202202222200.UQAM-Sorel.txt",1525.0,2022-02-22 21:00:00,Sorel2022-02-22 21:00:00,False,,0.0005,-7.31,70.82
1341,-4871.074453335104,87.49463862433862,96.65977804107871,-7.8565716989275876,15.0,2022-02-22 21:10:00,IOP5,,,,,3947.5101057511765,2125.0,2.6404749871245325,635.0,15.0,15.0,615.0,-8.183120155038761,,4.522008928571428,-11.277128912071536,Sorel,Sorel,2125.0,630.0,"soundings_wintremix/upperair.sounding.202202222000.UQAM-Sorel.txt,soundings_wintremix/upperair.sounding.202202222200.UQAM-Sorel.txt",1490.0,2022-02-22 21:10:00,Sorel2022-02-22 21:10:00,False,,0.0038,-7.4275,71.33333333333333
1342,-4824.876277683464,88.27711617600505,97.75760480700303,-7.845327280786119,15.0,2022-02-22 21:20:00,IOP5,FZRA,PL,,,3895.5715467345867,2105.0,2.6321429369828286,630.0,15.0,15.0,610.0,-8.153565891472867,FZRA and PL,4.573852040816326,-11.26882648499042,Sorel,Sorel,2105.0,625.0,"soundings_wintremix/upperair.sounding.202202222000.UQAM-Sorel.txt,soundings_wintremix/upperair.sounding.202202222200.UQAM-Sorel.txt",1475.0,2022-02-22 21:20:00,Sorel2022-02-22 21:20:00,False,,0.0054,-7.4366666666666665,72.33
1343,-4778.961548801924,89.3507437932438,98.85240357805651,-7.770669185043779,15.0,2022-02-22 21:30:00,IOP5,FZRA,PL,,,3847.656197456615,2075.0,2.6535559982459413,630.0,15.0,15.0,610.0,-8.124011627906977,FZRA and PL,4.6256951530612245,-11.260524057909304,Sorel,Sorel,2075.0,625.0,"soundings_wintremix/upperair.sounding.202202222000.UQAM-Sorel.txt,soundings_wintremix/upperair.sounding.202202222200.UQAM-Sorel.txt",1445.0,2022-02-22 21:30:00,Sorel2022-02-22 21:30:00,False,,0.15009999999999998,-7.4,73.21499999999999
1344,-4733.046819920386,90.45027479091996,99.9441808119163,-7.696011089301441,15.0,2022-02-22 21:40:00,IOP5,FZRA,PL,,,3803.1342797260877,2055.0,2.6595344613469147,630.0,15.0,15.0,610.0,-8.094457364341086,FZRA and PL,4.677538265306122,-11.255725282781734,Sorel,Sorel,2055.0,625.0,"soundings_wintremix/upperair.sounding.202202222000.UQAM-Sorel.txt,soundings_wintremix/upperair.sounding.202202222200.UQAM-Sorel.txt",1425.0,2022-02-22 21:40:00,Sorel2022-02-22 21:40:00,False,,0.5692,-7.449166666666667,75.05916666666667
1345,-4687.181681061522,91.55501194743131,101.03294295623172,-7.683904395182823,15.0,2022-02-22 21:50:00,IOP5,FZRA,PL,,,3762.1851579354516,2030.0,2.668216424067696,625.0,15.0,15.0,605.0,-8.064903100775194,FZRA and PL,4.729381377551019,-11.255894585253456,Sorel,Sorel,2030.0,620.0,"soundings_wintremix/upperair.sounding.202202222000.UQAM-Sorel.txt,soundings_wintremix/upperair.sounding.202202222200.UQAM-Sorel.txt",1405.0,2022-02-22 21:50:00,Sorel2022-02-22 21:50:00,False,,1.1105,-7.5,76.88083333333334
1346,-4663.751380935254,92.92851851851852,102.22936969607522,-7.708679968488025,12.0,2022-02-22 22:00:00,IOP5,PL,FZRA,,,3726.206645149153,1997.0,2.690401909854984,617.0,12.0,12.0,600.0,-7.73,FZRA and PL,4.777906976744187,-11.260892857142856,Sorel,Sorel,1997.0,612.0,"soundings_wintremix/upperair.sounding.202202222200.UQAM-Sorel.txt,soundings_wintremix/upperair.sounding.202202230000.UQAM-Sorel.txt",1380.0,2022-02-22 22:00:00,Sorel2022-02-22 22:00:00,False,,1.888,-7.5,78.37916666666666
1347,-4663.751380935254,92.92851851851852,102.22936969607522,-7.708679968488025,12.0,2022-02-22 22:10:00,IOP5,PL,FZRA,,,3726.206645149153,1997.0,2.690401909854984,617.0,12.0,12.0,600.0,-7.644416666666666,FZRA and PL,4.777906976744187,-11.260892857142856,Sorel,Sorel,1997.0,612.0,"soundings_wintremix/upperair.sounding.202202222200.UQAM-Sorel.txt,soundings_wintremix/upperair.sounding.202202230000.UQAM-Sorel.txt",1380.0,2022-02-22 22:10:00,Sorel2022-02-22 22:10:00,True,upperair.sounding.202202222200.UQAM-Sorel.txt,1.7548000000000001,-7.5,78.98916666666668
1348,-4397.344238828104,93.85802812071331,102.08527795337523,-7.45312582852221,12.0,2022-02-22 22:20:00,IOP5,PL,FZRA,,,3914.3522936784216,2027.0,2.737309296278617,602.0,12.0,12.0,585.0,-7.558833333333334,FZRA and PL,4.786320810971974,-10.579395534290272,Sorel,Sorel,2027.0,597.0,"soundings_wintremix/upperair.sounding.202202222200.UQAM-Sorel.txt,soundings_wintremix/upperair.sounding.202202230000.UQAM-Sorel.txt",1425.0,2022-02-22 22:20:00,Sorel2022-02-22 22:20:00,False,,2.298,-7.4375,79.91000000000001
1349,-4265.9408750449375,94.32278292181071,102.00970601375526,-7.292206624008439,12.0,2022-02-22 22:30:00,IOP5,PL,,,,4011.572613433055,2037.0,2.7761748189848134,597.0,12.0,12.0,580.0,-7.47325,PL,4.790527728085868,-10.310764519056262,Sorel,Sorel,2037.0,592.0,"soundings_wintremix/upperair.sounding.202202222200.UQAM-Sorel.txt,soundings_wintremix/upperair.sounding.202202230000.UQAM-Sorel.txt",1440.0,2022-02-22 22:30:00,Sorel2022-02-22 22:30:00,False,,1.4667999999999999,-7.4,80.4
1350,-4135.725800483708,94.78753772290808,101.93182925811136,-7.130561724971909,12.0,2022-02-22 22:40:00,IOP5,PL,,,,4110.778851454785,2047.0,2.8156019530512224,592.0,12.0,12.0,575.0,-7.387666666666666,PL,4.794734645199761,-10.120617059891106,Sorel,Sorel,2047.0,587.0,"soundings_wintremix/upperair.sounding.202202222200.UQAM-Sorel.txt,soundings_wintremix/upperair.sounding.202202230000.UQAM-Sorel.txt",1455.0,2022-02-22 22:40:00,Sorel2022-02-22 22:40:00,False,,1.2333,-7.410833333333334,80.91000000000001
1351,-4008.3959313115192,95.2522925240055,101.85550467220571,-7.157849877341998,12.0,2022-02-22 22:50:00,IOP5,PL,,,,4213.651824268476,2062.0,2.818496203524064,572.0,12.0,12.0,555.0,-7.302083333333334,PL,4.798941562313657,-9.930469600725953,Sorel,Sorel,2062.0,567.0,"soundings_wintremix/upperair.sounding.202202222200.UQAM-Sorel.txt,soundings_wintremix/upperair.sounding.202202230000.UQAM-Sorel.txt",1490.0,2022-02-22 22:50:00,Sorel2022-02-22 22:50:00,False,,1.1531,-7.430833333333334,81.71000000000001
1352,-3884.437854268521,95.80440607570904,102.00369280618939,-7.260631503305645,12.0,2022-02-22 23:00:00,IOP5,PL,,,,4320.723002326464,2072.0,2.8240019623048784,547.0,12.0,12.0,530.0,-7.2165,PL,4.803148479427549,-9.7403221415608,Sorel,Sorel,2072.0,542.0,"soundings_wintremix/upperair.sounding.202202222200.UQAM-Sorel.txt,soundings_wintremix/upperair.sounding.202202230000.UQAM-Sorel.txt",1525.0,2022-02-22 23:00:00,Sorel2022-02-22 23:00:00,False,,1.6299,-7.4,82.55166666666668
1353,-3763.8844547167314,96.42771903801274,102.1486949193015,-7.169303723269964,12.0,2022-02-22 23:10:00,IOP5,PL,,,,4431.772809684291,2082.0,2.8592082643124463,537.0,12.0,12.0,520.0,-7.130916666666668,PL,4.807355396541444,-9.550174682395644,Sorel,Sorel,2082.0,532.0,"soundings_wintremix/upperair.sounding.202202222200.UQAM-Sorel.txt,soundings_wintremix/upperair.sounding.202202230000.UQAM-Sorel.txt",1545.0,2022-02-22 23:10:00,Sorel2022-02-22 23:10:00,False,,1.6533000000000002,-7.4,83.2325
1354,-3644.226747905868,97.05103200031644,102.29053910344457,-6.941384281725462,12.0,2022-02-22 23:20:00,IOP5,PL,,,,4544.451563642069,2092.0,2.913109976693635,537.0,12.0,12.0,520.0,-7.045333333333334,PL,4.811562313655338,-9.361826715912587,Sorel,Sorel,2092.0,532.0,"soundings_wintremix/upperair.sounding.202202222200.UQAM-Sorel.txt,soundings_wintremix/upperair.sounding.202202230000.UQAM-Sorel.txt",1555.0,2022-02-22 23:20:00,Sorel2022-02-22 23:20:00,False,,3.4516999999999998,-7.3358333333333325,84.16916666666665
1355,-3524.824720068722,97.67434496262017,102.49319342481327,-6.778509077055234,12.0,2022-02-22 23:30:00,IOP5,PL,,,,4658.507086037404,2112.0,2.939121189928962,532.0,12.0,12.0,515.0,-6.9597500000000005,PL,4.815931726356255,-9.178502423822714,Sorel,Sorel,2112.0,527.0,"soundings_wintremix/upperair.sounding.202202222200.UQAM-Sorel.txt,soundings_wintremix/upperair.sounding.202202230000.UQAM-Sorel.txt",1580.0,2022-02-22 23:30:00,Sorel2022-02-22 23:30:00,False,,1.3118,-7.171666666666667,85.08
1356,-3405.9314740421723,98.29765792492387,102.85553338165936,-6.54986821931187,12.0,2022-02-22 23:40:00,IOP5,PL,,,,4774.181404081905,2127.0,2.9838633775511907,532.0,12.0,12.0,515.0,-6.8741666666666665,PL,4.839467236467237,-9.004649122807018,Sorel,Sorel,2127.0,527.0,"soundings_wintremix/upperair.sounding.202202222200.UQAM-Sorel.txt,soundings_wintremix/upperair.sounding.202202230000.UQAM-Sorel.txt",1595.0,2022-02-22 23:40:00,Sorel2022-02-22 23:40:00,False,,1.7561,-6.971666666666667,85.55833333333334
1357,-3287.0382280156227,98.92097088722757,103.214503945431,-6.321227361568505,12.0,2022-02-22 23:50:00,IOP5,PL,,,,4891.190130713682,2147.0,3.019253167107211,532.0,12.0,12.0,515.0,-6.788583333333333,PL,4.866459726867336,-8.83890350877193,Sorel,Sorel,2147.0,527.0,"soundings_wintremix/upperair.sounding.202202222200.UQAM-Sorel.txt,soundings_wintremix/upperair.sounding.202202230000.UQAM-Sorel.txt",1615.0,2022-02-22 23:50:00,Sorel2022-02-22 23:50:00,False,,1.6267,-6.7091666666666665,85.79583333333333
1358,-3168.8536649031535,99.57132075471698,103.63172490050684,-6.153113912433309,12.0,2022-02-23 00:00:00,IOP5,PL,,,,5010.3573024000725,2162.0,3.0550959160976054,527.0,12.0,12.0,510.0,-6.72,PL,4.897884615384616,-8.69,Sorel,Sorel,2162.0,522.0,"soundings_wintremix/upperair.sounding.202202230000.UQAM-Sorel.txt,soundings_wintremix/upperair.sounding.202202230200.UQAM-Sorel.txt",1635.0,2022-02-23 00:00:00,Sorel2022-02-23 00:00:00,False,,1.7143000000000002,-6.538333333333333,85.85916666666667
1359,-3168.8536649031535,99.57132075471698,103.63172490050684,-6.153113912433309,12.0,2022-02-23 00:10:00,IOP5,PL,,,,5010.3573024000725,2162.0,3.0550959160976054,527.0,12.0,12.0,510.0,-6.459887387387386,PL,4.897884615384616,-8.69,Sorel,Sorel,2162.0,522.0,"soundings_wintremix/upperair.sounding.202202230000.UQAM-Sorel.txt,soundings_wintremix/upperair.sounding.202202230200.UQAM-Sorel.txt",1635.0,2022-02-23 00:10:00,Sorel2022-02-23 00:10:00,True,upperair.sounding.202202230000.UQAM-Sorel.txt,2.319,-6.3625,86.44666666666667
1360,-2961.3714552860574,99.33908805031447,103.32820439077202,-5.922742910572115,12.0,2022-02-23 00:20:00,IOP5,PL,,,,4970.168645152022,2162.0,3.0031230484302243,512.0,12.0,12.0,495.0,-6.199774774774775,PL,4.844612980769231,-8.200855119119637,Sorel,Sorel,2162.0,507.0,"soundings_wintremix/upperair.sounding.202202230000.UQAM-Sorel.txt,soundings_wintremix/upperair.sounding.202202230200.UQAM-Sorel.txt",1650.0,2022-02-23 00:20:00,Sorel2022-02-23 00:20:00,False,,2.0126999999999997,-6.170833333333333,86.87833333333333
1361,-2859.360205304055,99.22297169811321,103.38276911016449,-5.776485263240517,12.0,2022-02-23 00:30:00,IOP5,PL,,,,4951.822308609444,2157.0,2.9920376487066123,507.0,12.0,12.0,490.0,-5.939662162162162,PL,4.826919471153846,-7.960746964393743,Sorel,Sorel,2157.0,502.0,"soundings_wintremix/upperair.sounding.202202230000.UQAM-Sorel.txt,soundings_wintremix/upperair.sounding.202202230200.UQAM-Sorel.txt",1650.0,2022-02-23 00:30:00,Sorel2022-02-23 00:30:00,False,,2.4821999999999997,-5.8983333333333325,87.24333333333334
1362,-2757.9320686956085,99.10685534591194,103.4364649100104,-5.686457873599193,12.0,2022-02-23 00:40:00,IOP5,PL,,,,4934.081307662642,2157.0,2.96341219679438,497.0,12.0,12.0,480.0,-5.679549549549549,PL,4.809225961538461,-7.7206388096678475,Sorel,Sorel,2157.0,492.0,"soundings_wintremix/upperair.sounding.202202230000.UQAM-Sorel.txt,soundings_wintremix/upperair.sounding.202202230200.UQAM-Sorel.txt",1660.0,2022-02-23 00:40:00,Sorel2022-02-23 00:40:00,False,,2.8998999999999997,-5.62,87.1125
1363,-2657.0478488205213,98.9907389937107,103.48929624081906,-5.535516351709419,12.0,2022-02-23 00:50:00,IOP5,PL,,,,4916.884223449201,2157.0,2.944242049969582,492.0,12.0,12.0,475.0,-5.419436936936937,PL,4.791532451923077,-7.480530654941954,Sorel,Sorel,2157.0,487.0,"soundings_wintremix/upperair.sounding.202202230000.UQAM-Sorel.txt,soundings_wintremix/upperair.sounding.202202230200.UQAM-Sorel.txt",1665.0,2022-02-23 00:50:00,Sorel2022-02-23 00:50:00,False,,3.8608,-5.473333333333333,86.97749999999999
1364,-2556.441754747036,98.87462264150943,103.54126753596063,-5.381982641572709,12.0,2022-02-23 01:00:00,IOP5,PL,,,,4900.00880670403,2152.0,2.934137010002413,487.0,12.0,12.0,470.0,-5.1593243243243245,PL,4.775,-7.240422500216058,Sorel,Sorel,2152.0,482.0,"soundings_wintremix/upperair.sounding.202202230000.UQAM-Sorel.txt,soundings_wintremix/upperair.sounding.202202230200.UQAM-Sorel.txt",1665.0,2022-02-23 01:00:00,Sorel2022-02-23 01:00:00,False,,5.434900000000001,-5.381666666666667,87.04833333333333
1365,-2456.0546641403234,98.77025641025641,103.65891371541638,-5.170641398190154,12.0,2022-02-23 01:10:00,IOP5,PL,,,,4883.383465184889,2147.0,2.9329630421530863,487.0,12.0,12.0,470.0,-4.899211711711712,PL,4.759198113207548,-7.005433087027916,Sorel,Sorel,2147.0,482.0,"soundings_wintremix/upperair.sounding.202202230000.UQAM-Sorel.txt,soundings_wintremix/upperair.sounding.202202230200.UQAM-Sorel.txt",1660.0,2022-02-23 01:10:00,Sorel2022-02-23 01:10:00,False,,7.7089,-5.255833333333333,87.39333333333335
1366,-2355.926679237429,98.7880846153846,103.79644778500796,-5.012609955824318,12.0,2022-02-23 01:20:00,IOP5,PL,,,,4867.087308451289,2137.0,2.931980306295957,482.0,12.0,12.0,465.0,-4.639099099099099,PL,4.743396226415094,-6.774178981937602,Sorel,Sorel,2137.0,477.0,"soundings_wintremix/upperair.sounding.202202230000.UQAM-Sorel.txt,soundings_wintremix/upperair.sounding.202202230200.UQAM-Sorel.txt",1655.0,2022-02-23 01:20:00,Sorel2022-02-23 01:20:00,False,,6.2341999999999995,-5.0825,87.91583333333332
1367,-2255.8960747636306,98.87714807692308,103.9327505642845,-4.85138940809383,12.0,2022-02-23 01:30:00,IOP5,PL,,,,4850.94793983879,2137.0,2.913482246149423,477.0,12.0,12.0,460.0,-4.378986486486487,PL,4.729524291497976,-6.545772783251232,Sorel,Sorel,2137.0,472.0,"soundings_wintremix/upperair.sounding.202202230000.UQAM-Sorel.txt,soundings_wintremix/upperair.sounding.202202230200.UQAM-Sorel.txt",1660.0,2022-02-23 01:30:00,Sorel2022-02-23 01:30:00,False,,7.1634,-4.844166666666667,88.24083333333333
1368,-2156.1884943609994,98.96621153846154,104.06782769448759,-4.636964504002148,12.0,2022-02-23 01:40:00,IOP5,PL,,,,4835.166819246897,2132.0,2.9127510959318657,477.0,12.0,12.0,460.0,-4.118873873873874,PL,4.717078272604589,-6.317366584564861,Sorel,Sorel,2132.0,472.0,"soundings_wintremix/upperair.sounding.202202230000.UQAM-Sorel.txt,soundings_wintremix/upperair.sounding.202202230200.UQAM-Sorel.txt",1655.0,2022-02-23 01:40:00,Sorel2022-02-23 01:40:00,False,,5.679,-4.4766666666666675,89.13416666666667
1369,-2056.6311687660595,98.97994553009883,104.20168479718103,-4.470937323404478,12.0,2022-02-23 01:50:00,IOP5,PL,FZRA,,,4819.565526418005,2132.0,2.894633949800603,472.0,12.0,12.0,455.0,-3.8587612612612614,FZRA and PL,4.7046322537112015,-6.088960385878489,Sorel,Sorel,2132.0,467.0,"soundings_wintremix/upperair.sounding.202202230000.UQAM-Sorel.txt,soundings_wintremix/upperair.sounding.202202230200.UQAM-Sorel.txt",1660.0,2022-02-23 01:50:00,Sorel2022-02-23 01:50:00,False,,6.4656,-4.039166666666667,89.5125
1370,-1957.0831221453977,100.0,104.35626782211756,-4.301281587132742,12.0,2022-02-23 02:00:00,IOP5,PL,FZRA,,,4805.373120274788,2127.0,2.8861099821470195,467.0,12.0,12.0,450.0,-3.95,FZRA and PL,4.698421052631579,-5.863103448275862,Sorel,Sorel,2127.0,462.0,"soundings_wintremix/upperair.sounding.202202230200.UQAM-Sorel.txt,soundings_wintremix/upperair.sounding.202202230415.UQAM-Sorel.txt",1660.0,2022-02-23 02:00:00,Sorel2022-02-23 02:00:00,False,,6.5324,-3.7666666666666666,89.49
1371,-1957.0831221453977,100.0,104.35626782211756,-4.301281587132742,12.0,2022-02-23 02:10:00,IOP5,PL,FZRA,,,4805.373120274788,2127.0,2.8861099821470195,467.0,12.0,12.0,450.0,-3.828148148148148,FZRA and PL,4.698421052631579,-5.863103448275862,Sorel,Sorel,2127.0,462.0,"soundings_wintremix/upperair.sounding.202202230200.UQAM-Sorel.txt,soundings_wintremix/upperair.sounding.202202230415.UQAM-Sorel.txt",1660.0,2022-02-23 02:10:00,Sorel2022-02-23 02:10:00,True,upperair.sounding.202202230200.UQAM-Sorel.txt,6.1655999999999995,-3.561666666666667,89.7625
1372,-1825.631793731165,98.63450502972108,103.3474539950597,-4.102543356699247,12.0,2022-02-23 02:20:00,IOP5,PL,,,,4890.055400193488,2162.0,2.8596815205809865,457.0,12.0,12.0,440.0,-3.7062962962962964,PL,4.714979114452799,-5.397400151668352,Sorel,Sorel,2162.0,452.0,"soundings_wintremix/upperair.sounding.202202230200.UQAM-Sorel.txt,soundings_wintremix/upperair.sounding.202202230415.UQAM-Sorel.txt",1705.0,2022-02-23 02:20:00,Sorel2022-02-23 02:20:00,False,,5.5243,-3.3108333333333335,89.98833333333333
1373,-1760.4056345293027,98.30931313131313,102.84406492115868,-4.0009218966575055,12.0,2022-02-23 02:30:00,IOP5,PL,,,,4933.843771585102,2167.0,2.868513820689013,452.0,12.0,12.0,435.0,-3.5844444444444443,PL,4.723258145363409,-5.292975227502528,Sorel,Sorel,2167.0,447.0,"soundings_wintremix/upperair.sounding.202202230200.UQAM-Sorel.txt,soundings_wintremix/upperair.sounding.202202230415.UQAM-Sorel.txt",1715.0,2022-02-23 02:30:00,Sorel2022-02-23 02:30:00,False,,5.8264,-3.115,90.02083333333333
1374,-1695.461437976999,98.28376327376327,102.34142952151906,-3.853321449947724,12.0,2022-02-23 02:40:00,IOP5,PL,,,,4978.3189675646845,2177.0,2.8776410217136905,452.0,12.0,12.0,435.0,-3.4625925925925927,PL,4.731537176274019,-5.188550303336704,Sorel,Sorel,2177.0,447.0,"soundings_wintremix/upperair.sounding.202202230200.UQAM-Sorel.txt,soundings_wintremix/upperair.sounding.202202230415.UQAM-Sorel.txt",1725.0,2022-02-23 02:40:00,Sorel2022-02-23 02:40:00,False,,5.4460999999999995,-2.8858333333333333,90.39083333333333
1375,-1630.5349533875292,98.29681947681948,101.92997591376482,-3.7483562146839753,12.0,2022-02-23 02:50:00,IOP5,PL,,,,5023.141683894807,2187.0,2.878591222862354,447.0,12.0,12.0,430.0,-3.340740740740741,PL,4.739816207184628,-5.08412537917088,Sorel,Sorel,2187.0,442.0,"soundings_wintremix/upperair.sounding.202202230200.UQAM-Sorel.txt,soundings_wintremix/upperair.sounding.202202230415.UQAM-Sorel.txt",1740.0,2022-02-23 02:50:00,Sorel2022-02-23 02:50:00,False,,4.7351,-2.6425,90.54583333333333
1376,-1566.0055237175882,98.30987567987567,101.86814535035326,-3.6000126982013514,12.0,2022-02-23 03:00:00,IOP5,PL,FZRA,,,5068.645563410407,2192.0,2.896368893377375,447.0,12.0,12.0,430.0,-3.218888888888889,FZRA and PL,4.836443001443001,-4.979700455005056,Sorel,Sorel,2192.0,442.0,"soundings_wintremix/upperair.sounding.202202230200.UQAM-Sorel.txt,soundings_wintremix/upperair.sounding.202202230415.UQAM-Sorel.txt",1745.0,2022-02-23 03:00:00,Sorel2022-02-23 03:00:00,False,,4.3718,-2.3541666666666665,90.39416666666666
1377,-1501.8256165666812,98.32293188293187,101.85092082493257,-3.4926177129457705,12.0,2022-02-23 03:10:00,IOP5,PL,FZRA,,,5114.798008149366,2202.0,2.897902554192275,442.0,12.0,12.0,425.0,-3.097037037037037,FZRA and PL,4.9775466290815125,-4.884288482834994,Sorel,Sorel,2202.0,437.0,"soundings_wintremix/upperair.sounding.202202230200.UQAM-Sorel.txt,soundings_wintremix/upperair.sounding.202202230415.UQAM-Sorel.txt",1760.0,2022-02-23 03:10:00,Sorel2022-02-23 03:10:00,False,,4.0638,-2.0833333333333335,90.275
1378,-1438.8033883155977,98.33598808598808,101.83345119436369,-3.5526009588039447,12.0,2022-02-23 03:20:00,IOP5,PL,FZRA,,,5161.923190168554,2222.0,2.8837559721612034,437.0,12.0,12.0,400.0,-2.975185185185185,FZRA and PL,5.120917077754288,-4.7901052048726465,Sorel,Sorel,2222.0,412.0,"soundings_wintremix/upperair.sounding.202202230200.UQAM-Sorel.txt,soundings_wintremix/upperair.sounding.202202230415.UQAM-Sorel.txt",1785.0,2022-02-23 03:20:00,Sorel2022-02-23 03:20:00,False,,3.3571,-2.0175,89.48166666666665
1379,-1378.444459542964,98.34904428904427,101.81573758334495,-3.4461111488574105,12.0,2022-02-23 03:30:00,IOP5,PL,FZRA,,,5214.160224398012,2237.0,2.8492678821847064,412.0,12.0,12.0,395.0,-2.853333333333333,FZRA and PL,5.264287526427061,-4.695921926910299,Sorel,Sorel,2237.0,407.0,"soundings_wintremix/upperair.sounding.202202230200.UQAM-Sorel.txt,soundings_wintremix/upperair.sounding.202202230415.UQAM-Sorel.txt",1825.0,2022-02-23 03:30:00,Sorel2022-02-23 03:30:00,False,,2.1292999999999997,-2.0,89.39416666666666
1380,-1319.0740237714774,98.4931701180285,101.79778111271315,-3.3394279082822216,12.0,2022-02-23 03:40:00,IOP5,PL,FZRA,,,5267.201076809486,2247.0,2.854851532146062,407.0,12.0,12.0,390.0,-2.731481481481481,FZRA and PL,5.407657975099835,-4.6017386489479515,Sorel,Sorel,2247.0,402.0,"soundings_wintremix/upperair.sounding.202202230200.UQAM-Sorel.txt,soundings_wintremix/upperair.sounding.202202230415.UQAM-Sorel.txt",1840.0,2022-02-23 03:40:00,Sorel2022-02-23 03:40:00,False,,0.9936999999999999,-2.075,88.85416666666667
1381,-1263.8715823058824,98.65289889453723,101.77958289945373,-3.325977848173375,12.0,2022-02-23 03:50:00,IOP5,FZRA,PL,,,5324.830785955392,2257.0,2.8475030940937924,392.0,12.0,12.0,375.0,-2.6096296296296293,FZRA and PL,5.554642166714517,-4.507555370985603,Sorel,Sorel,2257.0,387.0,"soundings_wintremix/upperair.sounding.202202230200.UQAM-Sorel.txt,soundings_wintremix/upperair.sounding.202202230415.UQAM-Sorel.txt",1865.0,2022-02-23 03:50:00,Sorel2022-02-23 03:50:00,False,,0.4457,-2.2141666666666664,88.59166666666667
1382,-1210.9068319430914,98.39262796455968,101.8367897279182,-3.2290848851815768,12.0,2022-02-23 04:00:00,IOP5,FZRA,PL,,,5385.063052459245,2262.0,2.864395240669812,387.0,12.0,12.0,370.0,-2.4877777777777776,FZRA and PL,5.7021466343016725,-4.413372093023256,Sorel,Sorel,2262.0,382.0,"soundings_wintremix/upperair.sounding.202202230200.UQAM-Sorel.txt,soundings_wintremix/upperair.sounding.202202230415.UQAM-Sorel.txt",1875.0,2022-02-23 04:00:00,Sorel2022-02-23 04:00:00,False,,0.4524,-2.2708333333333335,89.13666666666667
1383,-1158.6509898349605,98.55771303303489,101.91779484132385,-3.089735972893227,12.0,2022-02-23 04:10:00,IOP5,FZRA,,,,5446.274159038792,2272.0,2.881626539173964,387.0,12.0,12.0,370.0,-2.3659259259259255,FZRA,5.85821303783568,-4.323850652271705,Sorel,Sorel,2272.0,382.0,"soundings_wintremix/upperair.sounding.202202230200.UQAM-Sorel.txt,soundings_wintremix/upperair.sounding.202202230415.UQAM-Sorel.txt",1885.0,2022-02-23 04:10:00,Sorel2022-02-23 04:10:00,False,,0.3335,-2.2449999999999997,89.56333333333333
1384,-1133.8261282407955,98.92595744680851,102.3894328783332,-3.0643949411913396,12.0,2022-02-23 04:20:00,IOP5,FZRA,,,,5477.257364599627,2272.0,2.8903732794720987,382.0,12.0,12.0,365.0,,FZRA,5.937924528301887,-4.29,Sorel,Sorel,2272.0,377.0,,1890.0,2022-02-23 04:20:00,Sorel2022-02-23 04:20:00,True,upperair.sounding.202202230415.UQAM-Sorel.txt,0.0988,-2.234166666666667,89.43916666666668
1385,,,,,,2022-02-23 04:30:00,IOP5,FZRA,,,,,,,,,,,,FZRA,,,Sorel,Sorel,,,,,2022-02-23 04:30:00,Sorel2022-02-23 04:30:00,False,,0.3317,-2.2508333333333335,89.73916666666668
1386,,,,,,2022-02-23 04:40:00,IOP5,FZRA,,,,,,,,,,,,FZRA,,,Sorel,Sorel,,,,,2022-02-23 04:40:00,Sorel2022-02-23 04:40:00,False,,0.7662,-2.1966666666666668,90.01083333333332
1387,,,,,,2022-02-23 04:50:00,IOP5,FZRA,,,,,,,,,,,,FZRA,,,Sorel,Sorel,,,,,2022-02-23 04:50:00,Sorel2022-02-23 04:50:00,False,,0.06949999999999999,-2.1958333333333333,89.6325
1388,,,,,,2022-02-23 05:00:00,IOP5,,,,,,,,,,,,,,,,Sorel,Sorel,,,,,2022-02-23 05:00:00,Sorel2022-02-23 05:00:00,False,,0.15689999999999998,-2.2,89.6875
1389,,,,,,2022-02-23 05:10:00,IOP5,FZRA,,,,,,,,,,,,FZRA,,,Sorel,Sorel,,,,,2022-02-23 05:10:00,Sorel2022-02-23 05:10:00,False,,0.24430000000000002,-2.1441666666666666,89.9825
1390,,,,,,2022-02-23 05:20:00,IOP5,FZRA,,,,,,,,,,,,FZRA,,,Sorel,Sorel,,,,,2022-02-23 05:20:00,Sorel2022-02-23 05:20:00,False,,0.16770000000000002,-2.2966666666666664,89.2625
1391,,,,,,2022-02-23 05:30:00,IOP5,FZRA,,,,,,,,,,,,FZRA,,,Sorel,Sorel,,,,,2022-02-23 05:30:00,Sorel2022-02-23 05:30:00,False,,0.1131,-2.5533333333333332,89.34583333333333
1392,,,,,,2022-02-23 05:40:00,IOP5,FZRA,,,,,,,,,,,,FZRA,,,Sorel,Sorel,,,,,2022-02-23 05:40:00,Sorel2022-02-23 05:40:00,False,,0.8114000000000001,-2.6058333333333334,89.79416666666665
1393,,,,,,2022-02-23 05:50:00,IOP5,FZRA,,,,,,,,,,,,FZRA,,,Sorel,Sorel,,,,,2022-02-23 05:50:00,Sorel2022-02-23 05:50:00,False,,1.0026,-2.6975000000000002,89.79333333333334
1394,,,,,,2022-02-23 06:00:00,IOP5,FZRA,,,,,,,,,,,,FZRA,,,Sorel,Sorel,,,,,2022-02-23 06:00:00,Sorel2022-02-23 06:00:00,False,,1.2554,-2.694166666666667,89.96000000000001
1395,,,,,,2022-02-23 06:10:00,IOP5,FZRA,,,,,,,,,,,,FZRA,,,Sorel,Sorel,,,,,2022-02-23 06:10:00,Sorel2022-02-23 06:10:00,False,,0.06833333333333333,-2.7,89.41333333333334
1396,,,,,,2022-03-01 16:00:00,IOP7,SN,,,,,,,,,,,,SN,,,Sorel,Sorel,,,,,2022-03-01 16:00:00,Sorel2022-03-01 16:00:00,False,,,,
1397,,,,,,2022-03-01 16:10:00,IOP7,SN,,,,,,,,,,,,SN,,,Sorel,Sorel,,,,,2022-03-01 16:10:00,Sorel2022-03-01 16:10:00,False,,,,
1398,,,,,,2022-03-01 16:20:00,IOP7,SN,,,,,,,,,,,,SN,,,Sorel,Sorel,,,,,2022-03-01 16:20:00,Sorel2022-03-01 16:20:00,False,,,,
1399,,,,,,2022-03-01 16:30:00,IOP7,SN,,,,,,,,,,,,SN,,,Sorel,Sorel,,,,,2022-03-01 16:30:00,Sorel2022-03-01 16:30:00,False,,,,
1400,,,,,,2022-03-01 16:40:00,IOP7,SN,,,,,,,,,,,,SN,,,Sorel,Sorel,,,,,2022-03-01 16:40:00,Sorel2022-03-01 16:40:00,False,,,,
1401,,,,,,2022-03-01 16:50:00,IOP7,SN,,,,,,,,,,,,SN,,,Sorel,Sorel,,,,,2022-03-01 16:50:00,Sorel2022-03-01 16:50:00,False,,,,
1402,,,,,,2022-03-01 17:00:00,IOP7,SN,,,,,,,,,,,-12.15,SN,,,Sorel,Sorel,,,"soundings_wintremix/upperair.sounding.202203011700.UQAM-Sorel.txt,soundings_wintremix/upperair.sounding.202203011900.UQAM-Sorel.txt",0.0,2022-03-01 17:00:00,Sorel2022-03-01 17:00:00,False,,,,
1403,,,,,,2022-03-01 17:10:00,IOP7,SN,,,,,,,,,,,-11.913393939393938,SN,,,Sorel,Sorel,,,"soundings_wintremix/upperair.sounding.202203011700.UQAM-Sorel.txt,soundings_wintremix/upperair.sounding.202203011900.UQAM-Sorel.txt",0.0,2022-03-01 17:10:00,Sorel2022-03-01 17:10:00,True,upperair.sounding.202203011700.UQAM-Sorel.txt,,,
1404,,,,,,2022-03-01 17:20:00,IOP7,SN,,,,,,,,,,,-11.676787878787879,SN,,,Sorel,Sorel,,,"soundings_wintremix/upperair.sounding.202203011700.UQAM-Sorel.txt,soundings_wintremix/upperair.sounding.202203011900.UQAM-Sorel.txt",0.0,2022-03-01 17:20:00,Sorel2022-03-01 17:20:00,False,,,,
1405,,,,,,2022-03-01 17:30:00,IOP7,SN,,,,,,,,,,,-11.44018181818182,SN,,,Sorel,Sorel,,,"soundings_wintremix/upperair.sounding.202203011700.UQAM-Sorel.txt,soundings_wintremix/upperair.sounding.202203011900.UQAM-Sorel.txt",0.0,2022-03-01 17:30:00,Sorel2022-03-01 17:30:00,False,,,,
1406,,,,,,2022-03-01 17:40:00,IOP7,SN,,,,,,,,,,,-11.203575757575758,SN,,,Sorel,Sorel,,,"soundings_wintremix/upperair.sounding.202203011700.UQAM-Sorel.txt,soundings_wintremix/upperair.sounding.202203011900.UQAM-Sorel.txt",0.0,2022-03-01 17:40:00,Sorel2022-03-01 17:40:00,False,,,,
1407,,,,,,2022-03-01 17:50:00,IOP7,SN,,,,,,,,,,,-10.966969696969699,SN,,,Sorel,Sorel,,,"soundings_wintremix/upperair.sounding.202203011700.UQAM-Sorel.txt,soundings_wintremix/upperair.sounding.202203011900.UQAM-Sorel.txt",0.0,2022-03-01 17:50:00,Sorel2022-03-01 17:50:00,False,,,,
1408,,,,,,2022-03-01 18:00:00,IOP7,SN,,,,,,,,,,,-10.730363636363638,SN,,,Sorel,Sorel,,,"soundings_wintremix/upperair.sounding.202203011700.UQAM-Sorel.txt,soundings_wintremix/upperair.sounding.202203011900.UQAM-Sorel.txt",0.0,2022-03-01 18:00:00,Sorel2022-03-01 18:00:00,False,,,,
1409,,,,,,2022-03-01 18:10:00,IOP7,SN,,,,,,,,,,,-10.493757575757577,SN,,,Sorel,Sorel,,,"soundings_wintremix/upperair.sounding.202203011700.UQAM-Sorel.txt,soundings_wintremix/upperair.sounding.202203011900.UQAM-Sorel.txt",0.0,2022-03-01 18:10:00,Sorel2022-03-01 18:10:00,False,,,,
1410,,,,,,2022-03-01 18:20:00,IOP7,SN,,,,,,,,,,,-10.257151515151516,SN,,,Sorel,Sorel,,,"soundings_wintremix/upperair.sounding.202203011700.UQAM-Sorel.txt,soundings_wintremix/upperair.sounding.202203011900.UQAM-Sorel.txt",0.0,2022-03-01 18:20:00,Sorel2022-03-01 18:20:00,False,,,,
1411,,,,,,2022-03-01 18:30:00,IOP7,SN,,,,,,,,,,,-10.020545454545456,SN,,,Sorel,Sorel,,,"soundings_wintremix/upperair.sounding.202203011700.UQAM-Sorel.txt,soundings_wintremix/upperair.sounding.202203011900.UQAM-Sorel.txt",0.0,2022-03-01 18:30:00,Sorel2022-03-01 18:30:00,False,,,,
1412,,,,,,2022-03-01 18:40:00,IOP7,SN,,,,,,,,,,,-9.783939393939395,SN,,,Sorel,Sorel,,,"soundings_wintremix/upperair.sounding.202203011700.UQAM-Sorel.txt,soundings_wintremix/upperair.sounding.202203011900.UQAM-Sorel.txt",0.0,2022-03-01 18:40:00,Sorel2022-03-01 18:40:00,False,,,,
1413,,,,,,2022-03-01 18:50:00,IOP7,SN,,,,,,,,,,,-9.547333333333333,SN,,,Sorel,Sorel,,,"soundings_wintremix/upperair.sounding.202203011700.UQAM-Sorel.txt,soundings_wintremix/upperair.sounding.202203011900.UQAM-Sorel.txt",0.0,2022-03-01 18:50:00,Sorel2022-03-01 18:50:00,False,,,,
1414,,,,,,2022-03-01 19:00:00,IOP7,SN,,,,,,,,,,,-9.23,SN,,,Sorel,Sorel,,,"soundings_wintremix/upperair.sounding.202203011900.UQAM-Sorel.txt,soundings_wintremix/upperair.sounding.202203012100.UQAM-Sorel.txt",0.0,2022-03-01 19:00:00,Sorel2022-03-01 19:00:00,False,,,,
1415,,,,,,2022-03-01 19:10:00,IOP7,SN,,,,,,,,,,,-9.251340852130326,SN,,,Sorel,Sorel,,,"soundings_wintremix/upperair.sounding.202203011900.UQAM-Sorel.txt,soundings_wintremix/upperair.sounding.202203012100.UQAM-Sorel.txt",0.0,2022-03-01 19:10:00,Sorel2022-03-01 19:10:00,True,upperair.sounding.202203011900.UQAM-Sorel.txt,,,
1416,,,,,,2022-03-01 19:20:00,IOP7,SN,,,,,,,,,,,-9.272681704260652,SN,,,Sorel,Sorel,,,"soundings_wintremix/upperair.sounding.202203011900.UQAM-Sorel.txt,soundings_wintremix/upperair.sounding.202203012100.UQAM-Sorel.txt",0.0,2022-03-01 19:20:00,Sorel2022-03-01 19:20:00,False,,,,
1417,,,,,,2022-03-01 19:30:00,IOP7,SN,,,,,,,,,,,-9.294022556390978,SN,,,Sorel,Sorel,,,"soundings_wintremix/upperair.sounding.202203011900.UQAM-Sorel.txt,soundings_wintremix/upperair.sounding.202203012100.UQAM-Sorel.txt",0.0,2022-03-01 19:30:00,Sorel2022-03-01 19:30:00,False,,,,
1418,,,,,,2022-03-01 19:40:00,IOP7,SN,,,,,,,,,,,-9.315363408521304,SN,,,Sorel,Sorel,,,"soundings_wintremix/upperair.sounding.202203011900.UQAM-Sorel.txt,soundings_wintremix/upperair.sounding.202203012100.UQAM-Sorel.txt",0.0,2022-03-01 19:40:00,Sorel2022-03-01 19:40:00,False,,,,
1419,,,,,,2022-03-01 19:50:00,IOP7,SN,,,,,,,,,,,-9.33670426065163,SN,,,Sorel,Sorel,,,"soundings_wintremix/upperair.sounding.202203011900.UQAM-Sorel.txt,soundings_wintremix/upperair.sounding.202203012100.UQAM-Sorel.txt",0.0,2022-03-01 19:50:00,Sorel2022-03-01 19:50:00,False,,,,
1420,,,,,,2022-03-01 20:00:00,IOP7,SN,,,,,,,,,,,-9.358045112781955,SN,,,Sorel,Sorel,,,"soundings_wintremix/upperair.sounding.202203011900.UQAM-Sorel.txt,soundings_wintremix/upperair.sounding.202203012100.UQAM-Sorel.txt",0.0,2022-03-01 20:00:00,Sorel2022-03-01 20:00:00,False,,,,
1421,,,,,,2022-03-01 20:10:00,IOP7,SN,,,,,,,,,,,-9.37938596491228,SN,,,Sorel,Sorel,,,"soundings_wintremix/upperair.sounding.202203011900.UQAM-Sorel.txt,soundings_wintremix/upperair.sounding.202203012100.UQAM-Sorel.txt",0.0,2022-03-01 20:10:00,Sorel2022-03-01 20:10:00,False,,,,
1422,,,,,,2022-03-01 20:20:00,IOP7,SN,,,,,,,,,,,-9.400726817042607,SN,,,Sorel,Sorel,,,"soundings_wintremix/upperair.sounding.202203011900.UQAM-Sorel.txt,soundings_wintremix/upperair.sounding.202203012100.UQAM-Sorel.txt",0.0,2022-03-01 20:20:00,Sorel2022-03-01 20:20:00,False,,,,
1423,,,,,,2022-03-01 20:30:00,IOP7,SN,,,,,,,,,,,-9.422067669172932,SN,,,Sorel,Sorel,,,"soundings_wintremix/upperair.sounding.202203011900.UQAM-Sorel.txt,soundings_wintremix/upperair.sounding.202203012100.UQAM-Sorel.txt",0.0,2022-03-01 20:30:00,Sorel2022-03-01 20:30:00,False,,,,
1424,,,,,,2022-03-01 20:40:00,IOP7,SN,,,,,,,,,,,-9.443408521303258,SN,,,Sorel,Sorel,,,"soundings_wintremix/upperair.sounding.202203011900.UQAM-Sorel.txt,soundings_wintremix/upperair.sounding.202203012100.UQAM-Sorel.txt",0.0,2022-03-01 20:40:00,Sorel2022-03-01 20:40:00,False,,,,
1425,,,,,,2022-03-01 20:50:00,IOP7,SN,,,,,,,,,,,-9.464749373433584,SN,,,Sorel,Sorel,,,"soundings_wintremix/upperair.sounding.202203011900.UQAM-Sorel.txt,soundings_wintremix/upperair.sounding.202203012100.UQAM-Sorel.txt",0.0,2022-03-01 20:50:00,Sorel2022-03-01 20:50:00,False,,,,
1426,,,,,,2022-03-01 21:00:00,IOP7,SN,,,,,,,,,,,-9.75,SN,,,Sorel,Sorel,,,"soundings_wintremix/upperair.sounding.202203012100.UQAM-Sorel.txt,soundings_wintremix/upperair.sounding.202203012300.UQAM-Sorel.txt",0.0,2022-03-01 21:00:00,Sorel2022-03-01 21:00:00,False,,,,
1427,,,,,,2022-03-01 21:10:00,IOP7,SN,,,,,,,,,,,-9.697487562189055,SN,,,Sorel,Sorel,,,"soundings_wintremix/upperair.sounding.202203012100.UQAM-Sorel.txt,soundings_wintremix/upperair.sounding.202203012300.UQAM-Sorel.txt",0.0,2022-03-01 21:10:00,Sorel2022-03-01 21:10:00,True,upperair.sounding.202203012100.UQAM-Sorel.txt,,,
1428,,,,,,2022-03-01 21:20:00,IOP7,SN,,,,,,,,,,,-9.64497512437811,SN,,,Sorel,Sorel,,,"soundings_wintremix/upperair.sounding.202203012100.UQAM-Sorel.txt,soundings_wintremix/upperair.sounding.202203012300.UQAM-Sorel.txt",0.0,2022-03-01 21:20:00,Sorel2022-03-01 21:20:00,False,,,,
1429,,,,,,2022-03-01 21:30:00,IOP7,SN,,,,,,,,,,,-9.592462686567163,SN,,,Sorel,Sorel,,,"soundings_wintremix/upperair.sounding.202203012100.UQAM-Sorel.txt,soundings_wintremix/upperair.sounding.202203012300.UQAM-Sorel.txt",0.0,2022-03-01 21:30:00,Sorel2022-03-01 21:30:00,False,,,,
1430,,,,,,2022-03-01 21:40:00,IOP7,SN,,,,,,,,,,,-9.539950248756218,SN,,,Sorel,Sorel,,,"soundings_wintremix/upperair.sounding.202203012100.UQAM-Sorel.txt,soundings_wintremix/upperair.sounding.202203012300.UQAM-Sorel.txt",0.0,2022-03-01 21:40:00,Sorel2022-03-01 21:40:00,False,,,,
1431,,,,,,2022-03-01 21:50:00,IOP7,SN,,,,,,,,,,,-9.487437810945273,SN,,,Sorel,Sorel,,,"soundings_wintremix/upperair.sounding.202203012100.UQAM-Sorel.txt,soundings_wintremix/upperair.sounding.202203012300.UQAM-Sorel.txt",0.0,2022-03-01 21:50:00,Sorel2022-03-01 21:50:00,False,,,,
1432,,,,,,2022-03-01 22:00:00,IOP7,SN,,,,,,,,,,,-9.434925373134329,SN,,,Sorel,Sorel,,,"soundings_wintremix/upperair.sounding.202203012100.UQAM-Sorel.txt,soundings_wintremix/upperair.sounding.202203012300.UQAM-Sorel.txt",0.0,2022-03-01 22:00:00,Sorel2022-03-01 22:00:00,False,,,,
1433,,,,,,2022-03-01 22:10:00,IOP7,SN,,,,,,,,,,,-9.382412935323384,SN,,,Sorel,Sorel,,,"soundings_wintremix/upperair.sounding.202203012100.UQAM-Sorel.txt,soundings_wintremix/upperair.sounding.202203012300.UQAM-Sorel.txt",0.0,2022-03-01 22:10:00,Sorel2022-03-01 22:10:00,False,,,,
1434,,,,,,2022-03-01 22:20:00,IOP7,SN,,,,,,,,,,,-9.329900497512437,SN,,,Sorel,Sorel,,,"soundings_wintremix/upperair.sounding.202203012100.UQAM-Sorel.txt,soundings_wintremix/upperair.sounding.202203012300.UQAM-Sorel.txt",0.0,2022-03-01 22:20:00,Sorel2022-03-01 22:20:00,False,,,,
1435,,,,,,2022-03-01 22:30:00,IOP7,SN,,,,,,,,,,,-9.277388059701494,SN,,,Sorel,Sorel,,,"soundings_wintremix/upperair.sounding.202203012100.UQAM-Sorel.txt,soundings_wintremix/upperair.sounding.202203012300.UQAM-Sorel.txt",0.0,2022-03-01 22:30:00,Sorel2022-03-01 22:30:00,False,,,,
1436,,,,,,2022-03-01 22:40:00,IOP7,SN,,,,,,,,,,,-9.224875621890547,SN,,,Sorel,Sorel,,,"soundings_wintremix/upperair.sounding.202203012100.UQAM-Sorel.txt,soundings_wintremix/upperair.sounding.202203012300.UQAM-Sorel.txt",0.0,2022-03-01 22:40:00,Sorel2022-03-01 22:40:00,False,,,,
1437,,,,,,2022-03-01 22:50:00,IOP7,SN,,,,,,,,,,,-9.172363184079602,SN,,,Sorel,Sorel,,,"soundings_wintremix/upperair.sounding.202203012100.UQAM-Sorel.txt,soundings_wintremix/upperair.sounding.202203012300.UQAM-Sorel.txt",0.0,2022-03-01 22:50:00,Sorel2022-03-01 22:50:00,False,,,,
1438,,,,,,2022-03-01 23:00:00,IOP7,SN,,,,,,,,,,,-9.09,SN,,,Sorel,Sorel,,,"soundings_wintremix/upperair.sounding.202203012300.UQAM-Sorel.txt,soundings_wintremix/upperair.sounding.202203020100.UQAM-Sorel.txt",0.0,2022-03-01 23:00:00,Sorel2022-03-01 23:00:00,False,,,,
1439,,,,,,2022-03-01 23:10:00,IOP7,SN,,,,,,,,,,,-9.063301886792452,SN,,,Sorel,Sorel,,,"soundings_wintremix/upperair.sounding.202203012300.UQAM-Sorel.txt,soundings_wintremix/upperair.sounding.202203020100.UQAM-Sorel.txt",0.0,2022-03-01 23:10:00,Sorel2022-03-01 23:10:00,True,upperair.sounding.202203012300.UQAM-Sorel.txt,,,
1440,,,,,,2022-03-01 23:20:00,IOP7,SN,,,,,,,,,,,-9.036603773584906,SN,,,Sorel,Sorel,,,"soundings_wintremix/upperair.sounding.202203012300.UQAM-Sorel.txt,soundings_wintremix/upperair.sounding.202203020100.UQAM-Sorel.txt",0.0,2022-03-01 23:20:00,Sorel2022-03-01 23:20:00,False,,,,
1441,,,,,,2022-03-01 23:30:00,IOP7,SN,,,,,,,,,,,-9.009905660377358,SN,,,Sorel,Sorel,,,"soundings_wintremix/upperair.sounding.202203012300.UQAM-Sorel.txt,soundings_wintremix/upperair.sounding.202203020100.UQAM-Sorel.txt",0.0,2022-03-01 23:30:00,Sorel2022-03-01 23:30:00,False,,,,
1442,,,,,,2022-03-01 23:40:00,IOP7,SN,,,,,,,,,,,-8.98320754716981,SN,,,Sorel,Sorel,,,"soundings_wintremix/upperair.sounding.202203012300.UQAM-Sorel.txt,soundings_wintremix/upperair.sounding.202203020100.UQAM-Sorel.txt",0.0,2022-03-01 23:40:00,Sorel2022-03-01 23:40:00,False,,,,
1443,,,,,,2022-03-01 23:50:00,IOP7,SN,,,,,,,,,,,-8.956509433962264,SN,,,Sorel,Sorel,,,"soundings_wintremix/upperair.sounding.202203012300.UQAM-Sorel.txt,soundings_wintremix/upperair.sounding.202203020100.UQAM-Sorel.txt",0.0,2022-03-01 23:50:00,Sorel2022-03-01 23:50:00,False,,,,
1444,,,,,,2022-03-02 00:00:00,IOP7,SN,,,,,,,,,,,-8.929811320754716,SN,,,Sorel,Sorel,,,"soundings_wintremix/upperair.sounding.202203012300.UQAM-Sorel.txt,soundings_wintremix/upperair.sounding.202203020100.UQAM-Sorel.txt",0.0,2022-03-02 00:00:00,Sorel2022-03-02 00:00:00,False,,,,
1445,,,,,,2022-03-02 00:10:00,IOP7,SN,,,,,,,,,,,-8.90311320754717,SN,,,Sorel,Sorel,,,"soundings_wintremix/upperair.sounding.202203012300.UQAM-Sorel.txt,soundings_wintremix/upperair.sounding.202203020100.UQAM-Sorel.txt",0.0,2022-03-02 00:10:00,Sorel2022-03-02 00:10:00,False,,,,
1446,,,,,,2022-03-02 00:20:00,IOP7,SN,,,,,,,,,,,-8.87641509433962,SN,,,Sorel,Sorel,,,"soundings_wintremix/upperair.sounding.202203012300.UQAM-Sorel.txt,soundings_wintremix/upperair.sounding.202203020100.UQAM-Sorel.txt",0.0,2022-03-02 00:20:00,Sorel2022-03-02 00:20:00,False,,,,
1447,,,,,,2022-03-02 00:30:00,IOP7,SN,,,,,,,,,,,-8.849716981132074,SN,,,Sorel,Sorel,,,"soundings_wintremix/upperair.sounding.202203012300.UQAM-Sorel.txt,soundings_wintremix/upperair.sounding.202203020100.UQAM-Sorel.txt",0.0,2022-03-02 00:30:00,Sorel2022-03-02 00:30:00,False,,,,
1448,,,,,,2022-03-02 00:40:00,IOP7,SN,,,,,,,,,,,-8.823018867924528,SN,,,Sorel,Sorel,,,"soundings_wintremix/upperair.sounding.202203012300.UQAM-Sorel.txt,soundings_wintremix/upperair.sounding.202203020100.UQAM-Sorel.txt",0.0,2022-03-02 00:40:00,Sorel2022-03-02 00:40:00,False,,,,
1449,,,,,,2022-03-02 00:50:00,IOP7,SN,,,,,,,,,,,-8.79632075471698,SN,,,Sorel,Sorel,,,"soundings_wintremix/upperair.sounding.202203012300.UQAM-Sorel.txt,soundings_wintremix/upperair.sounding.202203020100.UQAM-Sorel.txt",0.0,2022-03-02 00:50:00,Sorel2022-03-02 00:50:00,False,,,,
1450,,,,,,2022-03-02 01:00:00,IOP7,SN,,,,,,,,,,,,SN,,,Sorel,Sorel,,,,,2022-03-02 01:00:00,Sorel2022-03-02 01:00:00,False,,,,
1451,,,,,,2022-03-02 01:10:00,IOP7,SN,,,,,,,,,,,,SN,,,Sorel,Sorel,,,,0.0,2022-03-02 01:10:00,Sorel2022-03-02 01:10:00,True,upperair.sounding.202203020100.UQAM-Sorel.txt,,,
1452,,,,,,2022-03-02 01:20:00,IOP7,SN,,,,,,,,,,,,SN,,,Sorel,Sorel,,,,,2022-03-02 01:20:00,Sorel2022-03-02 01:20:00,False,,,,
1453,,,,,,2022-03-02 01:30:00,IOP7,SN,,,,,,,,,,,,SN,,,Sorel,Sorel,,,,,2022-03-02 01:30:00,Sorel2022-03-02 01:30:00,False,,,,
1454,,,,,,2022-03-02 01:40:00,IOP7,SN,,,,,,,,,,,,SN,,,Sorel,Sorel,,,,,2022-03-02 01:40:00,Sorel2022-03-02 01:40:00,False,,,,
1455,,,,,,2022-03-02 01:50:00,IOP7,SN,,,,,,,,,,,,SN,,,Sorel,Sorel,,,,,2022-03-02 01:50:00,Sorel2022-03-02 01:50:00,False,,,,
1456,,,,,,2022-03-02 02:00:00,IOP7,SN,,,,,,,,,,,,SN,,,Sorel,Sorel,,,,,2022-03-02 02:00:00,Sorel2022-03-02 02:00:00,False,,,,
1457,,,,,,2022-03-06 06:00:00,IOP8,SN,,,,,,,,,,,,SN,,,Sorel,Sorel,,,,,2022-03-06 06:00:00,Sorel2022-03-06 06:00:00,False,,0.0108,-4.498333333333333,87.41166666666666
1458,,,,,,2022-03-06 06:10:00,IOP8,SN,,,,,,,,,,,,SN,,,Sorel,Sorel,,,,,2022-03-06 06:10:00,Sorel2022-03-06 06:10:00,False,,0.0,-4.394166666666667,87.54333333333332
1459,,,,,,2022-03-06 06:20:00,IOP8,SN,,,,,,,,,,,-4.41,SN,,,Sorel,Sorel,,,"soundings_wintremix/upperair.sounding.202203060620.UQAM-Sorel.txt,soundings_wintremix/upperair.sounding.202203060800.UQAM-Sorel.txt",0.0,2022-03-06 06:20:00,Sorel2022-03-06 06:20:00,False,,0.0016,-4.300833333333333,87.555
1460,,,,,,2022-03-06 06:30:00,IOP8,SN,,,,,,,,,,,-4.403321428571429,SN,,,Sorel,Sorel,,,"soundings_wintremix/upperair.sounding.202203060620.UQAM-Sorel.txt,soundings_wintremix/upperair.sounding.202203060800.UQAM-Sorel.txt",0.0,2022-03-06 06:30:00,Sorel2022-03-06 06:30:00,True,upperair.sounding.202203060620.UQAM-Sorel.txt,0.7184,-4.303333333333333,87.3375
1461,,,,,,2022-03-06 06:40:00,IOP8,SN,SN,,,,,,,,,,-4.396642857142858,SN,,,Sorel,Sorel,,,"soundings_wintremix/upperair.sounding.202203060620.UQAM-Sorel.txt,soundings_wintremix/upperair.sounding.202203060800.UQAM-Sorel.txt",0.0,2022-03-06 06:40:00,Sorel2022-03-06 06:40:00,False,,0.3608,-4.4,87.16166666666666
1462,,,,,,2022-03-06 06:50:00,IOP8,SN,SN,,,,,,,,,,-4.389964285714285,SN,,,Sorel,Sorel,,,"soundings_wintremix/upperair.sounding.202203060620.UQAM-Sorel.txt,soundings_wintremix/upperair.sounding.202203060800.UQAM-Sorel.txt",0.0,2022-03-06 06:50:00,Sorel2022-03-06 06:50:00,False,,0.0126,-4.4675,87.24499999999999
1463,,,,,,2022-03-06 07:00:00,IOP8,SN,SN,,,,,,,,,,-4.383285714285714,SN,,,Sorel,Sorel,,,"soundings_wintremix/upperair.sounding.202203060620.UQAM-Sorel.txt,soundings_wintremix/upperair.sounding.202203060800.UQAM-Sorel.txt",0.0,2022-03-06 07:00:00,Sorel2022-03-06 07:00:00,False,,0.7433,-4.389166666666667,87.79416666666665
1464,,,,,,2022-03-06 07:10:00,IOP8,SN,SN,,,,,,,,,,-4.376607142857143,SN,,,Sorel,Sorel,,,"soundings_wintremix/upperair.sounding.202203060620.UQAM-Sorel.txt,soundings_wintremix/upperair.sounding.202203060800.UQAM-Sorel.txt",0.0,2022-03-06 07:10:00,Sorel2022-03-06 07:10:00,False,,0.6617,-4.233333333333333,88.22583333333334
1465,,,,,,2022-03-06 07:20:00,IOP8,SN,SN,,,,,,,,,,-4.369928571428572,SN,,,Sorel,Sorel,,,"soundings_wintremix/upperair.sounding.202203060620.UQAM-Sorel.txt,soundings_wintremix/upperair.sounding.202203060800.UQAM-Sorel.txt",0.0,2022-03-06 07:20:00,Sorel2022-03-06 07:20:00,False,,0.5753,-4.104166666666666,87.9225
1466,,,,,,2022-03-06 07:30:00,IOP8,SN,SN,,,,,,,,,,-4.36325,SN,,,Sorel,Sorel,,,"soundings_wintremix/upperair.sounding.202203060620.UQAM-Sorel.txt,soundings_wintremix/upperair.sounding.202203060800.UQAM-Sorel.txt",0.0,2022-03-06 07:30:00,Sorel2022-03-06 07:30:00,False,,0.8949,-4.1033333333333335,87.7
1467,-4656.689591334451,97.933192,102.2816680602895,-2.3052918768982424,13.0,2022-03-06 07:40:00,IOP8,SN,PL,,,4.166043438023375,2118.0,0.046289371533593054,2033.0,13.0,13.0,2015.0,-4.356571428571429,SN and PL,0.08338053002203921,-5.261860465116279,Sorel,Sorel,2118.0,2028.0,"soundings_wintremix/upperair.sounding.202203060620.UQAM-Sorel.txt,soundings_wintremix/upperair.sounding.202203060800.UQAM-Sorel.txt",85.0,2022-03-06 07:40:00,Sorel2022-03-06 07:40:00,False,,0.9981,-4.1,87.60833333333333
1468,-4354.552558582413,98.37290933333334,102.73531194280157,-2.17184666263462,14.0,2022-03-06 07:50:00,IOP8,SN,PL,,,16.934643982548884,2154.0,0.12096174273249202,2019.0,14.0,14.0,2000.0,-4.349892857142858,SN and PL,0.20870106300059105,-5.210795593635251,Sorel,Sorel,2154.0,2014.0,"soundings_wintremix/upperair.sounding.202203060620.UQAM-Sorel.txt,soundings_wintremix/upperair.sounding.202203060800.UQAM-Sorel.txt",135.0,2022-03-06 07:50:00,Sorel2022-03-06 07:50:00,False,,0.45620000000000005,-4.098333333333333,87.29916666666666
1469,-4060.757162632554,99.55666666666667,103.94784316997689,-2.0354672494398764,13.0,2022-03-06 08:00:00,IOP8,PL,SN,,,34.39304433180887,2183.0,0.19107246851004928,2008.0,13.0,13.0,1990.0,-4.34,SN and PL,0.33882352941176397,-5.181818181818182,Sorel,Sorel,2183.0,2003.0,"soundings_wintremix/upperair.sounding.202203060800.UQAM-Sorel.txt,soundings_wintremix/upperair.sounding.202203061000.UQAM-Sorel.txt",175.0,2022-03-06 08:00:00,Sorel2022-03-06 08:00:00,False,,0.6957,-4.1,87.51416666666667
1470,-4060.757162632554,99.55666666666667,103.94784316997689,-2.0354672494398764,13.0,2022-03-06 08:10:00,IOP8,PL,SN,,,34.39304433180887,2183.0,0.19107246851004928,2008.0,13.0,13.0,1990.0,-4.243262711864406,SN and PL,0.33882352941176397,-5.181818181818182,Sorel,Sorel,2183.0,2003.0,"soundings_wintremix/upperair.sounding.202203060800.UQAM-Sorel.txt,soundings_wintremix/upperair.sounding.202203061000.UQAM-Sorel.txt",175.0,2022-03-06 08:10:00,Sorel2022-03-06 08:10:00,True,upperair.sounding.202203060800.UQAM-Sorel.txt,0.6788000000000001,-4.05,87.5425
1471,-3392.8543948799206,97.23304837332093,101.33542442219652,-2.0751403026788506,13.0,2022-03-06 08:20:00,IOP8,PL,SN,,,55.58279679650374,2183.0,0.20211926107819544,1913.0,13.0,13.0,1630.0,-4.146525423728813,SN and PL,0.42388534583305754,-5.028913347309573,Sorel,Sorel,2183.0,1643.0,"soundings_wintremix/upperair.sounding.202203060800.UQAM-Sorel.txt,soundings_wintremix/upperair.sounding.202203061000.UQAM-Sorel.txt",270.0,2022-03-06 08:20:00,Sorel2022-03-06 08:20:00,False,,0.7898999999999999,-3.981666666666667,87.80749999999999
1472,-3150.0772818085406,96.1109909651669,100.11620104169558,-1.9749700826385836,13.0,2022-03-06 08:30:00,IOP8,PL,SN,,,188.31157854370255,2188.0,0.32190013426273945,1608.0,13.0,13.0,1590.0,-4.049788135593221,SN and PL,0.480395408163266,-4.9524609300552696,Sorel,Sorel,2188.0,1603.0,"soundings_wintremix/upperair.sounding.202203060800.UQAM-Sorel.txt,soundings_wintremix/upperair.sounding.202203061000.UQAM-Sorel.txt",580.0,2022-03-06 08:30:00,Sorel2022-03-06 08:30:00,False,,0.7622,-3.9,87.6875
1473,-2918.880329391535,95.45305462022253,99.34005250665624,-1.8532573519946252,13.0,2022-03-06 08:40:00,IOP8,PL,SN,,,312.0345059685972,2188.0,0.5157595139976814,1588.0,13.0,13.0,1570.0,-3.953050847457627,SN and PL,0.8542006802721094,-4.876008512800966,Sorel,Sorel,2188.0,1583.0,"soundings_wintremix/upperair.sounding.202203060800.UQAM-Sorel.txt,soundings_wintremix/upperair.sounding.202203061000.UQAM-Sorel.txt",600.0,2022-03-06 08:40:00,Sorel2022-03-06 08:40:00,False,,0.24979999999999997,-3.9,87.72416666666666
1474,-2700.0294387277254,94.79511827527818,98.56524183968688,-1.7647251233514543,13.0,2022-03-06 08:50:00,IOP8,PL,SN,,,448.1329799951734,2193.0,0.6841724885422494,1543.0,13.0,13.0,1525.0,-3.856313559322034,SN and PL,1.228712450272446,-4.799556095546661,Sorel,Sorel,2193.0,1538.0,"soundings_wintremix/upperair.sounding.202203060800.UQAM-Sorel.txt,soundings_wintremix/upperair.sounding.202203061000.UQAM-Sorel.txt",650.0,2022-03-06 08:50:00,Sorel2022-03-06 08:50:00,False,,0.2057,-3.9,87.65249999999999
1475,-2499.9231411332466,94.295,98.4513793325657,-1.6666154274221643,13.0,2022-03-06 09:00:00,IOP8,PL,FZRA,,,603.0316592122927,2193.0,0.880338188631084,1513.0,13.0,13.0,1495.0,-3.7595762711864404,FZRA and PL,1.6405519426147146,-4.723103678292357,Sorel,Sorel,2193.0,1508.0,"soundings_wintremix/upperair.sounding.202203060800.UQAM-Sorel.txt,soundings_wintremix/upperair.sounding.202203061000.UQAM-Sorel.txt",680.0,2022-03-06 09:00:00,Sorel2022-03-06 09:00:00,False,,0.2853,-3.8441666666666667,88.1425
1476,-2307.320908097806,94.38916666666667,98.54580615133204,-1.5590006135795986,13.0,2022-03-06 09:10:00,IOP8,PL,FZRA,,,765.4805934646402,2198.0,1.0781416809361124,1493.0,13.0,13.0,1475.0,-3.6628389830508477,FZRA and PL,2.062534958691526,-4.646651261038054,Sorel,Sorel,2198.0,1488.0,"soundings_wintremix/upperair.sounding.202203060800.UQAM-Sorel.txt,soundings_wintremix/upperair.sounding.202203061000.UQAM-Sorel.txt",705.0,2022-03-06 09:10:00,Sorel2022-03-06 09:10:00,False,,0.3966,-3.7233333333333336,88.56416666666665
1477,-2118.6768200856577,94.48333333333332,98.6400168846594,-1.4412767483575903,13.0,2022-03-06 09:20:00,IOP8,FZRA,,,,931.9443875119031,2203.0,1.2854405344991764,1483.0,13.0,13.0,1465.0,-3.566101694915254,FZRA,2.4853460049867886,-4.570198843783749,Sorel,Sorel,2203.0,1478.0,"soundings_wintremix/upperair.sounding.202203060800.UQAM-Sorel.txt,soundings_wintremix/upperair.sounding.202203061000.UQAM-Sorel.txt",720.0,2022-03-06 09:20:00,Sorel2022-03-06 09:20:00,False,,0.22949999999999998,-3.599166666666667,88.7925
1478,-1932.715222827449,94.5775,98.73401184625479,-1.3237775498818147,13.0,2022-03-06 09:30:00,IOP8,FZRA,PL,,,1101.1855264797725,2203.0,1.4982116006527515,1473.0,13.0,13.0,1455.0,-3.469364406779661,FZRA and PL,2.928712922460882,-4.493746426529445,Sorel,Sorel,2203.0,1468.0,"soundings_wintremix/upperair.sounding.202203060800.UQAM-Sorel.txt,soundings_wintremix/upperair.sounding.202203061000.UQAM-Sorel.txt",730.0,2022-03-06 09:30:00,Sorel2022-03-06 09:30:00,False,,1.5595,-3.5050000000000003,89.05833333333334
1479,-1672.2041943671495,94.69315245478036,98.82779134947747,-2.130196425945413,13.0,2022-03-06 09:40:00,IOP8,FZRA,,,,1278.5297808697273,2208.0,1.6082135608424242,1418.0,13.0,13.0,780.0,-3.372627118644068,FZRA,3.379288868093791,-4.417294009275142,Sorel,Sorel,2208.0,793.0,"soundings_wintremix/upperair.sounding.202203060800.UQAM-Sorel.txt,soundings_wintremix/upperair.sounding.202203061000.UQAM-Sorel.txt",790.0,2022-03-06 09:40:00,Sorel2022-03-06 09:40:00,False,,0.6315000000000001,-3.2891666666666666,89.28833333333334
1480,-1636.0612233957736,94.85988630490955,98.92135570733709,-2.1110467398655137,13.0,2022-03-06 09:50:00,IOP8,FZRA,,,,1470.9578975574327,2208.0,1.6620993192739355,1328.0,13.0,13.0,770.0,-3.2758898305084747,FZRA,3.839752031270024,-4.341126357918811,Sorel,Sorel,2208.0,783.0,"soundings_wintremix/upperair.sounding.202203060800.UQAM-Sorel.txt,soundings_wintremix/upperair.sounding.202203061000.UQAM-Sorel.txt",880.0,2022-03-06 09:50:00,Sorel2022-03-06 09:50:00,False,,1.4487999999999999,-3.0941666666666667,89.2
1481,-1601.6750294712028,95.06425925925926,99.03320179702128,-2.0800974408716923,13.0,2022-03-06 10:00:00,IOP8,FZRA,,,,1666.2530338405,2213.0,1.8721944200455054,1328.0,13.0,13.0,765.0,-3.17,FZRA,4.307647058823529,-4.269622641509434,Sorel,Sorel,2213.0,778.0,"soundings_wintremix/upperair.sounding.202203061000.UQAM-Sorel.txt,soundings_wintremix/upperair.sounding.202203061200.UQAM-Sorel.txt",885.0,2022-03-06 10:00:00,Sorel2022-03-06 10:00:00,False,,0.27240000000000003,-2.9091666666666662,89.2425
1482,-1601.6750294712028,95.06425925925926,99.03320179702128,-2.0800974408716923,13.0,2022-03-06 10:10:00,IOP8,FZRA,,,,1666.2530338405,2213.0,1.8721944200455054,1328.0,13.0,13.0,765.0,-3.1353193146417446,FZRA,4.307647058823529,-4.269622641509434,Sorel,Sorel,2213.0,778.0,"soundings_wintremix/upperair.sounding.202203061000.UQAM-Sorel.txt,soundings_wintremix/upperair.sounding.202203061200.UQAM-Sorel.txt",885.0,2022-03-06 10:10:00,Sorel2022-03-06 10:10:00,True,upperair.sounding.202203061000.UQAM-Sorel.txt,0.040600000000000004,-2.8191666666666664,88.95416666666667
1483,-1423.8974171580594,94.67009561128528,98.54294346923106,-1.861303813278509,13.0,2022-03-06 10:20:00,IOP8,FZRA,,,,2384.5673835783923,2273.0,1.5897115890522615,778.0,13.0,13.0,760.0,-3.100638629283489,FZRA,4.4017116493656285,-4.150918694793953,Sorel,Sorel,2273.0,773.0,"soundings_wintremix/upperair.sounding.202203061000.UQAM-Sorel.txt,soundings_wintremix/upperair.sounding.202203061200.UQAM-Sorel.txt",1495.0,2022-03-06 10:20:00,Sorel2022-03-06 10:20:00,False,,0.029199999999999997,-2.8,88.99166666666666
1484,-1336.8434364147106,94.50829980842911,98.34622906654661,-1.7590045215983034,13.0,2022-03-06 10:30:00,IOP8,,,,,2667.8520972535107,2293.0,1.7494112113137776,773.0,13.0,13.0,755.0,-3.0659579439252336,,4.4487439446366785,-4.094396910115457,Sorel,Sorel,2293.0,768.0,"soundings_wintremix/upperair.sounding.202203061000.UQAM-Sorel.txt,soundings_wintremix/upperair.sounding.202203061200.UQAM-Sorel.txt",1520.0,2022-03-06 10:30:00,Sorel2022-03-06 10:30:00,False,,0.0,-2.8,88.75500000000001
1485,-1251.492246534539,94.38328863346104,98.16510397199998,-1.6686563287127192,13.0,2022-03-06 10:40:00,IOP8,,,,,2956.2864704398544,2318.0,1.8950554297691378,763.0,13.0,13.0,745.0,-3.031277258566978,,4.495776239907728,-4.037875125436962,Sorel,Sorel,2318.0,758.0,"soundings_wintremix/upperair.sounding.202203061000.UQAM-Sorel.txt,soundings_wintremix/upperair.sounding.202203061200.UQAM-Sorel.txt",1555.0,2022-03-06 10:40:00,Sorel2022-03-06 10:40:00,False,,0.0,-2.7916666666666665,88.5775
1486,-1172.6720854032565,94.25827745849298,97.98414388863415,-1.6174787384872502,13.0,2022-03-06 10:50:00,IOP8,,,,,3255.7751119336554,2358.0,2.0035539150360955,738.0,13.0,13.0,720.0,-2.996596573208723,,4.5462878431372555,-3.9813533407584667,Sorel,Sorel,2358.0,733.0,"soundings_wintremix/upperair.sounding.202203061000.UQAM-Sorel.txt,soundings_wintremix/upperair.sounding.202203061200.UQAM-Sorel.txt",1620.0,2022-03-06 10:50:00,Sorel2022-03-06 10:50:00,False,,0.0,-2.8,88.46416666666667
1487,-1099.2191502660203,94.1332662835249,97.80334868996236,-1.5373694409314973,13.0,2022-03-06 11:00:00,IOP8,,,,,3564.0276096026555,2378.0,2.1534910027810605,728.0,13.0,13.0,710.0,-2.961915887850467,,4.597065411764706,-3.924831556079971,Sorel,Sorel,2378.0,723.0,"soundings_wintremix/upperair.sounding.202203061000.UQAM-Sorel.txt,soundings_wintremix/upperair.sounding.202203061200.UQAM-Sorel.txt",1650.0,2022-03-06 11:00:00,Sorel2022-03-06 11:00:00,False,,0.0,-2.8,88.63166666666666
1488,-953.1567852890252,94.00825510855684,97.62271824956795,-2.3534735439235193,13.0,2022-03-06 11:10:00,IOP8,,,,,3877.244676726656,2393.0,2.3010354164549884,713.0,13.0,13.0,400.0,-2.927235202492212,,4.6478429803921575,-3.868309771401476,Sorel,Sorel,2393.0,413.0,"soundings_wintremix/upperair.sounding.202203061000.UQAM-Sorel.txt,soundings_wintremix/upperair.sounding.202203061200.UQAM-Sorel.txt",1680.0,2022-03-06 11:10:00,Sorel2022-03-06 11:10:00,False,,0.0,-2.7933333333333334,88.58999999999999
1489,-922.8184167890123,93.88324393358876,97.46490724156806,-2.336249156427879,13.0,2022-03-06 11:20:00,IOP8,,,,,4194.170291509155,2408.0,2.4599239246387996,708.0,13.0,13.0,390.0,-2.892554517133956,,4.699620915032679,-3.81178798672298,Sorel,Sorel,2408.0,403.0,"soundings_wintremix/upperair.sounding.202203061000.UQAM-Sorel.txt,soundings_wintremix/upperair.sounding.202203061200.UQAM-Sorel.txt",1700.0,2022-03-06 11:20:00,Sorel2022-03-06 11:20:00,False,,0.0,-2.8441666666666667,88.28833333333334
1490,-893.1948525740553,93.80282550814988,97.34308420589402,-2.2612527913267217,13.0,2022-03-06 11:30:00,IOP8,,,,,4513.098693459762,2418.0,2.6238945892207917,703.0,13.0,13.0,390.0,-2.857873831775701,,4.774882352941177,-3.755266202044485,Sorel,Sorel,2418.0,403.0,"soundings_wintremix/upperair.sounding.202203061000.UQAM-Sorel.txt,soundings_wintremix/upperair.sounding.202203061200.UQAM-Sorel.txt",1715.0,2022-03-06 11:30:00,Sorel2022-03-06 11:30:00,False,,0.0,-2.9,88.35
1491,-864.1098430932676,93.73276908312951,97.22136001517545,-2.215666264341712,13.0,2022-03-06 11:40:00,IOP8,,,,,4833.764532462634,2433.0,2.7780255933693296,698.0,13.0,13.0,385.0,-2.8231931464174456,,4.97284705882353,-3.702865301498654,Sorel,Sorel,2433.0,398.0,"soundings_wintremix/upperair.sounding.202203061000.UQAM-Sorel.txt,soundings_wintremix/upperair.sounding.202203061200.UQAM-Sorel.txt",1735.0,2022-03-06 11:40:00,Sorel2022-03-06 11:40:00,False,,0.0,-2.8991666666666664,88.62416666666667
1492,-835.4657511534249,93.66271265810911,97.09973460064931,-2.170040912086818,13.0,2022-03-06 11:50:00,IOP8,,,,,5156.17095417402,2443.0,2.946383402385154,698.0,13.0,13.0,380.0,-2.78851246105919,,5.242288235294117,-3.651633313130001,Sorel,Sorel,2443.0,393.0,"soundings_wintremix/upperair.sounding.202203061000.UQAM-Sorel.txt,soundings_wintremix/upperair.sounding.202203061200.UQAM-Sorel.txt",1745.0,2022-03-06 11:50:00,Sorel2022-03-06 11:50:00,False,,0.0,-2.7708333333333335,88.86083333333335
1493,-807.6249623607109,93.67051724137932,97.07020427036008,-2.1253288483176607,13.0,2022-03-06 12:00:00,IOP8,,,,,5480.5538182387445,2453.0,3.0963580894004212,688.0,13.0,13.0,375.0,-2.79,,5.52,-3.612241379310345,Sorel,Sorel,2453.0,388.0,"soundings_wintremix/upperair.sounding.202203061200.UQAM-Sorel.txt,soundings_wintremix/upperair.sounding.202203061440.UQAM-Sorel.txt",1765.0,2022-03-06 12:00:00,Sorel2022-03-06 12:00:00,False,,0.0,-2.6033333333333335,88.88166666666667
1494,-807.6249623607109,93.67051724137932,97.07020427036008,-2.1253288483176607,13.0,2022-03-06 12:10:00,IOP8,,,,,5480.5538182387445,2453.0,3.0963580894004212,688.0,13.0,13.0,375.0,-2.6978642086330935,,5.52,-3.612241379310345,Sorel,Sorel,2453.0,388.0,"soundings_wintremix/upperair.sounding.202203061200.UQAM-Sorel.txt,soundings_wintremix/upperair.sounding.202203061440.UQAM-Sorel.txt",1765.0,2022-03-06 12:10:00,Sorel2022-03-06 12:10:00,True,upperair.sounding.202203061200.UQAM-Sorel.txt,0.0,-2.4225,88.63333333333334
1495,-759.8483715777661,94.08424928160919,97.34324736064643,-1.9996009778362263,13.0,2022-03-06 12:20:00,IOP8,,,,,5686.0538173987725,2463.0,2.7402668999512154,393.0,13.0,13.0,375.0,-2.605728417266187,,5.341509103641457,-3.449827586206897,Sorel,Sorel,2463.0,388.0,"soundings_wintremix/upperair.sounding.202203061200.UQAM-Sorel.txt,soundings_wintremix/upperair.sounding.202203061440.UQAM-Sorel.txt",2070.0,2022-03-06 12:20:00,Sorel2022-03-06 12:20:00,False,,0.0,-2.2816666666666667,88.4075
1496,-735.9600761862938,94.34897491479552,97.48710756032254,-1.9367370425955095,13.0,2022-03-06 12:30:00,IOP8,,,,,5730.853182054352,2468.0,2.75521787598767,393.0,13.0,13.0,375.0,-2.513592625899281,,5.2531640156062425,-3.3686206896551725,Sorel,Sorel,2468.0,388.0,"soundings_wintremix/upperair.sounding.202203061200.UQAM-Sorel.txt,soundings_wintremix/upperair.sounding.202203061440.UQAM-Sorel.txt",2075.0,2022-03-06 12:30:00,Sorel2022-03-06 12:30:00,False,,0.0,-2.165,88.00333333333333
1497,-712.1201238937797,94.63328839214115,97.69947735640581,-1.8496626594643621,13.0,2022-03-06 12:40:00,IOP8,,,,,5775.863995657419,2473.0,2.7768576902199125,398.0,13.0,13.0,380.0,-2.4214568345323744,,5.166179471788715,-3.287413793103448,Sorel,Sorel,2473.0,393.0,"soundings_wintremix/upperair.sounding.202203061200.UQAM-Sorel.txt,soundings_wintremix/upperair.sounding.202203061440.UQAM-Sorel.txt",2075.0,2022-03-06 12:40:00,Sorel2022-03-06 12:40:00,False,,0.0,-2.1,87.51166666666667
1498,-688.3448908395469,94.91760186948677,97.91142860954851,-1.7879088073754466,13.0,2022-03-06 12:50:00,IOP8,,,,,5821.098742442897,2478.0,2.7918938812675766,398.0,13.0,13.0,380.0,-2.329321043165468,,5.079194927971188,-3.206206896551724,Sorel,Sorel,2478.0,393.0,"soundings_wintremix/upperair.sounding.202203061200.UQAM-Sorel.txt,soundings_wintremix/upperair.sounding.202203061440.UQAM-Sorel.txt",2080.0,2022-03-06 12:50:00,Sorel2022-03-06 12:50:00,False,,0.0658,-2.0,87.63000000000001
1499,-664.5696577853139,95.2019153468324,98.12296190721338,-1.7261549552865294,13.0,2022-03-06 13:00:00,IOP8,FZRA,,,,5866.540264079798,2483.0,2.8069570641530133,398.0,13.0,13.0,380.0,-2.237185251798561,FZRA,4.992210384153661,-3.1250000000000004,Sorel,Sorel,2483.0,393.0,"soundings_wintremix/upperair.sounding.202203061200.UQAM-Sorel.txt,soundings_wintremix/upperair.sounding.202203061440.UQAM-Sorel.txt",2085.0,2022-03-06 13:00:00,Sorel2022-03-06 13:00:00,False,,1.9169999999999998,-1.8441666666666665,88.19
1500,-640.7944247310812,95.48622882417803,98.33407783623252,-1.6644011031976134,13.0,2022-03-06 13:10:00,IOP8,FZRA,,,,5912.217119697878,2488.0,2.8220606776600845,398.0,13.0,13.0,380.0,-2.145049460431655,FZRA,4.906783828916183,-3.0437931034482757,Sorel,Sorel,2488.0,393.0,"soundings_wintremix/upperair.sounding.202203061200.UQAM-Sorel.txt,soundings_wintremix/upperair.sounding.202203061440.UQAM-Sorel.txt",2090.0,2022-03-06 13:10:00,Sorel2022-03-06 13:10:00,False,,1.7183,-1.6224999999999998,88.2125
1501,-617.0191916768484,95.77054230152366,98.54477698280652,-1.602647251108697,13.0,2022-03-06 13:20:00,IOP8,FZRA,,,,5958.268603950144,2498.0,2.830531403301731,398.0,13.0,13.0,380.0,-2.0529136690647483,FZRA,4.825774925354758,-2.962586206896552,Sorel,Sorel,2498.0,393.0,"soundings_wintremix/upperair.sounding.202203061200.UQAM-Sorel.txt,soundings_wintremix/upperair.sounding.202203061440.UQAM-Sorel.txt",2100.0,2022-03-06 13:20:00,Sorel2022-03-06 13:20:00,False,,2.1847000000000003,-1.5158333333333334,88.06666666666666
1502,-593.3177024081269,96.05485577886928,98.7550599325055,-1.5213274420721201,13.0,2022-03-06 13:30:00,IOP8,FZRA,,,,6004.76357640011,2503.0,2.8526192761995772,403.0,13.0,13.0,385.0,-1.9607778776978417,FZRA,4.744766021793333,-2.8832733050847454,Sorel,Sorel,2503.0,398.0,"soundings_wintremix/upperair.sounding.202203061200.UQAM-Sorel.txt,soundings_wintremix/upperair.sounding.202203061440.UQAM-Sorel.txt",2100.0,2022-03-06 13:30:00,Sorel2022-03-06 13:30:00,False,,2.2489,-1.3091666666666666,88.32083333333334
1503,-569.6557846356177,96.3913820669607,98.96492727026943,-1.460655858040045,13.0,2022-03-06 13:40:00,IOP8,FZRA,,,,6041.773448543586,2513.0,2.9689304415447597,483.0,13.0,13.0,385.0,-1.8686420863309354,FZRA,4.663757118231909,-2.8052754237288133,Sorel,Sorel,2513.0,398.0,"soundings_wintremix/upperair.sounding.202203061200.UQAM-Sorel.txt,soundings_wintremix/upperair.sounding.202203061440.UQAM-Sorel.txt",2030.0,2022-03-06 13:40:00,Sorel2022-03-06 13:40:00,False,,1.7128,-1.1466666666666667,88.59416666666667
1504,-545.9938668631082,96.75074441158782,99.17437958040892,-1.3999842740079702,13.0,2022-03-06 13:50:00,IOP8,FZRA,,,,6094.150397763355,2518.0,2.9873286263545857,483.0,13.0,13.0,385.0,-1.7765062949640287,FZRA,4.582748214670484,-2.7272775423728812,Sorel,Sorel,2518.0,398.0,"soundings_wintremix/upperair.sounding.202203061200.UQAM-Sorel.txt,soundings_wintremix/upperair.sounding.202203061440.UQAM-Sorel.txt",2035.0,2022-03-06 13:50:00,Sorel2022-03-06 13:50:00,False,,0.9470000000000001,-1.0533333333333335,88.40666666666667
1505,-522.357095718165,97.11010675621493,99.38341744660242,-1.3224230271345947,13.0,2022-03-06 14:00:00,IOP8,FZRA,,,,6146.958715892262,2528.0,2.998516446776713,483.0,13.0,13.0,390.0,-1.6843705035971224,FZRA,4.583158493427705,-2.649279661016949,Sorel,Sorel,2528.0,403.0,"soundings_wintremix/upperair.sounding.202203061200.UQAM-Sorel.txt,soundings_wintremix/upperair.sounding.202203061440.UQAM-Sorel.txt",2045.0,2022-03-06 14:00:00,Sorel2022-03-06 14:00:00,False,,4.2753,-0.8983333333333333,89.34916666666666
1506,-498.8392761861248,97.46946910084202,99.61921565599317,-1.2628842435091767,13.0,2022-03-06 14:10:00,IOP8,FZRA,,,,6200.130444902348,2533.0,3.0170951070084415,483.0,13.0,13.0,390.0,-1.5922347122302158,FZRA,4.5839449570273,-2.5712817796610166,Sorel,Sorel,2533.0,403.0,"soundings_wintremix/upperair.sounding.202203061200.UQAM-Sorel.txt,soundings_wintremix/upperair.sounding.202203061440.UQAM-Sorel.txt",2050.0,2022-03-06 14:10:00,Sorel2022-03-06 14:10:00,False,,6.0485,-0.7525,89.63833333333334
1507,-485.3927395799017,97.82883144546913,99.88999871709365,-1.0327505097444718,13.0,2022-03-06 14:20:00,IOP8,FZRA,,,,6253.5783487691715,2538.0,3.035717645033578,483.0,13.0,13.0,465.0,-1.5000989208633095,FZRA,4.584731420626896,-2.493283898305085,Sorel,Sorel,2538.0,478.0,"soundings_wintremix/upperair.sounding.202203061200.UQAM-Sorel.txt,soundings_wintremix/upperair.sounding.202203061440.UQAM-Sorel.txt",2055.0,2022-03-06 14:20:00,Sorel2022-03-06 14:20:00,False,,4.1129999999999995,-0.7066666666666667,89.58166666666666
1508,-466.800046719738,98.18819379009624,100.1601682553882,-0.9931915887654003,13.0,2022-03-06 14:30:00,IOP8,FZRA,,,,6307.30059081466,2543.0,3.0543828526947503,483.0,13.0,13.0,465.0,-1.407963129496403,FZRA,4.5855178842264905,-2.4152860169491523,Sorel,Sorel,2543.0,478.0,"soundings_wintremix/upperair.sounding.202203061200.UQAM-Sorel.txt,soundings_wintremix/upperair.sounding.202203061440.UQAM-Sorel.txt",2060.0,2022-03-06 14:30:00,Sorel2022-03-06 14:30:00,False,,2.6667,-0.8658333333333333,89.28583333333333
1509,-449.1769827916538,99.90318181818182,100.46655065914297,-0.945635753245587,13.0,2022-03-06 14:40:00,IOP8,FZRA,,,,6361.92142880237,2548.0,3.0808336216960632,488.0,13.0,13.0,470.0,-1.5,FZRA,4.586304347826087,-2.347560975609756,Sorel,Sorel,2548.0,483.0,"soundings_wintremix/upperair.sounding.202203061440.UQAM-Sorel.txt,soundings_wintremix/upperair.sounding.202203061600.UQAM-Sorel.txt",2060.0,2022-03-06 14:40:00,Sorel2022-03-06 14:40:00,False,,1.8395,-0.8566666666666667,89.74499999999999
1510,-449.1769827916538,99.90318181818182,100.46655065914297,-0.945635753245587,13.0,2022-03-06 14:50:00,IOP8,FZRA,,,,6361.92142880237,2548.0,3.0808336216960632,488.0,13.0,13.0,470.0,-1.407983870967742,FZRA,4.586304347826087,-2.347560975609756,Sorel,Sorel,2548.0,483.0,"soundings_wintremix/upperair.sounding.202203061440.UQAM-Sorel.txt,soundings_wintremix/upperair.sounding.202203061600.UQAM-Sorel.txt",2060.0,2022-03-06 14:50:00,Sorel2022-03-06 14:50:00,True,upperair.sounding.202203061440.UQAM-Sorel.txt,2.5909,-0.7216666666666666,90.05916666666667
1511,-422.3408383142735,98.9575,100.7842742354244,-1.0969891904266846,13.0,2022-03-06 15:00:00,IOP8,FZRA,,,,6904.048482737296,2523.0,3.376062827744398,483.0,13.0,13.0,380.0,-1.3159677419354838,FZRA,4.923888301310301,-2.1920543495075546,Sorel,Sorel,2523.0,393.0,"soundings_wintremix/upperair.sounding.202203061440.UQAM-Sorel.txt,soundings_wintremix/upperair.sounding.202203061600.UQAM-Sorel.txt",2040.0,2022-03-06 15:00:00,Sorel2022-03-06 15:00:00,False,,0.6648,-0.6733333333333333,89.89083333333333
1512,-420.46102572195156,99.13125,100.94302263530057,-1.1679472936720876,13.0,2022-03-06 15:10:00,IOP8,FZRA,,,,7188.771996136722,2488.0,3.423224760065106,393.0,13.0,13.0,355.0,-1.223951612903226,FZRA,5.102255882352941,-2.1180245197168857,Sorel,Sorel,2488.0,368.0,"soundings_wintremix/upperair.sounding.202203061440.UQAM-Sorel.txt,soundings_wintremix/upperair.sounding.202203061600.UQAM-Sorel.txt",2095.0,2022-03-06 15:10:00,Sorel2022-03-06 15:10:00,False,,0.46420000000000006,-0.5558333333333334,89.98166666666665
1513,-422.55487048566215,99.30499999999999,101.10169549568369,-1.2072996299590348,13.0,2022-03-06 15:20:00,IOP8,FZRA,,,,7483.636309103753,2463.0,3.555171643279692,363.0,13.0,13.0,345.0,-1.1319354838709677,FZRA,5.410141176470589,-2.047366026289181,Sorel,Sorel,2463.0,358.0,"soundings_wintremix/upperair.sounding.202203061440.UQAM-Sorel.txt,soundings_wintremix/upperair.sounding.202203061600.UQAM-Sorel.txt",2100.0,2022-03-06 15:20:00,Sorel2022-03-06 15:20:00,False,,0.5909000000000001,-0.5491666666666667,89.68083333333334
1514,-425.47329038354087,99.47874999999999,101.2602928560623,-1.2156379725244024,13.0,2022-03-06 15:30:00,IOP8,FZRA,,,,7780.671293922231,2453.0,3.7139242453089416,363.0,13.0,13.0,345.0,-1.0399193548387098,FZRA,5.724696428571429,-1.976707532861476,Sorel,Sorel,2453.0,358.0,"soundings_wintremix/upperair.sounding.202203061440.UQAM-Sorel.txt,soundings_wintremix/upperair.sounding.202203061600.UQAM-Sorel.txt",2090.0,2022-03-06 15:30:00,Sorel2022-03-06 15:30:00,False,,0.4231,-0.4983333333333333,89.905
1515,-428.41427125702927,99.6525,101.41881475590586,-1.2417804963971864,13.0,2022-03-06 15:40:00,IOP8,FZRA,,,,8080.047140123322,2433.0,3.884638048136212,358.0,13.0,13.0,340.0,-0.9479032258064517,FZRA,6.045064285714286,-1.9060490394337715,Sorel,Sorel,2433.0,353.0,"soundings_wintremix/upperair.sounding.202203061440.UQAM-Sorel.txt,soundings_wintremix/upperair.sounding.202203061600.UQAM-Sorel.txt",2075.0,2022-03-06 15:40:00,Sorel2022-03-06 15:40:00,False,,0.6244,-0.43333333333333335,90.22833333333332
1516,-431.8630773337698,99.82625,101.57726123466297,-1.2517770357500577,13.0,2022-03-06 15:50:00,IOP8,FZRA,,,,8380.959659679604,2428.0,4.03901670346005,358.0,13.0,13.0,340.0,-0.8558870967741936,FZRA,6.36545918367347,-1.8874229019211324,Sorel,Sorel,2428.0,353.0,"soundings_wintremix/upperair.sounding.202203061440.UQAM-Sorel.txt,soundings_wintremix/upperair.sounding.202203061600.UQAM-Sorel.txt",2070.0,2022-03-06 15:50:00,Sorel2022-03-06 15:50:00,False,,2.3508,-0.2933333333333333,90.46583333333334
1517,,,,,,2022-03-06 16:00:00,IOP8,FZRA,,,,,,,,,,,,FZRA,,,Sorel,Sorel,,,,,2022-03-06 16:00:00,Sorel2022-03-06 16:00:00,False,,0.1709,-0.20416666666666666,90.46583333333334
1518,-436.7919650768387,100.0,101.92782698181458,-1.2660636668893877,13.0,2022-03-06 16:10:00,IOP8,FZRA,,,,8682.767802633309,2423.0,4.1945738176972505,358.0,13.0,13.0,340.0,,FZRA,6.69,-1.9291489361702128,Sorel,Sorel,2423.0,353.0,,2065.0,2022-03-06 16:10:00,Sorel2022-03-06 16:10:00,True,upperair.sounding.202203061600.UQAM-Sorel.txt,0.0989,-0.2,90.41000000000001
1519,,,,,,2022-03-06 16:20:00,IOP8,FZRA,,,,,,,,,,,,FZRA,,,Sorel,Sorel,,,,,2022-03-06 16:20:00,Sorel2022-03-06 16:20:00,False,,0.46340000000000003,-0.1625,90.54583333333333
1520,,,,,,2022-03-06 16:30:00,IOP8,FZRA,,,,,,,,,,,,FZRA,,,Sorel,Sorel,,,,,2022-03-06 16:30:00,Sorel2022-03-06 16:30:00,False,,0.5488000000000001,-0.1275,90.50166666666668
1521,,,,,,2022-03-06 16:40:00,IOP8,FZRA,,,,,,,,,,,,FZRA,,,Sorel,Sorel,,,,,2022-03-06 16:40:00,Sorel2022-03-06 16:40:00,False,,0.0289,-0.07916666666666666,90.74583333333334
1522,,,,,,2022-03-06 16:50:00,IOP8,FZRA,,,,,,,,,,,,FZRA,,,Sorel,Sorel,,,,,2022-03-06 16:50:00,Sorel2022-03-06 16:50:00,False,,0.0424,0.020000000000000004,90.82833333333333
1523,,,,,,2022-03-06 17:00:00,IOP8,RA,,,,,,,,,,,,RA,,,Sorel,Sorel,,,,,2022-03-06 17:00:00,Sorel2022-03-06 17:00:00,False,,0.06516666666666666,0.1,90.35833333333333
1724,,,,,,,,,,,,,,,,,,,,,,,,,,,,0.0,2022-03-07 16:10:00,Sorel2022-03-07 16:10:00,True,upperair.sounding.202203071600.UQAM-Sorel.txt,,,
1524,,,,,,2022-03-07 16:40:00,IOP9,,,,,,,,,,,,2.254902840059791,,,,Sorel,Sorel,,,"soundings_wintremix/upperair.sounding.202203071600.UQAM-Sorel.txt,soundings_wintremix/upperair.sounding.202203071800.UQAM-Sorel.txt",0.0,2022-03-07 16:40:00,Sorel2022-03-07 16:40:00,False,,,,
1525,,,,,,2022-03-07 16:50:00,IOP9,,,,,,,,,,,,2.1686285500747386,,,,Sorel,Sorel,,,"soundings_wintremix/upperair.sounding.202203071600.UQAM-Sorel.txt,soundings_wintremix/upperair.sounding.202203071800.UQAM-Sorel.txt",0.0,2022-03-07 16:50:00,Sorel2022-03-07 16:50:00,False,,,,
1526,,,,,,2022-03-07 17:00:00,IOP9,SN,,,,,,,,,,,2.0823542600896863,SN,,,Sorel,Sorel,,,"soundings_wintremix/upperair.sounding.202203071600.UQAM-Sorel.txt,soundings_wintremix/upperair.sounding.202203071800.UQAM-Sorel.txt",0.0,2022-03-07 17:00:00,Sorel2022-03-07 17:00:00,False,,,,
1527,,,,,,2022-03-07 17:10:00,IOP9,SN,,,,,,,,,,,1.996079970104634,SN,,,Sorel,Sorel,,,"soundings_wintremix/upperair.sounding.202203071600.UQAM-Sorel.txt,soundings_wintremix/upperair.sounding.202203071800.UQAM-Sorel.txt",0.0,2022-03-07 17:10:00,Sorel2022-03-07 17:10:00,False,,,,
1528,,,,,,2022-03-07 17:20:00,IOP9,SN,,,,,,,,,,,1.9098056801195815,SN,,,Sorel,Sorel,,,"soundings_wintremix/upperair.sounding.202203071600.UQAM-Sorel.txt,soundings_wintremix/upperair.sounding.202203071800.UQAM-Sorel.txt",0.0,2022-03-07 17:20:00,Sorel2022-03-07 17:20:00,False,,,,
1529,,,,,,2022-03-07 17:30:00,IOP9,SN,,,,,,,,,,,1.8235313901345291,SN,,,Sorel,Sorel,,,"soundings_wintremix/upperair.sounding.202203071600.UQAM-Sorel.txt,soundings_wintremix/upperair.sounding.202203071800.UQAM-Sorel.txt",0.0,2022-03-07 17:30:00,Sorel2022-03-07 17:30:00,False,,,,
1530,-4145.877671738881,90.89548949864499,94.30627127366355,-2.9613411940992007,178.0,2022-03-07 17:40:00,IOP9,SN,,,,109.3545124722694,173.0,0.6627546210440568,13.0,178.0,178.0,1395.0,1.737257100149477,SN,1.9666666666666666,-4.598157894736842,Sorel,Sorel,173.0,1573.0,"soundings_wintremix/upperair.sounding.202203071600.UQAM-Sorel.txt,soundings_wintremix/upperair.sounding.202203071800.UQAM-Sorel.txt",160.0,2022-03-07 17:40:00,Sorel2022-03-07 17:40:00,False,,,,
1531,-4115.772326764264,92.289625,95.63363654926835,-2.9398373762601886,153.0,2022-03-07 17:50:00,IOP9,SN,,,,92.44981908752594,148.0,0.6603558506251852,13.0,153.0,153.0,1395.0,1.6509828101644244,SN,1.8833333333333333,-4.462891625615764,Sorel,Sorel,148.0,1548.0,"soundings_wintremix/upperair.sounding.202203071600.UQAM-Sorel.txt,soundings_wintremix/upperair.sounding.202203071800.UQAM-Sorel.txt",135.0,2022-03-07 17:50:00,Sorel2022-03-07 17:50:00,False,,,,
1532,-4089.74812650136,94.35578947368421,97.80300707032174,-2.942264839209612,143.0,2022-03-07 18:00:00,IOP9,SN,,,,77.45770424108878,138.0,0.5958284941622213,13.0,143.0,143.0,1385.0,0.81,SN,1.8,-4.44825,Sorel,Sorel,138.0,1528.0,"soundings_wintremix/upperair.sounding.202203071800.UQAM-Sorel.txt,soundings_wintremix/upperair.sounding.202203072000.UQAM-Sorel.txt",125.0,2022-03-07 18:00:00,Sorel2022-03-07 18:00:00,False,,,,
1533,-4089.74812650136,94.35578947368421,97.80300707032174,-2.942264839209612,143.0,2022-03-07 18:10:00,IOP9,SN,,,,77.45770424108878,138.0,0.5958284941622213,13.0,143.0,143.0,1385.0,0.7781584362139918,SN,1.8,-4.44825,Sorel,Sorel,138.0,1528.0,"soundings_wintremix/upperair.sounding.202203071800.UQAM-Sorel.txt,soundings_wintremix/upperair.sounding.202203072000.UQAM-Sorel.txt",125.0,2022-03-07 18:10:00,Sorel2022-03-07 18:10:00,True,upperair.sounding.202203071800.UQAM-Sorel.txt,,,
1534,,,,,,2022-03-07 18:20:00,IOP9,SN,,,,,,,,,,,0.7463168724279836,SN,,,Sorel,Sorel,,,"soundings_wintremix/upperair.sounding.202203071800.UQAM-Sorel.txt,soundings_wintremix/upperair.sounding.202203072000.UQAM-Sorel.txt",0.0,2022-03-07 18:20:00,Sorel2022-03-07 18:20:00,False,,,,
1535,,,,,,2022-03-07 18:30:00,IOP9,SN,,,,,,,,,,,0.7144753086419754,SN,,,Sorel,Sorel,,,"soundings_wintremix/upperair.sounding.202203071800.UQAM-Sorel.txt,soundings_wintremix/upperair.sounding.202203072000.UQAM-Sorel.txt",0.0,2022-03-07 18:30:00,Sorel2022-03-07 18:30:00,False,,,,
1536,,,,,,2022-03-07 18:40:00,IOP9,SN,,,,,,,,,,,0.6826337448559672,SN,,,Sorel,Sorel,,,"soundings_wintremix/upperair.sounding.202203071800.UQAM-Sorel.txt,soundings_wintremix/upperair.sounding.202203072000.UQAM-Sorel.txt",0.0,2022-03-07 18:40:00,Sorel2022-03-07 18:40:00,False,,,,
1537,,,,,,2022-03-07 18:50:00,IOP9,SN,,,,,,,,,,,0.650792181069959,SN,,,Sorel,Sorel,,,"soundings_wintremix/upperair.sounding.202203071800.UQAM-Sorel.txt,soundings_wintremix/upperair.sounding.202203072000.UQAM-Sorel.txt",0.0,2022-03-07 18:50:00,Sorel2022-03-07 18:50:00,False,,,,
1538,,,,,,2022-03-07 19:00:00,IOP9,SN,,,,,,,,,,,0.6189506172839506,SN,,,Sorel,Sorel,,,"soundings_wintremix/upperair.sounding.202203071800.UQAM-Sorel.txt,soundings_wintremix/upperair.sounding.202203072000.UQAM-Sorel.txt",0.0,2022-03-07 19:00:00,Sorel2022-03-07 19:00:00,False,,,,
1539,,,,,,2022-03-07 19:10:00,IOP9,SN,,,,,,,,,,,0.5871090534979424,SN,,,Sorel,Sorel,,,"soundings_wintremix/upperair.sounding.202203071800.UQAM-Sorel.txt,soundings_wintremix/upperair.sounding.202203072000.UQAM-Sorel.txt",0.0,2022-03-07 19:10:00,Sorel2022-03-07 19:10:00,False,,,,
1540,,,,,,2022-03-07 19:20:00,IOP9,SN,,,,,,,,,,,0.5552674897119342,SN,,,Sorel,Sorel,,,"soundings_wintremix/upperair.sounding.202203071800.UQAM-Sorel.txt,soundings_wintremix/upperair.sounding.202203072000.UQAM-Sorel.txt",0.0,2022-03-07 19:20:00,Sorel2022-03-07 19:20:00,False,,,,
1541,,,,,,2022-03-07 19:30:00,IOP9,SN,,,,,,,,,,,0.523425925925926,SN,,,Sorel,Sorel,,,"soundings_wintremix/upperair.sounding.202203071800.UQAM-Sorel.txt,soundings_wintremix/upperair.sounding.202203072000.UQAM-Sorel.txt",0.0,2022-03-07 19:30:00,Sorel2022-03-07 19:30:00,False,,,,
1542,,,,,,2022-03-07 19:40:00,IOP9,SN,PL,,,,,,,,,,0.49158436213991774,SN and PL,,,Sorel,Sorel,,,"soundings_wintremix/upperair.sounding.202203071800.UQAM-Sorel.txt,soundings_wintremix/upperair.sounding.202203072000.UQAM-Sorel.txt",0.0,2022-03-07 19:40:00,Sorel2022-03-07 19:40:00,False,,,,
1543,,,,,,2022-03-07 19:50:00,IOP9,PL,,,,,,,,,,,0.45974279835390947,PL,,,Sorel,Sorel,,,"soundings_wintremix/upperair.sounding.202203071800.UQAM-Sorel.txt,soundings_wintremix/upperair.sounding.202203072000.UQAM-Sorel.txt",0.0,2022-03-07 19:50:00,Sorel2022-03-07 19:50:00,False,,,,
1544,,,,,,2022-03-07 20:00:00,IOP9,PL,,,,,,,,,,,0.46,PL,,,Sorel,Sorel,,,"soundings_wintremix/upperair.sounding.202203072000.UQAM-Sorel.txt,soundings_wintremix/upperair.sounding.202203072200.UQAM-Sorel.txt",0.0,2022-03-07 20:00:00,Sorel2022-03-07 20:00:00,False,,,,
1545,,,,,,2022-03-07 20:10:00,IOP9,PL,,,,,,,,,,,0.4438048245614035,PL,,,Sorel,Sorel,,,"soundings_wintremix/upperair.sounding.202203072000.UQAM-Sorel.txt,soundings_wintremix/upperair.sounding.202203072200.UQAM-Sorel.txt",0.0,2022-03-07 20:10:00,Sorel2022-03-07 20:10:00,True,upperair.sounding.202203072000.UQAM-Sorel.txt,,,
1546,,,,,,2022-03-07 20:20:00,IOP9,PL,,,,,,,,,,,0.427609649122807,PL,,,Sorel,Sorel,,,"soundings_wintremix/upperair.sounding.202203072000.UQAM-Sorel.txt,soundings_wintremix/upperair.sounding.202203072200.UQAM-Sorel.txt",0.0,2022-03-07 20:20:00,Sorel2022-03-07 20:20:00,False,,,,
1547,,,,,,2022-03-07 20:30:00,IOP9,PL,,,,,,,,,,,0.4114144736842106,PL,,,Sorel,Sorel,,,"soundings_wintremix/upperair.sounding.202203072000.UQAM-Sorel.txt,soundings_wintremix/upperair.sounding.202203072200.UQAM-Sorel.txt",0.0,2022-03-07 20:30:00,Sorel2022-03-07 20:30:00,False,,,,
1548,,,,,,2022-03-07 20:40:00,IOP9,PL,,,,,,,,,,,0.39521929824561397,PL,,,Sorel,Sorel,,,"soundings_wintremix/upperair.sounding.202203072000.UQAM-Sorel.txt,soundings_wintremix/upperair.sounding.202203072200.UQAM-Sorel.txt",0.0,2022-03-07 20:40:00,Sorel2022-03-07 20:40:00,False,,,,
1549,,,,,,2022-03-07 20:50:00,IOP9,PL,,,,,,,,,,,0.3790241228070176,PL,,,Sorel,Sorel,,,"soundings_wintremix/upperair.sounding.202203072000.UQAM-Sorel.txt,soundings_wintremix/upperair.sounding.202203072200.UQAM-Sorel.txt",0.0,2022-03-07 20:50:00,Sorel2022-03-07 20:50:00,False,,,,
1550,,,,,,2022-03-07 21:00:00,IOP9,PL,,,,,,,,,,,0.3628289473684211,PL,,,Sorel,Sorel,,,"soundings_wintremix/upperair.sounding.202203072000.UQAM-Sorel.txt,soundings_wintremix/upperair.sounding.202203072200.UQAM-Sorel.txt",0.0,2022-03-07 21:00:00,Sorel2022-03-07 21:00:00,False,,,,
1551,,,,,,2022-03-07 21:10:00,IOP9,PL,,,,,,,,,,,0.3466337719298246,PL,,,Sorel,Sorel,,,"soundings_wintremix/upperair.sounding.202203072000.UQAM-Sorel.txt,soundings_wintremix/upperair.sounding.202203072200.UQAM-Sorel.txt",0.0,2022-03-07 21:10:00,Sorel2022-03-07 21:10:00,False,,,,
1552,,,,,,2022-03-07 21:20:00,IOP9,PL,,,,,,,,,,,0.33043859649122803,PL,,,Sorel,Sorel,,,"soundings_wintremix/upperair.sounding.202203072000.UQAM-Sorel.txt,soundings_wintremix/upperair.sounding.202203072200.UQAM-Sorel.txt",0.0,2022-03-07 21:20:00,Sorel2022-03-07 21:20:00,False,,,,
1553,,,,,,2022-03-07 21:30:00,IOP9,PL,,,,,,,,,,,0.3142434210526316,PL,,,Sorel,Sorel,,,"soundings_wintremix/upperair.sounding.202203072000.UQAM-Sorel.txt,soundings_wintremix/upperair.sounding.202203072200.UQAM-Sorel.txt",0.0,2022-03-07 21:30:00,Sorel2022-03-07 21:30:00,False,,,,
1554,,,,,,2022-03-07 21:40:00,IOP9,PL,,,,,,,,,,,0.2980482456140351,PL,,,Sorel,Sorel,,,"soundings_wintremix/upperair.sounding.202203072000.UQAM-Sorel.txt,soundings_wintremix/upperair.sounding.202203072200.UQAM-Sorel.txt",0.0,2022-03-07 21:40:00,Sorel2022-03-07 21:40:00,False,,,,
1555,,,,,,2022-03-07 21:50:00,IOP9,PL,,,,,,,,,,,0.2818530701754386,PL,,,Sorel,Sorel,,,"soundings_wintremix/upperair.sounding.202203072000.UQAM-Sorel.txt,soundings_wintremix/upperair.sounding.202203072200.UQAM-Sorel.txt",0.0,2022-03-07 21:50:00,Sorel2022-03-07 21:50:00,False,,,,
1556,,,,,,2022-03-07 22:00:00,IOP9,RA,,,,,,,,,,,0.32,RA,,,Sorel,Sorel,,,"soundings_wintremix/upperair.sounding.202203072200.UQAM-Sorel.txt,soundings_wintremix/upperair.sounding.202203080000.UQAM-Sorel.txt",0.0,2022-03-07 22:00:00,Sorel2022-03-07 22:00:00,False,,,,
1557,,,,,,2022-03-07 22:10:00,IOP9,RA,,,,,,,,,,,0.3044884488448845,RA,,,Sorel,Sorel,,,"soundings_wintremix/upperair.sounding.202203072200.UQAM-Sorel.txt,soundings_wintremix/upperair.sounding.202203080000.UQAM-Sorel.txt",0.0,2022-03-07 22:10:00,Sorel2022-03-07 22:10:00,True,upperair.sounding.202203072200.UQAM-Sorel.txt,,,
1558,,,,,,2022-03-07 22:20:00,IOP9,RA,,,,,,,,,,,0.288976897689769,RA,,,Sorel,Sorel,,,"soundings_wintremix/upperair.sounding.202203072200.UQAM-Sorel.txt,soundings_wintremix/upperair.sounding.202203080000.UQAM-Sorel.txt",0.0,2022-03-07 22:20:00,Sorel2022-03-07 22:20:00,False,,,,
1559,,,,,,2022-03-07 22:30:00,IOP9,RA,,,,,,,,,,,0.2734653465346535,RA,,,Sorel,Sorel,,,"soundings_wintremix/upperair.sounding.202203072200.UQAM-Sorel.txt,soundings_wintremix/upperair.sounding.202203080000.UQAM-Sorel.txt",0.0,2022-03-07 22:30:00,Sorel2022-03-07 22:30:00,False,,,,
1560,,,,,,2022-03-07 22:40:00,IOP9,RA,,,,,,,,,,,0.25795379537953794,RA,,,Sorel,Sorel,,,"soundings_wintremix/upperair.sounding.202203072200.UQAM-Sorel.txt,soundings_wintremix/upperair.sounding.202203080000.UQAM-Sorel.txt",0.0,2022-03-07 22:40:00,Sorel2022-03-07 22:40:00,False,,,,
1561,,,,,,2022-03-07 22:50:00,IOP9,RA,,,,,,,,,,,0.24244224422442248,RA,,,Sorel,Sorel,,,"soundings_wintremix/upperair.sounding.202203072200.UQAM-Sorel.txt,soundings_wintremix/upperair.sounding.202203080000.UQAM-Sorel.txt",0.0,2022-03-07 22:50:00,Sorel2022-03-07 22:50:00,False,,,,
1562,,,,,,2022-03-07 23:00:00,IOP9,RA,,,,,,,,,,,0.22693069306930697,RA,,,Sorel,Sorel,,,"soundings_wintremix/upperair.sounding.202203072200.UQAM-Sorel.txt,soundings_wintremix/upperair.sounding.202203080000.UQAM-Sorel.txt",0.0,2022-03-07 23:00:00,Sorel2022-03-07 23:00:00,False,,,,
1563,,,,,,2022-03-07 23:10:00,IOP9,RA,,,,,,,,,,,0.21141914191419148,RA,,,Sorel,Sorel,,,"soundings_wintremix/upperair.sounding.202203072200.UQAM-Sorel.txt,soundings_wintremix/upperair.sounding.202203080000.UQAM-Sorel.txt",0.0,2022-03-07 23:10:00,Sorel2022-03-07 23:10:00,False,,,,
1564,,,,,,2022-03-07 23:20:00,IOP9,RA,,,,,,,,,,,0.19590759075907593,RA,,,Sorel,Sorel,,,"soundings_wintremix/upperair.sounding.202203072200.UQAM-Sorel.txt,soundings_wintremix/upperair.sounding.202203080000.UQAM-Sorel.txt",0.0,2022-03-07 23:20:00,Sorel2022-03-07 23:20:00,False,,,,
1565,,,,,,2022-03-07 23:30:00,IOP9,RA,PL,,,,,,,,,,0.18039603960396045,RA and PL,,,Sorel,Sorel,,,"soundings_wintremix/upperair.sounding.202203072200.UQAM-Sorel.txt,soundings_wintremix/upperair.sounding.202203080000.UQAM-Sorel.txt",0.0,2022-03-07 23:30:00,Sorel2022-03-07 23:30:00,False,,,,
1566,,,,,,2022-03-07 23:40:00,IOP9,PL,SN,,,,,,,,,,0.16488448844884496,SN and PL,,,Sorel,Sorel,,,"soundings_wintremix/upperair.sounding.202203072200.UQAM-Sorel.txt,soundings_wintremix/upperair.sounding.202203080000.UQAM-Sorel.txt",0.0,2022-03-07 23:40:00,Sorel2022-03-07 23:40:00,False,,,,
1567,,,,,,2022-03-07 23:50:00,IOP9,PL,SN,,,,,,,,,,0.1493729372937294,SN and PL,,,Sorel,Sorel,,,"soundings_wintremix/upperair.sounding.202203072200.UQAM-Sorel.txt,soundings_wintremix/upperair.sounding.202203080000.UQAM-Sorel.txt",0.0,2022-03-07 23:50:00,Sorel2022-03-07 23:50:00,False,,,,
1568,,,,,,2022-03-08 00:00:00,IOP9,SN,,,,,,,,,,,-0.32,SN,,,Sorel,Sorel,,,"soundings_wintremix/upperair.sounding.202203080000.UQAM-Sorel.txt,soundings_wintremix/upperair.sounding.202203080100.UQAM-Sorel.txt",0.0,2022-03-08 00:00:00,Sorel2022-03-08 00:00:00,False,,,,
1569,,,,,,2022-03-08 00:10:00,IOP9,SN,SN,,,,,,,,,,-0.32227272727272727,SN,,,Sorel,Sorel,,,"soundings_wintremix/upperair.sounding.202203080000.UQAM-Sorel.txt,soundings_wintremix/upperair.sounding.202203080100.UQAM-Sorel.txt",0.0,2022-03-08 00:10:00,Sorel2022-03-08 00:10:00,True,upperair.sounding.202203080000.UQAM-Sorel.txt,,,
1570,,,,,,2022-03-08 00:20:00,IOP9,SN,SN,,,,,,,,,,-0.3245454545454545,SN,,,Sorel,Sorel,,,"soundings_wintremix/upperair.sounding.202203080000.UQAM-Sorel.txt,soundings_wintremix/upperair.sounding.202203080100.UQAM-Sorel.txt",0.0,2022-03-08 00:20:00,Sorel2022-03-08 00:20:00,False,,,,
1571,,,,,,2022-03-08 00:30:00,IOP9,SN,SN,,,,,,,,,,-0.3268181818181818,SN,,,Sorel,Sorel,,,"soundings_wintremix/upperair.sounding.202203080000.UQAM-Sorel.txt,soundings_wintremix/upperair.sounding.202203080100.UQAM-Sorel.txt",0.0,2022-03-08 00:30:00,Sorel2022-03-08 00:30:00,False,,,,
1572,,,,,,2022-03-08 00:40:00,IOP9,SN,SN,,,,,,,,,,-0.3290909090909091,SN,,,Sorel,Sorel,,,"soundings_wintremix/upperair.sounding.202203080000.UQAM-Sorel.txt,soundings_wintremix/upperair.sounding.202203080100.UQAM-Sorel.txt",0.0,2022-03-08 00:40:00,Sorel2022-03-08 00:40:00,False,,,,
1573,,,,,,2022-03-08 00:50:00,IOP9,SN,SN,,,,,,,,,,-0.33136363636363636,SN,,,Sorel,Sorel,,,"soundings_wintremix/upperair.sounding.202203080000.UQAM-Sorel.txt,soundings_wintremix/upperair.sounding.202203080100.UQAM-Sorel.txt",0.0,2022-03-08 00:50:00,Sorel2022-03-08 00:50:00,False,,,,
1574,,,,,,2022-03-08 01:00:00,IOP9,SN,SN,,,,,,,,,,,SN,,,Sorel,Sorel,,,,,2022-03-08 01:00:00,Sorel2022-03-08 01:00:00,False,,,,
1575,,,,,,2022-03-08 01:10:00,IOP9,SN,SN,,,,,,,,,,,SN,,,Sorel,Sorel,,,,0.0,2022-03-08 01:10:00,Sorel2022-03-08 01:10:00,True,upperair.sounding.202203080100.UQAM-Sorel.txt,,,
1576,,,,,,2022-03-08 01:20:00,IOP9,SN,SN,,,,,,,,,,,SN,,,Sorel,Sorel,,,,,2022-03-08 01:20:00,Sorel2022-03-08 01:20:00,False,,,,
1577,,,,,,2022-03-08 01:30:00,IOP9,SN,SN,,,,,,,,,,,SN,,,Sorel,Sorel,,,,,2022-03-08 01:30:00,Sorel2022-03-08 01:30:00,False,,,,
1578,,,,,,2022-03-08 01:40:00,IOP9,SN,SN,,,,,,,,,,,SN,,,Sorel,Sorel,,,,,2022-03-08 01:40:00,Sorel2022-03-08 01:40:00,False,,,,
1579,,,,,,2022-03-12 00:00:00,IOP10,SN,,,,,,,,,,,-0.76,SN,,,Sorel,Sorel,,,"soundings_wintremix/upperair.sounding.202203120000.UQAM-Sorel.txt,soundings_wintremix/upperair.sounding.202203120200.UQAM-Sorel.txt",0.0,2022-03-12 00:00:00,Sorel2022-03-12 00:00:00,False,,,,
1580,,,,,,2022-03-12 00:10:00,IOP10,SN,,,,,,,,,,,-0.7247340425531915,SN,,,Sorel,Sorel,,,"soundings_wintremix/upperair.sounding.202203120000.UQAM-Sorel.txt,soundings_wintremix/upperair.sounding.202203120200.UQAM-Sorel.txt",0.0,2022-03-12 00:10:00,Sorel2022-03-12 00:10:00,True,upperair.sounding.202203120000.UQAM-Sorel.txt,,,
1581,,,,,,2022-03-12 00:20:00,IOP10,SN,,,,,,,,,,,-0.689468085106383,SN,,,Sorel,Sorel,,,"soundings_wintremix/upperair.sounding.202203120000.UQAM-Sorel.txt,soundings_wintremix/upperair.sounding.202203120200.UQAM-Sorel.txt",0.0,2022-03-12 00:20:00,Sorel2022-03-12 00:20:00,False,,,,
1582,,,,,,2022-03-12 00:30:00,IOP10,SN,,,,,,,,,,,-0.6542021276595745,SN,,,Sorel,Sorel,,,"soundings_wintremix/upperair.sounding.202203120000.UQAM-Sorel.txt,soundings_wintremix/upperair.sounding.202203120200.UQAM-Sorel.txt",0.0,2022-03-12 00:30:00,Sorel2022-03-12 00:30:00,False,,,,
1583,,,,,,2022-03-12 00:40:00,IOP10,SN,,,,,,,,,,,-0.6189361702127659,SN,,,Sorel,Sorel,,,"soundings_wintremix/upperair.sounding.202203120000.UQAM-Sorel.txt,soundings_wintremix/upperair.sounding.202203120200.UQAM-Sorel.txt",0.0,2022-03-12 00:40:00,Sorel2022-03-12 00:40:00,False,,,,
1584,,,,,,2022-03-12 00:50:00,IOP10,SN,,,,,,,,,,,-0.5836702127659575,SN,,,Sorel,Sorel,,,"soundings_wintremix/upperair.sounding.202203120000.UQAM-Sorel.txt,soundings_wintremix/upperair.sounding.202203120200.UQAM-Sorel.txt",0.0,2022-03-12 00:50:00,Sorel2022-03-12 00:50:00,False,,,,
1585,,,,,,2022-03-12 01:00:00,IOP10,SN,,,,,,,,,,,-0.548404255319149,SN,,,Sorel,Sorel,,,"soundings_wintremix/upperair.sounding.202203120000.UQAM-Sorel.txt,soundings_wintremix/upperair.sounding.202203120200.UQAM-Sorel.txt",0.0,2022-03-12 01:00:00,Sorel2022-03-12 01:00:00,False,,,,
1586,,,,,,2022-03-12 01:10:00,IOP10,SN,,,,,,,,,,,-0.5131382978723406,SN,,,Sorel,Sorel,,,"soundings_wintremix/upperair.sounding.202203120000.UQAM-Sorel.txt,soundings_wintremix/upperair.sounding.202203120200.UQAM-Sorel.txt",0.0,2022-03-12 01:10:00,Sorel2022-03-12 01:10:00,False,,,,
1587,,,,,,2022-03-12 01:20:00,IOP10,SN,,,,,,,,,,,-0.47787234042553195,SN,,,Sorel,Sorel,,,"soundings_wintremix/upperair.sounding.202203120000.UQAM-Sorel.txt,soundings_wintremix/upperair.sounding.202203120200.UQAM-Sorel.txt",0.0,2022-03-12 01:20:00,Sorel2022-03-12 01:20:00,False,,,,
1588,,,,,,2022-03-12 01:30:00,IOP10,SN,,,,,,,,,,,-0.4426063829787235,SN,,,Sorel,Sorel,,,"soundings_wintremix/upperair.sounding.202203120000.UQAM-Sorel.txt,soundings_wintremix/upperair.sounding.202203120200.UQAM-Sorel.txt",0.0,2022-03-12 01:30:00,Sorel2022-03-12 01:30:00,False,,,,
1589,,,,,,2022-03-12 01:40:00,IOP10,SN,,,,,,,,,,,-0.40734042553191496,SN,,,Sorel,Sorel,,,"soundings_wintremix/upperair.sounding.202203120000.UQAM-Sorel.txt,soundings_wintremix/upperair.sounding.202203120200.UQAM-Sorel.txt",0.0,2022-03-12 01:40:00,Sorel2022-03-12 01:40:00,False,,,,
1590,,,,,,2022-03-12 01:50:00,IOP10,SN,,,,,,,,,,,-0.37207446808510647,SN,,,Sorel,Sorel,,,"soundings_wintremix/upperair.sounding.202203120000.UQAM-Sorel.txt,soundings_wintremix/upperair.sounding.202203120200.UQAM-Sorel.txt",0.0,2022-03-12 01:50:00,Sorel2022-03-12 01:50:00,False,,,,
1591,-5.5,88.8,89.77711330785593,-1.1,13.0,2022-03-12 02:00:00,IOP10,SN,,,,0.09634146341463451,18.0,0.019268292682926902,18.0,13.0,13.0,0.0,0.19,SN,0.019268292682926902,-1.1,Sorel,Sorel,18.0,13.0,"soundings_wintremix/upperair.sounding.202203120200.UQAM-Sorel.txt,soundings_wintremix/upperair.sounding.202203120400.UQAM-Sorel.txt",0.0,2022-03-12 02:00:00,Sorel2022-03-12 02:00:00,False,,,,
1592,-5.5,88.8,89.77711330785593,-1.1,13.0,2022-03-12 02:10:00,IOP10,SN,,,,0.09634146341463451,18.0,0.019268292682926902,18.0,13.0,13.0,0.0,0.06633333333333333,SN,0.019268292682926902,-1.1,Sorel,Sorel,18.0,13.0,"soundings_wintremix/upperair.sounding.202203120200.UQAM-Sorel.txt,soundings_wintremix/upperair.sounding.202203120400.UQAM-Sorel.txt",0.0,2022-03-12 02:10:00,Sorel2022-03-12 02:10:00,True,upperair.sounding.202203120200.UQAM-Sorel.txt,,,
1593,,,,,,2022-03-12 02:20:00,IOP10,SN,,,,,,,,,,,-0.05733333333333332,SN,,,Sorel,Sorel,,,"soundings_wintremix/upperair.sounding.202203120200.UQAM-Sorel.txt,soundings_wintremix/upperair.sounding.202203120400.UQAM-Sorel.txt",0.0,2022-03-12 02:20:00,Sorel2022-03-12 02:20:00,False,,,,
1594,,,,,,2022-03-12 02:30:00,IOP10,SN,,,,,,,,,,,-0.181,SN,,,Sorel,Sorel,,,"soundings_wintremix/upperair.sounding.202203120200.UQAM-Sorel.txt,soundings_wintremix/upperair.sounding.202203120400.UQAM-Sorel.txt",0.0,2022-03-12 02:30:00,Sorel2022-03-12 02:30:00,False,,,,
1595,,,,,,2022-03-12 02:40:00,IOP10,SN,,,,,,,,,,,-0.3046666666666667,SN,,,Sorel,Sorel,,,"soundings_wintremix/upperair.sounding.202203120200.UQAM-Sorel.txt,soundings_wintremix/upperair.sounding.202203120400.UQAM-Sorel.txt",0.0,2022-03-12 02:40:00,Sorel2022-03-12 02:40:00,False,,,,
1596,,,,,,2022-03-12 02:50:00,IOP10,SN,,,,,,,,,,,-0.42833333333333334,SN,,,Sorel,Sorel,,,"soundings_wintremix/upperair.sounding.202203120200.UQAM-Sorel.txt,soundings_wintremix/upperair.sounding.202203120400.UQAM-Sorel.txt",0.0,2022-03-12 02:50:00,Sorel2022-03-12 02:50:00,False,,,,
1597,,,,,,2022-03-12 03:00:00,IOP10,SN,,,,,,,,,,,-0.552,SN,,,Sorel,Sorel,,,"soundings_wintremix/upperair.sounding.202203120200.UQAM-Sorel.txt,soundings_wintremix/upperair.sounding.202203120400.UQAM-Sorel.txt",0.0,2022-03-12 03:00:00,Sorel2022-03-12 03:00:00,False,,,,
1598,,,,,,2022-03-12 03:10:00,IOP10,SN,,,,,,,,,,,-0.6756666666666666,SN,,,Sorel,Sorel,,,"soundings_wintremix/upperair.sounding.202203120200.UQAM-Sorel.txt,soundings_wintremix/upperair.sounding.202203120400.UQAM-Sorel.txt",0.0,2022-03-12 03:10:00,Sorel2022-03-12 03:10:00,False,,,,
1599,,,,,,2022-03-12 03:20:00,IOP10,SN,,,,,,,,,,,-0.7993333333333333,SN,,,Sorel,Sorel,,,"soundings_wintremix/upperair.sounding.202203120200.UQAM-Sorel.txt,soundings_wintremix/upperair.sounding.202203120400.UQAM-Sorel.txt",0.0,2022-03-12 03:20:00,Sorel2022-03-12 03:20:00,False,,,,
1600,,,,,,2022-03-12 03:30:00,IOP10,SN,,,,,,,,,,,-0.923,SN,,,Sorel,Sorel,,,"soundings_wintremix/upperair.sounding.202203120200.UQAM-Sorel.txt,soundings_wintremix/upperair.sounding.202203120400.UQAM-Sorel.txt",0.0,2022-03-12 03:30:00,Sorel2022-03-12 03:30:00,False,,,,
1601,,,,,,2022-03-12 03:40:00,IOP10,SN,,,,,,,,,,,-1.0466666666666666,SN,,,Sorel,Sorel,,,"soundings_wintremix/upperair.sounding.202203120200.UQAM-Sorel.txt,soundings_wintremix/upperair.sounding.202203120400.UQAM-Sorel.txt",0.0,2022-03-12 03:40:00,Sorel2022-03-12 03:40:00,False,,,,
1602,,,,,,2022-03-12 03:50:00,IOP10,SN,,,,,,,,,,,-1.1703333333333332,SN,,,Sorel,Sorel,,,"soundings_wintremix/upperair.sounding.202203120200.UQAM-Sorel.txt,soundings_wintremix/upperair.sounding.202203120400.UQAM-Sorel.txt",0.0,2022-03-12 03:50:00,Sorel2022-03-12 03:50:00,False,,,,
1603,,,,,,2022-03-12 04:00:00,IOP10,SN,,,,,,,,,,,-1.67,SN,,,Sorel,Sorel,,,"soundings_wintremix/upperair.sounding.202203120400.UQAM-Sorel.txt,soundings_wintremix/upperair.sounding.202203120600.UQAM-Sorel.txt",0.0,2022-03-12 04:00:00,Sorel2022-03-12 04:00:00,False,,,,
1604,,,,,,2022-03-12 04:10:00,IOP10,SN,,,,,,,,,,,-1.7538725490196079,SN,,,Sorel,Sorel,,,"soundings_wintremix/upperair.sounding.202203120400.UQAM-Sorel.txt,soundings_wintremix/upperair.sounding.202203120600.UQAM-Sorel.txt",0.0,2022-03-12 04:10:00,Sorel2022-03-12 04:10:00,True,upperair.sounding.202203120400.UQAM-Sorel.txt,,,
1605,,,,,,2022-03-12 04:20:00,IOP10,SN,,,,,,,,,,,-1.8377450980392156,SN,,,Sorel,Sorel,,,"soundings_wintremix/upperair.sounding.202203120400.UQAM-Sorel.txt,soundings_wintremix/upperair.sounding.202203120600.UQAM-Sorel.txt",0.0,2022-03-12 04:20:00,Sorel2022-03-12 04:20:00,False,,,,
1606,,,,,,2022-03-12 04:30:00,IOP10,SN,,,,,,,,,,,-1.9216176470588235,SN,,,Sorel,Sorel,,,"soundings_wintremix/upperair.sounding.202203120400.UQAM-Sorel.txt,soundings_wintremix/upperair.sounding.202203120600.UQAM-Sorel.txt",0.0,2022-03-12 04:30:00,Sorel2022-03-12 04:30:00,False,,,,
1607,,,,,,2022-03-12 04:40:00,IOP10,SN,,,,,,,,,,,-2.0054901960784313,SN,,,Sorel,Sorel,,,"soundings_wintremix/upperair.sounding.202203120400.UQAM-Sorel.txt,soundings_wintremix/upperair.sounding.202203120600.UQAM-Sorel.txt",0.0,2022-03-12 04:40:00,Sorel2022-03-12 04:40:00,False,,,,
1608,,,,,,2022-03-12 04:50:00,IOP10,SN,,,,,,,,,,,-2.0893627450980397,SN,,,Sorel,Sorel,,,"soundings_wintremix/upperair.sounding.202203120400.UQAM-Sorel.txt,soundings_wintremix/upperair.sounding.202203120600.UQAM-Sorel.txt",0.0,2022-03-12 04:50:00,Sorel2022-03-12 04:50:00,False,,,,
1609,,,,,,2022-03-12 05:00:00,IOP10,SN,,,,,,,,,,,-2.173235294117647,SN,,,Sorel,Sorel,,,"soundings_wintremix/upperair.sounding.202203120400.UQAM-Sorel.txt,soundings_wintremix/upperair.sounding.202203120600.UQAM-Sorel.txt",0.0,2022-03-12 05:00:00,Sorel2022-03-12 05:00:00,False,,,,
1610,,,,,,2022-03-12 05:10:00,IOP10,SN,,,,,,,,,,,-2.257107843137255,SN,,,Sorel,Sorel,,,"soundings_wintremix/upperair.sounding.202203120400.UQAM-Sorel.txt,soundings_wintremix/upperair.sounding.202203120600.UQAM-Sorel.txt",0.0,2022-03-12 05:10:00,Sorel2022-03-12 05:10:00,False,,,,
1611,,,,,,2022-03-12 05:20:00,IOP10,SN,,,,,,,,,,,-2.3409803921568626,SN,,,Sorel,Sorel,,,"soundings_wintremix/upperair.sounding.202203120400.UQAM-Sorel.txt,soundings_wintremix/upperair.sounding.202203120600.UQAM-Sorel.txt",0.0,2022-03-12 05:20:00,Sorel2022-03-12 05:20:00,False,,,,
1612,-1044.6529335114371,96.73134615384615,99.88904629258528,-2.1763602781488274,13.0,2022-03-12 05:30:00,IOP10,SN,,,,0.6063630777572364,513.0,0.024254523110289455,493.0,13.0,13.0,475.0,-2.424852941176471,SN,0.03249999999999997,-4.06181934203063,Sorel,Sorel,513.0,488.0,"soundings_wintremix/upperair.sounding.202203120400.UQAM-Sorel.txt,soundings_wintremix/upperair.sounding.202203120600.UQAM-Sorel.txt",20.0,2022-03-12 05:30:00,Sorel2022-03-12 05:30:00,False,,,,
1613,-1056.6591302723248,97.14038461538462,100.28003857457196,-2.3481314006051663,13.0,2022-03-12 05:40:00,IOP10,SN,,,,12.423990492662703,553.0,0.13077884729118633,463.0,13.0,13.0,445.0,-2.508725490196079,SN,0.18833333333333335,-4.192642276422765,Sorel,Sorel,553.0,458.0,"soundings_wintremix/upperair.sounding.202203120400.UQAM-Sorel.txt,soundings_wintremix/upperair.sounding.202203120600.UQAM-Sorel.txt",90.0,2022-03-12 05:40:00,Sorel2022-03-12 05:40:00,False,,,,
1614,-1070.5155116768838,97.54942307692306,100.67193694611801,-2.4329897992656453,13.0,2022-03-12 05:50:00,IOP10,SN,,,,29.327528471848375,568.0,0.24439607059873647,453.0,13.0,13.0,435.0,-2.5925980392156864,SN,0.3516869918699187,-4.337906504065041,Sorel,Sorel,568.0,448.0,"soundings_wintremix/upperair.sounding.202203120400.UQAM-Sorel.txt,soundings_wintremix/upperair.sounding.202203120600.UQAM-Sorel.txt",115.0,2022-03-12 05:50:00,Sorel2022-03-12 05:50:00,False,,,,
1615,-1087.1387008133815,98.00150000000001,101.26233296971556,-2.557973413678545,13.0,2022-03-12 06:00:00,IOP10,SN,,,,50.63841103781939,588.0,0.32669942605044755,438.0,13.0,13.0,420.0,-2.66,SN,0.52,-4.5,Sorel,Sorel,588.0,433.0,"soundings_wintremix/upperair.sounding.202203120600.UQAM-Sorel.txt,soundings_wintremix/upperair.sounding.202203120800.UQAM-Sorel.txt",150.0,2022-03-12 06:00:00,Sorel2022-03-12 06:00:00,False,,,,
1616,-1087.1387008133815,98.00150000000001,101.26233296971556,-2.557973413678545,13.0,2022-03-12 06:10:00,IOP10,SN,,,,50.63841103781939,588.0,0.32669942605044755,438.0,13.0,13.0,420.0,-2.682857142857143,SN,0.52,-4.5,Sorel,Sorel,588.0,433.0,"soundings_wintremix/upperair.sounding.202203120600.UQAM-Sorel.txt,soundings_wintremix/upperair.sounding.202203120800.UQAM-Sorel.txt",150.0,2022-03-12 06:10:00,Sorel2022-03-12 06:10:00,True,upperair.sounding.202203120600.UQAM-Sorel.txt,,,
1617,-1074.2051586742655,96.96375326797386,100.41284031779968,-2.4694371463776217,13.0,2022-03-12 06:20:00,IOP10,SN,,,,26.26272642561303,568.0,0.21010181140490428,448.0,13.0,13.0,430.0,-2.705714285714286,SN,0.32202380952380955,-4.498201219512195,Sorel,Sorel,568.0,443.0,"soundings_wintremix/upperair.sounding.202203120600.UQAM-Sorel.txt,soundings_wintremix/upperair.sounding.202203120800.UQAM-Sorel.txt",120.0,2022-03-12 06:20:00,Sorel2022-03-12 06:20:00,False,,,,
1618,-1068.2285753393755,96.44487990196079,100.24346178074012,-2.4277922166803987,13.0,2022-03-12 06:30:00,IOP10,SN,SN,,,15.950277936611174,553.0,0.15190740892010646,453.0,13.0,13.0,435.0,-2.7285714285714286,SN,0.22303571428571428,-4.505716463414634,Sorel,Sorel,553.0,448.0,"soundings_wintremix/upperair.sounding.202203120600.UQAM-Sorel.txt,soundings_wintremix/upperair.sounding.202203120800.UQAM-Sorel.txt",100.0,2022-03-12 06:30:00,Sorel2022-03-12 06:30:00,False,,,,
1619,-1062.6910863150822,96.31806666666665,100.07434631441676,-2.361535747366849,13.0,2022-03-12 06:40:00,IOP10,SN,,,,7.0567519915400405,543.0,0.08302061166517694,463.0,13.0,13.0,445.0,-2.7514285714285713,SN,0.12404761904761902,-4.513231707317073,Sorel,Sorel,543.0,458.0,"soundings_wintremix/upperair.sounding.202203120600.UQAM-Sorel.txt,soundings_wintremix/upperair.sounding.202203120800.UQAM-Sorel.txt",80.0,2022-03-12 06:40:00,Sorel2022-03-12 06:40:00,False,,,,
1620,-1057.5225010528702,96.25370833333334,99.90549353685398,-2.324225277039275,13.0,2022-03-12 06:50:00,IOP10,SN,,,,0.24486323655006215,498.0,0.016324215770004143,488.0,13.0,13.0,450.0,-2.7742857142857145,SN,0.025059523809523775,-4.524101272534465,Sorel,Sorel,498.0,463.0,"soundings_wintremix/upperair.sounding.202203120600.UQAM-Sorel.txt,soundings_wintremix/upperair.sounding.202203120800.UQAM-Sorel.txt",10.0,2022-03-12 06:50:00,Sorel2022-03-12 06:50:00,False,,,,
1621,,,,,,2022-03-12 07:00:00,IOP10,SN,,,,,,,,,,,-2.797142857142857,SN,,,Sorel,Sorel,,,"soundings_wintremix/upperair.sounding.202203120600.UQAM-Sorel.txt,soundings_wintremix/upperair.sounding.202203120800.UQAM-Sorel.txt",0.0,2022-03-12 07:00:00,Sorel2022-03-12 07:00:00,False,,,,
1622,,,,,,2022-03-12 07:10:00,IOP10,SN,,,,,,,,,,,-2.8200000000000003,SN,,,Sorel,Sorel,,,"soundings_wintremix/upperair.sounding.202203120600.UQAM-Sorel.txt,soundings_wintremix/upperair.sounding.202203120800.UQAM-Sorel.txt",0.0,2022-03-12 07:10:00,Sorel2022-03-12 07:10:00,False,,,,
1623,,,,,,2022-03-12 07:20:00,IOP10,SN,,,,,,,,,,,-2.8428571428571425,SN,,,Sorel,Sorel,,,"soundings_wintremix/upperair.sounding.202203120600.UQAM-Sorel.txt,soundings_wintremix/upperair.sounding.202203120800.UQAM-Sorel.txt",0.0,2022-03-12 07:20:00,Sorel2022-03-12 07:20:00,False,,,,
1624,,,,,,2022-03-12 07:30:00,IOP10,SN,,,,,,,,,,,-2.8657142857142857,SN,,,Sorel,Sorel,,,"soundings_wintremix/upperair.sounding.202203120600.UQAM-Sorel.txt,soundings_wintremix/upperair.sounding.202203120800.UQAM-Sorel.txt",0.0,2022-03-12 07:30:00,Sorel2022-03-12 07:30:00,False,,,,
1625,,,,,,2022-03-12 07:40:00,IOP10,,,,,,,,,,,,-2.888571428571429,,,,Sorel,Sorel,,,"soundings_wintremix/upperair.sounding.202203120600.UQAM-Sorel.txt,soundings_wintremix/upperair.sounding.202203120800.UQAM-Sorel.txt",0.0,2022-03-12 07:40:00,Sorel2022-03-12 07:40:00,False,,,,
1626,,,,,,2022-03-12 07:50:00,IOP10,,,,,,,,,,,,-2.911428571428571,,,,Sorel,Sorel,,,"soundings_wintremix/upperair.sounding.202203120600.UQAM-Sorel.txt,soundings_wintremix/upperair.sounding.202203120800.UQAM-Sorel.txt",0.0,2022-03-12 07:50:00,Sorel2022-03-12 07:50:00,False,,,,
1627,,,,,,2022-03-12 08:00:00,IOP10,SN,,,,,,,,,,,,SN,,,Sorel,Sorel,,,,,2022-03-12 08:00:00,Sorel2022-03-12 08:00:00,False,,,,
1725,,,,,,,,,,,,,,,,,,,,,,,,,,,,0.0,2022-03-12 08:10:00,Sorel2022-03-12 08:10:00,True,upperair.sounding.202203120800.UQAM-Sorel.txt,,,
1628,,,,,,2022-03-12 08:20:00,IOP10,SN,,,,,,,,,,,,SN,,,Sorel,Sorel,,,,,2022-03-12 08:20:00,Sorel2022-03-12 08:20:00,False,,,,
1629,,,,,,2022-02-21 12:00:00,IOP5,,,,,,,,,,,,,,,,Trois,Trois,,,,,2022-02-21 12:00:00,Trois2022-02-21 12:00:00,False,,0.0,-5.6555666,87.08
1630,,,,,,2022-02-22 21:00:00,IOP5,,,,,,,,,,,,,,,,Trois,Trois,,,,,2022-02-22 21:00:00,Trois2022-02-22 21:00:00,False,,0.0,-9.2539972,76.049
1631,,,,,,2022-02-22 21:20:00,IOP5,,,,,,,,,,,,,,,,Trois,Trois,,,,,2022-02-22 21:20:00,Trois2022-02-22 21:20:00,False,,0.0,-9.192411400000001,77.333
1632,,,,,,2022-02-22 21:40:00,IOP5,,,,,,,,,,,,,,,,Trois,Trois,,,,,2022-02-22 21:40:00,Trois2022-02-22 21:40:00,False,,0.0,-9.0490822,78.069
1633,,,,,,2022-02-22 21:50:00,IOP5,,,,,,,,,,,,,,,,Trois,Trois,,,,,2022-02-22 21:50:00,Trois2022-02-22 21:50:00,False,,0.0,-9.0050072,78.436
1634,-4790.17849423804,93.30000000000001,102.64885500442345,-8.953604662127177,59.0,2022-02-22 22:00:00,IOP5,FZRA,PL,,,2920.2611670788383,1924.0,2.1874615483736615,594.0,59.0,59.0,530.0,-8.85,FZRA and PL,3.6166666666666667,-11.555,Trois,Trois,1924.0,589.0,"soundings_wintremix/upperair.sounding.202202222200.UQAM-Trois-Rivieres.txt,soundings_wintremix/upperair.sounding.202202230000.UQAM-Trois-Rivieres.txt",1330.0,2022-02-22 22:00:00,Trois2022-02-22 22:00:00,False,,0.0,-8.9339357,79.053
1635,-4790.17849423804,93.30000000000001,102.64885500442345,-8.953604662127177,59.0,2022-02-22 22:10:00,IOP5,PL,FZRA,,,2920.2611670788383,1924.0,2.1874615483736615,594.0,59.0,59.0,530.0,-8.782058823529411,FZRA and PL,3.6166666666666667,-11.555,Trois,Trois,1924.0,589.0,"soundings_wintremix/upperair.sounding.202202222200.UQAM-Trois-Rivieres.txt,soundings_wintremix/upperair.sounding.202202230000.UQAM-Trois-Rivieres.txt",1330.0,2022-02-22 22:10:00,Trois2022-02-22 22:10:00,True,upperair.sounding.202202222200.UQAM-Trois-Rivieres.txt,0.4617,-8.8723191,79.894
1636,-4539.51157611874,92.82987179487179,100.91132762538265,-8.485068366577083,59.0,2022-02-22 22:20:00,IOP5,PL,FZRA,,,2908.962826734616,1949.0,2.138943254951924,594.0,59.0,59.0,530.0,-8.714117647058824,FZRA and PL,3.475257971014493,-10.932622731597514,Trois,Trois,1949.0,589.0,"soundings_wintremix/upperair.sounding.202202222200.UQAM-Trois-Rivieres.txt,soundings_wintremix/upperair.sounding.202202230000.UQAM-Trois-Rivieres.txt",1355.0,2022-02-22 22:20:00,Trois2022-02-22 22:20:00,False,,0.6721999999999999,-8.7780667,81.63
1637,-4414.178117059088,92.59480769230771,100.07928916349135,-8.250800218802036,59.0,2022-02-22 22:30:00,IOP5,PL,FZRA,,,2904.628853357595,1964.0,2.1124573478964326,594.0,59.0,59.0,530.0,-8.646176470588234,FZRA and PL,3.4058869565217402,-10.724415204678362,Trois,Trois,1964.0,589.0,"soundings_wintremix/upperair.sounding.202202222200.UQAM-Trois-Rivieres.txt,soundings_wintremix/upperair.sounding.202202230000.UQAM-Trois-Rivieres.txt",1370.0,2022-02-22 22:30:00,Trois2022-02-22 22:30:00,False,,1.2419,-8.7532526,82.86
1638,-4288.844657999439,92.35974358974359,100.20672474648349,-8.016532071026987,59.0,2022-02-22 22:40:00,IOP5,PL,,,,2901.061897003269,1974.0,2.094629528522216,594.0,59.0,59.0,530.0,-8.578235294117647,PL,3.3365159420289863,-10.548778893520273,Trois,Trois,1974.0,589.0,"soundings_wintremix/upperair.sounding.202202222200.UQAM-Trois-Rivieres.txt,soundings_wintremix/upperair.sounding.202202230000.UQAM-Trois-Rivieres.txt",1380.0,2022-02-22 22:40:00,Trois2022-02-22 22:40:00,False,,2.2582,-8.7117633,83.8
1639,-4155.759371563186,92.17605056980057,100.31934524729881,-7.767774526286326,60.0,2022-02-22 22:50:00,IOP5,PL,,,,2898.250046832617,1990.0,2.0701786048804407,595.0,60.0,60.0,530.0,-8.51029411764706,PL,3.2708768115942037,-10.376724137931035,Trois,Trois,1990.0,590.0,"soundings_wintremix/upperair.sounding.202202222200.UQAM-Trois-Rivieres.txt,soundings_wintremix/upperair.sounding.202202230000.UQAM-Trois-Rivieres.txt",1395.0,2022-02-22 22:50:00,Trois2022-02-22 22:50:00,False,,2.9739999999999998,-8.6467537,84.55
1640,-4038.1962759067933,91.88961538461538,100.45663072204658,-7.619238256427912,59.0,2022-02-22 23:00:00,IOP5,PL,,,,2896.845510304962,2004.0,2.0400320495105366,589.0,59.0,59.0,525.0,-8.44235294117647,PL,3.3164250788196874,-10.20456043956044,Trois,Trois,2004.0,584.0,"soundings_wintremix/upperair.sounding.202202222200.UQAM-Trois-Rivieres.txt,soundings_wintremix/upperair.sounding.202202230000.UQAM-Trois-Rivieres.txt",1415.0,2022-02-22 23:00:00,Trois2022-02-22 23:00:00,False,,1.3155,-8.5754297,85.47999999999999
1641,-3905.3057312442306,91.80659173976609,100.55341824680046,-7.368501379706095,60.0,2022-02-22 23:10:00,IOP5,PL,,,,2896.113256627118,2010.0,2.0323601800892055,590.0,60.0,60.0,525.0,-8.374411764705883,PL,3.375648020540317,-10.05741185897436,Trois,Trois,2010.0,585.0,"soundings_wintremix/upperair.sounding.202202222200.UQAM-Trois-Rivieres.txt,soundings_wintremix/upperair.sounding.202202230000.UQAM-Trois-Rivieres.txt",1420.0,2022-02-22 23:10:00,Trois2022-02-22 23:10:00,False,,3.1365000000000003,-8.4965135,86.72
1642,-3788.1928627215475,92.29243767313018,100.69998205215917,-7.215605452802947,59.0,2022-02-22 23:20:00,IOP5,PL,,,,2896.2134163589512,2014.0,2.0182671891003143,584.0,59.0,59.0,520.0,-8.306470588235294,PL,3.4389749350248895,-9.909545234639575,Trois,Trois,2014.0,579.0,"soundings_wintremix/upperair.sounding.202202222200.UQAM-Trois-Rivieres.txt,soundings_wintremix/upperair.sounding.202202230000.UQAM-Trois-Rivieres.txt",1430.0,2022-02-22 23:20:00,Trois2022-02-22 23:20:00,False,,3.6116,-8.4580548,87.74
1643,-3663.445842455456,92.69024238227148,100.81922416293554,-6.977992080867536,59.0,2022-02-22 23:30:00,IOP5,PL,,,,2897.0300364760283,2034.0,1.9910859357223563,584.0,59.0,59.0,520.0,-8.238529411764706,PL,3.5002498631274905,-9.762373004354137,Trois,Trois,2034.0,579.0,"soundings_wintremix/upperair.sounding.202202222200.UQAM-Trois-Rivieres.txt,soundings_wintremix/upperair.sounding.202202230000.UQAM-Trois-Rivieres.txt",1450.0,2022-02-22 23:30:00,Trois2022-02-22 23:30:00,False,,2.8123,-8.3986042,88.48
1644,-3539.015584094126,93.08804709141276,100.93685684966249,-6.805799200181012,59.0,2022-02-22 23:40:00,IOP5,PL,,,,2899.042134096344,2039.0,1.9788683509190061,579.0,59.0,59.0,515.0,-8.170588235294119,PL,3.561524791230091,-9.6152007740687,Trois,Trois,2039.0,574.0,"soundings_wintremix/upperair.sounding.202202222200.UQAM-Trois-Rivieres.txt,soundings_wintremix/upperair.sounding.202202230000.UQAM-Trois-Rivieres.txt",1460.0,2022-02-22 23:40:00,Trois2022-02-22 23:40:00,False,,2.0715,-8.3531661,88.71000000000001
1645,-3415.00614525244,93.48585180055402,101.05288976657509,-6.631079893694059,59.0,2022-02-22 23:50:00,IOP5,PL,,,,2901.8656203893734,2054.0,1.9541182628884668,574.0,59.0,59.0,510.0,-8.10264705882353,PL,3.6245581928423545,-9.468028543783262,Trois,Trois,2054.0,569.0,"soundings_wintremix/upperair.sounding.202202222200.UQAM-Trois-Rivieres.txt,soundings_wintremix/upperair.sounding.202202230000.UQAM-Trois-Rivieres.txt",1480.0,2022-02-22 23:50:00,Trois2022-02-22 23:50:00,False,,2.213,-8.285855799999998,88.42999999999999
1646,-3405.9577864704042,100.0,106.72330155772907,-6.678348600922361,43.0,2022-02-23 00:00:00,IOP5,PL,,,,2908.2469182550435,2073.0,1.9070471595115042,553.0,43.0,43.0,505.0,-7.93,PL,3.6993478260869574,-9.35,Trois,Trois,2073.0,548.0,"soundings_wintremix/upperair.sounding.202202230000.UQAM-Trois-Rivieres.txt,soundings_wintremix/upperair.sounding.202202230400.UQAM-Trois-Rivieres.txt",1520.0,2022-02-23 00:00:00,Trois2022-02-23 00:00:00,False,,2.879,-8.1227794,88.60999999999999
1647,-3405.9577864704042,100.0,106.72330155772907,-6.678348600922361,43.0,2022-02-23 00:10:00,IOP5,PL,,,,2908.2469182550435,2073.0,1.9070471595115042,553.0,43.0,43.0,505.0,-7.806853448275862,PL,3.6993478260869574,-9.35,Trois,Trois,2073.0,548.0,"soundings_wintremix/upperair.sounding.202202230000.UQAM-Trois-Rivieres.txt,soundings_wintremix/upperair.sounding.202202230400.UQAM-Trois-Rivieres.txt",1520.0,2022-02-23 00:10:00,Trois2022-02-23 00:10:00,True,upperair.sounding.202202230000.UQAM-Trois-Rivieres.txt,3.0231000000000003,-7.961796600000001,88.92999999999999
1648,-3259.437714741755,102.8634548611111,109.29528432824837,-6.454332108399515,43.0,2022-02-23 00:20:00,IOP5,PL,,,,2976.674130987426,2063.0,1.958338244070675,548.0,43.0,43.0,500.0,-7.6837068965517235,PL,3.652384592401825,-8.780766666666667,Trois,Trois,2063.0,543.0,"soundings_wintremix/upperair.sounding.202202230000.UQAM-Trois-Rivieres.txt,soundings_wintremix/upperair.sounding.202202230400.UQAM-Trois-Rivieres.txt",1515.0,2022-02-23 00:20:00,Trois2022-02-23 00:20:00,False,,2.9928999999999997,-7.867714100000001,88.82000000000001
1649,-3186.4394435833133,104.29518229166666,110.57201344234515,-6.309781076402598,43.0,2022-02-23 00:30:00,IOP5,PL,,,,3011.209351142809,2058.0,1.9875969314473985,548.0,43.0,43.0,500.0,-7.560560344827586,PL,3.6289029755592597,-8.594106122448979,Trois,Trois,2058.0,543.0,"soundings_wintremix/upperair.sounding.202202230000.UQAM-Trois-Rivieres.txt,soundings_wintremix/upperair.sounding.202202230400.UQAM-Trois-Rivieres.txt",1510.0,2022-02-23 00:30:00,Trois2022-02-23 00:30:00,False,,2.0378999999999996,-7.7845335,89.03
1650,-3113.441172424871,105.72690972222222,111.84259712596965,-6.165230044405686,43.0,2022-02-23 00:40:00,IOP5,PL,,,,3045.7646359219143,2058.0,2.010405700278491,548.0,43.0,43.0,500.0,-7.437413793103448,PL,3.605421358716694,-8.447876020408163,Trois,Trois,2058.0,543.0,"soundings_wintremix/upperair.sounding.202202230000.UQAM-Trois-Rivieres.txt,soundings_wintremix/upperair.sounding.202202230400.UQAM-Trois-Rivieres.txt",1510.0,2022-02-23 00:40:00,Trois2022-02-23 00:40:00,False,,1.8024999999999998,-7.7502831,88.81
1651,-3040.61025086511,107.15863715277777,113.10705736863345,-6.08122050173022,43.0,2022-02-23 00:50:00,IOP5,PL,,,,3080.487270299701,2058.0,2.026636362039277,543.0,43.0,43.0,495.0,-7.3142672413793095,PL,3.5819397418741277,-8.351407525510204,Trois,Trois,2058.0,538.0,"soundings_wintremix/upperair.sounding.202202230000.UQAM-Trois-Rivieres.txt,soundings_wintremix/upperair.sounding.202202230400.UQAM-Trois-Rivieres.txt",1515.0,2022-02-23 00:50:00,Trois2022-02-23 00:50:00,False,,2.3548999999999998,-7.711218700000001,89.3
1652,-2967.9517957802504,108.59036458333333,114.3654161012591,-5.9359035915605,43.0,2022-02-23 01:00:00,IOP5,PL,,,,3115.408277763429,2053.0,2.0563751008339466,543.0,43.0,43.0,495.0,-7.191120689655172,PL,3.558458125031562,-8.254939030612244,Trois,Trois,2053.0,538.0,"soundings_wintremix/upperair.sounding.202202230000.UQAM-Trois-Rivieres.txt,soundings_wintremix/upperair.sounding.202202230400.UQAM-Trois-Rivieres.txt",1510.0,2022-02-23 01:00:00,Trois2022-02-23 01:00:00,False,,2.5288,-7.7195441,89.45
1653,-2895.5445679316967,110.0220920138889,115.61769519617073,-5.8495849857205995,43.0,2022-02-23 01:10:00,IOP5,PL,,,,3150.6043183577717,2053.0,2.0727659989195866,538.0,43.0,43.0,490.0,-7.067974137931035,PL,3.534976508188996,-8.158470535714287,Trois,Trois,2053.0,533.0,"soundings_wintremix/upperair.sounding.202202230000.UQAM-Trois-Rivieres.txt,soundings_wintremix/upperair.sounding.202202230400.UQAM-Trois-Rivieres.txt",1515.0,2022-02-23 01:10:00,Trois2022-02-23 01:10:00,False,,2.5313,-7.6600641,89.36
1654,-2823.4175039840334,111.45381944444442,116.8639164670811,-5.762076538742925,43.0,2022-02-23 01:20:00,IOP5,PL,,,,3186.080522853005,2053.0,2.089233129739675,533.0,43.0,43.0,485.0,-6.9448275862068956,PL,3.5114948913464294,-8.062002040816326,Trois,Trois,2053.0,528.0,"soundings_wintremix/upperair.sounding.202202230000.UQAM-Trois-Rivieres.txt,soundings_wintremix/upperair.sounding.202202230400.UQAM-Trois-Rivieres.txt",1520.0,2022-02-23 01:20:00,Trois2022-02-23 01:20:00,False,,3.2032,-7.620006000000001,89.7
1655,-2751.6573215877343,112.88554687499999,118.10410166908778,-5.673520250696359,43.0,2022-02-23 01:30:00,IOP5,PL,,,,3221.965166122867,2048.0,2.112764043359257,528.0,43.0,43.0,480.0,-6.821681034482758,PL,3.4890683306055648,-7.965533545918368,Trois,Trois,2048.0,523.0,"soundings_wintremix/upperair.sounding.202202230000.UQAM-Trois-Rivieres.txt,soundings_wintremix/upperair.sounding.202202230400.UQAM-Trois-Rivieres.txt",1520.0,2022-02-23 01:30:00,Trois2022-02-23 01:30:00,False,,3.9762999999999997,-7.5735885,90.07
1656,-2680.093868751183,114.31727430555554,119.33827249866631,-5.525966739693161,43.0,2022-02-23 01:40:00,IOP5,PL,,,,3258.068533656198,2043.0,2.1434661405632878,528.0,43.0,43.0,480.0,-6.698534482758621,PL,3.4678773413347885,-7.869065051020408,Trois,Trois,2043.0,523.0,"soundings_wintremix/upperair.sounding.202202230000.UQAM-Trois-Rivieres.txt,soundings_wintremix/upperair.sounding.202202230400.UQAM-Trois-Rivieres.txt",1515.0,2022-02-23 01:40:00,Trois2022-02-23 01:40:00,False,,3.6677,-7.5230327,90.33
1657,-2537.6013753892703,117.18072916666665,121.7886575333146,-5.516524729107109,43.0,2022-02-23 02:00:00,IOP5,PL,,,,3330.91280849381,2043.0,2.1842051203238095,523.0,43.0,43.0,455.0,-6.452241379310344,PL,3.425495362793235,-7.67612806122449,Trois,Trois,2043.0,498.0,"soundings_wintremix/upperair.sounding.202202230000.UQAM-Trois-Rivieres.txt,soundings_wintremix/upperair.sounding.202202230400.UQAM-Trois-Rivieres.txt",1520.0,2022-02-23 02:00:00,Trois2022-02-23 02:00:00,False,,4.479100000000001,-7.5305252,90.39000000000001
1658,-2468.1179489934325,118.61245659722219,123.0049148382101,-5.365473802159635,43.0,2022-02-23 02:10:00,IOP5,PL,,,,3369.1576538952886,2043.0,2.1806845656280185,503.0,43.0,43.0,455.0,-6.329094827586206,PL,3.460263480392157,-7.579659566326531,Trois,Trois,2043.0,498.0,"soundings_wintremix/upperair.sounding.202202230000.UQAM-Trois-Rivieres.txt,soundings_wintremix/upperair.sounding.202202230400.UQAM-Trois-Rivieres.txt",1540.0,2022-02-23 02:10:00,Trois2022-02-23 02:10:00,False,,4.1852,-7.499426700000001,90.72999999999999
1659,-2398.873369215953,120.04418402777777,124.21524397033214,-5.272249163111984,43.0,2022-02-23 02:20:00,IOP5,PL,,,,3407.62830721635,2038.0,2.205584664864952,498.0,43.0,43.0,450.0,-6.2059482758620685,PL,3.5391299019607843,-7.483191071428572,Trois,Trois,2038.0,493.0,"soundings_wintremix/upperair.sounding.202202230000.UQAM-Trois-Rivieres.txt,soundings_wintremix/upperair.sounding.202202230400.UQAM-Trois-Rivieres.txt",1540.0,2022-02-23 02:20:00,Trois2022-02-23 02:20:00,False,,3.7148000000000003,-7.2216744,91.46000000000001
1660,-2329.792717578569,121.47591145833331,125.41966633303984,-5.1204235551177355,43.0,2022-02-23 02:30:00,IOP5,PL,,,,3446.280333418361,2038.0,2.2306021575523367,498.0,43.0,43.0,450.0,-6.08280172413793,PL,3.617996323529412,-7.3867225765306115,Trois,Trois,2038.0,493.0,"soundings_wintremix/upperair.sounding.202202230000.UQAM-Trois-Rivieres.txt,soundings_wintremix/upperair.sounding.202202230400.UQAM-Trois-Rivieres.txt",1540.0,2022-02-23 02:30:00,Trois2022-02-23 02:30:00,False,,3.8118000000000003,-6.9267951,91.71000000000001
1661,-2260.712065941186,122.90763888888885,126.6182032710834,-4.968597947123485,43.0,2022-02-23 02:40:00,IOP5,PL,,,,3484.9323596203712,2038.0,2.2556196502397223,498.0,43.0,43.0,450.0,-5.959655172413792,PL,3.696862745098039,-7.290254081632652,Trois,Trois,2038.0,493.0,"soundings_wintremix/upperair.sounding.202202230000.UQAM-Trois-Rivieres.txt,soundings_wintremix/upperair.sounding.202202230400.UQAM-Trois-Rivieres.txt",1540.0,2022-02-23 02:40:00,Trois2022-02-23 02:40:00,False,,3.9272,-6.655372300000001,91.89
1662,-2178.129735156185,124.62571180555553,128.04870880294982,-4.840288300347078,43.0,2022-02-23 02:52:00,IOP5,PL,,,,3531.6746549434165,2033.0,2.285873563070173,493.0,43.0,43.0,445.0,-5.8118793103448265,PL,3.7915024509803925,-7.174491887755102,Trois,Trois,2033.0,488.0,"soundings_wintremix/upperair.sounding.202202230000.UQAM-Trois-Rivieres.txt,soundings_wintremix/upperair.sounding.202202230400.UQAM-Trois-Rivieres.txt",1540.0,2022-02-23 02:50:00,Trois2022-02-23 02:50:00,False,,3.1907,-6.5207235,91.87
1663,-2123.2197321480253,125.77109374999998,128.99770595917613,-4.718266071440055,43.0,2022-02-23 03:00:00,IOP5,PL,,,,3562.99629837096,2033.0,2.3061464714375144,493.0,43.0,43.0,445.0,-5.713362068965517,PL,3.8545955882352945,-7.097317091836735,Trois,Trois,2033.0,488.0,"soundings_wintremix/upperair.sounding.202202230000.UQAM-Trois-Rivieres.txt,soundings_wintremix/upperair.sounding.202202230400.UQAM-Trois-Rivieres.txt",1540.0,2022-02-23 03:00:00,Trois2022-02-23 03:00:00,False,,3.9497999999999998,-6.3467005,92.32000000000001
1664,-2055.083836239208,127.20282118055553,130.17871410575563,-4.724330658021167,43.0,2022-02-23 03:10:00,IOP5,PL,,,,3602.6847209038956,2028.0,2.3168390488127946,478.0,43.0,43.0,430.0,-5.590215517241378,PL,3.9334620098039217,-7.000848596938775,Trois,Trois,2028.0,473.0,"soundings_wintremix/upperair.sounding.202202230000.UQAM-Trois-Rivieres.txt,soundings_wintremix/upperair.sounding.202202230400.UQAM-Trois-Rivieres.txt",1550.0,2022-02-23 03:10:00,Trois2022-02-23 03:10:00,False,,2.8668,-5.9469783,92.92999999999999
1665,-1988.4015071637318,128.6345486111111,131.35392162075905,-4.678591781561722,43.0,2022-02-23 03:20:00,IOP5,PL,,,,3643.8639186089595,2023.0,2.3358102042365125,468.0,43.0,43.0,420.0,-5.467068965517241,PL,4.012328431372549,-6.904380102040816,Trois,Trois,2023.0,463.0,"soundings_wintremix/upperair.sounding.202202230000.UQAM-Trois-Rivieres.txt,soundings_wintremix/upperair.sounding.202202230400.UQAM-Trois-Rivieres.txt",1555.0,2022-02-23 03:20:00,Trois2022-02-23 03:20:00,False,,3.4676,-5.6389446,93.32000000000001
1666,-1922.2847535408953,130.06627604166664,132.52334955604368,-4.523022949507986,43.0,2022-02-23 03:30:00,IOP5,PL,FZRA,,,3685.642214053484,2023.0,2.3625911628547978,468.0,43.0,43.0,420.0,-5.343922413793103,FZRA and PL,4.091194852941177,-6.807911607142857,Trois,Trois,2023.0,463.0,"soundings_wintremix/upperair.sounding.202202230000.UQAM-Trois-Rivieres.txt,soundings_wintremix/upperair.sounding.202202230400.UQAM-Trois-Rivieres.txt",1555.0,2022-02-23 03:30:00,Trois2022-02-23 03:30:00,False,,2.7819,-5.4185881,93.43
1667,-1856.6992603477618,131.4980034722222,133.68701890493736,-4.420712524637529,43.0,2022-02-23 03:40:00,IOP5,PL,FZRA,,,3727.951769927712,2023.0,2.3820778082605196,463.0,43.0,43.0,415.0,-5.220775862068965,FZRA and PL,4.170061274509804,-6.711443112244898,Trois,Trois,2023.0,458.0,"soundings_wintremix/upperair.sounding.202202230000.UQAM-Trois-Rivieres.txt,soundings_wintremix/upperair.sounding.202202230400.UQAM-Trois-Rivieres.txt",1560.0,2022-02-23 03:40:00,Trois2022-02-23 03:40:00,False,,2.3736,-5.2835294,93.59
1668,-1791.579781236459,132.92973090277775,134.84495060225078,-4.317059713822793,43.0,2022-02-23 03:50:00,IOP5,PL,FZRA,,,3770.7557781291503,2018.0,2.409428612223099,458.0,43.0,43.0,410.0,-5.097629310344827,FZRA and PL,4.2489276960784315,-6.614974617346939,Trois,Trois,2018.0,453.0,"soundings_wintremix/upperair.sounding.202202230000.UQAM-Trois-Rivieres.txt,soundings_wintremix/upperair.sounding.202202230400.UQAM-Trois-Rivieres.txt",1560.0,2022-02-23 03:50:00,Trois2022-02-23 03:50:00,False,,1.7921,-5.2997546,93.58
1669,,,,,,2022-02-23 04:00:00,IOP5,PL,FZRA,,,,,,,,,,,FZRA and PL,,,Trois,Trois,,,,,2022-02-23 04:00:00,Trois2022-02-23 04:00:00,False,,1.5488,-5.377841800000001,93.47999999999999
1670,-1717.9193515173124,100.0,106.26928782250681,-4.241776176585956,50.0,2022-02-23 04:10:00,IOP5,PL,FZRA,,,3813.3646752670065,2015.0,2.4366547445795574,455.0,50.0,50.0,400.0,,FZRA and PL,4.334411764705882,-6.540196078431372,Trois,Trois,2015.0,450.0,,1560.0,2022-02-23 04:10:00,Trois2022-02-23 04:10:00,True,upperair.sounding.202202230400.UQAM-Trois-Rivieres.txt,0.9165000000000001,-5.25484,93.7
1671,,,,,,2022-02-23 04:20:00,IOP5,FZRA,PL,,,,,,,,,,,FZRA and PL,,,Trois,Trois,,,,,2022-02-23 04:20:00,Trois2022-02-23 04:20:00,False,,0.48929999999999996,-5.1588405,93.74
1672,,,,,,2022-02-23 04:30:00,IOP5,FZRA,PL,,,,,,,,,,,FZRA and PL,,,Trois,Trois,,,,,2022-02-23 04:30:00,Trois2022-02-23 04:30:00,False,,0.8854,-5.1034467999999995,93.89
1673,,,,,,2022-02-23 04:40:00,IOP5,FZRA,PL,,,,,,,,,,,FZRA and PL,,,Trois,Trois,,,,,2022-02-23 04:40:00,Trois2022-02-23 04:40:00,False,,0.8308,-5.062848,94.07
1674,,,,,,2022-02-23 04:50:00,IOP5,FZRA,,,,,,,,,,,,FZRA,,,Trois,Trois,,,,,2022-02-23 04:50:00,Trois2022-02-23 04:50:00,False,,0.6168,-5.065999700000001,94.24
1675,,,,,,2022-02-23 05:00:00,IOP5,FZRA,,,,,,,,,,,,FZRA,,,Trois,Trois,,,,,2022-02-23 05:00:00,Trois2022-02-23 05:00:00,False,,0.0806,-5.1654151,94.26
1676,,,,,,2022-02-23 05:10:00,IOP5,FZRA,,,,,,,,,,,,FZRA,,,Trois,Trois,,,,,2022-02-23 05:10:00,Trois2022-02-23 05:10:00,False,,0.12969999999999998,-5.2607917,94.32000000000001
1677,,,,,,2022-02-23 05:20:00,IOP5,FZRA,,,,,,,,,,,,FZRA,,,Trois,Trois,,,,,2022-02-23 05:20:00,Trois2022-02-23 05:20:00,False,,0.0,-5.4126889,94.26
1678,,,,,,2022-02-23 05:30:00,IOP5,FZRA,,,,,,,,,,,,FZRA,,,Trois,Trois,,,,,2022-02-23 05:30:00,Trois2022-02-23 05:30:00,False,,0.0,-5.5316752000000005,94.24
1679,,,,,,2022-02-23 05:40:00,IOP5,FZRA,,,,,,,,,,,,FZRA,,,Trois,Trois,,,,,2022-02-23 05:40:00,Trois2022-02-23 05:40:00,False,,0.0,-5.590953833333334,94.28333333333335
1726,-1428.1154067902335,92.7256,97.13350294705188,-2.975240430812986,50.0,,,,,,,1778.9546701264894,2315.0,1.2661599075633374,915.0,50.0,50.0,475.0,,,3.235116279069768,-5.131666666666667,,,2315.0,525.0,,1400.0,2022-03-06 12:10:00,Trois2022-03-06 12:10:00,True,upperair.sounding.202203061200.UQAM-Trois-Rivieres.txt,,,
1680,-956.6412490944963,92.7008696386356,96.53458366803068,-2.057293008805369,50.0,2022-03-06 13:40:00,IOP8,FZRA,,,,2738.926174249443,2405.0,1.8078720622108535,895.0,50.0,50.0,460.0,-3.1668840579710142,FZRA,3.8766357531507607,-4.18136797454931,Trois,Trois,2405.0,510.0,"soundings_wintremix/upperair.sounding.202203061200.UQAM-Trois-Rivieres.txt,soundings_wintremix/upperair.sounding.202203061400.UQAM-Trois-Rivieres.txt",1510.0,2022-03-06 13:40:00,Trois2022-03-06 13:40:00,False,,1.0591,-3.4917893999999996,94.46000000000001
1681,-909.9843042868291,92.91042468760553,96.68368833646609,-1.978226748449628,50.0,2022-03-06 13:50:00,IOP8,FZRA,,,,2840.0388295980238,2420.0,1.8562345291490356,895.0,50.0,50.0,455.0,-3.077572463768116,FZRA,3.9457254428341377,-4.106983032873806,Trois,Trois,2420.0,505.0,"soundings_wintremix/upperair.sounding.202203061200.UQAM-Trois-Rivieres.txt,soundings_wintremix/upperair.sounding.202203061400.UQAM-Trois-Rivieres.txt",1525.0,2022-03-06 13:50:00,Trois2022-03-06 13:50:00,False,,0.674,-3.3207856999999996,94.47999999999999
1682,-847.2470706738071,93.23468367346939,96.89591867001022,-1.8620814740083675,52.0,2022-03-06 14:04:00,IOP8,FZRA,,,,3012.7018415808443,2447.0,1.9312191292184901,892.0,52.0,52.0,450.0,-3.059074966532798,FZRA,4.022774193548387,-3.9900404844864776,Trois,Trois,2447.0,502.0,"soundings_wintremix/upperair.sounding.202203061400.UQAM-Trois-Rivieres.txt,soundings_wintremix/upperair.sounding.202203061600.UQAM-Trois-Rivieres.txt",1555.0,2022-03-06 14:00:00,Trois2022-03-06 14:00:00,False,,0.9996,-3.2363869000000003,94.56
1683,-858.5378953903712,93.12571428571428,96.81808222862846,-1.8868964733854312,52.0,2022-03-06 14:12:00,IOP8,FZRA,,,,2942.3553041638957,2432.0,1.9044370900737189,892.0,52.0,52.0,450.0,-2.9972248995983937,FZRA,4.02,-4.03170731707317,Trois,Trois,2432.0,502.0,"soundings_wintremix/upperair.sounding.202203061400.UQAM-Trois-Rivieres.txt,soundings_wintremix/upperair.sounding.202203061600.UQAM-Trois-Rivieres.txt",1540.0,2022-03-06 14:10:00,Trois2022-03-06 14:10:00,True,upperair.sounding.202203061400.UQAM-Trois-Rivieres.txt,0.3386,-3.0475877000000002,94.78
1684,-802.0837718075504,93.6705612244898,97.21301382350848,-1.762821476500111,52.0,2022-03-06 14:20:00,IOP8,FZRA,,,,3392.7859363696853,2497.0,1.7006445796339278,507.0,52.0,52.0,450.0,-2.9353748326639892,FZRA,4.033870967741935,-3.8233731541397047,Trois,Trois,2497.0,502.0,"soundings_wintremix/upperair.sounding.202203061400.UQAM-Trois-Rivieres.txt,soundings_wintremix/upperair.sounding.202203061600.UQAM-Trois-Rivieres.txt",1990.0,2022-03-06 14:20:00,Trois2022-03-06 14:20:00,False,,1.9608999999999999,-3.0365916,94.78
1685,-768.2112976578578,94.01135419501134,97.4499793682706,-1.6883764783689184,52.0,2022-03-06 14:32:00,IOP8,FZRA,,,,3687.9822959568887,2527.0,1.8212258251638958,507.0,52.0,52.0,450.0,-2.842599732262382,FZRA,4.0448190743338,-3.700235102040816,Trois,Trois,2527.0,502.0,"soundings_wintremix/upperair.sounding.202203061400.UQAM-Trois-Rivieres.txt,soundings_wintremix/upperair.sounding.202203061600.UQAM-Trois-Rivieres.txt",2020.0,2022-03-06 14:30:00,Trois2022-03-06 14:30:00,False,,1.4364000000000001,-2.8463575,95.12
1686,-731.5161173290244,94.38507397959182,97.70586624395337,-1.6077277303934598,52.0,2022-03-06 14:45:00,IOP8,FZRA,,,,4011.3984975513663,2557.0,1.952018733601638,507.0,52.0,52.0,450.0,-2.742093373493976,FZRA,4.057021388499298,-3.5687452463912392,Trois,Trois,2557.0,502.0,"soundings_wintremix/upperair.sounding.202203061400.UQAM-Trois-Rivieres.txt,soundings_wintremix/upperair.sounding.202203061600.UQAM-Trois-Rivieres.txt",2050.0,2022-03-06 14:40:00,Trois2022-03-06 14:40:00,False,,2.5322,-2.7991970999999998,95.34
1687,-717.4044781975572,94.52881235827665,97.80405599614903,-1.5942321737723488,52.0,2022-03-06 14:50:00,IOP8,FZRA,,,,4136.7731815544275,2567.0,1.9984411505093853,502.0,52.0,52.0,445.0,-2.703437081659973,FZRA,4.06171458625526,-3.518172224987556,Trois,Trois,2567.0,497.0,"soundings_wintremix/upperair.sounding.202203061400.UQAM-Trois-Rivieres.txt,soundings_wintremix/upperair.sounding.202203061600.UQAM-Trois-Rivieres.txt",2065.0,2022-03-06 14:50:00,Trois2022-03-06 14:50:00,False,,2.7093999999999996,-2.6601657,95.7
1688,-689.20257736769,94.8896304467733,98.00005566902982,-1.5315612830393108,52.0,2022-03-06 15:00:00,IOP8,FZRA,,,,4388.728207569582,2592.0,2.094858332968774,502.0,52.0,52.0,445.0,-2.6261244979919676,FZRA,4.071100981767181,-3.417026182180189,Trois,Trois,2592.0,497.0,"soundings_wintremix/upperair.sounding.202203061400.UQAM-Trois-Rivieres.txt,soundings_wintremix/upperair.sounding.202203061600.UQAM-Trois-Rivieres.txt",2090.0,2022-03-06 15:00:00,Trois2022-03-06 15:00:00,False,,2.4849,-2.5645301,95.78
1689,-661.0006765378228,95.44146074646076,98.19554964894168,-1.4688903923062728,52.0,2022-03-06 15:10:00,IOP8,FZRA,,,,4641.900855442149,2597.0,2.2104289787819758,502.0,52.0,52.0,445.0,-2.5488119143239625,FZRA,4.080554420460555,-3.315880139372822,Trois,Trois,2597.0,497.0,"soundings_wintremix/upperair.sounding.202203061400.UQAM-Trois-Rivieres.txt,soundings_wintremix/upperair.sounding.202203061600.UQAM-Trois-Rivieres.txt",2095.0,2022-03-06 15:10:00,Trois2022-03-06 15:10:00,False,,2.8009,-2.5983825,95.89
1690,-632.7987757079555,95.99329104614817,98.58414735622138,-1.4062195015732344,52.0,2022-03-06 15:20:00,IOP8,FZRA,,,,4895.367242325189,2602.0,2.3255901388718234,502.0,52.0,52.0,445.0,-2.4714993306559565,FZRA,4.096427730696799,-3.214734096565455,Trois,Trois,2602.0,497.0,"soundings_wintremix/upperair.sounding.202203061400.UQAM-Trois-Rivieres.txt,soundings_wintremix/upperair.sounding.202203061600.UQAM-Trois-Rivieres.txt",2100.0,2022-03-06 15:20:00,Trois2022-03-06 15:20:00,False,,0.8253,-2.5615113000000003,95.92999999999999
1691,-604.5968748780882,96.54512134583564,99.02980996230609,-1.343548610840196,52.0,2022-03-06 15:30:00,IOP8,FZRA,,,,5148.878213476843,2602.0,2.4460229042645336,502.0,52.0,52.0,445.0,-2.3941867469879514,FZRA,4.115929113700565,-3.1135880537580882,Trois,Trois,2602.0,497.0,"soundings_wintremix/upperair.sounding.202203061400.UQAM-Trois-Rivieres.txt,soundings_wintremix/upperair.sounding.202203061600.UQAM-Trois-Rivieres.txt",2100.0,2022-03-06 15:30:00,Trois2022-03-06 15:30:00,False,,3.5839999999999996,-2.4093364,96.2
1692,-570.7545938822476,97.20731770546055,99.56298321806553,-1.2683435419605502,52.0,2022-03-06 15:42:00,IOP8,FZRA,,,,5453.307424500426,2607.0,2.5845058883888274,502.0,52.0,52.0,445.0,-2.301411646586345,FZRA,4.139330773305084,-2.9922128023892482,Trois,Trois,2607.0,497.0,"soundings_wintremix/upperair.sounding.202203061400.UQAM-Trois-Rivieres.txt,soundings_wintremix/upperair.sounding.202203061600.UQAM-Trois-Rivieres.txt",2105.0,2022-03-06 15:40:00,Trois2022-03-06 15:40:00,False,,1.8149000000000002,-2.1643236,96.47
1693,-548.1930732183539,97.73030874624624,99.917451090206,-1.2182068293741197,52.0,2022-03-06 15:50:00,IOP8,FZRA,,,,5656.305985684126,2607.0,2.680713737291055,502.0,52.0,52.0,445.0,-2.2395615796519404,FZRA,4.154931879708098,-2.9112959681433552,Trois,Trois,2607.0,497.0,"soundings_wintremix/upperair.sounding.202203061400.UQAM-Trois-Rivieres.txt,soundings_wintremix/upperair.sounding.202203061600.UQAM-Trois-Rivieres.txt",2105.0,2022-03-06 15:50:00,Trois2022-03-06 15:50:00,False,,0.9308,-2.1789511,96.38
1694,,,,,,2022-03-06 16:00:00,IOP8,FZRA,,,,,,,,,,,,FZRA,,,Trois,Trois,,,,,2022-03-06 16:00:00,Trois2022-03-06 16:00:00,False,,0.184,-2.0988956,96.59
1695,-529.850337035727,98.52,100.39321421734594,-1.1645062352433557,46.0,2022-03-06 16:12:00,IOP8,FZRA,,,,5910.229986729195,2611.0,2.7944349819050562,501.0,46.0,46.0,450.0,,FZRA,4.179152542372882,-2.814,Trois,Trois,2611.0,496.0,,2110.0,2022-03-06 16:10:00,Trois2022-03-06 16:10:00,True,upperair.sounding.202203061600.UQAM-Trois-Rivieres.txt,0.0441,-2.0547343000000002,96.67999999999999
1696,,,,,,2022-03-06 16:17:00,IOP8,FZRA,,,,,,,,,,,,FZRA,,,Trois,Trois,,,,,2022-03-06 16:20:00,Trois2022-03-06 16:20:00,False,,2.7426000000000004,-1.953566,96.97
1697,,,,,,2022-03-06 16:35:00,IOP8,FZRA,,,,,,,,,,,,FZRA,,,Trois,Trois,,,,,2022-03-06 16:30:00,Trois2022-03-06 16:30:00,False,,0.5728,-1.7184937000000002,97.13
1698,,,,,,2022-03-06 16:40:00,IOP8,FZRA,,,,,,,,,,,,FZRA,,,Trois,Trois,,,,,2022-03-06 16:40:00,Trois2022-03-06 16:40:00,False,,0.0,-1.7058373,97.21000000000001
1699,,,,,,2022-03-06 16:53:00,IOP8,FZRA,,,,,,,,,,,,FZRA,,,Trois,Trois,,,,,2022-03-06 16:50:00,Trois2022-03-06 16:50:00,False,,0.10880000000000001,-1.6657062,97.32000000000001
1700,,,,,,2022-03-06 17:00:00,IOP8,FZRA,,,,,,,,,,,,FZRA,,,Trois,Trois,,,,,2022-03-06 17:00:00,Trois2022-03-06 17:00:00,False,,0.9224,-1.5515508,97.46000000000001
1701,,,,,,2022-03-06 17:18:00,IOP8,FZRA,,,,,,,,,,,,FZRA,,,Trois,Trois,,,,,2022-03-06 17:20:00,Trois2022-03-06 17:20:00,False,,0.0,-1.325248,97.6
