,CL_integral,CL_max_rh,CL_max_rhi,CL_mean_temp,CL_min_hght,Date & time (UTC),IOP,Primary p-type,Secondary p-type,WL_depth_1,WL_depth_2,WL_integral,WL_max_hght,WL_mean_temp,bot_WL_hght,bot_cl_hght,cl_base_hght,cl_depth_hght,first_temp,manobs_with_mix,max_WL_temp,min_CL_temp,site,site_for_title,top_WL_hght,top_cl_hght,two_files,wl_depth_hght,rounded_time,site_date,Sounding,file,pr,temp_2m,relative_humidity
1702,,,,,,,,,,,,,,,,,,,,,,,,,,,,0.0,2022-02-02 21:10:00,Albany2022-02-02 21:10:00,True,upperair.sounding.202202022100.Albany_DOW-US_Plattsburgh.txt,,,
0,-373.95693272239004,62.34666666666667,61.106182243679,-0.6560647942498069,345.0,2022-02-03 01:00:00,IOP1,,,,,211.2785840539332,1460.0,0.4971260801269015,1040.0,345.0,345.0,565.0,4.97,,0.8901162708118645,-1.1585277306837247,Albany,DOW-US-Plattsburgh,1460.0,910.0,"soundings_wintremix/upperair.sounding.202202030100.Albany_DOW-US_Plattsburgh.txt,soundings_wintremix/upperair.sounding.202202030230.Albany_DOW-US_Plattsburgh.txt",420.0,2022-02-03 01:00:00,Albany2022-02-03 01:00:00,False,,,,
1703,-373.95693272239004,62.34666666666667,61.106182243679,-0.6560647942498069,345.0,,,,,,,211.2785840539332,1460.0,0.4971260801269015,1040.0,345.0,345.0,565.0,,,0.8901162708118645,-1.1585277306837247,,,1460.0,910.0,,420.0,2022-02-03 01:10:00,Albany2022-02-03 01:10:00,True,upperair.sounding.202202030100.Albany_DOW-US_Plattsburgh.txt,,,
1,-24.16305240929857,60.796918238993705,58.90840441242251,-0.10739134404132696,685.0,2022-02-03 02:00:00,IOP1,RA,,,,340.1468765859969,680.0,0.5864601320448223,105.0,685.0,685.0,220.0,4.261333333333333,RA,1.8730355892792327,-0.2228215448944465,Albany,DOW-US-Plattsburgh,680.0,905.0,"soundings_wintremix/upperair.sounding.202202030100.Albany_DOW-US_Plattsburgh.txt,soundings_wintremix/upperair.sounding.202202030230.Albany_DOW-US_Plattsburgh.txt",575.0,2022-02-03 02:00:00,Albany2022-02-03 02:00:00,False,,,,
1704,-6.376443486151346,66.43905660377358,64.66235258875984,-0.10627405810252243,843.0,,,,,,,569.4281168806045,838.0,0.7800385162748006,113.0,843.0,843.0,55.0,,,2.130408665035589,-0.19393149620622196,,,838.0,898.0,,725.0,2022-02-03 02:40:00,Albany2022-02-03 02:40:00,True,upperair.sounding.202202030230.Albany_DOW-US_Plattsburgh.txt,,,
2,-4.138192782785468,59.87773699294532,57.98688252438054,-0.08276385565570935,713.0,2022-02-03 03:00:00,IOP1,RA,,,,400.7024720358012,708.0,0.6678374533930019,113.0,713.0,713.0,45.0,3.681904761904762,RA,1.3990627207397854,-0.12937279966718684,Albany,DOW-US-Plattsburgh,708.0,758.0,"soundings_wintremix/upperair.sounding.202202030230.Albany_DOW-US_Plattsburgh.txt,soundings_wintremix/upperair.sounding.202202030400.Albany_DOW-US_Plattsburgh.txt",595.0,2022-02-03 03:00:00,Albany2022-02-03 03:00:00,False,,,,
3,,,,,,2022-02-03 03:10:00,IOP1,RA,,,,,,,,,,,3.6325396825396825,RA,,,Albany,DOW-US-Plattsburgh,,,"soundings_wintremix/upperair.sounding.202202030230.Albany_DOW-US_Plattsburgh.txt,soundings_wintremix/upperair.sounding.202202030400.Albany_DOW-US_Plattsburgh.txt",0.0,2022-02-03 03:10:00,Albany2022-02-03 03:10:00,False,,,,
4,,,,,,2022-02-03 03:30:00,IOP1,,,,,,,,,,,,3.5338095238095235,,,,Albany,DOW-US-Plattsburgh,,,"soundings_wintremix/upperair.sounding.202202030230.Albany_DOW-US_Plattsburgh.txt,soundings_wintremix/upperair.sounding.202202030400.Albany_DOW-US_Plattsburgh.txt",0.0,2022-02-03 03:30:00,Albany2022-02-03 03:30:00,False,,,,
5,-1.599398624966371,53.69456538170823,51.92934195694311,-0.3198797249932742,113.0,2022-02-03 03:40:00,IOP1,,,,,219.3223307864137,618.0,0.43430164512161107,118.0,113.0,113.0,0.0,3.4844444444444442,,0.935591891458815,-0.3198797249932742,Albany,DOW-US-Plattsburgh,618.0,113.0,"soundings_wintremix/upperair.sounding.202202030230.Albany_DOW-US_Plattsburgh.txt,soundings_wintremix/upperair.sounding.202202030400.Albany_DOW-US_Plattsburgh.txt",500.0,2022-02-03 03:40:00,Albany2022-02-03 03:40:00,False,,,,
6,-1.2464023298921718,58.486213675213676,56.57773556343992,-0.035611495139776336,463.0,2022-02-03 03:50:00,IOP1,,,,,181.62058584361978,458.0,0.5341781936577051,123.0,463.0,463.0,30.0,3.435079365079365,,0.903234260697408,-0.07023091052025245,Albany,DOW-US-Plattsburgh,458.0,493.0,"soundings_wintremix/upperair.sounding.202202030230.Albany_DOW-US_Plattsburgh.txt,soundings_wintremix/upperair.sounding.202202030400.Albany_DOW-US_Plattsburgh.txt",335.0,2022-02-03 03:50:00,Albany2022-02-03 03:50:00,False,,,,
7,,,,,,2022-02-03 04:00:00,IOP1,,,,,,,,,,,,3.52,,,,Albany,DOW-US-Plattsburgh,,,"soundings_wintremix/upperair.sounding.202202030400.Albany_DOW-US_Plattsburgh.txt,soundings_wintremix/upperair.sounding.202202030530.Albany_DOW-US_Plattsburgh.txt",0.0,2022-02-03 04:00:00,Albany2022-02-03 04:00:00,False,,,,
8,,,,,,2022-02-03 04:10:00,IOP1,,,,,,,,,,,,3.4911111111111106,,,,Albany,DOW-US-Plattsburgh,,,"soundings_wintremix/upperair.sounding.202202030400.Albany_DOW-US_Plattsburgh.txt,soundings_wintremix/upperair.sounding.202202030530.Albany_DOW-US_Plattsburgh.txt",0.0,2022-02-03 04:10:00,Albany2022-02-03 04:10:00,True,upperair.sounding.202202030400.Albany_DOW-US_Plattsburgh.txt,,,
9,-2.006569085858846,52.740543981481466,51.01623192830301,-0.40131381717176917,125.0,2022-02-03 04:20:00,IOP1,,,,,144.5421430912742,430.0,0.47390866587303015,130.0,125.0,125.0,0.0,3.4622222222222216,,0.8125882719425856,-0.40131381717176917,Albany,DOW-US-Plattsburgh,430.0,125.0,"soundings_wintremix/upperair.sounding.202202030400.Albany_DOW-US_Plattsburgh.txt,soundings_wintremix/upperair.sounding.202202030530.Albany_DOW-US_Plattsburgh.txt",300.0,2022-02-03 04:20:00,Albany2022-02-03 04:20:00,False,,,,
10,-3.6449145048984173,57.11221974206348,55.23253481252097,-0.3644914504898417,125.0,2022-02-03 04:30:00,IOP1,,,,,135.33164015854263,425.0,0.45875132257133094,135.0,125.0,125.0,5.0,3.433333333333333,,0.7841208606909416,-0.6601467603938204,Albany,DOW-US-Plattsburgh,425.0,130.0,"soundings_wintremix/upperair.sounding.202202030400.Albany_DOW-US_Plattsburgh.txt,soundings_wintremix/upperair.sounding.202202030530.Albany_DOW-US_Plattsburgh.txt",290.0,2022-02-03 04:30:00,Albany2022-02-03 04:30:00,False,,,,
11,-8.350381612680922,51.7016360780423,50.02841003971256,-0.8350381612680922,125.0,2022-02-03 04:50:00,IOP1,,,,,118.50435650714317,420.0,0.40863571209359706,135.0,125.0,125.0,5.0,3.375555555555555,,0.7296529144609015,-1.1778126468379257,Albany,DOW-US-Plattsburgh,420.0,130.0,"soundings_wintremix/upperair.sounding.202202030400.Albany_DOW-US_Plattsburgh.txt,soundings_wintremix/upperair.sounding.202202030530.Albany_DOW-US_Plattsburgh.txt",285.0,2022-02-03 04:50:00,Albany2022-02-03 04:50:00,False,,,,
12,-11.082081626662344,57.223086622807,55.34861937358139,-0.7388054417774895,125.0,2022-02-03 05:00:00,IOP1,,,,,110.55281416163041,415.0,0.39483147914868005,140.0,125.0,125.0,10.0,3.3466666666666662,,0.7046745491080356,-1.4366455900599786,Albany,DOW-US-Plattsburgh,415.0,135.0,"soundings_wintremix/upperair.sounding.202202030400.Albany_DOW-US_Plattsburgh.txt,soundings_wintremix/upperair.sounding.202202030530.Albany_DOW-US_Plattsburgh.txt",275.0,2022-02-03 05:00:00,Albany2022-02-03 05:00:00,False,,,,
13,-2.325465360599805,52.81015624999998,51.128383956573096,-0.465093072119961,135.0,2022-02-03 05:30:00,IOP1,,,,,91.00830426215418,370.0,0.38726937983895415,140.0,135.0,135.0,0.0,3.38,,0.6364683468696569,-0.465093072119961,Albany,DOW-US-Plattsburgh,370.0,135.0,"soundings_wintremix/upperair.sounding.202202030530.Albany_DOW-US_Plattsburgh.txt,soundings_wintremix/upperair.sounding.202202030700.Albany_DOW-US_Plattsburgh.txt",230.0,2022-02-03 05:30:00,Albany2022-02-03 05:30:00,False,,,,
14,-2.325465360599805,52.81015624999998,51.128383956573096,-0.465093072119961,135.0,2022-02-03 05:40:00,IOP1,,,,,91.00830426215418,370.0,0.38726937983895415,140.0,135.0,135.0,0.0,3.3047555555555554,,0.6364683468696569,-0.465093072119961,Albany,DOW-US-Plattsburgh,370.0,135.0,"soundings_wintremix/upperair.sounding.202202030530.Albany_DOW-US_Plattsburgh.txt,soundings_wintremix/upperair.sounding.202202030700.Albany_DOW-US_Plattsburgh.txt",230.0,2022-02-03 05:40:00,Albany2022-02-03 05:40:00,True,upperair.sounding.202202030530.Albany_DOW-US_Plattsburgh.txt,,,
15,-6.784393836910691,67.46482339181286,65.71368155760223,-0.0678439383691069,445.0,2022-02-03 05:50:00,IOP1,RA,,,,112.39075263698606,440.0,0.368494270940938,140.0,445.0,445.0,95.0,3.229511111111111,RA,0.6886164655569135,-0.13223053486639622,Albany,DOW-US-Plattsburgh,440.0,540.0,"soundings_wintremix/upperair.sounding.202202030530.Albany_DOW-US_Plattsburgh.txt,soundings_wintremix/upperair.sounding.202202030700.Albany_DOW-US_Plattsburgh.txt",300.0,2022-02-03 05:50:00,Albany2022-02-03 05:50:00,False,,,,
16,-0.03711369192987676,68.6014081871345,66.86504816445236,-0.003711369192987676,455.0,2022-02-03 06:00:00,IOP1,RA,,,,125.70390336523903,450.0,0.39906001068329855,140.0,455.0,455.0,5.0,3.154266666666666,RA,0.7167932485876707,-0.005476287081730787,Albany,DOW-US-Plattsburgh,450.0,460.0,"soundings_wintremix/upperair.sounding.202202030530.Albany_DOW-US_Plattsburgh.txt,soundings_wintremix/upperair.sounding.202202030700.Albany_DOW-US_Plattsburgh.txt",310.0,2022-02-03 06:00:00,Albany2022-02-03 06:00:00,False,,,,
17,-0.4808816041257902,63.68195412581698,61.91473892761618,-0.09617632082515803,135.0,2022-02-03 06:10:00,IOP1,RA,,,,161.5520356852906,615.0,0.3365667410110221,140.0,135.0,135.0,0.0,3.079022222222222,RA,0.7449700316184279,-0.09617632082515803,Albany,DOW-US-Plattsburgh,615.0,135.0,"soundings_wintremix/upperair.sounding.202202030530.Albany_DOW-US_Plattsburgh.txt,soundings_wintremix/upperair.sounding.202202030700.Albany_DOW-US_Plattsburgh.txt",475.0,2022-02-03 06:10:00,Albany2022-02-03 06:10:00,False,,,,
18,-0.01973566500728635,66.39990359477123,64.62577614622562,-0.00394713300145727,135.0,2022-02-03 06:20:00,IOP1,RA,,,,190.76036887318224,625.0,0.38930687525139235,140.0,135.0,135.0,0.0,3.0037777777777777,RA,0.7798707422486879,-0.00394713300145727,Albany,DOW-US-Plattsburgh,625.0,135.0,"soundings_wintremix/upperair.sounding.202202030530.Albany_DOW-US_Plattsburgh.txt,soundings_wintremix/upperair.sounding.202202030700.Albany_DOW-US_Plattsburgh.txt",485.0,2022-02-03 06:20:00,Albany2022-02-03 06:20:00,False,,,,
19,,,,,,2022-02-03 06:30:00,IOP1,RA,,,,,,,,,,,2.9285333333333328,RA,,,Albany,DOW-US-Plattsburgh,,,"soundings_wintremix/upperair.sounding.202202030530.Albany_DOW-US_Plattsburgh.txt,soundings_wintremix/upperair.sounding.202202030700.Albany_DOW-US_Plattsburgh.txt",0.0,2022-02-03 06:30:00,Albany2022-02-03 06:30:00,False,,,,
20,,,,,,2022-02-03 06:40:00,IOP1,RA,,,,,,,,,,,2.8532888888888888,RA,,,Albany,DOW-US-Plattsburgh,,,"soundings_wintremix/upperair.sounding.202202030530.Albany_DOW-US_Plattsburgh.txt,soundings_wintremix/upperair.sounding.202202030700.Albany_DOW-US_Plattsburgh.txt",0.0,2022-02-03 06:40:00,Albany2022-02-03 06:40:00,False,,,,
21,,,,,,2022-02-03 07:00:00,IOP1,RA,,,,,,,,,,,,RA,,,Albany,DOW-US-Plattsburgh,,,,,2022-02-03 07:00:00,Albany2022-02-03 07:00:00,False,,,,
1705,,,,,,,,,,,,,,,,,,,,,,,,,,,,0.0,2022-02-03 07:10:00,Albany2022-02-03 07:10:00,True,upperair.sounding.202202030700.Albany_DOW-US_Plattsburgh.txt,,,
22,,,,,,2022-02-03 07:20:00,IOP1,RA,,,,,,,,,,,,RA,,,Albany,DOW-US-Plattsburgh,,,,,2022-02-03 07:20:00,Albany2022-02-03 07:20:00,False,,,,
23,,,,,,2022-02-03 07:30:00,IOP1,RA,,,,,,,,,,,,RA,,,Albany,DOW-US-Plattsburgh,,,,,2022-02-03 07:30:00,Albany2022-02-03 07:30:00,False,,,,
24,,,,,,2022-02-03 07:50:00,IOP1,RA,,,,,,,,,,,,RA,,,Albany,DOW-US-Plattsburgh,,,,,2022-02-03 07:50:00,Albany2022-02-03 07:50:00,False,,,,
25,,,,,,2022-02-03 08:20:00,IOP1,RA,,,,,,,,,,,,RA,,,Albany,DOW-US-Plattsburgh,,,,,2022-02-03 08:20:00,Albany2022-02-03 08:20:00,False,,,,
26,-441.8644105830479,59.886875,59.11082486208161,-1.0396809660777597,65.0,2022-02-10 08:00:00,IOP2,,,,,34.737190754120775,600.0,0.3020625282967023,490.0,65.0,65.0,420.0,3.1,,0.627563497792389,-1.764229560383739,Albany,DOW-US-N,600.0,485.0,"soundings_wintremix/upperair.sounding.202202100800.Albany_DOW-US_N.txt,soundings_wintremix/upperair.sounding.202202101030.Albany_DOW-US_N.txt",110.0,2022-02-10 08:00:00,Albany2022-02-10 08:00:00,False,,,,
1706,-441.8644105830479,59.886875,59.11082486208161,-1.0396809660777597,65.0,,,,,,,34.737190754120775,600.0,0.3020625282967023,490.0,65.0,65.0,420.0,,,0.627563497792389,-1.764229560383739,,,600.0,485.0,,110.0,2022-02-10 08:10:00,Albany2022-02-10 08:10:00,True,upperair.sounding.202202100800.Albany_DOW-US_N.txt,,,
27,-405.1373087329725,63.15345471778279,62.25427056245084,-0.953264255842288,65.0,2022-02-10 08:20:00,IOP2,,,,,36.01774242442652,600.0,0.31319776021240453,490.0,65.0,65.0,420.0,2.8751333333333338,,0.6313194686317651,-1.604059715968361,Albany,DOW-US-N,600.0,485.0,"soundings_wintremix/upperair.sounding.202202100800.Albany_DOW-US_N.txt,soundings_wintremix/upperair.sounding.202202101030.Albany_DOW-US_N.txt",110.0,2022-02-10 08:20:00,Albany2022-02-10 08:20:00,False,,,,
28,-386.77375780793466,65.04539484263162,64.18741948551678,-0.9100559007245523,65.0,2022-02-10 08:30:00,IOP2,,,,,36.665594511271316,595.0,0.33332358646610294,490.0,65.0,65.0,420.0,2.7627000000000006,,0.6331974540514533,-1.5242780794296578,Albany,DOW-US-N,595.0,485.0,"soundings_wintremix/upperair.sounding.202202100800.Albany_DOW-US_N.txt,soundings_wintremix/upperair.sounding.202202101030.Albany_DOW-US_N.txt",105.0,2022-02-10 08:30:00,Albany2022-02-10 08:30:00,False,,,,
29,-368.50024157326277,66.94149103942652,66.12461267987602,-0.877381527555388,65.0,2022-02-10 08:40:00,IOP2,,,,,37.40379235282185,595.0,0.32525036828540743,485.0,65.0,65.0,415.0,2.650266666666667,,0.6350754394711414,-1.449703013521587,Albany,DOW-US-N,595.0,480.0,"soundings_wintremix/upperair.sounding.202202100800.Albany_DOW-US_N.txt,soundings_wintremix/upperair.sounding.202202101030.Albany_DOW-US_N.txt",110.0,2022-02-10 08:40:00,Albany2022-02-10 08:40:00,False,,,,
30,-350.4507935823953,68.88243671594982,68.11279895021327,-0.8344066513866553,65.0,2022-02-10 08:50:00,IOP2,,,,,38.36605843817657,595.0,0.333617899462405,485.0,65.0,65.0,415.0,2.537833333333333,,0.6369534248908295,-1.3751279476135163,Albany,DOW-US-N,595.0,480.0,"soundings_wintremix/upperair.sounding.202202100800.Albany_DOW-US_N.txt,soundings_wintremix/upperair.sounding.202202101030.Albany_DOW-US_N.txt",110.0,2022-02-10 08:50:00,Albany2022-02-10 08:50:00,False,,,,
31,-332.71378575600005,70.83584543325527,70.11002372018464,-0.8017199656771086,65.0,2022-02-10 09:00:00,IOP2,,,,,39.640764688003564,595.0,0.330339705733363,480.0,65.0,65.0,410.0,2.4254,,0.6388314103105175,-1.3071754650575846,Albany,DOW-US-N,595.0,475.0,"soundings_wintremix/upperair.sounding.202202100800.Albany_DOW-US_N.txt,soundings_wintremix/upperair.sounding.202202101030.Albany_DOW-US_N.txt",115.0,2022-02-10 09:00:00,Albany2022-02-10 09:00:00,False,,,,
32,-315.2507687493181,72.79015300546448,72.12484114510546,-0.7689043140227273,65.0,2022-02-10 09:10:00,IOP2,,,,,41.18946175754397,595.0,0.32951569406035175,475.0,65.0,65.0,405.0,2.3129666666666666,,0.6407093957302056,-1.2751632641737911,Albany,DOW-US-N,595.0,470.0,"soundings_wintremix/upperair.sounding.202202100800.Albany_DOW-US_N.txt,soundings_wintremix/upperair.sounding.202202101030.Albany_DOW-US_N.txt",120.0,2022-02-10 09:10:00,Albany2022-02-10 09:10:00,False,,,,
33,-298.50192254840226,74.74446057767369,74.14408041639975,-0.7653895449959036,65.0,2022-02-10 09:20:00,IOP2,,,,,43.452329632850436,595.0,0.2996712388472444,455.0,65.0,65.0,385.0,2.2005333333333335,,0.6425873811498937,-1.2453542164006637,Albany,DOW-US-N,595.0,450.0,"soundings_wintremix/upperair.sounding.202202100800.Albany_DOW-US_N.txt,soundings_wintremix/upperair.sounding.202202101030.Albany_DOW-US_N.txt",140.0,2022-02-10 09:20:00,Albany2022-02-10 09:20:00,False,,,,
34,-283.1979218778721,76.69876814988291,76.16774927361774,-0.7452576891522951,65.0,2022-02-10 09:30:00,IOP2,,,,,47.16004303854244,595.0,0.3042583421841449,445.0,65.0,65.0,375.0,2.0881000000000003,,0.6444653665695818,-1.2155451686275363,Albany,DOW-US-N,595.0,440.0,"soundings_wintremix/upperair.sounding.202202100800.Albany_DOW-US_N.txt,soundings_wintremix/upperair.sounding.202202101030.Albany_DOW-US_N.txt",150.0,2022-02-10 09:30:00,Albany2022-02-10 09:30:00,False,,,,
35,-268.89557271341533,78.65307572209211,78.19585546671529,-0.7267447911173388,65.0,2022-02-10 09:40:00,IOP2,,,,,51.86940795030807,595.0,0.3143600481836853,435.0,65.0,65.0,365.0,1.9756666666666665,,0.64634335198927,-1.1857361208544088,Albany,DOW-US-N,595.0,430.0,"soundings_wintremix/upperair.sounding.202202100800.Albany_DOW-US_N.txt,soundings_wintremix/upperair.sounding.202202101030.Albany_DOW-US_N.txt",160.0,2022-02-10 09:40:00,Albany2022-02-10 09:40:00,False,,,,
1707,-204.72479153717487,88.4222950819672,88.40378893532434,-0.5766895536258447,58.0,,,,,,,82.40079936260742,593.0,0.4454097262843645,413.0,58.0,58.0,350.0,,,0.7218755380291502,-1.0387504941395465,,,593.0,408.0,,180.0,2022-02-10 10:40:00,Albany2022-02-10 10:40:00,True,upperair.sounding.202202101030.Albany_DOW-US_N.txt,,,
36,-207.74562314831974,86.78188905345672,86.51974818199481,-0.5851989384459713,58.0,2022-02-10 10:50:00,IOP2,,,,,73.40654785305058,593.0,0.3967921505570302,413.0,58.0,58.0,350.0,1.4774074074074075,,0.6384702874291625,-0.9794764662036042,Albany,DOW-US-N,593.0,408.0,"soundings_wintremix/upperair.sounding.202202101030.Albany_DOW-US_N.txt,soundings_wintremix/upperair.sounding.202202101200.Albany_DOW-US_N.txt",180.0,2022-02-10 10:50:00,Albany2022-02-10 10:50:00,False,,,,
37,-209.290017224959,86.1184708994709,85.74794858060703,-0.5813611589582196,53.0,2022-02-10 11:00:00,IOP2,,,,,68.95884101886277,588.0,0.3831046723270155,413.0,53.0,53.0,355.0,1.4661111111111111,,0.5967676621291685,-0.9498394522356329,Albany,DOW-US-N,588.0,408.0,"soundings_wintremix/upperair.sounding.202202101030.Albany_DOW-US_N.txt,soundings_wintremix/upperair.sounding.202202101200.Albany_DOW-US_N.txt",175.0,2022-02-10 11:00:00,Albany2022-02-10 11:00:00,False,,,,
38,-210.90895559258348,86.1626278659612,85.74946960920984,-0.5858582099793986,53.0,2022-02-10 11:10:00,IOP2,,,,,64.54900004986843,588.0,0.3586055558326024,413.0,53.0,53.0,355.0,1.4548148148148148,,0.5550650368291747,-0.9202024382676618,Albany,DOW-US-N,588.0,408.0,"soundings_wintremix/upperair.sounding.202202101030.Albany_DOW-US_N.txt,soundings_wintremix/upperair.sounding.202202101200.Albany_DOW-US_N.txt",175.0,2022-02-10 11:10:00,Albany2022-02-10 11:10:00,False,,,,
39,-212.52789396020802,86.2067848324515,85.80962925316749,-0.5903552610005778,53.0,2022-02-10 11:20:00,IOP2,,,,,60.199641737553385,583.0,0.34399795278601936,413.0,53.0,53.0,355.0,1.4435185185185184,,0.5325563050892608,-0.9027555008623377,Albany,DOW-US-N,583.0,408.0,"soundings_wintremix/upperair.sounding.202202101030.Albany_DOW-US_N.txt,soundings_wintremix/upperair.sounding.202202101200.Albany_DOW-US_N.txt",170.0,2022-02-10 11:20:00,Albany2022-02-10 11:20:00,False,,,,
40,-214.14683232783244,86.25094179894181,85.86980958085758,-0.5948523120217568,53.0,2022-02-10 11:30:00,IOP2,,,,,55.88468114463461,583.0,0.3193410351121978,413.0,53.0,53.0,355.0,1.432222222222222,,0.5212564555753385,-0.9275970672080598,Albany,DOW-US-N,583.0,408.0,"soundings_wintremix/upperair.sounding.202202101030.Albany_DOW-US_N.txt,soundings_wintremix/upperair.sounding.202202101200.Albany_DOW-US_N.txt",170.0,2022-02-10 11:30:00,Albany2022-02-10 11:30:00,False,,,,
1708,-219.65428835043684,86.45555555555555,86.10210299204557,-0.5936602387849643,47.0,,,,,,,43.41311365026134,572.0,0.27133196031413337,417.0,47.0,47.0,365.0,,,0.4932772044110216,-1.009796327873362,,,572.0,412.0,,155.0,2022-02-10 12:10:00,Albany2022-02-10 12:10:00,True,upperair.sounding.202202101200.Albany_DOW-US_N.txt,,,
41,,,,,,2022-02-10 12:30:00,IOP2,,,,,,,,,,,,,,,,Albany,DOW-US-N,,,,,2022-02-10 12:30:00,Albany2022-02-10 12:30:00,False,,,,
42,,,,,,2022-02-10 12:40:00,IOP2,,,,,,,,,,,,,,,,Albany,DOW-US-N,,,,,2022-02-10 12:40:00,Albany2022-02-10 12:40:00,False,,,,
43,,,,,,2022-02-10 12:50:00,IOP2,,,,,,,,,,,,,,,,Albany,DOW-US-N,,,,,2022-02-10 12:50:00,Albany2022-02-10 12:50:00,False,,,,
1709,,,,,,,,,,,,,,,,,,,,,,,,,,,,0.0,2022-02-12 01:10:00,Albany2022-02-12 01:10:00,True,upperair.sounding.202202120100.Albany_DOW-US_N.txt,,,
44,,,,,,2022-02-12 01:20:00,IOP3,,,,,,,,,,,,6.384157706093189,,,,Albany,DOW-US-N,,,"soundings_wintremix/upperair.sounding.202202120100.Albany_DOW-US_N.txt,soundings_wintremix/upperair.sounding.202202120230.Albany_DOW-US_N.txt",0.0,2022-02-12 01:20:00,Albany2022-02-12 01:20:00,False,,,,
45,-12.329337547109205,12.672078163771712,11.911561783360268,-1.2329337547109205,52.0,2022-02-12 02:00:00,IOP3,,,,,644.7380369657872,692.0,1.0153354912847046,62.0,52.0,52.0,5.0,6.312473118279569,,1.6067757901076716,-1.7092008962371454,Albany,DOW-US-N,692.0,57.0,"soundings_wintremix/upperair.sounding.202202120100.Albany_DOW-US_N.txt,soundings_wintremix/upperair.sounding.202202120230.Albany_DOW-US_N.txt",630.0,2022-02-12 02:00:00,Albany2022-02-12 02:00:00,False,,,,
46,,,,,,2022-02-12 02:30:00,IOP3,,,,,,,,,,,,6.4,,,,Albany,DOW-US-N,,,"soundings_wintremix/upperair.sounding.202202120230.Albany_DOW-US_N.txt,soundings_wintremix/upperair.sounding.202202120400.Albany_DOW-US_N.txt",0.0,2022-02-12 02:30:00,Albany2022-02-12 02:30:00,False,,,,
47,,,,,,2022-02-12 02:40:00,IOP3,,,,,,,,,,,,6.460458553791887,,,,Albany,DOW-US-N,,,"soundings_wintremix/upperair.sounding.202202120230.Albany_DOW-US_N.txt,soundings_wintremix/upperair.sounding.202202120400.Albany_DOW-US_N.txt",0.0,2022-02-12 02:40:00,Albany2022-02-12 02:40:00,True,upperair.sounding.202202120230.Albany_DOW-US_N.txt,,,
48,,,,,,2022-02-12 03:00:00,IOP3,,,,,,,,,,,,6.581375661375661,,,,Albany,DOW-US-N,,,"soundings_wintremix/upperair.sounding.202202120230.Albany_DOW-US_N.txt,soundings_wintremix/upperair.sounding.202202120400.Albany_DOW-US_N.txt",0.0,2022-02-12 03:00:00,Albany2022-02-12 03:00:00,False,,,,
49,,,,,,2022-02-12 03:30:00,IOP3,,,,,,,,,,,,6.762751322751322,,,,Albany,DOW-US-N,,,"soundings_wintremix/upperair.sounding.202202120230.Albany_DOW-US_N.txt,soundings_wintremix/upperair.sounding.202202120400.Albany_DOW-US_N.txt",0.0,2022-02-12 03:30:00,Albany2022-02-12 03:30:00,False,,,,
50,,,,,,2022-02-12 04:00:00,IOP3,,,,,,,,,,,,,,,,Albany,DOW-US-N,,,,,2022-02-12 04:00:00,Albany2022-02-12 04:00:00,False,,,,
1710,,,,,,,,,,,,,,,,,,,,,,,,,,,,0.0,2022-02-12 04:10:00,Albany2022-02-12 04:10:00,True,upperair.sounding.202202120400.Albany_DOW-US_N.txt,,,
51,,,,,,2022-02-12 04:30:00,IOP3,,,,,,,,,,,,,,,,Albany,DOW-US-N,,,,,2022-02-12 04:30:00,Albany2022-02-12 04:30:00,False,,,,
52,,,,,,2022-02-12 04:40:00,IOP3,,,,,,,,,,,,,,,,Albany,DOW-US-N,,,,,2022-02-12 04:40:00,Albany2022-02-12 04:40:00,False,,,,
53,,,,,,2022-02-12 05:00:00,IOP3,,,,,,,,,,,,,,,,Albany,DOW-US-N,,,,,2022-02-12 05:00:00,Albany2022-02-12 05:00:00,False,,,,
54,,,,,,2022-02-18 01:00:00,IOP4,RA,,,,,,,,,,,7.27,RA,,,Albany,DOW-US-Plattsburgh,,,"soundings_wintremix/upperair.sounding.202202180100.Albany_DOW-US_Plattsburgh.txt,soundings_wintremix/upperair.sounding.202202180300.Albany_DOW-US_Plattsburgh.txt",0.0,2022-02-18 01:00:00,Albany2022-02-18 01:00:00,False,,,,
55,,,,,,2022-02-18 01:10:00,IOP4,RA,,,,,,,,,,,7.110978260869564,RA,,,Albany,DOW-US-Plattsburgh,,,"soundings_wintremix/upperair.sounding.202202180100.Albany_DOW-US_Plattsburgh.txt,soundings_wintremix/upperair.sounding.202202180300.Albany_DOW-US_Plattsburgh.txt",0.0,2022-02-18 01:10:00,Albany2022-02-18 01:10:00,True,upperair.sounding.202202180100.Albany_DOW-US_Plattsburgh.txt,,,
56,,,,,,2022-02-18 01:20:00,IOP4,RA,,,,,,,,,,,6.951956521739131,RA,,,Albany,DOW-US-Plattsburgh,,,"soundings_wintremix/upperair.sounding.202202180100.Albany_DOW-US_Plattsburgh.txt,soundings_wintremix/upperair.sounding.202202180300.Albany_DOW-US_Plattsburgh.txt",0.0,2022-02-18 01:20:00,Albany2022-02-18 01:20:00,False,,,,
57,-0.08680214532488667,98.66681504116262,98.4564343480048,-0.008680214532488666,1994.0,2022-02-18 01:30:00,IOP4,RA,,,,7663.421902735379,1989.0,4.131224745409909,139.0,1994.0,1994.0,5.0,6.792934782608695,RA,6.328715255263072,-0.009842898587209378,Albany,DOW-US-Plattsburgh,1989.0,1999.0,"soundings_wintremix/upperair.sounding.202202180100.Albany_DOW-US_Plattsburgh.txt,soundings_wintremix/upperair.sounding.202202180300.Albany_DOW-US_Plattsburgh.txt",1850.0,2022-02-18 01:30:00,Albany2022-02-18 01:30:00,False,,,,
58,,,,,,2022-02-18 01:40:00,IOP4,RA,,,,,,,,,,,6.63391304347826,RA,,,Albany,DOW-US-Plattsburgh,,,"soundings_wintremix/upperair.sounding.202202180100.Albany_DOW-US_Plattsburgh.txt,soundings_wintremix/upperair.sounding.202202180300.Albany_DOW-US_Plattsburgh.txt",0.0,2022-02-18 01:40:00,Albany2022-02-18 01:40:00,False,,,,
59,,,,,,2022-02-18 01:50:00,IOP4,RA,,,,,,,,,,,6.4748913043478264,RA,,,Albany,DOW-US-Plattsburgh,,,"soundings_wintremix/upperair.sounding.202202180100.Albany_DOW-US_Plattsburgh.txt,soundings_wintremix/upperair.sounding.202202180300.Albany_DOW-US_Plattsburgh.txt",0.0,2022-02-18 01:50:00,Albany2022-02-18 01:50:00,False,,,,
60,-0.3159596832900281,98.25305989583333,98.02132154444574,-0.031595968329002806,2034.0,2022-02-18 02:00:00,IOP4,RA,,,,7504.7816111471775,2029.0,3.9603069188111752,139.0,2034.0,2034.0,5.0,6.315869565217391,RA,5.90715813444006,-0.04304238344638083,Albany,DOW-US-Plattsburgh,2029.0,2039.0,"soundings_wintremix/upperair.sounding.202202180100.Albany_DOW-US_Plattsburgh.txt,soundings_wintremix/upperair.sounding.202202180300.Albany_DOW-US_Plattsburgh.txt",1890.0,2022-02-18 02:00:00,Albany2022-02-18 02:00:00,False,,,,
61,,,,,,2022-02-18 02:10:00,IOP4,RA,,,,,,,,,,,6.156847826086957,RA,,,Albany,DOW-US-Plattsburgh,,,"soundings_wintremix/upperair.sounding.202202180100.Albany_DOW-US_Plattsburgh.txt,soundings_wintremix/upperair.sounding.202202180300.Albany_DOW-US_Plattsburgh.txt",0.0,2022-02-18 02:10:00,Albany2022-02-18 02:10:00,False,,,,
62,,,,,,2022-02-18 02:20:00,IOP4,RA,,,,,,,,,,,5.997826086956522,RA,,,Albany,DOW-US-Plattsburgh,,,"soundings_wintremix/upperair.sounding.202202180100.Albany_DOW-US_Plattsburgh.txt,soundings_wintremix/upperair.sounding.202202180300.Albany_DOW-US_Plattsburgh.txt",0.0,2022-02-18 02:20:00,Albany2022-02-18 02:20:00,False,,,,
63,-0.4797570679280718,97.4980397727273,97.21009210520614,-0.04797570679280719,2059.0,2022-02-18 02:30:00,IOP4,RA,,,,7351.995028205882,2054.0,3.8291640771905633,139.0,2059.0,2059.0,5.0,5.838804347826087,RA,5.485601013617048,-0.07449966644471898,Albany,DOW-US-Plattsburgh,2054.0,2064.0,"soundings_wintremix/upperair.sounding.202202180100.Albany_DOW-US_Plattsburgh.txt,soundings_wintremix/upperair.sounding.202202180300.Albany_DOW-US_Plattsburgh.txt",1915.0,2022-02-18 02:30:00,Albany2022-02-18 02:30:00,False,,,,
64,-1.3432409516680912,98.82666115951479,98.64693143183763,-0.06716204758340456,2084.0,2022-02-18 02:40:00,IOP4,RA,,,,7301.506164463026,2054.0,3.8028677939911595,139.0,2084.0,2084.0,15.0,5.679782608695653,RA,5.34508197334271,-0.11099449145534042,Albany,DOW-US-Plattsburgh,2054.0,2099.0,"soundings_wintremix/upperair.sounding.202202180100.Albany_DOW-US_Plattsburgh.txt,soundings_wintremix/upperair.sounding.202202180300.Albany_DOW-US_Plattsburgh.txt",1915.0,2022-02-18 02:40:00,Albany2022-02-18 02:40:00,False,,,,
65,-0.38405605969032997,97.86475576341647,97.60041027393731,-0.038405605969032995,2089.0,2022-02-18 02:50:00,IOP4,RA,,,,7254.075685460847,2084.0,3.720038813056845,139.0,2089.0,2089.0,5.0,5.520760869565217,RA,5.204562933068373,-0.059713421471411746,Albany,DOW-US-Plattsburgh,2084.0,2094.0,"soundings_wintremix/upperair.sounding.202202180100.Albany_DOW-US_Plattsburgh.txt,soundings_wintremix/upperair.sounding.202202180300.Albany_DOW-US_Plattsburgh.txt",1945.0,2022-02-18 02:50:00,Albany2022-02-18 02:50:00,False,,,,
66,-0.026707991971078905,98.97076923076924,98.78008780500932,-0.005341598394215781,2115.0,2022-02-18 03:00:00,IOP4,RA,,,,7292.70689205757,2090.0,3.6925098187633263,120.0,2115.0,2115.0,0.0,5.45,RA,5.063920877380762,-0.005341598394215781,Albany,DOW-US-Plattsburgh,2090.0,2115.0,"soundings_wintremix/upperair.sounding.202202180300.Albany_DOW-US_Plattsburgh.txt,soundings_wintremix/upperair.sounding.202202180700.Albany_DOW-US_Plattsburgh.txt",1970.0,2022-02-18 03:00:00,Albany2022-02-18 03:00:00,False,,,,
67,-0.026707991971078905,98.97076923076924,98.78008780500932,-0.005341598394215781,2115.0,2022-02-18 03:10:00,IOP4,RA,,,,7292.70689205757,2090.0,3.6925098187633263,120.0,2115.0,2115.0,0.0,5.064448924731184,RA,5.063920877380762,-0.005341598394215781,Albany,DOW-US-Plattsburgh,2090.0,2115.0,"soundings_wintremix/upperair.sounding.202202180300.Albany_DOW-US_Plattsburgh.txt,soundings_wintremix/upperair.sounding.202202180700.Albany_DOW-US_Plattsburgh.txt",1970.0,2022-02-18 03:10:00,Albany2022-02-18 03:10:00,True,upperair.sounding.202202180300.Albany_DOW-US_Plattsburgh.txt,,,
68,,,,,,2022-02-18 03:20:00,IOP4,RA,,,,,,,,,,,4.678897849462366,RA,,,Albany,DOW-US-Plattsburgh,,,"soundings_wintremix/upperair.sounding.202202180300.Albany_DOW-US_Plattsburgh.txt,soundings_wintremix/upperair.sounding.202202180700.Albany_DOW-US_Plattsburgh.txt",0.0,2022-02-18 03:20:00,Albany2022-02-18 03:20:00,False,,,,
69,,,,,,2022-02-18 03:30:00,IOP4,RA,,,,,,,,,,,4.293346774193548,RA,,,Albany,DOW-US-Plattsburgh,,,"soundings_wintremix/upperair.sounding.202202180300.Albany_DOW-US_Plattsburgh.txt,soundings_wintremix/upperair.sounding.202202180700.Albany_DOW-US_Plattsburgh.txt",0.0,2022-02-18 03:30:00,Albany2022-02-18 03:30:00,False,,,,
70,,,,,,2022-02-18 03:40:00,IOP4,RA,,,,,,,,,,,3.9077956989247316,RA,,,Albany,DOW-US-Plattsburgh,,,"soundings_wintremix/upperair.sounding.202202180300.Albany_DOW-US_Plattsburgh.txt,soundings_wintremix/upperair.sounding.202202180700.Albany_DOW-US_Plattsburgh.txt",0.0,2022-02-18 03:40:00,Albany2022-02-18 03:40:00,False,,,,
71,,,,,,2022-02-18 03:50:00,IOP4,RA,,,,,,,,,,,3.5222446236559137,RA,,,Albany,DOW-US-Plattsburgh,,,"soundings_wintremix/upperair.sounding.202202180300.Albany_DOW-US_Plattsburgh.txt,soundings_wintremix/upperair.sounding.202202180700.Albany_DOW-US_Plattsburgh.txt",0.0,2022-02-18 03:50:00,Albany2022-02-18 03:50:00,False,,,,
72,,,,,,2022-02-18 04:00:00,IOP4,RA,,,,,,,,,,,3.1366935483870972,RA,,,Albany,DOW-US-Plattsburgh,,,"soundings_wintremix/upperair.sounding.202202180300.Albany_DOW-US_Plattsburgh.txt,soundings_wintremix/upperair.sounding.202202180700.Albany_DOW-US_Plattsburgh.txt",0.0,2022-02-18 04:00:00,Albany2022-02-18 04:00:00,False,,,,
73,,,,,,2022-02-18 04:10:00,IOP4,RA,,,,,,,,,,,2.75114247311828,RA,,,Albany,DOW-US-Plattsburgh,,,"soundings_wintremix/upperair.sounding.202202180300.Albany_DOW-US_Plattsburgh.txt,soundings_wintremix/upperair.sounding.202202180700.Albany_DOW-US_Plattsburgh.txt",0.0,2022-02-18 04:10:00,Albany2022-02-18 04:10:00,False,,,,
74,,,,,,2022-02-18 04:20:00,IOP4,RA,,,,,,,,,,,2.3655913978494625,RA,,,Albany,DOW-US-Plattsburgh,,,"soundings_wintremix/upperair.sounding.202202180300.Albany_DOW-US_Plattsburgh.txt,soundings_wintremix/upperair.sounding.202202180700.Albany_DOW-US_Plattsburgh.txt",0.0,2022-02-18 04:20:00,Albany2022-02-18 04:20:00,False,,,,
75,,,,,,2022-02-18 04:30:00,IOP4,RA,,,,,,,,,,,1.980040322580645,RA,,,Albany,DOW-US-Plattsburgh,,,"soundings_wintremix/upperair.sounding.202202180300.Albany_DOW-US_Plattsburgh.txt,soundings_wintremix/upperair.sounding.202202180700.Albany_DOW-US_Plattsburgh.txt",0.0,2022-02-18 04:30:00,Albany2022-02-18 04:30:00,False,,,,
76,-44.080952385209535,99.25333333333334,99.38812814223455,-0.2204047619260477,610.0,2022-02-18 04:40:00,IOP4,RA,,,,2227.426986741587,2140.0,1.6684846342633608,810.0,610.0,610.0,195.0,1.5944892473118284,RA,2.8788392935080527,-0.4252535320084465,Albany,DOW-US-Plattsburgh,2140.0,805.0,"soundings_wintremix/upperair.sounding.202202180300.Albany_DOW-US_Plattsburgh.txt,soundings_wintremix/upperair.sounding.202202180700.Albany_DOW-US_Plattsburgh.txt",1330.0,2022-02-18 04:40:00,Albany2022-02-18 04:40:00,False,,,,
77,-214.25558387177082,99.30666666666666,99.9346558027878,-0.3694061790892601,275.0,2022-02-18 04:50:00,IOP4,FZRA,,,,2054.5909749334387,2140.0,1.5927061821189448,855.0,275.0,275.0,575.0,1.2089381720430108,FZRA,2.81358456073592,-0.9225819847886176,Albany,DOW-US-Plattsburgh,2140.0,850.0,"soundings_wintremix/upperair.sounding.202202180300.Albany_DOW-US_Plattsburgh.txt,soundings_wintremix/upperair.sounding.202202180700.Albany_DOW-US_Plattsburgh.txt",1285.0,2022-02-18 04:50:00,Albany2022-02-18 04:50:00,False,,,,
78,-520.1518447201067,99.39617647058824,100.48428283110515,-0.7125367735891873,205.0,2022-02-18 05:00:00,IOP4,FZRA,,,,1909.7527230511605,2140.0,1.5783080355794714,935.0,205.0,205.0,725.0,0.8233870967741936,FZRA,2.7816797529294357,-1.4199104375687892,Albany,DOW-US-Plattsburgh,2140.0,930.0,"soundings_wintremix/upperair.sounding.202202180300.Albany_DOW-US_Plattsburgh.txt,soundings_wintremix/upperair.sounding.202202180700.Albany_DOW-US_Plattsburgh.txt",1205.0,2022-02-18 05:00:00,Albany2022-02-18 05:00:00,False,,,,
79,-868.0750886669496,99.44649509803921,101.03702482353118,-1.0522122286872115,145.0,2022-02-18 05:10:00,IOP4,FZRA,PL,,,1780.0611031088254,2140.0,1.6330835808337842,1055.0,145.0,145.0,820.0,0.4378360215053765,FZRA and PL,2.7497749451229514,-1.9172388903489603,Albany,DOW-US-Plattsburgh,2140.0,965.0,"soundings_wintremix/upperair.sounding.202202180300.Albany_DOW-US_Plattsburgh.txt,soundings_wintremix/upperair.sounding.202202180700.Albany_DOW-US_Plattsburgh.txt",1085.0,2022-02-18 05:10:00,Albany2022-02-18 05:10:00,False,,,,
80,-1297.3561368368123,99.53975225225226,101.59289739923021,-1.2657133042310362,120.0,2022-02-18 05:20:00,IOP4,FZRA,PL,,,1716.9318754808744,2145.0,1.7083899258516162,1145.0,120.0,120.0,1020.0,0.052284946236559104,FZRA and PL,2.717870137316468,-2.414567343129132,Albany,DOW-US-Plattsburgh,2145.0,1140.0,"soundings_wintremix/upperair.sounding.202202180300.Albany_DOW-US_Plattsburgh.txt,soundings_wintremix/upperair.sounding.202202180700.Albany_DOW-US_Plattsburgh.txt",1000.0,2022-02-18 05:20:00,Albany2022-02-18 05:20:00,False,,,,
81,-1732.3573133425737,99.70807692307693,102.15191619887514,-1.6737751819735012,120.0,2022-02-18 05:30:00,IOP4,PL,FZRA,,,1660.966394943653,2145.0,1.669312959742365,1155.0,120.0,120.0,1030.0,-0.33326612903225783,FZRA and PL,2.689304198615198,-2.91308071111442,Albany,DOW-US-Plattsburgh,2145.0,1150.0,"soundings_wintremix/upperair.sounding.202202180300.Albany_DOW-US_Plattsburgh.txt,soundings_wintremix/upperair.sounding.202202180700.Albany_DOW-US_Plattsburgh.txt",990.0,2022-02-18 05:30:00,Albany2022-02-18 05:30:00,False,,,,
82,-2172.0289611724656,99.7405128205128,102.71409688329827,-2.0685990106404435,120.0,2022-02-18 05:40:00,IOP4,PL,FZRA,,,1609.6713857305629,2145.0,1.6425218221740439,1170.0,120.0,120.0,1045.0,-0.718817204301075,FZRA and PL,2.6607778775836275,-3.4132152997606955,Albany,DOW-US-Plattsburgh,2145.0,1165.0,"soundings_wintremix/upperair.sounding.202202180300.Albany_DOW-US_Plattsburgh.txt,soundings_wintremix/upperair.sounding.202202180700.Albany_DOW-US_Plattsburgh.txt",975.0,2022-02-18 05:40:00,Albany2022-02-18 05:40:00,False,,,,
83,-2615.8714986500445,99.77294871794872,103.27945513211272,-2.4333688359535297,120.0,2022-02-18 05:50:00,IOP4,PL,FZRA,,,1562.604203411469,2155.0,1.6192789672657713,1195.0,120.0,120.0,1070.0,-1.1043682795698926,FZRA and PL,2.632251556552058,-3.91334988840697,Albany,DOW-US-Plattsburgh,2155.0,1190.0,"soundings_wintremix/upperair.sounding.202202180300.Albany_DOW-US_Plattsburgh.txt,soundings_wintremix/upperair.sounding.202202180700.Albany_DOW-US_Plattsburgh.txt",960.0,2022-02-18 05:50:00,Albany2022-02-18 05:50:00,False,,,,
84,-3064.962910936647,99.80538461538461,103.84800664229255,-2.8379286212376362,120.0,2022-02-18 06:00:00,IOP4,PL,FZRA,,,1520.8558921248352,2160.0,1.5760164685231453,1200.0,120.0,120.0,1075.0,-1.4899193548387097,FZRA and PL,2.603725235520487,-4.413484477053245,Albany,DOW-US-Plattsburgh,2160.0,1195.0,"soundings_wintremix/upperair.sounding.202202180300.Albany_DOW-US_Plattsburgh.txt,soundings_wintremix/upperair.sounding.202202180700.Albany_DOW-US_Plattsburgh.txt",960.0,2022-02-18 06:00:00,Albany2022-02-18 06:00:00,False,,,,
85,-3515.1867649798314,99.8378205128205,104.41976712671854,-3.2398034700274945,120.0,2022-02-18 06:10:00,IOP4,PL,FZRA,,,1480.4074943284959,2170.0,1.5261932931221605,1205.0,120.0,120.0,1080.0,-1.8754704301075267,FZRA and PL,2.5751989144889165,-4.913619065699519,Albany,DOW-US-Plattsburgh,2170.0,1200.0,"soundings_wintremix/upperair.sounding.202202180300.Albany_DOW-US_Plattsburgh.txt,soundings_wintremix/upperair.sounding.202202180700.Albany_DOW-US_Plattsburgh.txt",965.0,2022-02-18 06:10:00,Albany2022-02-18 06:10:00,False,,,,
86,-3967.688994702387,99.87025641025642,104.99475231268332,-3.6234602691346,120.0,2022-02-18 06:20:00,IOP4,PL,,,,1442.3604720864964,2185.0,1.4793440739348678,1215.0,120.0,120.0,1090.0,-2.2610215053763443,PL,2.551489968591456,-5.413753654345794,Albany,DOW-US-Plattsburgh,2185.0,1210.0,"soundings_wintremix/upperair.sounding.202202180300.Albany_DOW-US_Plattsburgh.txt,soundings_wintremix/upperair.sounding.202202180700.Albany_DOW-US_Plattsburgh.txt",970.0,2022-02-18 06:20:00,Albany2022-02-18 06:20:00,False,,,,
87,-5762.319409102432,100.0,107.40181448301114,-4.925059324019172,128.0,2022-02-18 07:00:00,IOP4,PL,,,,1315.6400403680425,2193.0,1.4618222670756027,1298.0,128.0,128.0,1165.0,-3.86,PL,2.450412806116243,-7.426394679984709,Albany,DOW-US-Plattsburgh,2193.0,1293.0,"soundings_wintremix/upperair.sounding.202202180700.Albany_DOW-US_Plattsburgh.txt,soundings_wintremix/upperair.sounding.202202180900.Albany_DOW-US_Plattsburgh.txt",895.0,2022-02-18 07:00:00,Albany2022-02-18 07:00:00,False,,,,
88,-5762.319409102432,100.0,107.40181448301114,-4.925059324019172,128.0,2022-02-18 07:10:00,IOP4,PL,,,,1315.6400403680425,2193.0,1.4618222670756027,1298.0,128.0,128.0,1165.0,-3.9345192307692307,PL,2.450412806116243,-7.426394679984709,Albany,DOW-US-Plattsburgh,2193.0,1293.0,"soundings_wintremix/upperair.sounding.202202180700.Albany_DOW-US_Plattsburgh.txt,soundings_wintremix/upperair.sounding.202202180900.Albany_DOW-US_Plattsburgh.txt",895.0,2022-02-18 07:10:00,Albany2022-02-18 07:10:00,True,upperair.sounding.202202180700.Albany_DOW-US_Plattsburgh.txt,,,
89,-6649.850235801113,99.25265851449277,104.22683598414802,-5.428449172082541,128.0,2022-02-18 07:30:00,IOP4,PL,,,,1284.6291120050862,2188.0,1.5293203714346264,1353.0,128.0,128.0,1220.0,-4.083557692307693,PL,2.698637618359189,-8.021399871035127,Albany,DOW-US-Plattsburgh,2188.0,1348.0,"soundings_wintremix/upperair.sounding.202202180700.Albany_DOW-US_Plattsburgh.txt,soundings_wintremix/upperair.sounding.202202180900.Albany_DOW-US_Plattsburgh.txt",835.0,2022-02-18 07:30:00,Albany2022-02-18 07:30:00,False,,,,
90,-6963.239825068202,99.00354468599033,103.16306713462315,-5.592963714914218,128.0,2022-02-18 07:40:00,IOP4,PL,,,,1291.906578405865,2183.0,1.585161445896767,1373.0,128.0,128.0,1240.0,-4.158076923076923,PL,2.781637454203719,-8.229833172421658,Albany,DOW-US-Plattsburgh,2183.0,1368.0,"soundings_wintremix/upperair.sounding.202202180700.Albany_DOW-US_Plattsburgh.txt,soundings_wintremix/upperair.sounding.202202180900.Albany_DOW-US_Plattsburgh.txt",810.0,2022-02-18 07:40:00,Albany2022-02-18 07:40:00,False,,,,
91,-7280.235048143933,98.75443085748793,103.0341544265062,-5.824188038515147,128.0,2022-02-18 07:50:00,IOP4,PL,,,,1302.850407378312,2183.0,1.6084572930596444,1378.0,128.0,128.0,1245.0,-4.2325961538461545,PL,2.86463729004825,-8.438266473808195,Albany,DOW-US-Plattsburgh,2183.0,1373.0,"soundings_wintremix/upperair.sounding.202202180700.Albany_DOW-US_Plattsburgh.txt,soundings_wintremix/upperair.sounding.202202180900.Albany_DOW-US_Plattsburgh.txt",805.0,2022-02-18 07:50:00,Albany2022-02-18 07:50:00,False,,,,
92,-8238.700674018892,98.0070893719807,102.73428292497357,-6.512806856931928,128.0,2022-02-18 08:20:00,IOP4,PL,,,,1342.3174521979104,2118.0,1.8387910304080963,1393.0,128.0,128.0,1260.0,-4.456153846153846,PL,3.1186229266551093,-9.063566377967799,Albany,DOW-US-Plattsburgh,2118.0,1388.0,"soundings_wintremix/upperair.sounding.202202180700.Albany_DOW-US_Plattsburgh.txt,soundings_wintremix/upperair.sounding.202202180900.Albany_DOW-US_Plattsburgh.txt",725.0,2022-02-18 08:20:00,Albany2022-02-18 08:20:00,False,,,,
93,-8560.22327988963,97.7579755434783,102.63321988559389,-6.7403332912516785,128.0,2022-02-18 08:30:00,IOP4,PL,,,,1358.6289316130574,2118.0,1.8739709401559415,1398.0,128.0,128.0,1265.0,-4.530673076923077,PL,3.2046210823153958,-9.271999679354336,Albany,DOW-US-Plattsburgh,2118.0,1393.0,"soundings_wintremix/upperair.sounding.202202180700.Albany_DOW-US_Plattsburgh.txt,soundings_wintremix/upperair.sounding.202202180900.Albany_DOW-US_Plattsburgh.txt",720.0,2022-02-18 08:30:00,Albany2022-02-18 08:30:00,False,,,,
94,,,,,,2022-02-18 09:00:00,IOP4,PL,,,,,,,,,,,,PL,,,Albany,DOW-US-Plattsburgh,,,,,2022-02-18 09:00:00,Albany2022-02-18 09:00:00,False,,,,
95,-9517.874224591127,96.72999999999999,102.030482084593,-7.378197073326455,130.0,2022-02-18 09:10:00,IOP4,PL,,,,1415.1770518841263,2115.0,2.0216815026916093,1420.0,130.0,130.0,1285.0,,PL,3.4945048020337253,-9.911729819472281,Albany,DOW-US-Plattsburgh,2115.0,1415.0,,695.0,2022-02-18 09:10:00,Albany2022-02-18 09:10:00,True,upperair.sounding.202202180900.Albany_DOW-US_Plattsburgh.txt,,,
96,,,,,,2022-02-18 09:30:00,IOP4,PL,,,,,,,,,,,,PL,,,Albany,DOW-US-Plattsburgh,,,,,2022-02-18 09:30:00,Albany2022-02-18 09:30:00,False,,,,
97,,,,,,2022-02-18 09:40:00,IOP4,PL,SN,,,,,,,,,,,SN and PL,,,Albany,DOW-US-Plattsburgh,,,,,2022-02-18 09:40:00,Albany2022-02-18 09:40:00,False,,,,
98,,,,,,2022-02-18 10:00:00,IOP4,SN,,,,,,,,,,,,SN,,,Albany,DOW-US-Plattsburgh,,,,,2022-02-18 10:00:00,Albany2022-02-18 10:00:00,False,,,,
99,,,,,,2022-02-22 22:10:00,IOP5,FZRA,,,,,,,,,,,,FZRA,,,Albany,DOW-US-N,,,,,2022-02-22 22:10:00,Albany2022-02-22 22:10:00,False,,,,
100,,,,,,2022-02-22 23:00:00,IOP5,FZRA,,,,,,,,,,,,FZRA,,,Albany,DOW-US-N,,,,,2022-02-22 23:00:00,Albany2022-02-22 23:00:00,False,,,,
101,,,,,,2022-02-22 23:10:00,IOP5,FZRA,,,,,,,,,,,,FZRA,,,Albany,DOW-US-N,,,,,2022-02-22 23:10:00,Albany2022-02-22 23:10:00,False,,,,
102,,,,,,2022-02-22 23:20:00,IOP5,FZRA,,,,,,,,,,,,FZRA,,,Albany,DOW-US-N,,,,,2022-02-22 23:20:00,Albany2022-02-22 23:20:00,False,,,,
103,,,,,,2022-02-22 23:40:00,IOP5,FZRA,,,,,,,,,,,,FZRA,,,Albany,DOW-US-N,,,,,2022-02-22 23:40:00,Albany2022-02-22 23:40:00,False,,,,
104,,,,,,2022-02-22 23:50:00,IOP5,FZRA,,,,,,,,,,,,FZRA,,,Albany,DOW-US-N,,,,,2022-02-22 23:50:00,Albany2022-02-22 23:50:00,False,,,,
105,,,,,,2022-02-23 00:00:00,IOP5,FZRA,,,,,,,,,,,,FZRA,,,Albany,DOW-US-N,,,,,2022-02-23 00:00:00,Albany2022-02-23 00:00:00,False,,,,
106,,,,,,2022-02-23 00:10:00,IOP5,FZRA,,,,,,,,,,,,FZRA,,,Albany,DOW-US-N,,,,,2022-02-23 00:10:00,Albany2022-02-23 00:10:00,False,,,,
107,,,,,,2022-02-23 00:20:00,IOP5,FZRA,,,,,,,,,,,,FZRA,,,Albany,DOW-US-N,,,,,2022-02-23 00:20:00,Albany2022-02-23 00:20:00,False,,,,
108,,,,,,2022-02-23 00:40:00,IOP5,FZRA,,,,,,,,,,,,FZRA,,,Albany,DOW-US-N,,,,,2022-02-23 00:40:00,Albany2022-02-23 00:40:00,False,,,,
109,,,,,,2022-02-23 00:50:00,IOP5,RA,,,,,,,,,,,,RA,,,Albany,DOW-US-N,,,,,2022-02-23 00:50:00,Albany2022-02-23 00:50:00,False,,,,
110,,,,,,2022-02-23 01:00:00,IOP5,RA,,,,,,,,,,,,RA,,,Albany,DOW-US-N,,,,,2022-02-23 01:00:00,Albany2022-02-23 01:00:00,False,,,,
111,,,,,,2022-02-23 01:10:00,IOP5,RA,,,,,,,,,,,,RA,,,Albany,DOW-US-N,,,,,2022-02-23 01:10:00,Albany2022-02-23 01:10:00,False,,,,
112,,,,,,2022-02-23 01:20:00,IOP5,RA,,,,,,,,,,,,RA,,,Albany,DOW-US-N,,,,,2022-02-23 01:20:00,Albany2022-02-23 01:20:00,False,,,,
113,,,,,,2022-02-23 01:30:00,IOP5,RA,,,,,,,,,,,,RA,,,Albany,DOW-US-N,,,,,2022-02-23 01:30:00,Albany2022-02-23 01:30:00,False,,,,
114,,,,,,2022-02-23 01:40:00,IOP5,RA,,,,,,,,,,,,RA,,,Albany,DOW-US-N,,,,,2022-02-23 01:40:00,Albany2022-02-23 01:40:00,False,,,,
115,,,,,,2022-02-23 01:50:00,IOP5,RA,,,,,,,,,,,,RA,,,Albany,DOW-US-N,,,,,2022-02-23 01:50:00,Albany2022-02-23 01:50:00,False,,,,
116,,,,,,2022-02-23 02:00:00,IOP5,RA,,,,,,,,,,,,RA,,,Albany,DOW-US-N,,,,,2022-02-23 02:00:00,Albany2022-02-23 02:00:00,False,,,,
117,,,,,,2022-02-23 02:10:00,IOP5,RA,,,,,,,,,,,,RA,,,Albany,DOW-US-N,,,,,2022-02-23 02:10:00,Albany2022-02-23 02:10:00,False,,,,
118,,,,,,2022-02-23 02:20:00,IOP5,RA,,,,,,,,,,,,RA,,,Albany,DOW-US-N,,,,,2022-02-23 02:20:00,Albany2022-02-23 02:20:00,False,,,,
119,,,,,,2022-02-23 02:30:00,IOP5,RA,,,,,,,,,,,,RA,,,Albany,DOW-US-N,,,,,2022-02-23 02:30:00,Albany2022-02-23 02:30:00,False,,,,
120,,,,,,2022-02-23 02:40:00,IOP5,RA,,,,,,,,,,,,RA,,,Albany,DOW-US-N,,,,,2022-02-23 02:40:00,Albany2022-02-23 02:40:00,False,,,,
121,,,,,,2022-02-23 02:50:00,IOP5,RA,,,,,,,,,,,,RA,,,Albany,DOW-US-N,,,,,2022-02-23 02:50:00,Albany2022-02-23 02:50:00,False,,,,
122,,,,,,2022-02-23 03:00:00,IOP5,,,,,,,,,,,,,,,,Albany,DOW-US-N,,,,,2022-02-23 03:00:00,Albany2022-02-23 03:00:00,False,,,,
123,,,,,,2022-02-23 03:10:00,IOP5,,,,,,,,,,,,,,,,Albany,DOW-US-N,,,,,2022-02-23 03:10:00,Albany2022-02-23 03:10:00,False,,,,
124,,,,,,2022-02-23 03:20:00,IOP5,,,,,,,,,,,,,,,,Albany,DOW-US-N,,,,,2022-02-23 03:20:00,Albany2022-02-23 03:20:00,False,,,,
125,,,,,,2022-02-23 03:30:00,IOP5,,,,,,,,,,,,,,,,Albany,DOW-US-N,,,,,2022-02-23 03:30:00,Albany2022-02-23 03:30:00,False,,,,
126,,,,,,2022-02-23 03:40:00,IOP5,,,,,,,,,,,,,,,,Albany,DOW-US-N,,,,,2022-02-23 03:40:00,Albany2022-02-23 03:40:00,False,,,,
127,,,,,,2022-02-23 03:50:00,IOP5,,,,,,,,,,,,,,,,Albany,DOW-US-N,,,,,2022-02-23 03:50:00,Albany2022-02-23 03:50:00,False,,,,
128,,,,,,2022-02-23 04:00:00,IOP5,,,,,,,,,,,,,,,,Albany,DOW-US-N,,,,,2022-02-23 04:00:00,Albany2022-02-23 04:00:00,False,,,,
129,,,,,,2022-02-23 04:10:00,IOP5,,,,,,,,,,,,,,,,Albany,DOW-US-N,,,,,2022-02-23 04:10:00,Albany2022-02-23 04:10:00,False,,,,
130,,,,,,2022-02-23 04:20:00,IOP5,,,,,,,,,,,,,,,,Albany,DOW-US-N,,,,,2022-02-23 04:20:00,Albany2022-02-23 04:20:00,False,,,,
131,,,,,,2022-02-23 04:30:00,IOP5,,,,,,,,,,,,,,,,Albany,DOW-US-N,,,,,2022-02-23 04:30:00,Albany2022-02-23 04:30:00,False,,,,
132,,,,,,2022-02-23 04:40:00,IOP5,,,,,,,,,,,,,,,,Albany,DOW-US-N,,,,,2022-02-23 04:40:00,Albany2022-02-23 04:40:00,False,,,,
133,,,,,,2022-02-23 04:50:00,IOP5,,,,,,,,,,,,,,,,Albany,DOW-US-N,,,,,2022-02-23 04:50:00,Albany2022-02-23 04:50:00,False,,,,
134,,,,,,2022-02-23 05:00:00,IOP5,,,,,,,,,,,,,,,,Albany,DOW-US-N,,,,,2022-02-23 05:00:00,Albany2022-02-23 05:00:00,False,,,,
1711,,,,,,,,,,,,,,,,,,,,,,,,,,,,0.0,2022-02-25 09:10:00,Albany2022-02-25 09:10:00,True,upperair.sounding.202202250900.Albany-ESSX.txt,,,
1712,,,,,,,,,,,,,,,,,,,,,,,,,,,,0.0,2022-02-25 12:10:00,Albany2022-02-25 12:10:00,True,upperair.sounding.202202251200.Albany-ESSX.txt,,,
135,,,,,,2022-03-01 16:00:00,IOP7,,,,,,,,,,,,,,,,Albany,DOW-US-N,,,,,2022-03-01 16:00:00,Albany2022-03-01 16:00:00,False,,,,
136,,,,,,2022-03-01 16:10:00,IOP7,,,,,,,,,,,,,,,,Albany,DOW-US-N,,,,,2022-03-01 16:10:00,Albany2022-03-01 16:10:00,False,,,,
137,,,,,,2022-03-01 16:20:00,IOP7,,,,,,,,,,,,,,,,Albany,DOW-US-N,,,,,2022-03-01 16:20:00,Albany2022-03-01 16:20:00,False,,,,
138,,,,,,2022-03-01 17:40:00,IOP7,,,,,,,,,,,,-4.787976973684211,,,,Albany,DOW-US-N,,,"soundings_wintremix/upperair.sounding.202203011725.Albany_DOW-US_N.txt,soundings_wintremix/upperair.sounding.202203011900.Albany_DOW-US_N.txt",0.0,2022-03-01 17:40:00,Albany2022-03-01 17:40:00,True,upperair.sounding.202203011725.Albany_DOW-US_N.txt,,,
139,,,,,,2022-03-01 17:50:00,IOP7,SN,,,,,,,,,,,-4.686628289473684,SN,,,Albany,DOW-US-N,,,"soundings_wintremix/upperair.sounding.202203011725.Albany_DOW-US_N.txt,soundings_wintremix/upperair.sounding.202203011900.Albany_DOW-US_N.txt",0.0,2022-03-01 17:50:00,Albany2022-03-01 17:50:00,False,,,,
140,,,,,,2022-03-01 18:00:00,IOP7,SN,,,,,,,,,,,-4.585279605263158,SN,,,Albany,DOW-US-N,,,"soundings_wintremix/upperair.sounding.202203011725.Albany_DOW-US_N.txt,soundings_wintremix/upperair.sounding.202203011900.Albany_DOW-US_N.txt",0.0,2022-03-01 18:00:00,Albany2022-03-01 18:00:00,False,,,,
141,,,,,,2022-03-01 18:20:00,IOP7,SN,,,,,,,,,,,-4.382582236842105,SN,,,Albany,DOW-US-N,,,"soundings_wintremix/upperair.sounding.202203011725.Albany_DOW-US_N.txt,soundings_wintremix/upperair.sounding.202203011900.Albany_DOW-US_N.txt",0.0,2022-03-01 18:20:00,Albany2022-03-01 18:20:00,False,,,,
142,,,,,,2022-03-01 18:30:00,IOP7,SN,,,,,,,,,,,-4.281233552631579,SN,,,Albany,DOW-US-N,,,"soundings_wintremix/upperair.sounding.202203011725.Albany_DOW-US_N.txt,soundings_wintremix/upperair.sounding.202203011900.Albany_DOW-US_N.txt",0.0,2022-03-01 18:30:00,Albany2022-03-01 18:30:00,False,,,,
143,,,,,,2022-03-01 19:10:00,IOP7,,,,,,,,,,,,-3.6814791666666666,,,,Albany,DOW-US-N,,,"soundings_wintremix/upperair.sounding.202203011900.Albany_DOW-US_N.txt,soundings_wintremix/upperair.sounding.202203012100.Albany_DOW-US_N.txt",0.0,2022-03-01 19:10:00,Albany2022-03-01 19:10:00,True,upperair.sounding.202203011900.Albany_DOW-US_N.txt,,,
144,,,,,,2022-03-01 19:20:00,IOP7,,,,,,,,,,,,-3.4329583333333336,,,,Albany,DOW-US-N,,,"soundings_wintremix/upperair.sounding.202203011900.Albany_DOW-US_N.txt,soundings_wintremix/upperair.sounding.202203012100.Albany_DOW-US_N.txt",0.0,2022-03-01 19:20:00,Albany2022-03-01 19:20:00,False,,,,
145,,,,,,2022-03-01 19:30:00,IOP7,,,,,,,,,,,,-3.1844375,,,,Albany,DOW-US-N,,,"soundings_wintremix/upperair.sounding.202203011900.Albany_DOW-US_N.txt,soundings_wintremix/upperair.sounding.202203012100.Albany_DOW-US_N.txt",0.0,2022-03-01 19:30:00,Albany2022-03-01 19:30:00,False,,,,
146,,,,,,2022-03-01 19:40:00,IOP7,,,,,,,,,,,,-2.9359166666666665,,,,Albany,DOW-US-N,,,"soundings_wintremix/upperair.sounding.202203011900.Albany_DOW-US_N.txt,soundings_wintremix/upperair.sounding.202203012100.Albany_DOW-US_N.txt",0.0,2022-03-01 19:40:00,Albany2022-03-01 19:40:00,False,,,,
147,,,,,,2022-03-01 19:50:00,IOP7,,,,,,,,,,,,-2.687395833333334,,,,Albany,DOW-US-N,,,"soundings_wintremix/upperair.sounding.202203011900.Albany_DOW-US_N.txt,soundings_wintremix/upperair.sounding.202203012100.Albany_DOW-US_N.txt",0.0,2022-03-01 19:50:00,Albany2022-03-01 19:50:00,False,,,,
148,,,,,,2022-03-01 20:00:00,IOP7,,,,,,,,,,,,-2.438875,,,,Albany,DOW-US-N,,,"soundings_wintremix/upperair.sounding.202203011900.Albany_DOW-US_N.txt,soundings_wintremix/upperair.sounding.202203012100.Albany_DOW-US_N.txt",0.0,2022-03-01 20:00:00,Albany2022-03-01 20:00:00,False,,,,
149,,,,,,2022-03-01 20:10:00,IOP7,,,,,,,,,,,,-2.190354166666667,,,,Albany,DOW-US-N,,,"soundings_wintremix/upperair.sounding.202203011900.Albany_DOW-US_N.txt,soundings_wintremix/upperair.sounding.202203012100.Albany_DOW-US_N.txt",0.0,2022-03-01 20:10:00,Albany2022-03-01 20:10:00,False,,,,
150,,,,,,2022-03-01 20:20:00,IOP7,,,,,,,,,,,,-1.9418333333333333,,,,Albany,DOW-US-N,,,"soundings_wintremix/upperair.sounding.202203011900.Albany_DOW-US_N.txt,soundings_wintremix/upperair.sounding.202203012100.Albany_DOW-US_N.txt",0.0,2022-03-01 20:20:00,Albany2022-03-01 20:20:00,False,,,,
151,,,,,,2022-03-01 20:30:00,IOP7,,,,,,,,,,,,-1.6933125,,,,Albany,DOW-US-N,,,"soundings_wintremix/upperair.sounding.202203011900.Albany_DOW-US_N.txt,soundings_wintremix/upperair.sounding.202203012100.Albany_DOW-US_N.txt",0.0,2022-03-01 20:30:00,Albany2022-03-01 20:30:00,False,,,,
152,,,,,,2022-03-01 20:50:00,IOP7,,,,,,,,,,,,-1.1962708333333332,,,,Albany,DOW-US-N,,,"soundings_wintremix/upperair.sounding.202203011900.Albany_DOW-US_N.txt,soundings_wintremix/upperair.sounding.202203012100.Albany_DOW-US_N.txt",0.0,2022-03-01 20:50:00,Albany2022-03-01 20:50:00,False,,,,
153,,,,,,2022-03-01 21:10:00,IOP7,,,,,,,,,,,,-0.8048888888888888,,,,Albany,DOW-US-N,,,"soundings_wintremix/upperair.sounding.202203012100.Albany_DOW-US_N.txt,soundings_wintremix/upperair.sounding.202203012330.Albany_DOW-US_N.txt",0.0,2022-03-01 21:10:00,Albany2022-03-01 21:10:00,True,upperair.sounding.202203012100.Albany_DOW-US_N.txt,,,
154,,,,,,2022-03-01 21:30:00,IOP7,,,,,,,,,,,,-0.7546666666666666,,,,Albany,DOW-US-N,,,"soundings_wintremix/upperair.sounding.202203012100.Albany_DOW-US_N.txt,soundings_wintremix/upperair.sounding.202203012330.Albany_DOW-US_N.txt",0.0,2022-03-01 21:30:00,Albany2022-03-01 21:30:00,False,,,,
155,,,,,,2022-03-01 21:40:00,IOP7,,,,,,,,,,,,-0.7295555555555553,,,,Albany,DOW-US-N,,,"soundings_wintremix/upperair.sounding.202203012100.Albany_DOW-US_N.txt,soundings_wintremix/upperair.sounding.202203012330.Albany_DOW-US_N.txt",0.0,2022-03-01 21:40:00,Albany2022-03-01 21:40:00,False,,,,
156,,,,,,2022-03-01 21:50:00,IOP7,,,,,,,,,,,,-0.7044444444444442,,,,Albany,DOW-US-N,,,"soundings_wintremix/upperair.sounding.202203012100.Albany_DOW-US_N.txt,soundings_wintremix/upperair.sounding.202203012330.Albany_DOW-US_N.txt",0.0,2022-03-01 21:50:00,Albany2022-03-01 21:50:00,False,,,,
157,,,,,,2022-03-01 22:00:00,IOP7,,,,,,,,,,,,-0.6793333333333331,,,,Albany,DOW-US-N,,,"soundings_wintremix/upperair.sounding.202203012100.Albany_DOW-US_N.txt,soundings_wintremix/upperair.sounding.202203012330.Albany_DOW-US_N.txt",0.0,2022-03-01 22:00:00,Albany2022-03-01 22:00:00,False,,,,
158,,,,,,2022-03-01 22:10:00,IOP7,,,,,,,,,,,,-0.6542222222222219,,,,Albany,DOW-US-N,,,"soundings_wintremix/upperair.sounding.202203012100.Albany_DOW-US_N.txt,soundings_wintremix/upperair.sounding.202203012330.Albany_DOW-US_N.txt",0.0,2022-03-01 22:10:00,Albany2022-03-01 22:10:00,False,,,,
159,,,,,,2022-03-01 22:20:00,IOP7,,,,,,,,,,,,-0.6291111111111108,,,,Albany,DOW-US-N,,,"soundings_wintremix/upperair.sounding.202203012100.Albany_DOW-US_N.txt,soundings_wintremix/upperair.sounding.202203012330.Albany_DOW-US_N.txt",0.0,2022-03-01 22:20:00,Albany2022-03-01 22:20:00,False,,,,
160,,,,,,2022-03-01 22:30:00,IOP7,,,,,,,,,,,,-0.6039999999999996,,,,Albany,DOW-US-N,,,"soundings_wintremix/upperair.sounding.202203012100.Albany_DOW-US_N.txt,soundings_wintremix/upperair.sounding.202203012330.Albany_DOW-US_N.txt",0.0,2022-03-01 22:30:00,Albany2022-03-01 22:30:00,False,,,,
161,,,,,,2022-03-01 22:40:00,IOP7,,,,,,,,,,,,-0.5788888888888885,,,,Albany,DOW-US-N,,,"soundings_wintremix/upperair.sounding.202203012100.Albany_DOW-US_N.txt,soundings_wintremix/upperair.sounding.202203012330.Albany_DOW-US_N.txt",0.0,2022-03-01 22:40:00,Albany2022-03-01 22:40:00,False,,,,
162,,,,,,2022-03-01 23:40:00,IOP7,,,,,,,,,,,,-0.2806481481481481,,,,Albany,DOW-US-N,,,"soundings_wintremix/upperair.sounding.202203012330.Albany_DOW-US_N.txt,soundings_wintremix/upperair.sounding.202203020100.Albany_DOW-US_N.txt",0.0,2022-03-01 23:40:00,Albany2022-03-01 23:40:00,True,upperair.sounding.202203012330.Albany_DOW-US_N.txt,,,
163,,,,,,2022-03-01 23:50:00,IOP7,,,,,,,,,,,,-0.3312962962962963,,,,Albany,DOW-US-N,,,"soundings_wintremix/upperair.sounding.202203012330.Albany_DOW-US_N.txt,soundings_wintremix/upperair.sounding.202203020100.Albany_DOW-US_N.txt",0.0,2022-03-01 23:50:00,Albany2022-03-01 23:50:00,False,,,,
164,,,,,,2022-03-02 00:00:00,IOP7,,,,,,,,,,,,-0.3819444444444444,,,,Albany,DOW-US-N,,,"soundings_wintremix/upperair.sounding.202203012330.Albany_DOW-US_N.txt,soundings_wintremix/upperair.sounding.202203020100.Albany_DOW-US_N.txt",0.0,2022-03-02 00:00:00,Albany2022-03-02 00:00:00,False,,,,
165,,,,,,2022-03-02 00:10:00,IOP7,,,,,,,,,,,,-0.43259259259259253,,,,Albany,DOW-US-N,,,"soundings_wintremix/upperair.sounding.202203012330.Albany_DOW-US_N.txt,soundings_wintremix/upperair.sounding.202203020100.Albany_DOW-US_N.txt",0.0,2022-03-02 00:10:00,Albany2022-03-02 00:10:00,False,,,,
166,,,,,,2022-03-02 00:20:00,IOP7,,,,,,,,,,,,-0.48324074074074075,,,,Albany,DOW-US-N,,,"soundings_wintremix/upperair.sounding.202203012330.Albany_DOW-US_N.txt,soundings_wintremix/upperair.sounding.202203020100.Albany_DOW-US_N.txt",0.0,2022-03-02 00:20:00,Albany2022-03-02 00:20:00,False,,,,
167,,,,,,2022-03-02 00:30:00,IOP7,,,,,,,,,,,,-0.5338888888888889,,,,Albany,DOW-US-N,,,"soundings_wintremix/upperair.sounding.202203012330.Albany_DOW-US_N.txt,soundings_wintremix/upperair.sounding.202203020100.Albany_DOW-US_N.txt",0.0,2022-03-02 00:30:00,Albany2022-03-02 00:30:00,False,,,,
168,,,,,,2022-03-02 01:00:00,IOP7,SN,,,,,,,,,,,,SN,,,Albany,DOW-US-N,,,,,2022-03-02 01:00:00,Albany2022-03-02 01:00:00,False,,,,
169,,,,,,2022-03-02 01:10:00,IOP7,SN,,,,,,,,,,,,SN,,,Albany,DOW-US-N,,,,0.0,2022-03-02 01:10:00,Albany2022-03-02 01:10:00,True,upperair.sounding.202203020100.Albany_DOW-US_N.txt,,,
170,,,,,,2022-03-02 01:30:00,IOP7,SN,,,,,,,,,,,,SN,,,Albany,DOW-US-N,,,,,2022-03-02 01:30:00,Albany2022-03-02 01:30:00,False,,,,
171,,,,,,2022-03-02 01:40:00,IOP7,SN,,,,,,,,,,,,SN,,,Albany,DOW-US-N,,,,,2022-03-02 01:40:00,Albany2022-03-02 01:40:00,False,,,,
172,,,,,,2022-03-02 02:00:00,IOP7,SN,,,,,,,,,,,,SN,,,Albany,DOW-US-N,,,,,2022-03-02 02:00:00,Albany2022-03-02 02:00:00,False,,,,
173,-588.2257088980755,58.61672727272727,57.69970155032091,-1.2787515410827728,65.0,2022-03-06 10:00:00,IOP8,,,,,4465.0724392293705,2425.0,2.343870046839565,525.0,65.0,65.0,455.0,2.74,,4.162963910378574,-1.907112310871561,Albany,DOW-US-N,2425.0,520.0,"soundings_wintremix/upperair.sounding.202203061000.Albany_DOW-US_N.txt,soundings_wintremix/upperair.sounding.202203061200.Albany_DOW-US_N.txt",1900.0,2022-03-06 10:00:00,Albany2022-03-06 10:00:00,False,,,,
174,-588.2257088980755,58.61672727272727,57.69970155032091,-1.2787515410827728,65.0,2022-03-06 10:10:00,IOP8,,,,,4465.0724392293705,2425.0,2.343870046839565,525.0,65.0,65.0,455.0,2.7774596774193547,,4.162963910378574,-1.907112310871561,Albany,DOW-US-N,2425.0,520.0,"soundings_wintremix/upperair.sounding.202203061000.Albany_DOW-US_N.txt,soundings_wintremix/upperair.sounding.202203061200.Albany_DOW-US_N.txt",1900.0,2022-03-06 10:10:00,Albany2022-03-06 10:10:00,True,upperair.sounding.202203061000.Albany_DOW-US_N.txt,,,
175,-388.3362130368333,62.984421768707485,61.65671861150294,-0.862969362304074,65.0,2022-03-06 10:20:00,IOP8,,,,,5089.453781897495,2400.0,2.6928326888346534,515.0,65.0,65.0,445.0,2.81491935483871,,4.589407497803546,-1.4151505469401748,Albany,DOW-US-N,2400.0,510.0,"soundings_wintremix/upperair.sounding.202203061000.Albany_DOW-US_N.txt,soundings_wintremix/upperair.sounding.202203061200.Albany_DOW-US_N.txt",1885.0,2022-03-06 10:20:00,Albany2022-03-06 10:20:00,False,,,,
176,-292.0124214939711,65.40663265306122,63.89274333182918,-0.6790986546371421,65.0,2022-03-06 10:30:00,IOP8,,,,,5407.30742719466,2385.0,2.853460383743884,495.0,65.0,65.0,425.0,2.8523790322580647,,4.802629291516032,-1.1691696649744816,Albany,DOW-US-N,2385.0,490.0,"soundings_wintremix/upperair.sounding.202203061000.Albany_DOW-US_N.txt,soundings_wintremix/upperair.sounding.202203061200.Albany_DOW-US_N.txt",1890.0,2022-03-06 10:30:00,Albany2022-03-06 10:30:00,False,,,,
177,-203.84935897066273,67.82884353741497,66.2287811522474,-0.491203274628103,65.0,2022-03-06 10:40:00,IOP8,,,,,5734.544029888676,2375.0,3.018181068362461,480.0,65.0,65.0,410.0,2.889838709677419,,5.015851085228517,-0.9231887830087883,Albany,DOW-US-N,2375.0,475.0,"soundings_wintremix/upperair.sounding.202203061000.Albany_DOW-US_N.txt,soundings_wintremix/upperair.sounding.202203061200.Albany_DOW-US_N.txt",1895.0,2022-03-06 10:40:00,Albany2022-03-06 10:40:00,False,,,,
178,-119.99161065040403,69.6968804134601,68.05612250402707,-0.37497378328251263,155.0,2022-03-06 10:50:00,IOP8,,,,,6067.0309774072975,2350.0,3.2271441369187746,475.0,155.0,155.0,315.0,2.9272983870967746,,5.229072878941004,-0.6512740464296102,Albany,DOW-US-N,2350.0,470.0,"soundings_wintremix/upperair.sounding.202203061000.Albany_DOW-US_N.txt,soundings_wintremix/upperair.sounding.202203061200.Albany_DOW-US_N.txt",1875.0,2022-03-06 10:50:00,Albany2022-03-06 10:50:00,False,,,,
179,-30.061269437615778,71.36328656462585,69.9640030195555,-0.22267606990826502,200.0,2022-03-06 11:00:00,IOP8,,,,,6403.238528794389,2340.0,3.405977940848079,465.0,200.0,200.0,130.0,2.964758064516129,,5.465896465330134,-0.34869983812000793,Albany,DOW-US-N,2340.0,330.0,"soundings_wintremix/upperair.sounding.202203061000.Albany_DOW-US_N.txt,soundings_wintremix/upperair.sounding.202203061200.Albany_DOW-US_N.txt",1875.0,2022-03-06 11:00:00,Albany2022-03-06 11:00:00,False,,,,
180,-13.507679739397835,63.059668470134355,61.251660861731864,-0.18010239652530446,380.0,2022-03-06 11:10:00,IOP8,,,,,6742.63864923164,2320.0,3.6056891172361705,455.0,380.0,380.0,70.0,3.002217741935484,,5.858340323336292,-0.3019927206835976,Albany,DOW-US-N,2320.0,450.0,"soundings_wintremix/upperair.sounding.202203061000.Albany_DOW-US_N.txt,soundings_wintremix/upperair.sounding.202203061200.Albany_DOW-US_N.txt",1865.0,2022-03-06 11:10:00,Albany2022-03-06 11:10:00,False,,,,
181,-0.8329874212129333,62.6171444568869,60.78478067057506,-0.03331949684851734,415.0,2022-03-06 11:20:00,IOP8,,,,,7086.677981243323,2300.0,3.7998273357873047,440.0,415.0,415.0,20.0,3.039677419354838,,6.279804751144597,-0.04638878292175597,Albany,DOW-US-N,2300.0,435.0,"soundings_wintremix/upperair.sounding.202203061000.Albany_DOW-US_N.txt,soundings_wintremix/upperair.sounding.202203061200.Albany_DOW-US_N.txt",1860.0,2022-03-06 11:20:00,Albany2022-03-06 11:20:00,False,,,,
182,,,,,,2022-03-06 11:30:00,IOP8,,,,,,,,,,,,3.0771370967741936,,,,Albany,DOW-US-N,,,"soundings_wintremix/upperair.sounding.202203061000.Albany_DOW-US_N.txt,soundings_wintremix/upperair.sounding.202203061200.Albany_DOW-US_N.txt",0.0,2022-03-06 11:30:00,Albany2022-03-06 11:30:00,False,,,,
183,,,,,,2022-03-06 11:40:00,IOP8,,,,,,,,,,,,3.1145967741935485,,,,Albany,DOW-US-N,,,"soundings_wintremix/upperair.sounding.202203061000.Albany_DOW-US_N.txt,soundings_wintremix/upperair.sounding.202203061200.Albany_DOW-US_N.txt",0.0,2022-03-06 11:40:00,Albany2022-03-06 11:40:00,False,,,,
184,,,,,,2022-03-06 11:50:00,IOP8,,,,,,,,,,,,3.152056451612903,,,,Albany,DOW-US-N,,,"soundings_wintremix/upperair.sounding.202203061000.Albany_DOW-US_N.txt,soundings_wintremix/upperair.sounding.202203061200.Albany_DOW-US_N.txt",0.0,2022-03-06 11:50:00,Albany2022-03-06 11:50:00,False,,,,
185,,,,,,2022-03-06 12:00:00,IOP8,,,,,,,,,,,,3.21,,,,Albany,DOW-US-N,,,"soundings_wintremix/upperair.sounding.202203061200.Albany_DOW-US_N.txt,soundings_wintremix/upperair.sounding.202203061400.Albany_DOW-US_N.txt",0.0,2022-03-06 12:00:00,Albany2022-03-06 12:00:00,False,,,,
186,,,,,,2022-03-06 12:10:00,IOP8,,,,,,,,,,,,3.2124166666666665,,,,Albany,DOW-US-N,,,"soundings_wintremix/upperair.sounding.202203061200.Albany_DOW-US_N.txt,soundings_wintremix/upperair.sounding.202203061400.Albany_DOW-US_N.txt",0.0,2022-03-06 12:10:00,Albany2022-03-06 12:10:00,True,upperair.sounding.202203061200.Albany_DOW-US_N.txt,,,
187,,,,,,2022-03-06 12:20:00,IOP8,,,,,,,,,,,,3.2148333333333334,,,,Albany,DOW-US-N,,,"soundings_wintremix/upperair.sounding.202203061200.Albany_DOW-US_N.txt,soundings_wintremix/upperair.sounding.202203061400.Albany_DOW-US_N.txt",0.0,2022-03-06 12:20:00,Albany2022-03-06 12:20:00,False,,,,
188,,,,,,2022-03-06 12:30:00,IOP8,,,,,,,,,,,,3.21725,,,,Albany,DOW-US-N,,,"soundings_wintremix/upperair.sounding.202203061200.Albany_DOW-US_N.txt,soundings_wintremix/upperair.sounding.202203061400.Albany_DOW-US_N.txt",0.0,2022-03-06 12:30:00,Albany2022-03-06 12:30:00,False,,,,
189,-0.32384640188829317,84.34666666666666,83.22958966434962,-0.021589760125886214,2289.0,2022-03-06 12:40:00,IOP8,,,,,10013.438217477811,2284.0,4.490331039227718,59.0,2289.0,2289.0,10.0,3.219666666666666,,8.13903429228995,-0.04561024592853153,Albany,DOW-US-N,2284.0,2299.0,"soundings_wintremix/upperair.sounding.202203061200.Albany_DOW-US_N.txt,soundings_wintremix/upperair.sounding.202203061400.Albany_DOW-US_N.txt",2225.0,2022-03-06 12:40:00,Albany2022-03-06 12:40:00,False,,,,
190,,,,,,2022-03-06 12:50:00,IOP8,RA,,,,,,,,,,,3.2220833333333334,RA,,,Albany,DOW-US-N,,,"soundings_wintremix/upperair.sounding.202203061200.Albany_DOW-US_N.txt,soundings_wintremix/upperair.sounding.202203061400.Albany_DOW-US_N.txt",0.0,2022-03-06 12:50:00,Albany2022-03-06 12:50:00,False,,,,
191,,,,,,2022-03-06 13:00:00,IOP8,RA,,,,,,,,,,,3.2245,RA,,,Albany,DOW-US-N,,,"soundings_wintremix/upperair.sounding.202203061200.Albany_DOW-US_N.txt,soundings_wintremix/upperair.sounding.202203061400.Albany_DOW-US_N.txt",0.0,2022-03-06 13:00:00,Albany2022-03-06 13:00:00,False,,,,
192,,,,,,2022-03-06 13:10:00,IOP8,RA,,,,,,,,,,,3.226916666666667,RA,,,Albany,DOW-US-N,,,"soundings_wintremix/upperair.sounding.202203061200.Albany_DOW-US_N.txt,soundings_wintremix/upperair.sounding.202203061400.Albany_DOW-US_N.txt",0.0,2022-03-06 13:10:00,Albany2022-03-06 13:10:00,False,,,,
193,,,,,,2022-03-06 13:20:00,IOP8,RA,,,,,,,,,,,3.229333333333333,RA,,,Albany,DOW-US-N,,,"soundings_wintremix/upperair.sounding.202203061200.Albany_DOW-US_N.txt,soundings_wintremix/upperair.sounding.202203061400.Albany_DOW-US_N.txt",0.0,2022-03-06 13:20:00,Albany2022-03-06 13:20:00,False,,,,
194,,,,,,2022-03-06 13:30:00,IOP8,RA,,,,,,,,,,,3.23175,RA,,,Albany,DOW-US-N,,,"soundings_wintremix/upperair.sounding.202203061200.Albany_DOW-US_N.txt,soundings_wintremix/upperair.sounding.202203061400.Albany_DOW-US_N.txt",0.0,2022-03-06 13:30:00,Albany2022-03-06 13:30:00,False,,,,
195,,,,,,2022-03-06 13:40:00,IOP8,RA,,,,,,,,,,,3.234166666666667,RA,,,Albany,DOW-US-N,,,"soundings_wintremix/upperair.sounding.202203061200.Albany_DOW-US_N.txt,soundings_wintremix/upperair.sounding.202203061400.Albany_DOW-US_N.txt",0.0,2022-03-06 13:40:00,Albany2022-03-06 13:40:00,False,,,,
196,-0.17910415792173234,61.10840476190477,59.19430867131946,-0.03582083158434647,59.0,2022-03-06 13:50:00,IOP8,RA,,,,11969.616511712795,2339.0,5.249831803382804,64.0,59.0,59.0,0.0,3.2365833333333334,RA,8.565547081389257,-0.03582083158434647,Albany,DOW-US-N,2339.0,59.0,"soundings_wintremix/upperair.sounding.202203061200.Albany_DOW-US_N.txt,soundings_wintremix/upperair.sounding.202203061400.Albany_DOW-US_N.txt",2275.0,2022-03-06 13:50:00,Albany2022-03-06 13:50:00,False,,,,
197,,,,,,2022-03-06 14:00:00,IOP8,RA,,,,,,,,,,,3.21,RA,,,Albany,DOW-US-N,,,"soundings_wintremix/upperair.sounding.202203061400.Albany_DOW-US_N.txt,soundings_wintremix/upperair.sounding.202203061430.Albany_DOW-US_N.txt",0.0,2022-03-06 14:00:00,Albany2022-03-06 14:00:00,False,,,,
198,,,,,,2022-03-06 14:10:00,IOP8,RA,,,,,,,,,,,3.0111111111111106,RA,,,Albany,DOW-US-N,,,"soundings_wintremix/upperair.sounding.202203061400.Albany_DOW-US_N.txt,soundings_wintremix/upperair.sounding.202203061430.Albany_DOW-US_N.txt",0.0,2022-03-06 14:10:00,Albany2022-03-06 14:10:00,True,upperair.sounding.202203061400.Albany_DOW-US_N.txt,,,
199,,,,,,2022-03-06 14:20:00,IOP8,RA,,,,,,,,,,,2.812222222222222,RA,,,Albany,DOW-US-N,,,"soundings_wintremix/upperair.sounding.202203061400.Albany_DOW-US_N.txt,soundings_wintremix/upperair.sounding.202203061430.Albany_DOW-US_N.txt",0.0,2022-03-06 14:20:00,Albany2022-03-06 14:20:00,False,,,,
200,-1.754347999390258,63.73698412698414,62.12878405493428,-0.3508695998780516,73.0,2022-03-06 14:30:00,IOP8,RA,,,,12637.768169272116,2678.0,4.851350544826149,78.0,73.0,73.0,0.0,2.55,RA,8.296276165599732,-0.3508695998780516,Albany,DOW-US-N,2678.0,73.0,"soundings_wintremix/upperair.sounding.202203061430.Albany_DOW-US_N.txt,soundings_wintremix/upperair.sounding.202203061600.Albany_DOW-US_N.txt",2600.0,2022-03-06 14:30:00,Albany2022-03-06 14:30:00,False,,,,
201,-1.754347999390258,63.73698412698414,62.12878405493428,-0.3508695998780516,73.0,2022-03-06 14:40:00,IOP8,RA,,,,12637.768169272116,2678.0,4.851350544826149,78.0,73.0,73.0,0.0,2.720518518518518,RA,8.296276165599732,-0.3508695998780516,Albany,DOW-US-N,2678.0,73.0,"soundings_wintremix/upperair.sounding.202203061430.Albany_DOW-US_N.txt,soundings_wintremix/upperair.sounding.202203061600.Albany_DOW-US_N.txt",2600.0,2022-03-06 14:40:00,Albany2022-03-06 14:40:00,True,upperair.sounding.202203061430.Albany_DOW-US_N.txt,,,
202,-0.8053561774244122,62.20586172839508,60.43729393019037,-0.16107123548488245,73.0,2022-03-06 14:50:00,IOP8,RA,,,,12754.531086432773,2638.0,4.972526739350009,78.0,73.0,73.0,0.0,2.891037037037037,RA,8.357553764831378,-0.16107123548488245,Albany,DOW-US-N,2638.0,73.0,"soundings_wintremix/upperair.sounding.202203061430.Albany_DOW-US_N.txt,soundings_wintremix/upperair.sounding.202203061600.Albany_DOW-US_N.txt",2560.0,2022-03-06 14:50:00,Albany2022-03-06 14:50:00,False,,,,
203,-0.33086026644148936,61.44030052910053,59.595479199899366,-0.06617205328829787,73.0,2022-03-06 15:00:00,IOP8,,,,,12817.16432550309,2608.0,5.056080601776367,78.0,73.0,73.0,0.0,3.0615555555555556,,8.38872753826681,-0.06617205328829787,Albany,DOW-US-N,2608.0,73.0,"soundings_wintremix/upperair.sounding.202203061430.Albany_DOW-US_N.txt,soundings_wintremix/upperair.sounding.202203061600.Albany_DOW-US_N.txt",2530.0,2022-03-06 15:00:00,Albany2022-03-06 15:00:00,False,,,,
204,,,,,,2022-03-06 15:10:00,IOP8,,,,,,,,,,,,3.2320740740740743,,,,Albany,DOW-US-N,,,"soundings_wintremix/upperair.sounding.202203061430.Albany_DOW-US_N.txt,soundings_wintremix/upperair.sounding.202203061600.Albany_DOW-US_N.txt",0.0,2022-03-06 15:10:00,Albany2022-03-06 15:10:00,False,,,,
205,,,,,,2022-03-06 15:20:00,IOP8,,,,,,,,,,,,3.402592592592593,,,,Albany,DOW-US-N,,,"soundings_wintremix/upperair.sounding.202203061430.Albany_DOW-US_N.txt,soundings_wintremix/upperair.sounding.202203061600.Albany_DOW-US_N.txt",0.0,2022-03-06 15:20:00,Albany2022-03-06 15:20:00,False,,,,
206,,,,,,2022-03-06 15:30:00,IOP8,,,,,,,,,,,,3.5731111111111113,,,,Albany,DOW-US-N,,,"soundings_wintremix/upperair.sounding.202203061430.Albany_DOW-US_N.txt,soundings_wintremix/upperair.sounding.202203061600.Albany_DOW-US_N.txt",0.0,2022-03-06 15:30:00,Albany2022-03-06 15:30:00,False,,,,
207,,,,,,2022-03-06 15:40:00,IOP8,,,,,,,,,,,,3.7436296296296296,,,,Albany,DOW-US-N,,,"soundings_wintremix/upperair.sounding.202203061430.Albany_DOW-US_N.txt,soundings_wintremix/upperair.sounding.202203061600.Albany_DOW-US_N.txt",0.0,2022-03-06 15:40:00,Albany2022-03-06 15:40:00,False,,,,
208,,,,,,2022-03-06 16:00:00,IOP8,,,,,,,,,,,,,,,,Albany,DOW-US-N,,,,,2022-03-06 16:00:00,Albany2022-03-06 16:00:00,False,,,,
209,,,,,,2022-03-06 16:10:00,IOP8,,,,,,,,,,,,,,,,Albany,DOW-US-N,,,,0.0,2022-03-06 16:10:00,Albany2022-03-06 16:10:00,True,upperair.sounding.202203061600.Albany_DOW-US_N.txt,,,
210,,,,,,2022-03-06 16:20:00,IOP8,,,,,,,,,,,,,,,,Albany,DOW-US-N,,,,,2022-03-06 16:20:00,Albany2022-03-06 16:20:00,False,,,,
1713,-3580.0307503832437,80.772,82.58360932648672,-2.4947949480022604,233.0,,,,,,,143.30895787297982,1943.0,0.5118177066892137,1668.0,233.0,233.0,1430.0,,,0.8932821650989606,-3.839585361209773,,,1943.0,1663.0,,275.0,2022-03-07 14:10:00,Albany2022-03-07 14:10:00,True,upperair.sounding.202203071400.Albany_DOW-US_Plattsburgh.txt,,,
211,-2800.8331177822197,88.0524237804878,90.21433932162148,-2.0222621789041297,288.0,2022-03-07 15:00:00,IOP9,RA,,,,127.8596283977457,283.0,0.691133126474301,103.0,288.0,288.0,1380.0,3.5915625,RA,1.8038828578157413,-3.7241714708652482,Albany,DOW-US-Plattsburgh,283.0,1668.0,"soundings_wintremix/upperair.sounding.202203071400.Albany_DOW-US_Plattsburgh.txt,soundings_wintremix/upperair.sounding.202203071600.Albany_DOW-US_Plattsburgh.txt",180.0,2022-03-07 15:00:00,Albany2022-03-07 15:00:00,False,,,,
212,-2672.561027408311,89.26582774390243,91.4891728213176,-1.9296469511973366,288.0,2022-03-07 15:10:00,IOP9,RA,,,,139.8862684885247,283.0,0.7561419918298635,103.0,288.0,288.0,1380.0,3.5601562500000004,RA,1.834059918283725,-3.726027613337211,Albany,DOW-US-Plattsburgh,283.0,1668.0,"soundings_wintremix/upperair.sounding.202203071400.Albany_DOW-US_Plattsburgh.txt,soundings_wintremix/upperair.sounding.202203071600.Albany_DOW-US_Plattsburgh.txt",180.0,2022-03-07 15:10:00,Albany2022-03-07 15:10:00,False,,,,
213,-2544.5929653974454,90.47923170731707,92.76487762361806,-1.850613065743597,298.0,2022-03-07 15:20:00,IOP9,RA,,,,152.2169369423474,293.0,0.7805996766274227,103.0,298.0,298.0,1370.0,3.5287499999999996,RA,1.8642369787517064,-3.7278837558091733,Albany,DOW-US-Plattsburgh,293.0,1668.0,"soundings_wintremix/upperair.sounding.202203071400.Albany_DOW-US_Plattsburgh.txt,soundings_wintremix/upperair.sounding.202203071600.Albany_DOW-US_Plattsburgh.txt",190.0,2022-03-07 15:20:00,Albany2022-03-07 15:20:00,False,,,,
214,,,,,,2022-03-07 15:30:00,IOP9,RA,PL,,,,,,,,,,3.49734375,RA and PL,,,Albany,DOW-US-Plattsburgh,,,"soundings_wintremix/upperair.sounding.202203071400.Albany_DOW-US_Plattsburgh.txt,soundings_wintremix/upperair.sounding.202203071600.Albany_DOW-US_Plattsburgh.txt",0.0,2022-03-07 15:30:00,Albany2022-03-07 15:30:00,False,,,,
215,-2253.7277100609626,92.90603963414635,95.31890302020358,-2.126158217038644,318.0,2022-03-07 15:40:00,IOP9,RA,PL,,,178.33073242115742,313.0,0.8294452670751508,103.0,318.0,318.0,1055.0,3.4659375000000003,RA and PL,1.924591099687675,-3.7315960407530993,Albany,DOW-US-Plattsburgh,313.0,1373.0,"soundings_wintremix/upperair.sounding.202203071400.Albany_DOW-US_Plattsburgh.txt,soundings_wintremix/upperair.sounding.202203071600.Albany_DOW-US_Plattsburgh.txt",210.0,2022-03-07 15:40:00,Albany2022-03-07 15:40:00,False,,,,
216,-2142.2712743309207,95.6,98.55455491447256,-2.1210606676543766,338.0,2022-03-07 16:00:00,IOP9,RA,PL,,,205.2997835531958,333.0,0.8736161002263652,103.0,338.0,338.0,1005.0,3.46,RA and PL,1.9849452206236418,-3.735555799803784,Albany,DOW-US-Plattsburgh,333.0,1343.0,"soundings_wintremix/upperair.sounding.202203071600.Albany_DOW-US_Plattsburgh.txt,soundings_wintremix/upperair.sounding.202203071800.Albany_DOW-US_Plattsburgh.txt",230.0,2022-03-07 16:00:00,Albany2022-03-07 16:00:00,False,,,,
217,-2142.2712743309207,95.6,98.55455491447256,-2.1210606676543766,338.0,2022-03-07 16:10:00,IOP9,RA,,,,205.2997835531958,333.0,0.8736161002263652,103.0,338.0,338.0,1005.0,3.438514492753623,RA,1.9849452206236418,-3.735555799803784,Albany,DOW-US-Plattsburgh,333.0,1343.0,"soundings_wintremix/upperair.sounding.202203071600.Albany_DOW-US_Plattsburgh.txt,soundings_wintremix/upperair.sounding.202203071800.Albany_DOW-US_Plattsburgh.txt",230.0,2022-03-07 16:10:00,Albany2022-03-07 16:10:00,True,upperair.sounding.202203071600.Albany_DOW-US_Plattsburgh.txt,,,
218,-1954.734488010933,94.537915129883,96.84700628570943,-1.9164063607950323,323.0,2022-03-07 16:20:00,IOP9,,,,,121.4901309327402,1568.0,0.5282179605771311,1343.0,323.0,323.0,1015.0,3.417028985507246,,1.0097401284115772,-3.342462192921369,Albany,DOW-US-Plattsburgh,1568.0,1338.0,"soundings_wintremix/upperair.sounding.202203071600.Albany_DOW-US_Plattsburgh.txt,soundings_wintremix/upperair.sounding.202203071800.Albany_DOW-US_Plattsburgh.txt",225.0,2022-03-07 16:20:00,Albany2022-03-07 16:20:00,False,,,,
219,-1861.8793978259264,94.06406781677573,96.31009827895383,-1.8253719586528692,318.0,2022-03-07 16:30:00,IOP9,,,,,122.64341491612609,1568.0,0.5218868719835151,1338.0,318.0,318.0,1015.0,3.395543478260869,,0.9874245289492546,-3.2517982004255517,Albany,DOW-US-Plattsburgh,1568.0,1333.0,"soundings_wintremix/upperair.sounding.202203071600.Albany_DOW-US_Plattsburgh.txt,soundings_wintremix/upperair.sounding.202203071800.Albany_DOW-US_Plattsburgh.txt",230.0,2022-03-07 16:30:00,Albany2022-03-07 16:30:00,False,,,,
220,-1769.8337276161642,93.59022050366845,95.77373764097482,-1.7523106214021429,318.0,2022-03-07 16:40:00,IOP9,,,,,124.53228600307186,1568.0,0.5082950449104974,1328.0,318.0,318.0,1005.0,3.3740579710144925,,0.9651089294869319,-3.163850383140411,Albany,DOW-US-Plattsburgh,1568.0,1323.0,"soundings_wintremix/upperair.sounding.202203071600.Albany_DOW-US_Plattsburgh.txt,soundings_wintremix/upperair.sounding.202203071800.Albany_DOW-US_Plattsburgh.txt",240.0,2022-03-07 16:40:00,Albany2022-03-07 16:40:00,False,,,,
221,-1593.5375045765306,92.64252587745389,94.70265667767596,-1.626058678139317,308.0,2022-03-07 17:00:00,IOP9,,,,,135.87801348409485,1578.0,0.46060343553930466,1288.0,308.0,308.0,975.0,3.331086956521739,,0.9204777305622869,-2.987954748570132,Albany,DOW-US-Plattsburgh,1578.0,1283.0,"soundings_wintremix/upperair.sounding.202203071600.Albany_DOW-US_Plattsburgh.txt,soundings_wintremix/upperair.sounding.202203071800.Albany_DOW-US_Plattsburgh.txt",290.0,2022-03-07 17:00:00,Albany2022-03-07 17:00:00,False,,,,
222,-1511.8746000982603,92.16867856434662,94.16793545620415,-1.5748693751023548,303.0,2022-03-07 17:10:00,IOP9,,,,,147.8662085352263,1583.0,0.4549729493391579,1263.0,303.0,303.0,955.0,3.3096014492753625,,0.8981621310999645,-2.9284720000003523,Albany,DOW-US-Plattsburgh,1583.0,1258.0,"soundings_wintremix/upperair.sounding.202203071600.Albany_DOW-US_Plattsburgh.txt,soundings_wintremix/upperair.sounding.202203071800.Albany_DOW-US_Plattsburgh.txt",320.0,2022-03-07 17:10:00,Albany2022-03-07 17:10:00,False,,,,
223,-1445.2357482816124,91.7360743321719,93.63375981120726,-1.5794926210728,298.0,2022-03-07 17:20:00,IOP9,,,,,174.76440751501613,1583.0,0.4660384200400428,1213.0,298.0,298.0,910.0,3.2881159420289854,,0.8810492981138129,-2.904123678607691,Albany,DOW-US-Plattsburgh,1583.0,1208.0,"soundings_wintremix/upperair.sounding.202203071600.Albany_DOW-US_Plattsburgh.txt,soundings_wintremix/upperair.sounding.202203071800.Albany_DOW-US_Plattsburgh.txt",370.0,2022-03-07 17:20:00,Albany2022-03-07 17:20:00,False,,,,
224,-1397.7125918643942,91.8345775261324,93.33110403260835,-1.6443677551345817,288.0,2022-03-07 17:30:00,IOP9,,,,,220.68155256330292,1583.0,0.4904034501406731,1138.0,288.0,288.0,845.0,3.266630434782609,,0.8745787558116598,-2.879775357215031,Albany,DOW-US-Plattsburgh,1583.0,1133.0,"soundings_wintremix/upperair.sounding.202203071600.Albany_DOW-US_Plattsburgh.txt,soundings_wintremix/upperair.sounding.202203071800.Albany_DOW-US_Plattsburgh.txt",445.0,2022-03-07 17:30:00,Albany2022-03-07 17:30:00,False,,,,
225,-1369.6462873642704,91.93308072009292,93.4479082713259,-1.6805475918580008,288.0,2022-03-07 17:40:00,IOP9,,,,,285.88210409981906,1583.0,0.5894476373192146,1103.0,288.0,288.0,810.0,3.245144927536232,,0.9102659079366595,-2.8554270358223706,Albany,DOW-US-Plattsburgh,1583.0,1098.0,"soundings_wintremix/upperair.sounding.202203071600.Albany_DOW-US_Plattsburgh.txt,soundings_wintremix/upperair.sounding.202203071800.Albany_DOW-US_Plattsburgh.txt",480.0,2022-03-07 17:40:00,Albany2022-03-07 17:40:00,False,,,,
226,-1333.6993365594544,92.13071428571429,93.68233742268156,-1.6364409037539316,278.0,2022-03-07 18:00:00,IOP9,RA,,,,192.68679371850794,2588.0,0.34103857295311146,2028.0,278.0,278.0,810.0,3.44,RA,0.6352529689178721,-2.8268490524651546,Albany,DOW-US-Plattsburgh,2588.0,1088.0,"soundings_wintremix/upperair.sounding.202203071800.Albany_DOW-US_Plattsburgh.txt,soundings_wintremix/upperair.sounding.202203072000.Albany_DOW-US_Plattsburgh.txt",560.0,2022-03-07 18:00:00,Albany2022-03-07 18:00:00,False,,,,
227,-1333.6993365594544,92.13071428571429,93.68233742268156,-1.6364409037539316,278.0,2022-03-07 18:10:00,IOP9,RA,,,,192.68679371850794,2588.0,0.34103857295311146,2028.0,278.0,278.0,810.0,3.4121612903225804,RA,0.6352529689178721,-2.8268490524651546,Albany,DOW-US-Plattsburgh,2588.0,1088.0,"soundings_wintremix/upperair.sounding.202203071800.Albany_DOW-US_Plattsburgh.txt,soundings_wintremix/upperair.sounding.202203072000.Albany_DOW-US_Plattsburgh.txt",560.0,2022-03-07 18:10:00,Albany2022-03-07 18:10:00,True,upperair.sounding.202203071800.Albany_DOW-US_Plattsburgh.txt,,,
228,-1163.1400481033584,92.16790372670808,93.45598301723977,-1.4359753680288372,278.0,2022-03-07 18:20:00,IOP9,RA,,,,207.27294690549377,2578.0,0.3483578939588131,1988.0,278.0,278.0,805.0,3.3843225806451613,RA,0.645965550053369,-2.3864125458799124,Albany,DOW-US-Plattsburgh,2578.0,1083.0,"soundings_wintremix/upperair.sounding.202203071800.Albany_DOW-US_Plattsburgh.txt,soundings_wintremix/upperair.sounding.202203072000.Albany_DOW-US_Plattsburgh.txt",590.0,2022-03-07 18:20:00,Albany2022-03-07 18:20:00,False,,,,
229,-1078.407356261266,92.28081642751113,93.41332351476969,-1.3480091953265823,278.0,2022-03-07 18:30:00,IOP9,RA,,,,535.3728297144868,1698.0,0.8565965275431788,1078.0,278.0,278.0,795.0,3.3564838709677423,RA,1.636368680413618,-2.176017035335841,Albany,DOW-US-Plattsburgh,1698.0,1073.0,"soundings_wintremix/upperair.sounding.202203071800.Albany_DOW-US_Plattsburgh.txt,soundings_wintremix/upperair.sounding.202203072000.Albany_DOW-US_Plattsburgh.txt",620.0,2022-03-07 18:30:00,Albany2022-03-07 18:30:00,False,,,,
230,-994.8480480754936,92.44070097311561,93.39374820046409,-1.25930132667784,283.0,2022-03-07 18:40:00,IOP9,RA,,,,865.3136932498538,2518.0,0.596768064310244,1073.0,283.0,283.0,785.0,3.3286451612903223,RA,1.6821737757111215,-1.9806171087270221,Albany,DOW-US-Plattsburgh,2518.0,1068.0,"soundings_wintremix/upperair.sounding.202203071800.Albany_DOW-US_Plattsburgh.txt,soundings_wintremix/upperair.sounding.202203072000.Albany_DOW-US_Plattsburgh.txt",1445.0,2022-03-07 18:40:00,Albany2022-03-07 18:40:00,False,,,,
231,-912.2191818278587,92.60058551872012,93.43575407852724,-1.1695117715741778,283.0,2022-03-07 18:50:00,IOP9,,,,,964.3613572610878,2513.0,0.6627913108323628,1063.0,283.0,283.0,775.0,3.300806451612903,,1.7279788710086252,-1.80385598979775,Albany,DOW-US-Plattsburgh,2513.0,1058.0,"soundings_wintremix/upperair.sounding.202203071800.Albany_DOW-US_Plattsburgh.txt,soundings_wintremix/upperair.sounding.202203072000.Albany_DOW-US_Plattsburgh.txt",1450.0,2022-03-07 18:50:00,Albany2022-03-07 18:50:00,False,,,,
232,-830.3664241095581,92.8633028083028,93.47750771690052,-1.0714405472381394,283.0,2022-03-07 19:00:00,IOP9,,,,,1064.2659180200203,2493.0,0.7390735541805695,1058.0,283.0,283.0,770.0,3.272967741935484,,1.7737839663061288,-1.628413711721179,Albany,DOW-US-Plattsburgh,2493.0,1053.0,"soundings_wintremix/upperair.sounding.202203071800.Albany_DOW-US_Plattsburgh.txt,soundings_wintremix/upperair.sounding.202203072000.Albany_DOW-US_Plattsburgh.txt",1435.0,2022-03-07 19:00:00,Albany2022-03-07 19:00:00,False,,,,
233,-749.2549942638948,93.3996225071225,93.77400819074738,-0.9730584341089543,283.0,2022-03-07 19:10:00,IOP9,,,,,1165.698989190496,2488.0,0.8095131869378442,1053.0,283.0,283.0,765.0,3.245129032258065,,1.8267553786405055,-1.4574344822317449,Albany,DOW-US-Plattsburgh,2488.0,1048.0,"soundings_wintremix/upperair.sounding.202203071800.Albany_DOW-US_Plattsburgh.txt,soundings_wintremix/upperair.sounding.202203072000.Albany_DOW-US_Plattsburgh.txt",1435.0,2022-03-07 19:10:00,Albany2022-03-07 19:10:00,False,,,,
234,-668.6936349310477,93.9359422059422,94.12478018300037,-0.8741093267072519,283.0,2022-03-07 19:20:00,IOP9,,,,,1267.7154487462328,2488.0,0.8773117292361474,1048.0,283.0,283.0,760.0,3.217290322580645,,1.8810533552707047,-1.3369207150628335,Albany,DOW-US-Plattsburgh,2488.0,1043.0,"soundings_wintremix/upperair.sounding.202203071800.Albany_DOW-US_Plattsburgh.txt,soundings_wintremix/upperair.sounding.202203072000.Albany_DOW-US_Plattsburgh.txt",1440.0,2022-03-07 19:20:00,Albany2022-03-07 19:20:00,False,,,,
235,-588.7418520314618,94.47226190476191,94.4738034930419,-0.7849891360419492,283.0,2022-03-07 19:30:00,IOP9,,,,,1370.657796811053,2468.0,0.951845692229898,1033.0,283.0,283.0,745.0,3.1894516129032255,,1.935351331900905,-1.2563886862295544,Albany,DOW-US-Plattsburgh,2468.0,1028.0,"soundings_wintremix/upperair.sounding.202203071800.Albany_DOW-US_Plattsburgh.txt,soundings_wintremix/upperair.sounding.202203072000.Albany_DOW-US_Plattsburgh.txt",1435.0,2022-03-07 19:30:00,Albany2022-03-07 19:30:00,False,,,,
236,-510.0055226123609,95.0085816035816,94.82108413049697,-0.6845711712917595,283.0,2022-03-07 19:40:00,IOP9,,,,,1475.1526492287903,2463.0,1.0244115619644374,1028.0,283.0,283.0,740.0,3.1616129032258065,,1.9917086088752842,-1.183419922227515,Albany,DOW-US-Plattsburgh,2463.0,1023.0,"soundings_wintremix/upperair.sounding.202203071800.Albany_DOW-US_Plattsburgh.txt,soundings_wintremix/upperair.sounding.202203072000.Albany_DOW-US_Plattsburgh.txt",1435.0,2022-03-07 19:40:00,Albany2022-03-07 19:40:00,False,,,,
237,,,,,,2022-03-07 20:00:00,IOP9,,,,,,,,,,,,2.64,,,,Albany,DOW-US-Plattsburgh,,,"soundings_wintremix/upperair.sounding.202203072000.Albany_DOW-US_Plattsburgh.txt,soundings_wintremix/upperair.sounding.202203072200.Albany_DOW-US_Plattsburgh.txt",0.0,2022-03-07 20:00:00,Albany2022-03-07 20:00:00,False,,,,
238,-372.3963800384298,95.64510204081633,95.20700691035661,-0.5911053651403647,288.0,2022-03-07 20:10:00,IOP9,RA,,,,1704.5946198892832,2448.0,1.1104850943904125,918.0,288.0,288.0,625.0,2.576294326241135,RA,2.117038320086771,-1.0612752094815052,Albany,DOW-US-Plattsburgh,2448.0,913.0,"soundings_wintremix/upperair.sounding.202203072000.Albany_DOW-US_Plattsburgh.txt,soundings_wintremix/upperair.sounding.202203072200.Albany_DOW-US_Plattsburgh.txt",1530.0,2022-03-07 20:10:00,Albany2022-03-07 20:10:00,True,upperair.sounding.202203072000.Albany_DOW-US_Plattsburgh.txt,,,
239,,,,,,2022-03-07 20:20:00,IOP9,RA,,,,,,,,,,,2.5125886524822696,RA,,,Albany,DOW-US-Plattsburgh,,,"soundings_wintremix/upperair.sounding.202203072000.Albany_DOW-US_Plattsburgh.txt,soundings_wintremix/upperair.sounding.202203072200.Albany_DOW-US_Plattsburgh.txt",0.0,2022-03-07 20:20:00,Albany2022-03-07 20:20:00,False,,,,
240,,,,,,2022-03-07 20:30:00,IOP9,RA,,,,,,,,,,,2.4488829787234043,RA,,,Albany,DOW-US-Plattsburgh,,,"soundings_wintremix/upperair.sounding.202203072000.Albany_DOW-US_Plattsburgh.txt,soundings_wintremix/upperair.sounding.202203072200.Albany_DOW-US_Plattsburgh.txt",0.0,2022-03-07 20:30:00,Albany2022-03-07 20:30:00,False,,,,
241,,,,,,2022-03-07 20:40:00,IOP9,RA,,,,,,,,,,,2.385177304964539,RA,,,Albany,DOW-US-Plattsburgh,,,"soundings_wintremix/upperair.sounding.202203072000.Albany_DOW-US_Plattsburgh.txt,soundings_wintremix/upperair.sounding.202203072200.Albany_DOW-US_Plattsburgh.txt",0.0,2022-03-07 20:40:00,Albany2022-03-07 20:40:00,False,,,,
242,,,,,,2022-03-07 20:50:00,IOP9,RA,,,,,,,,,,,2.3214716312056742,RA,,,Albany,DOW-US-Plattsburgh,,,"soundings_wintremix/upperair.sounding.202203072000.Albany_DOW-US_Plattsburgh.txt,soundings_wintremix/upperair.sounding.202203072200.Albany_DOW-US_Plattsburgh.txt",0.0,2022-03-07 20:50:00,Albany2022-03-07 20:50:00,False,,,,
243,,,,,,2022-03-07 21:00:00,IOP9,RA,,,,,,,,,,,2.2577659574468085,RA,,,Albany,DOW-US-Plattsburgh,,,"soundings_wintremix/upperair.sounding.202203072000.Albany_DOW-US_Plattsburgh.txt,soundings_wintremix/upperair.sounding.202203072200.Albany_DOW-US_Plattsburgh.txt",0.0,2022-03-07 21:00:00,Albany2022-03-07 21:00:00,False,,,,
244,,,,,,2022-03-07 21:20:00,IOP9,RA,,,,,,,,,,,2.130354609929078,RA,,,Albany,DOW-US-Plattsburgh,,,"soundings_wintremix/upperair.sounding.202203072000.Albany_DOW-US_Plattsburgh.txt,soundings_wintremix/upperair.sounding.202203072200.Albany_DOW-US_Plattsburgh.txt",0.0,2022-03-07 21:20:00,Albany2022-03-07 21:20:00,False,,,,
245,,,,,,2022-03-07 21:30:00,IOP9,RA,,,,,,,,,,,2.0666489361702127,RA,,,Albany,DOW-US-Plattsburgh,,,"soundings_wintremix/upperair.sounding.202203072000.Albany_DOW-US_Plattsburgh.txt,soundings_wintremix/upperair.sounding.202203072200.Albany_DOW-US_Plattsburgh.txt",0.0,2022-03-07 21:30:00,Albany2022-03-07 21:30:00,False,,,,
246,,,,,,2022-03-07 21:40:00,IOP9,RA,,,,,,,,,,,2.0029432624113475,RA,,,Albany,DOW-US-Plattsburgh,,,"soundings_wintremix/upperair.sounding.202203072000.Albany_DOW-US_Plattsburgh.txt,soundings_wintremix/upperair.sounding.202203072200.Albany_DOW-US_Plattsburgh.txt",0.0,2022-03-07 21:40:00,Albany2022-03-07 21:40:00,False,,,,
247,,,,,,2022-03-07 21:50:00,IOP9,RA,,,,,,,,,,,1.9392375886524822,RA,,,Albany,DOW-US-Plattsburgh,,,"soundings_wintremix/upperair.sounding.202203072000.Albany_DOW-US_Plattsburgh.txt,soundings_wintremix/upperair.sounding.202203072200.Albany_DOW-US_Plattsburgh.txt",0.0,2022-03-07 21:50:00,Albany2022-03-07 21:50:00,False,,,,
1714,,,,,,,,,,,,,,,,,,,,,,,,,,,,0.0,2022-03-07 22:10:00,Albany2022-03-07 22:10:00,True,upperair.sounding.202203072200.Albany_DOW-US_Plattsburgh.txt,,,
248,,,,,,2022-03-07 22:20:00,IOP9,RA,,,,,,,,,,,2.4833333333333334,RA,,,Albany,DOW-US-Plattsburgh,,,"soundings_wintremix/upperair.sounding.202203072200.Albany_DOW-US_Plattsburgh.txt,soundings_wintremix/upperair.sounding.202203080000.Albany_DOW-US_Plattsburgh.txt",0.0,2022-03-07 22:20:00,Albany2022-03-07 22:20:00,False,,,,
249,,,,,,2022-03-07 22:30:00,IOP9,RA,,,,,,,,,,,2.395,RA,,,Albany,DOW-US-Plattsburgh,,,"soundings_wintremix/upperair.sounding.202203072200.Albany_DOW-US_Plattsburgh.txt,soundings_wintremix/upperair.sounding.202203080000.Albany_DOW-US_Plattsburgh.txt",0.0,2022-03-07 22:30:00,Albany2022-03-07 22:30:00,False,,,,
250,,,,,,2022-03-07 22:40:00,IOP9,RA,,,,,,,,,,,2.3066666666666666,RA,,,Albany,DOW-US-Plattsburgh,,,"soundings_wintremix/upperair.sounding.202203072200.Albany_DOW-US_Plattsburgh.txt,soundings_wintremix/upperair.sounding.202203080000.Albany_DOW-US_Plattsburgh.txt",0.0,2022-03-07 22:40:00,Albany2022-03-07 22:40:00,False,,,,
251,,,,,,2022-03-07 22:50:00,IOP9,RA,,,,,,,,,,,2.2183333333333337,RA,,,Albany,DOW-US-Plattsburgh,,,"soundings_wintremix/upperair.sounding.202203072200.Albany_DOW-US_Plattsburgh.txt,soundings_wintremix/upperair.sounding.202203080000.Albany_DOW-US_Plattsburgh.txt",0.0,2022-03-07 22:50:00,Albany2022-03-07 22:50:00,False,,,,
252,,,,,,2022-03-07 23:00:00,IOP9,RA,,,,,,,,,,,2.13,RA,,,Albany,DOW-US-Plattsburgh,,,"soundings_wintremix/upperair.sounding.202203072200.Albany_DOW-US_Plattsburgh.txt,soundings_wintremix/upperair.sounding.202203080000.Albany_DOW-US_Plattsburgh.txt",0.0,2022-03-07 23:00:00,Albany2022-03-07 23:00:00,False,,,,
253,,,,,,2022-03-07 23:10:00,IOP9,RA,,,,,,,,,,,2.041666666666667,RA,,,Albany,DOW-US-Plattsburgh,,,"soundings_wintremix/upperair.sounding.202203072200.Albany_DOW-US_Plattsburgh.txt,soundings_wintremix/upperair.sounding.202203080000.Albany_DOW-US_Plattsburgh.txt",0.0,2022-03-07 23:10:00,Albany2022-03-07 23:10:00,False,,,,
254,,,,,,2022-03-07 23:20:00,IOP9,RA,,,,,,,,,,,1.9533333333333334,RA,,,Albany,DOW-US-Plattsburgh,,,"soundings_wintremix/upperair.sounding.202203072200.Albany_DOW-US_Plattsburgh.txt,soundings_wintremix/upperair.sounding.202203080000.Albany_DOW-US_Plattsburgh.txt",0.0,2022-03-07 23:20:00,Albany2022-03-07 23:20:00,False,,,,
255,,,,,,2022-03-07 23:30:00,IOP9,,,,,,,,,,,,1.8650000000000002,,,,Albany,DOW-US-Plattsburgh,,,"soundings_wintremix/upperair.sounding.202203072200.Albany_DOW-US_Plattsburgh.txt,soundings_wintremix/upperair.sounding.202203080000.Albany_DOW-US_Plattsburgh.txt",0.0,2022-03-07 23:30:00,Albany2022-03-07 23:30:00,False,,,,
256,,,,,,2022-03-07 23:40:00,IOP9,RA,,,,,,,,,,,1.7766666666666668,RA,,,Albany,DOW-US-Plattsburgh,,,"soundings_wintremix/upperair.sounding.202203072200.Albany_DOW-US_Plattsburgh.txt,soundings_wintremix/upperair.sounding.202203080000.Albany_DOW-US_Plattsburgh.txt",0.0,2022-03-07 23:40:00,Albany2022-03-07 23:40:00,False,,,,
257,,,,,,2022-03-08 00:10:00,IOP9,RA,,,,,,,,,,,,RA,,,Albany,DOW-US-Plattsburgh,,,,0.0,2022-03-08 00:10:00,Albany2022-03-08 00:10:00,True,upperair.sounding.202203080000.Albany_DOW-US_Plattsburgh.txt,,,
258,,,,,,2022-03-08 00:20:00,IOP9,RA,,,,,,,,,,,,RA,,,Albany,DOW-US-Plattsburgh,,,,,2022-03-08 00:20:00,Albany2022-03-08 00:20:00,False,,,,
259,,,,,,2022-03-08 00:30:00,IOP9,RA,,,,,,,,,,,,RA,,,Albany,DOW-US-Plattsburgh,,,,,2022-03-08 00:30:00,Albany2022-03-08 00:30:00,False,,,,
260,,,,,,2022-03-08 00:40:00,IOP9,RA,,,,,,,,,,,,RA,,,Albany,DOW-US-Plattsburgh,,,,,2022-03-08 00:40:00,Albany2022-03-08 00:40:00,False,,,,
261,,,,,,2022-03-08 00:50:00,IOP9,RA,,,,,,,,,,,,RA,,,Albany,DOW-US-Plattsburgh,,,,,2022-03-08 00:50:00,Albany2022-03-08 00:50:00,False,,,,
262,,,,,,2022-03-08 01:00:00,IOP9,RA,,,,,,,,,,,,RA,,,Albany,DOW-US-Plattsburgh,,,,,2022-03-08 01:00:00,Albany2022-03-08 01:00:00,False,,,,
263,,,,,,2022-03-08 01:10:00,IOP9,RA,,,,,,,,,,,,RA,,,Albany,DOW-US-Plattsburgh,,,,,2022-03-08 01:10:00,Albany2022-03-08 01:10:00,False,,,,
264,,,,,,2022-03-08 01:20:00,IOP9,RA,,,,,,,,,,,,RA,,,Albany,DOW-US-Plattsburgh,,,,,2022-03-08 01:20:00,Albany2022-03-08 01:20:00,False,,,,
265,,,,,,2022-03-12 02:00:00,IOP10,,,,,,,,,,,,-0.11,,,,Albany,DOW-US-Plattsburgh,,,"soundings_wintremix/upperair.sounding.202203120200.Albany_DOW-US_Plattsburgh.txt,soundings_wintremix/upperair.sounding.202203120400.Albany_DOW-US_Plattsburgh.txt",0.0,2022-03-12 02:00:00,Albany2022-03-12 02:00:00,False,,,,
266,,,,,,2022-03-12 02:10:00,IOP10,,,,,,,,,,,,-0.15517412935323383,,,,Albany,DOW-US-Plattsburgh,,,"soundings_wintremix/upperair.sounding.202203120200.Albany_DOW-US_Plattsburgh.txt,soundings_wintremix/upperair.sounding.202203120400.Albany_DOW-US_Plattsburgh.txt",0.0,2022-03-12 02:10:00,Albany2022-03-12 02:10:00,True,upperair.sounding.202203120200.Albany_DOW-US_Plattsburgh.txt,,,
267,,,,,,2022-03-12 02:20:00,IOP10,,,,,,,,,,,,-0.2003482587064677,,,,Albany,DOW-US-Plattsburgh,,,"soundings_wintremix/upperair.sounding.202203120200.Albany_DOW-US_Plattsburgh.txt,soundings_wintremix/upperair.sounding.202203120400.Albany_DOW-US_Plattsburgh.txt",0.0,2022-03-12 02:20:00,Albany2022-03-12 02:20:00,False,,,,
268,-822.5295287719125,80.23768158567775,81.20109627911447,-2.109050073774135,113.0,2022-03-12 02:30:00,IOP10,,,,,0.062372592355083384,508.0,0.006237259235508339,503.0,113.0,113.0,385.0,-0.24552238805970156,,0.010911662090332718,-2.9029049821196407,Albany,DOW-US-Plattsburgh,508.0,498.0,"soundings_wintremix/upperair.sounding.202203120200.Albany_DOW-US_Plattsburgh.txt,soundings_wintremix/upperair.sounding.202203120400.Albany_DOW-US_Plattsburgh.txt",5.0,2022-03-12 02:30:00,Albany2022-03-12 02:30:00,False,,,,
269,-800.3958856160529,79.52475191815857,80.36338816549794,-2.0789503522494877,113.0,2022-03-12 02:40:00,IOP10,,,,,0.5705277349813801,623.0,0.019017591166046004,598.0,113.0,113.0,380.0,-0.29069651741293534,,0.033104045336684276,-2.8308371332880458,Albany,DOW-US-Plattsburgh,623.0,493.0,"soundings_wintremix/upperair.sounding.202203120200.Albany_DOW-US_Plattsburgh.txt,soundings_wintremix/upperair.sounding.202203120400.Albany_DOW-US_Plattsburgh.txt",25.0,2022-03-12 02:40:00,Albany2022-03-12 02:40:00,False,,,,
270,-779.0261938765732,78.85865255280858,79.59938599870806,-2.1054761996664135,113.0,2022-03-12 02:50:00,IOP10,,,,,2.8760935170979662,628.0,0.04793489195163276,573.0,113.0,113.0,365.0,-0.3358706467661693,,0.08395599995903684,-2.768022430990243,Albany,DOW-US-Plattsburgh,628.0,478.0,"soundings_wintremix/upperair.sounding.202203120200.Albany_DOW-US_Plattsburgh.txt,soundings_wintremix/upperair.sounding.202203120400.Albany_DOW-US_Plattsburgh.txt",55.0,2022-03-12 02:50:00,Albany2022-03-12 02:50:00,False,,,,
271,-758.2930229984177,78.31112304631998,79.04166773712217,-2.077515131502514,113.0,2022-03-12 03:00:00,IOP10,,,,,14.805175831181751,638.0,0.0897283383707985,478.0,113.0,113.0,360.0,-0.3810447761194031,,0.1918910111909586,-2.727123016854181,Albany,DOW-US-Plattsburgh,638.0,473.0,"soundings_wintremix/upperair.sounding.202203120200.Albany_DOW-US_Plattsburgh.txt,soundings_wintremix/upperair.sounding.202203120400.Albany_DOW-US_Plattsburgh.txt",160.0,2022-03-12 03:00:00,Albany2022-03-12 03:00:00,False,,,,
272,-737.9753742401459,78.21024584076055,78.87521204461504,-2.049931595111516,113.0,2022-03-12 03:10:00,IOP10,,,,,24.349092589281398,648.0,0.13527273660711892,473.0,113.0,113.0,355.0,-0.42621890547263697,,0.2553337294610502,-2.6914461867694754,Albany,DOW-US-Plattsburgh,648.0,468.0,"soundings_wintremix/upperair.sounding.202203120200.Albany_DOW-US_Plattsburgh.txt,soundings_wintremix/upperair.sounding.202203120400.Albany_DOW-US_Plattsburgh.txt",175.0,2022-03-12 03:10:00,Albany2022-03-12 03:10:00,False,,,,
273,-718.0919785548525,78.30168152109327,78.92151958594312,-2.0227943057883166,113.0,2022-03-12 03:20:00,IOP10,,,,,34.56535169052732,653.0,0.18192290363435434,468.0,113.0,113.0,350.0,-0.47139303482587075,,0.31877644773114155,-2.774618144859258,Albany,DOW-US-Plattsburgh,653.0,463.0,"soundings_wintremix/upperair.sounding.202203120200.Albany_DOW-US_Plattsburgh.txt,soundings_wintremix/upperair.sounding.202203120400.Albany_DOW-US_Plattsburgh.txt",185.0,2022-03-12 03:20:00,Albany2022-03-12 03:20:00,False,,,,
274,-698.621365322542,79.125,80.07432294656891,-1.9960610437786914,113.0,2022-03-12 03:30:00,IOP10,,,,,45.63092583049923,668.0,0.21729012300237724,463.0,113.0,113.0,345.0,-0.5165671641791046,,0.38470193084912246,-2.8890571319824137,Albany,DOW-US-Plattsburgh,668.0,458.0,"soundings_wintremix/upperair.sounding.202203120200.Albany_DOW-US_Plattsburgh.txt,soundings_wintremix/upperair.sounding.202203120400.Albany_DOW-US_Plattsburgh.txt",205.0,2022-03-12 03:30:00,Albany2022-03-12 03:30:00,False,,,,
275,-679.4152530073694,80.25,81.37264197860742,-1.969319573934404,113.0,2022-03-12 03:40:00,IOP10,,,,,57.49713241186236,673.0,0.2613506018721017,458.0,113.0,113.0,340.0,-0.5617412935323385,,0.4555776034908357,-3.0034961191055696,Albany,DOW-US-Plattsburgh,673.0,453.0,"soundings_wintremix/upperair.sounding.202203120200.Albany_DOW-US_Plattsburgh.txt,soundings_wintremix/upperair.sounding.202203120400.Albany_DOW-US_Plattsburgh.txt",215.0,2022-03-12 03:40:00,Albany2022-03-12 03:40:00,False,,,,
276,-660.5575880747973,81.375,82.6757763932582,-1.9146596755791223,113.0,2022-03-12 03:50:00,IOP10,,,,,69.96771482939285,678.0,0.31096762146396817,458.0,113.0,113.0,340.0,-0.6069154228855723,,0.5369347150688707,-3.117935106228725,Albany,DOW-US-Plattsburgh,678.0,453.0,"soundings_wintremix/upperair.sounding.202203120200.Albany_DOW-US_Plattsburgh.txt,soundings_wintremix/upperair.sounding.202203120400.Albany_DOW-US_Plattsburgh.txt",220.0,2022-03-12 03:50:00,Albany2022-03-12 03:50:00,False,,,,
277,-641.5310937071704,82.5,83.98374065587629,-1.8595104165425236,113.0,2022-03-12 04:00:00,IOP10,,,,,82.78205469578901,698.0,0.3378859375338327,458.0,113.0,113.0,340.0,-0.67,,0.6332942400048063,-3.232374093351881,Albany,DOW-US-Plattsburgh,698.0,453.0,"soundings_wintremix/upperair.sounding.202203120400.Albany_DOW-US_Plattsburgh.txt,soundings_wintremix/upperair.sounding.202203120600.Albany_DOW-US_Plattsburgh.txt",240.0,2022-03-12 04:00:00,Albany2022-03-12 04:00:00,False,,,,
278,-641.5310937071704,82.5,83.98374065587629,-1.8595104165425236,113.0,2022-03-12 04:10:00,IOP10,,,,,82.78205469578901,698.0,0.3378859375338327,458.0,113.0,113.0,340.0,-0.6391801075268817,,0.6332942400048063,-3.232374093351881,Albany,DOW-US-Plattsburgh,698.0,453.0,"soundings_wintremix/upperair.sounding.202203120400.Albany_DOW-US_Plattsburgh.txt,soundings_wintremix/upperair.sounding.202203120600.Albany_DOW-US_Plattsburgh.txt",240.0,2022-03-12 04:10:00,Albany2022-03-12 04:10:00,True,upperair.sounding.202203120400.Albany_DOW-US_Plattsburgh.txt,,,
279,-577.5568469314879,82.43333333333334,83.72358551106825,-1.6986966086220237,113.0,2022-03-12 04:20:00,IOP10,,,,,76.92236127052384,718.0,0.2848976343352736,453.0,113.0,113.0,335.0,-0.6083602150537635,,0.5790477071753752,-3.0115935314553286,Albany,DOW-US-Plattsburgh,718.0,448.0,"soundings_wintremix/upperair.sounding.202203120400.Albany_DOW-US_Plattsburgh.txt,soundings_wintremix/upperair.sounding.202203120600.Albany_DOW-US_Plattsburgh.txt",265.0,2022-03-12 04:20:00,Albany2022-03-12 04:20:00,False,,,,
280,-545.6605569651493,82.4,83.59379771993727,-1.6288374834780581,113.0,2022-03-12 04:30:00,IOP10,,,,,74.61117781333873,738.0,0.2529192468248771,448.0,113.0,113.0,330.0,-0.5775403225806452,,0.5519244407606596,-2.901203250507052,Albany,DOW-US-Plattsburgh,738.0,443.0,"soundings_wintremix/upperair.sounding.202203120400.Albany_DOW-US_Plattsburgh.txt,soundings_wintremix/upperair.sounding.202203120600.Albany_DOW-US_Plattsburgh.txt",290.0,2022-03-12 04:30:00,Albany2022-03-12 04:30:00,False,,,,
281,-514.0017672254096,82.36666666666666,83.4642027720486,-1.5343336335086857,113.0,2022-03-12 04:40:00,IOP10,RA,,,,75.80779203198733,803.0,0.21057720008885372,448.0,113.0,113.0,330.0,-0.5467204301075269,RA,0.5248011743459443,-2.7908129695587762,Albany,DOW-US-Plattsburgh,803.0,443.0,"soundings_wintremix/upperair.sounding.202203120400.Albany_DOW-US_Plattsburgh.txt,soundings_wintremix/upperair.sounding.202203120600.Albany_DOW-US_Plattsburgh.txt",355.0,2022-03-12 04:40:00,Albany2022-03-12 04:40:00,False,,,,
282,-482.4821844725264,82.33333333333334,83.3348004094273,-1.4620672256743223,113.0,2022-03-12 04:50:00,IOP10,RA,,,,74.764518826151,803.0,0.20483429815383838,443.0,113.0,113.0,325.0,-0.5159005376344087,RA,0.49767790793122857,-2.6804226886105003,Albany,DOW-US-Plattsburgh,803.0,438.0,"soundings_wintremix/upperair.sounding.202203120400.Albany_DOW-US_Plattsburgh.txt,soundings_wintremix/upperair.sounding.202203120600.Albany_DOW-US_Plattsburgh.txt",360.0,2022-03-12 04:50:00,Albany2022-03-12 04:50:00,False,,,,
283,-451.2494804146071,82.3,83.20559037428539,-1.3884599397372528,113.0,2022-03-12 05:00:00,IOP10,RA,,,,74.00812431527879,803.0,0.2000219576088616,438.0,113.0,113.0,320.0,-0.48508064516129035,RA,0.470554641516513,-2.5700324076622234,Albany,DOW-US-Plattsburgh,803.0,433.0,"soundings_wintremix/upperair.sounding.202203120400.Albany_DOW-US_Plattsburgh.txt,soundings_wintremix/upperair.sounding.202203120600.Albany_DOW-US_Plattsburgh.txt",365.0,2022-03-12 05:00:00,Albany2022-03-12 05:00:00,False,,,,
284,-420.50741650462976,82.26666666666667,83.07657240902093,-1.3140856765769682,113.0,2022-03-12 05:10:00,IOP10,,,,,73.74236995234844,803.0,0.19664631987292913,433.0,113.0,113.0,315.0,-0.45426075268817206,,0.4434313751017975,-2.55544064995529,Albany,DOW-US-Plattsburgh,803.0,428.0,"soundings_wintremix/upperair.sounding.202203120400.Albany_DOW-US_Plattsburgh.txt,soundings_wintremix/upperair.sounding.202203120600.Albany_DOW-US_Plattsburgh.txt",370.0,2022-03-12 05:10:00,Albany2022-03-12 05:10:00,False,,,,
285,-390.746858395222,82.23333333333332,82.94774625621841,-1.281137240640072,113.0,2022-03-12 05:20:00,IOP10,,,,,74.45812138998768,803.0,0.19091825997432738,418.0,113.0,113.0,300.0,-0.4234408602150538,,0.41630810868708196,-2.566976314299339,Albany,DOW-US-Plattsburgh,803.0,413.0,"soundings_wintremix/upperair.sounding.202203120400.Albany_DOW-US_Plattsburgh.txt,soundings_wintremix/upperair.sounding.202203120600.Albany_DOW-US_Plattsburgh.txt",385.0,2022-03-12 05:20:00,Albany2022-03-12 05:20:00,False,,,,
286,-363.8139212827353,82.19999999999999,82.819111658652,-1.3728827218216424,113.0,2022-03-12 05:30:00,IOP10,,,,,78.0014938245479,803.0,0.1813988228477858,378.0,113.0,113.0,260.0,-0.3926209677419355,,0.3891848422723663,-2.5785119786433888,Albany,DOW-US-Plattsburgh,803.0,373.0,"soundings_wintremix/upperair.sounding.202203120400.Albany_DOW-US_Plattsburgh.txt,soundings_wintremix/upperair.sounding.202203120600.Albany_DOW-US_Plattsburgh.txt",425.0,2022-03-12 05:30:00,Albany2022-03-12 05:30:00,False,,,,
287,-342.42390382632306,82.16666666666667,82.69066835928305,-1.397648587046216,113.0,2022-03-12 05:40:00,IOP10,,,,,87.08778591518266,803.0,0.19352841314485036,358.0,113.0,113.0,240.0,-0.3618010752688172,,0.3741833073198204,-2.5900476429874386,Albany,DOW-US-Plattsburgh,803.0,353.0,"soundings_wintremix/upperair.sounding.202203120400.Albany_DOW-US_Plattsburgh.txt,soundings_wintremix/upperair.sounding.202203120600.Albany_DOW-US_Plattsburgh.txt",445.0,2022-03-12 05:40:00,Albany2022-03-12 05:40:00,False,,,,
288,-323.218465432889,82.13333333333333,82.56241610126274,-1.4052976757951698,113.0,2022-03-12 05:50:00,IOP10,RA,PL,,,72.73297431531583,618.0,0.25976062255469934,343.0,113.0,113.0,225.0,-0.33098118279569894,RA and PL,0.41722534659546745,-2.601583307331488,Albany,DOW-US-Plattsburgh,618.0,338.0,"soundings_wintremix/upperair.sounding.202203120400.Albany_DOW-US_Plattsburgh.txt,soundings_wintremix/upperair.sounding.202203120600.Albany_DOW-US_Plattsburgh.txt",275.0,2022-03-12 05:50:00,Albany2022-03-12 05:50:00,False,,,,
289,-307.9725895142576,82.1,82.43435462793272,-1.5398629475712877,113.0,2022-03-12 06:00:00,IOP10,RA,,,,85.90787744362883,613.0,0.281665171946324,313.0,113.0,113.0,195.0,-0.29,RA,0.5311469253245871,-2.923804823658483,Albany,DOW-US-Plattsburgh,613.0,308.0,"soundings_wintremix/upperair.sounding.202203120600.Albany_DOW-US_Plattsburgh.txt,soundings_wintremix/upperair.sounding.202203120800.Albany_DOW-US_Plattsburgh.txt",300.0,2022-03-12 06:00:00,Albany2022-03-12 06:00:00,False,,,,
290,-307.9725895142576,82.1,82.43435462793272,-1.5398629475712877,113.0,2022-03-12 06:10:00,IOP10,RA,,,,85.90787744362883,613.0,0.281665171946324,313.0,113.0,113.0,195.0,-0.14164078674948233,RA,0.5311469253245871,-2.923804823658483,Albany,DOW-US-Plattsburgh,613.0,308.0,"soundings_wintremix/upperair.sounding.202203120600.Albany_DOW-US_Plattsburgh.txt,soundings_wintremix/upperair.sounding.202203120800.Albany_DOW-US_Plattsburgh.txt",300.0,2022-03-12 06:10:00,Albany2022-03-12 06:10:00,True,upperair.sounding.202203120600.Albany_DOW-US_Plattsburgh.txt,,,
291,-235.93054930635157,83.03333333333333,83.19419768265129,-1.2417397331913242,113.0,2022-03-12 06:20:00,IOP10,RA,,,,72.43959713085488,583.0,0.2541740250205435,303.0,113.0,113.0,185.0,0.006718426501035296,RA,0.4646260151263234,-2.6299177711923267,Albany,DOW-US-Plattsburgh,583.0,298.0,"soundings_wintremix/upperair.sounding.202203120600.Albany_DOW-US_Plattsburgh.txt,soundings_wintremix/upperair.sounding.202203120800.Albany_DOW-US_Plattsburgh.txt",280.0,2022-03-12 06:20:00,Albany2022-03-12 06:20:00,False,,,,
292,-200.25320526353752,83.5,83.57277403097343,-1.053964238229145,113.0,2022-03-12 06:30:00,IOP10,,,,,68.06996848415032,568.0,0.252110994385742,303.0,113.0,113.0,185.0,0.15507763975155298,,0.43414728238460487,-2.482974244959248,Albany,DOW-US-Plattsburgh,568.0,298.0,"soundings_wintremix/upperair.sounding.202203120600.Albany_DOW-US_Plattsburgh.txt,soundings_wintremix/upperair.sounding.202203120800.Albany_DOW-US_Plattsburgh.txt",265.0,2022-03-12 06:30:00,Albany2022-03-12 06:30:00,False,,,,
293,-164.90894279744452,83.96666666666667,83.95045569200464,-0.8913996907969977,113.0,2022-03-12 06:40:00,IOP10,,,,,65.55537431728261,538.0,0.26757295639707196,298.0,113.0,113.0,180.0,0.30343685300207063,,0.421524523820477,-2.3360307187261697,Albany,DOW-US-Plattsburgh,538.0,293.0,"soundings_wintremix/upperair.sounding.202203120600.Albany_DOW-US_Plattsburgh.txt,soundings_wintremix/upperair.sounding.202203120800.Albany_DOW-US_Plattsburgh.txt",240.0,2022-03-12 06:40:00,Albany2022-03-12 06:40:00,False,,,,
294,-130.04954400553578,84.43333333333334,84.32724423711628,-0.722497466697421,113.0,2022-03-12 06:50:00,IOP10,,,,,64.41476401047386,523.0,0.27410537876797386,293.0,113.0,113.0,175.0,0.4517960662525883,,0.4157134910557289,-2.189087192493092,Albany,DOW-US-Plattsburgh,523.0,288.0,"soundings_wintremix/upperair.sounding.202203120600.Albany_DOW-US_Plattsburgh.txt,soundings_wintremix/upperair.sounding.202203120800.Albany_DOW-US_Plattsburgh.txt",230.0,2022-03-12 06:50:00,Albany2022-03-12 06:50:00,False,,,,
295,-95.84763786224323,84.9,84.70314123553956,-0.5477007877842469,113.0,2022-03-12 07:00:00,IOP10,,,,,64.72745972055513,503.0,0.2942157260025234,288.0,113.0,113.0,170.0,0.6001552795031059,,0.4247954191693328,-2.0421436662600136,Albany,DOW-US-Plattsburgh,503.0,283.0,"soundings_wintremix/upperair.sounding.202203120600.Albany_DOW-US_Plattsburgh.txt,soundings_wintremix/upperair.sounding.202203120800.Albany_DOW-US_Plattsburgh.txt",215.0,2022-03-12 07:00:00,Albany2022-03-12 07:00:00,False,,,,
296,-41.654786085123845,86.30000000000001,85.82549861086818,-0.8330957217024768,113.0,2022-03-12 07:30:00,IOP10,,,,,116.27257760442893,483.0,0.35776177724439673,163.0,113.0,113.0,45.0,1.0452329192546588,,0.6146201636213305,-1.6631848198494434,Albany,DOW-US-Plattsburgh,483.0,158.0,"soundings_wintremix/upperair.sounding.202203120600.Albany_DOW-US_Plattsburgh.txt,soundings_wintremix/upperair.sounding.202203120800.Albany_DOW-US_Plattsburgh.txt",320.0,2022-03-12 07:30:00,Albany2022-03-12 07:30:00,False,,,,
297,-35.53865487041291,86.76666666666668,86.19784507202726,-0.7897478860091759,113.0,2022-03-12 07:40:00,IOP10,RA,,,,145.81931273947026,478.0,0.44867480842913926,158.0,113.0,113.0,40.0,1.1935921325051766,RA,0.7092225074582941,-1.6050402744782366,Albany,DOW-US-Plattsburgh,478.0,153.0,"soundings_wintremix/upperair.sounding.202203120600.Albany_DOW-US_Plattsburgh.txt,soundings_wintremix/upperair.sounding.202203120800.Albany_DOW-US_Plattsburgh.txt",320.0,2022-03-12 07:40:00,Albany2022-03-12 07:40:00,False,,,,
298,,,,,,2022-03-12 08:00:00,IOP10,,,,,,,,,,,,,,,,Albany,DOW-US-Plattsburgh,,,,,2022-03-12 08:00:00,Albany2022-03-12 08:00:00,False,,,,
299,-28.104165831059333,87.7,86.93988835281147,-0.9368055277019778,113.0,2022-03-12 08:10:00,IOP10,,,,,209.76482860736132,473.0,0.6261636674846607,143.0,113.0,113.0,25.0,,,1.196099402447359,-1.488751183735823,Albany,DOW-US-Plattsburgh,473.0,138.0,,330.0,2022-03-12 08:10:00,Albany2022-03-12 08:10:00,True,upperair.sounding.202203120800.Albany_DOW-US_Plattsburgh.txt,,,
300,,,,,,2022-03-12 08:30:00,IOP10,,,,,,,,,,,,,,,,Albany,DOW-US-Plattsburgh,,,,,2022-03-12 08:30:00,Albany2022-03-12 08:30:00,False,,,,
301,,,,,,2022-03-12 08:40:00,IOP10,,,,,,,,,,,,,,,,Albany,DOW-US-Plattsburgh,,,,,2022-03-12 08:40:00,Albany2022-03-12 08:40:00,False,,,,
302,,,,,,2022-03-12 09:00:00,IOP10,RA,,,,,,,,,,,,RA,,,Albany,DOW-US-Plattsburgh,,,,,2022-03-12 09:00:00,Albany2022-03-12 09:00:00,False,,,,
303,,,,,,2022-03-15 01:30:00,IOP11,RA,,,,,,,,,,,,RA,,,Albany,DOW-US-Plattsburgh,,,,,2022-03-15 01:30:00,Albany2022-03-15 01:30:00,False,,,,
304,,,,,,2022-03-15 01:40:00,IOP11,RA,,,,,,,,,,,,RA,,,Albany,DOW-US-Plattsburgh,,,,,2022-03-15 01:40:00,Albany2022-03-15 01:40:00,False,,,,
305,,,,,,2022-03-15 01:50:00,IOP11,RA,,,,,,,,,,,,RA,,,Albany,DOW-US-Plattsburgh,,,,,2022-03-15 01:50:00,Albany2022-03-15 01:50:00,False,,,,
306,-0.01335556403372188,75.63333333333333,74.1179101596881,-0.002671112806744376,114.0,2022-03-15 02:00:00,IOP11,RA,,,,309.4301656650453,469.0,0.8716342694790009,119.0,114.0,114.0,0.0,2.0,RA,1.4757156206075857,-0.002671112806744376,Albany,DOW-US-Plattsburgh,469.0,114.0,"soundings_wintremix/upperair.sounding.202203150200.Albany_DOW-US_Plattsburgh.txt,soundings_wintremix/upperair.sounding.202203150400.Albany_DOW-US_Plattsburgh.txt",350.0,2022-03-15 02:00:00,Albany2022-03-15 02:00:00,False,,,,
307,-0.01335556403372188,75.63333333333333,74.1179101596881,-0.002671112806744376,114.0,2022-03-15 02:10:00,IOP11,RA,,,,309.4301656650453,469.0,0.8716342694790009,119.0,114.0,114.0,0.0,2.0247321428571428,RA,1.4757156206075857,-0.002671112806744376,Albany,DOW-US-Plattsburgh,469.0,114.0,"soundings_wintremix/upperair.sounding.202203150200.Albany_DOW-US_Plattsburgh.txt,soundings_wintremix/upperair.sounding.202203150400.Albany_DOW-US_Plattsburgh.txt",350.0,2022-03-15 02:10:00,Albany2022-03-15 02:10:00,True,upperair.sounding.202203150200.Albany_DOW-US_Plattsburgh.txt,,,
308,-15.562517170943092,70.25642857142854,69.49957603398224,-1.0375011447295395,109.0,2022-03-15 02:20:00,IOP11,RA,,,,333.3057703341661,479.0,0.9258493620393501,124.0,109.0,109.0,10.0,2.049464285714286,RA,1.562263118966647,-1.30615411485697,Albany,DOW-US-Plattsburgh,479.0,119.0,"soundings_wintremix/upperair.sounding.202203150200.Albany_DOW-US_Plattsburgh.txt,soundings_wintremix/upperair.sounding.202203150400.Albany_DOW-US_Plattsburgh.txt",355.0,2022-03-15 02:20:00,Albany2022-03-15 02:20:00,False,,,,
309,-24.43005082584731,58.83464285714281,58.13899870701379,-1.6286700550564877,109.0,2022-03-15 02:30:00,IOP11,RA,,,,346.4748892470266,489.0,0.9364186195865585,124.0,109.0,109.0,10.0,2.0741964285714287,RA,1.6055368681461777,-2.061328086297766,Albany,DOW-US-Plattsburgh,489.0,119.0,"soundings_wintremix/upperair.sounding.202203150200.Albany_DOW-US_Plattsburgh.txt,soundings_wintremix/upperair.sounding.202203150400.Albany_DOW-US_Plattsburgh.txt",365.0,2022-03-15 02:30:00,Albany2022-03-15 02:30:00,False,,,,
310,-34.0141032972658,65.79549019607842,64.09606004135128,-1.7007051648632898,109.0,2022-03-15 02:40:00,IOP11,RA,,,,360.6620013367756,494.0,0.9747621657750692,129.0,109.0,109.0,15.0,2.0989285714285715,RA,1.6488106173257084,-2.816502057738561,Albany,DOW-US-Plattsburgh,494.0,124.0,"soundings_wintremix/upperair.sounding.202203150200.Albany_DOW-US_Plattsburgh.txt,soundings_wintremix/upperair.sounding.202203150400.Albany_DOW-US_Plattsburgh.txt",365.0,2022-03-15 02:40:00,Albany2022-03-15 02:40:00,False,,,,
311,-44.74943652852279,61.022303921568614,59.45524344288957,-2.2374718264261397,109.0,2022-03-15 02:50:00,IOP11,RA,,,,376.324948921907,504.0,0.9903288129523868,129.0,109.0,109.0,15.0,2.1236607142857142,RA,1.6920843665052394,-3.5716760291793586,Albany,DOW-US-Plattsburgh,504.0,124.0,"soundings_wintremix/upperair.sounding.202203150200.Albany_DOW-US_Plattsburgh.txt,soundings_wintremix/upperair.sounding.202203150400.Albany_DOW-US_Plattsburgh.txt",375.0,2022-03-15 02:50:00,Albany2022-03-15 02:50:00,False,,,,
312,-55.484769759779695,56.249117647058796,54.81290930731423,-2.7742384879889848,109.0,2022-03-15 03:00:00,IOP11,RA,,,,392.48703328964814,514.0,1.006377008434995,129.0,109.0,109.0,15.0,2.1483928571428574,RA,1.73535811568477,-4.326850000620155,Albany,DOW-US-Plattsburgh,514.0,124.0,"soundings_wintremix/upperair.sounding.202203150200.Albany_DOW-US_Plattsburgh.txt,soundings_wintremix/upperair.sounding.202203150400.Albany_DOW-US_Plattsburgh.txt",385.0,2022-03-15 03:00:00,Albany2022-03-15 03:00:00,False,,,,
313,-66.9826217911101,65.12346153846154,63.41634165129663,-2.679304871644405,109.0,2022-03-15 03:10:00,IOP11,RA,,,,409.85152081965754,529.0,1.0246288020491439,134.0,109.0,109.0,20.0,2.173125,RA,1.7786318648643011,-5.082023972060951,Albany,DOW-US-Plattsburgh,529.0,129.0,"soundings_wintremix/upperair.sounding.202203150200.Albany_DOW-US_Plattsburgh.txt,soundings_wintremix/upperair.sounding.202203150400.Albany_DOW-US_Plattsburgh.txt",395.0,2022-03-15 03:10:00,Albany2022-03-15 03:10:00,False,,,,
314,-78.78853076655356,62.39219780219779,60.76252685485495,-3.151541230662142,109.0,2022-03-15 03:20:00,IOP11,RA,,,,428.1844802827552,534.0,1.0572456303277904,134.0,109.0,109.0,20.0,2.197857142857143,RA,1.8219056140438314,-5.837197943501743,Albany,DOW-US-Plattsburgh,534.0,129.0,"soundings_wintremix/upperair.sounding.202203150200.Albany_DOW-US_Plattsburgh.txt,soundings_wintremix/upperair.sounding.202203150400.Albany_DOW-US_Plattsburgh.txt",400.0,2022-03-15 03:20:00,Albany2022-03-15 03:20:00,False,,,,
315,-90.59443974199715,59.66093406593406,58.10809722102375,-3.623777589679886,109.0,2022-03-15 03:30:00,IOP11,RA,,,,446.84816395541264,539.0,1.0898735706229579,134.0,109.0,109.0,20.0,2.2225892857142857,RA,1.8651793632233624,-6.592371914942543,Albany,DOW-US-Plattsburgh,539.0,129.0,"soundings_wintremix/upperair.sounding.202203150200.Albany_DOW-US_Plattsburgh.txt,soundings_wintremix/upperair.sounding.202203150400.Albany_DOW-US_Plattsburgh.txt",405.0,2022-03-15 03:30:00,Albany2022-03-15 03:30:00,False,,,,
316,-102.40034871744069,56.929670329670316,55.45305263230367,-4.096013948697628,109.0,2022-03-15 03:40:00,IOP11,RA,,,,465.9737405537084,554.0,1.096408801302843,134.0,109.0,109.0,20.0,2.247321428571429,RA,1.9084531124028932,-7.347545886383339,Albany,DOW-US-Plattsburgh,554.0,129.0,"soundings_wintremix/upperair.sounding.202203150200.Albany_DOW-US_Plattsburgh.txt,soundings_wintremix/upperair.sounding.202203150400.Albany_DOW-US_Plattsburgh.txt",420.0,2022-03-15 03:40:00,Albany2022-03-15 03:40:00,False,,,,
317,-114.20625769288415,54.198406593406574,52.79739297117768,-4.568250307715365,109.0,2022-03-15 03:50:00,IOP11,RA,,,,485.7385845621604,564.0,1.1166404242808283,134.0,109.0,109.0,20.0,2.2720535714285712,RA,1.951726861582424,-8.102719857824129,Albany,DOW-US-Plattsburgh,564.0,129.0,"soundings_wintremix/upperair.sounding.202203150200.Albany_DOW-US_Plattsburgh.txt,soundings_wintremix/upperair.sounding.202203150400.Albany_DOW-US_Plattsburgh.txt",430.0,2022-03-15 03:50:00,Albany2022-03-15 03:50:00,False,,,,
318,-2.2979903584746175,61.01,59.41630301709978,-0.4595980716949235,131.0,2022-03-15 04:00:00,IOP11,RA,,,,508.1028962644771,596.0,1.092694400568768,136.0,131.0,131.0,0.0,2.84,RA,2.0116480558078766,-0.4595980716949235,Albany,DOW-US-Plattsburgh,596.0,131.0,"soundings_wintremix/upperair.sounding.202203150400.Albany_DOW-US_Plattsburgh.txt,soundings_wintremix/upperair.sounding.202203150600.Albany_DOW-US_Plattsburgh.txt",460.0,2022-03-15 04:00:00,Albany2022-03-15 04:00:00,False,,,,
319,-2.2979903584746175,61.01,59.41630301709978,-0.4595980716949235,131.0,2022-03-15 04:10:00,IOP11,RA,,,,508.1028962644771,596.0,1.092694400568768,136.0,131.0,131.0,0.0,2.8298717948717944,RA,2.0116480558078766,-0.4595980716949235,Albany,DOW-US-Plattsburgh,596.0,131.0,"soundings_wintremix/upperair.sounding.202203150400.Albany_DOW-US_Plattsburgh.txt,soundings_wintremix/upperair.sounding.202203150600.Albany_DOW-US_Plattsburgh.txt",460.0,2022-03-15 04:10:00,Albany2022-03-15 04:10:00,True,upperair.sounding.202203150400.Albany_DOW-US_Plattsburgh.txt,,,
320,-0.020597012810292373,93.21389978213507,92.60572439273142,-0.004119402562058475,566.0,2022-03-15 04:20:00,IOP11,RA,,,,481.40628619396034,561.0,1.1195495027766524,136.0,566.0,566.0,0.0,2.81974358974359,RA,1.9657609989902416,-0.004119402562058475,Albany,DOW-US-Plattsburgh,561.0,566.0,"soundings_wintremix/upperair.sounding.202203150400.Albany_DOW-US_Plattsburgh.txt,soundings_wintremix/upperair.sounding.202203150600.Albany_DOW-US_Plattsburgh.txt",425.0,2022-03-15 04:20:00,Albany2022-03-15 04:20:00,False,,,,
321,-1.0894072111454591,64.47476923076923,62.79324298272417,-0.21788144222909184,131.0,2022-03-15 04:30:00,IOP11,RA,,,,468.7323186470661,561.0,1.0900751596443397,136.0,131.0,131.0,0.0,2.8096153846153844,RA,1.942817470581424,-0.21788144222909184,Albany,DOW-US-Plattsburgh,561.0,131.0,"soundings_wintremix/upperair.sounding.202203150400.Albany_DOW-US_Plattsburgh.txt,soundings_wintremix/upperair.sounding.202203150600.Albany_DOW-US_Plattsburgh.txt",425.0,2022-03-15 04:30:00,Albany2022-03-15 04:30:00,False,,,,
322,-0.6865461620357396,65.62969230769231,63.91895360390606,-0.13730923240714793,131.0,2022-03-15 04:40:00,IOP11,RA,,,,456.05835110017165,561.0,1.0606008165120273,136.0,131.0,131.0,0.0,2.799487179487179,RA,1.9204675425405822,-0.13730923240714793,Albany,DOW-US-Plattsburgh,561.0,131.0,"soundings_wintremix/upperair.sounding.202203150400.Albany_DOW-US_Plattsburgh.txt,soundings_wintremix/upperair.sounding.202203150600.Albany_DOW-US_Plattsburgh.txt",425.0,2022-03-15 04:40:00,Albany2022-03-15 04:40:00,False,,,,
323,-0.2836851129260204,66.78461538461539,65.0446962092752,-0.05673702258520408,131.0,2022-03-15 04:50:00,IOP11,RA,,,,443.3843835532776,561.0,1.0311264733797154,136.0,131.0,131.0,0.0,2.7893589743589744,RA,1.904640941526688,-0.05673702258520408,Albany,DOW-US-Plattsburgh,561.0,131.0,"soundings_wintremix/upperair.sounding.202203150400.Albany_DOW-US_Plattsburgh.txt,soundings_wintremix/upperair.sounding.202203150600.Albany_DOW-US_Plattsburgh.txt",425.0,2022-03-15 04:50:00,Albany2022-03-15 04:50:00,False,,,,
324,,,,,,2022-03-15 05:00:00,IOP11,RA,,,,,,,,,,,2.779230769230769,RA,,,Albany,DOW-US-Plattsburgh,,,"soundings_wintremix/upperair.sounding.202203150400.Albany_DOW-US_Plattsburgh.txt,soundings_wintremix/upperair.sounding.202203150600.Albany_DOW-US_Plattsburgh.txt",0.0,2022-03-15 05:00:00,Albany2022-03-15 05:00:00,False,,,,
325,,,,,,2022-03-15 05:10:00,IOP11,RA,,,,,,,,,,,2.769102564102564,RA,,,Albany,DOW-US-Plattsburgh,,,"soundings_wintremix/upperair.sounding.202203150400.Albany_DOW-US_Plattsburgh.txt,soundings_wintremix/upperair.sounding.202203150600.Albany_DOW-US_Plattsburgh.txt",0.0,2022-03-15 05:10:00,Albany2022-03-15 05:10:00,False,,,,
326,,,,,,2022-03-15 05:20:00,IOP11,RA,,,,,,,,,,,2.758974358974359,RA,,,Albany,DOW-US-Plattsburgh,,,"soundings_wintremix/upperair.sounding.202203150400.Albany_DOW-US_Plattsburgh.txt,soundings_wintremix/upperair.sounding.202203150600.Albany_DOW-US_Plattsburgh.txt",0.0,2022-03-15 05:20:00,Albany2022-03-15 05:20:00,False,,,,
327,,,,,,2022-03-15 05:30:00,IOP11,RA,,,,,,,,,,,2.748846153846154,RA,,,Albany,DOW-US-Plattsburgh,,,"soundings_wintremix/upperair.sounding.202203150400.Albany_DOW-US_Plattsburgh.txt,soundings_wintremix/upperair.sounding.202203150600.Albany_DOW-US_Plattsburgh.txt",0.0,2022-03-15 05:30:00,Albany2022-03-15 05:30:00,False,,,,
328,,,,,,2022-03-15 05:40:00,IOP11,RA,,,,,,,,,,,2.7387179487179485,RA,,,Albany,DOW-US-Plattsburgh,,,"soundings_wintremix/upperair.sounding.202203150400.Albany_DOW-US_Plattsburgh.txt,soundings_wintremix/upperair.sounding.202203150600.Albany_DOW-US_Plattsburgh.txt",0.0,2022-03-15 05:40:00,Albany2022-03-15 05:40:00,False,,,,
329,,,,,,2022-03-15 06:00:00,IOP11,RA,,,,,,,,,,,,RA,,,Albany,DOW-US-Plattsburgh,,,,,2022-03-15 06:00:00,Albany2022-03-15 06:00:00,False,,,,
330,-0.31823047634983753,87.76,86.81164386759825,-0.015911523817491873,513.0,2022-03-15 06:10:00,IOP11,RA,,,,359.0420909063794,508.0,0.9448476076483671,133.0,513.0,513.0,15.0,,RA,1.8493588409885138,-0.02808978202405259,Albany,DOW-US-Plattsburgh,508.0,528.0,,375.0,2022-03-15 06:10:00,Albany2022-03-15 06:10:00,True,upperair.sounding.202203150600.Albany_DOW-US_Plattsburgh.txt,,,
331,,,,,,2022-03-15 06:20:00,IOP11,RA,,,,,,,,,,,,RA,,,Albany,DOW-US-Plattsburgh,,,,,2022-03-15 06:20:00,Albany2022-03-15 06:20:00,False,,,,
332,,,,,,2022-03-15 06:30:00,IOP11,RA,,,,,,,,,,,,RA,,,Albany,DOW-US-Plattsburgh,,,,,2022-03-15 06:30:00,Albany2022-03-15 06:30:00,False,,,,
333,,,,,,2022-03-15 06:40:00,IOP11,RA,,,,,,,,,,,,RA,,,Albany,DOW-US-Plattsburgh,,,,,2022-03-15 06:40:00,Albany2022-03-15 06:40:00,False,,,,
334,,,,,,2022-03-15 07:10:00,IOP11,,,,,,,,,,,,,,,,Albany,DOW-US-Plattsburgh,,,,,2022-03-15 07:10:00,Albany2022-03-15 07:10:00,False,,,,
335,,,,,,2022-03-15 07:20:00,IOP11,,,,,,,,,,,,,,,,Albany,DOW-US-Plattsburgh,,,,,2022-03-15 07:20:00,Albany2022-03-15 07:20:00,False,,,,
336,,,,,,2022-03-15 07:30:00,IOP11,,,,,,,,,,,,,,,,Albany,DOW-US-Plattsburgh,,,,,2022-03-15 07:30:00,Albany2022-03-15 07:30:00,False,,,,
337,,,,,,2022-02-03 02:40:00,IOP1,RA,,,,,,,,,,,4.413014685837987,RA,,,CU_DOW,DOW-CAN-S,,,"soundings_wintremix/upperair.sounding.202202030230.CU_DOW-CAN_S.csv,soundings_wintremix/upperair.sounding.202202030400.CU_DOW-CAN_S.csv",0.0,2022-02-03 02:40:00,CU_DOW2022-02-03 02:40:00,True,upperair.sounding.202202030230.CU_DOW-CAN_S.csv,,,
338,,,,,,2022-02-03 02:50:00,IOP1,RA,,,,,,,,,,,4.259476371675975,RA,,,CU_DOW,DOW-CAN-S,,,"soundings_wintremix/upperair.sounding.202202030230.CU_DOW-CAN_S.csv,soundings_wintremix/upperair.sounding.202202030400.CU_DOW-CAN_S.csv",0.0,2022-02-03 02:50:00,CU_DOW2022-02-03 02:50:00,False,,,,
339,,,,,,2022-02-03 03:00:00,IOP1,RA,,,,,,,,,,,4.105938057513962,RA,,,CU_DOW,DOW-CAN-S,,,"soundings_wintremix/upperair.sounding.202202030230.CU_DOW-CAN_S.csv,soundings_wintremix/upperair.sounding.202202030400.CU_DOW-CAN_S.csv",0.0,2022-02-03 03:00:00,CU_DOW2022-02-03 03:00:00,False,,,,
340,,,,,,2022-02-03 03:10:00,IOP1,RA,,,,,,,,,,,3.9523997433519504,RA,,,CU_DOW,DOW-CAN-S,,,"soundings_wintremix/upperair.sounding.202202030230.CU_DOW-CAN_S.csv,soundings_wintremix/upperair.sounding.202202030400.CU_DOW-CAN_S.csv",0.0,2022-02-03 03:10:00,CU_DOW2022-02-03 03:10:00,False,,,,
341,,,,,,2022-02-03 03:20:00,IOP1,RA,,,,,,,,,,,3.7988614291899383,RA,,,CU_DOW,DOW-CAN-S,,,"soundings_wintremix/upperair.sounding.202202030230.CU_DOW-CAN_S.csv,soundings_wintremix/upperair.sounding.202202030400.CU_DOW-CAN_S.csv",0.0,2022-02-03 03:20:00,CU_DOW2022-02-03 03:20:00,False,,,,
342,,,,,,2022-02-03 03:30:00,IOP1,,,,,,,,,,,,3.6453231150279253,,,,CU_DOW,DOW-CAN-S,,,"soundings_wintremix/upperair.sounding.202202030230.CU_DOW-CAN_S.csv,soundings_wintremix/upperair.sounding.202202030400.CU_DOW-CAN_S.csv",0.0,2022-02-03 03:30:00,CU_DOW2022-02-03 03:30:00,False,,,,
343,-0.06858251725498841,78.81213780060915,77.41857466334783,-0.004572167816999228,445.0,2022-02-03 04:10:00,IOP1,,,,,347.05580940439006,440.0,0.8263233557247379,25.0,445.0,445.0,10.0,3.0917431520501637,,1.4803152434256137,-0.008414933892835826,CU_DOW,DOW-CAN-S,440.0,455.0,"soundings_wintremix/upperair.sounding.202202030400.CU_DOW-CAN_S.csv,soundings_wintremix/upperair.sounding.202202030530.CU_DOW-CAN_S.csv",415.0,2022-02-03 04:10:00,CU_DOW2022-02-03 04:10:00,True,upperair.sounding.202202030400.CU_DOW-CAN_S.csv,,,
344,,,,,,2022-02-03 04:20:00,IOP1,,,,,,,,,,,,3.1518153041003103,,,,CU_DOW,DOW-CAN-S,,,"soundings_wintremix/upperair.sounding.202202030400.CU_DOW-CAN_S.csv,soundings_wintremix/upperair.sounding.202202030530.CU_DOW-CAN_S.csv",0.0,2022-02-03 04:20:00,CU_DOW2022-02-03 04:20:00,False,,,,
345,,,,,,2022-02-03 04:30:00,IOP1,,,,,,,,,,,,3.211887456150457,,,,CU_DOW,DOW-CAN-S,,,"soundings_wintremix/upperair.sounding.202202030400.CU_DOW-CAN_S.csv,soundings_wintremix/upperair.sounding.202202030530.CU_DOW-CAN_S.csv",0.0,2022-02-03 04:30:00,CU_DOW2022-02-03 04:30:00,False,,,,
346,,,,,,2022-02-03 04:40:00,IOP1,,,,,,,,,,,,3.271959608200604,,,,CU_DOW,DOW-CAN-S,,,"soundings_wintremix/upperair.sounding.202202030400.CU_DOW-CAN_S.csv,soundings_wintremix/upperair.sounding.202202030530.CU_DOW-CAN_S.csv",0.0,2022-02-03 04:40:00,CU_DOW2022-02-03 04:40:00,False,,,,
347,,,,,,2022-02-03 04:50:00,IOP1,,,,,,,,,,,,3.3320317602507505,,,,CU_DOW,DOW-CAN-S,,,"soundings_wintremix/upperair.sounding.202202030400.CU_DOW-CAN_S.csv,soundings_wintremix/upperair.sounding.202202030530.CU_DOW-CAN_S.csv",0.0,2022-02-03 04:50:00,CU_DOW2022-02-03 04:50:00,False,,,,
348,,,,,,2022-02-03 05:00:00,IOP1,RA,,,,,,,,,,,3.392103912300897,RA,,,CU_DOW,DOW-CAN-S,,,"soundings_wintremix/upperair.sounding.202202030400.CU_DOW-CAN_S.csv,soundings_wintremix/upperair.sounding.202202030530.CU_DOW-CAN_S.csv",0.0,2022-02-03 05:00:00,CU_DOW2022-02-03 05:00:00,False,,,,
349,-54.56316184000023,82.9650134887161,81.83477355864112,-0.3117894962285727,434.0,2022-02-03 05:40:00,IOP1,RA,,,,468.9356388413724,429.0,1.1165134258127918,14.0,434.0,434.0,170.0,3.1175624843493854,RA,1.9471187466437672,-0.5188766324719675,CU_DOW,DOW-CAN-S,429.0,604.0,"soundings_wintremix/upperair.sounding.202202030530.CU_DOW-CAN_S.csv,soundings_wintremix/upperair.sounding.202202030700.CU_DOW-CAN_S.csv",415.0,2022-02-03 05:40:00,CU_DOW2022-02-03 05:40:00,True,upperair.sounding.202202030530.CU_DOW-CAN_S.csv,,,
350,-49.96008084747242,85.44678853664296,84.4154187432529,-0.285486176271271,439.0,2022-02-03 05:50:00,IOP1,RA,,,,467.2007830200106,434.0,1.099295960047084,14.0,439.0,439.0,170.0,3.047294968698752,RA,1.885758768078883,-0.47430445808701943,CU_DOW,DOW-CAN-S,434.0,609.0,"soundings_wintremix/upperair.sounding.202202030530.CU_DOW-CAN_S.csv,soundings_wintremix/upperair.sounding.202202030700.CU_DOW-CAN_S.csv",420.0,2022-02-03 05:50:00,CU_DOW2022-02-03 05:50:00,False,,,,
351,,,,,,2022-02-03 06:00:00,IOP1,RA,,,,,,,,,,,2.9770274530481178,RA,,,CU_DOW,DOW-CAN-S,,,"soundings_wintremix/upperair.sounding.202202030530.CU_DOW-CAN_S.csv,soundings_wintremix/upperair.sounding.202202030700.CU_DOW-CAN_S.csv",0.0,2022-02-03 06:00:00,CU_DOW2022-02-03 06:00:00,False,,,,
352,,,,,,2022-02-03 06:10:00,IOP1,RA,,,,,,,,,,,2.9067599373974837,RA,,,CU_DOW,DOW-CAN-S,,,"soundings_wintremix/upperair.sounding.202202030530.CU_DOW-CAN_S.csv,soundings_wintremix/upperair.sounding.202202030700.CU_DOW-CAN_S.csv",0.0,2022-02-03 06:10:00,CU_DOW2022-02-03 06:10:00,False,,,,
353,,,,,,2022-02-03 06:20:00,IOP1,RA,,,,,,,,,,,2.8364924217468497,RA,,,CU_DOW,DOW-CAN-S,,,"soundings_wintremix/upperair.sounding.202202030530.CU_DOW-CAN_S.csv,soundings_wintremix/upperair.sounding.202202030700.CU_DOW-CAN_S.csv",0.0,2022-02-03 06:20:00,CU_DOW2022-02-03 06:20:00,False,,,,
354,,,,,,2022-02-03 06:30:00,IOP1,RA,,,,,,,,,,,2.7662249060962156,RA,,,CU_DOW,DOW-CAN-S,,,"soundings_wintremix/upperair.sounding.202202030530.CU_DOW-CAN_S.csv,soundings_wintremix/upperair.sounding.202202030700.CU_DOW-CAN_S.csv",0.0,2022-02-03 06:30:00,CU_DOW2022-02-03 06:30:00,False,,,,
1715,-0.1555784971783835,86.14137194394854,85.10538177633212,-0.010371899811892233,450.0,,,,,,,445.40671177001474,445.0,1.0480157924000348,25.0,450.0,450.0,10.0,,,1.6926012633466094,-0.018199081433024695,,,445.0,460.0,,420.0,2022-02-03 07:10:00,CU_DOW2022-02-03 07:10:00,True,upperair.sounding.202202030700.CU_DOW-CAN_S.csv,,,
355,,,,,,2022-02-03 07:20:00,IOP1,RA,,,,,,,,,,,,RA,,,CU_DOW,DOW-CAN-S,,,,,2022-02-03 07:20:00,CU_DOW2022-02-03 07:20:00,False,,,,
356,,,,,,2022-02-03 07:40:00,IOP1,RA,,,,,,,,,,,,RA,,,CU_DOW,DOW-CAN-S,,,,,2022-02-03 07:40:00,CU_DOW2022-02-03 07:40:00,False,,,,
357,,,,,,2022-02-03 07:50:00,IOP1,RA,,,,,,,,,,,,RA,,,CU_DOW,DOW-CAN-S,,,,,2022-02-03 07:50:00,CU_DOW2022-02-03 07:50:00,False,,,,
358,,,,,,2022-02-10 08:20:00,IOP2,SN,,,,,,,,,,,,SN,,,CU_DOW,DOW-CAN-N,,,,,2022-02-10 08:20:00,CU_DOW2022-02-10 08:20:00,False,,,,
359,,,,,,2022-02-10 08:40:00,IOP2,,,,,,,,,,,,,,,,CU_DOW,DOW-CAN-N,,,,,2022-02-10 08:40:00,CU_DOW2022-02-10 08:40:00,False,,,,
360,,,,,,2022-02-10 08:50:00,IOP2,,,,,,,,,,,,,,,,CU_DOW,DOW-CAN-N,,,,,2022-02-10 08:50:00,CU_DOW2022-02-10 08:50:00,False,,,,
361,,,,,,2022-02-10 09:00:00,IOP2,,,,,,,,,,,,,,,,CU_DOW,DOW-CAN-N,,,,,2022-02-10 09:00:00,CU_DOW2022-02-10 09:00:00,False,,,,
362,,,,,,2022-02-10 09:10:00,IOP2,,,,,,,,,,,,,,,,CU_DOW,DOW-CAN-N,,,,,2022-02-10 09:10:00,CU_DOW2022-02-10 09:10:00,False,,,,
363,,,,,,2022-02-10 09:20:00,IOP2,,,,,,,,,,,,,,,,CU_DOW,DOW-CAN-N,,,,,2022-02-10 09:20:00,CU_DOW2022-02-10 09:20:00,False,,,,
364,,,,,,2022-02-10 09:30:00,IOP2,,,,,,,,,,,,,,,,CU_DOW,DOW-CAN-N,,,,,2022-02-10 09:30:00,CU_DOW2022-02-10 09:30:00,False,,,,
365,,,,,,2022-02-10 09:40:00,IOP2,,,,,,,,,,,,,,,,CU_DOW,DOW-CAN-N,,,,,2022-02-10 09:40:00,CU_DOW2022-02-10 09:40:00,False,,,,
366,,,,,,2022-02-10 09:50:00,IOP2,,,,,,,,,,,,,,,,CU_DOW,DOW-CAN-N,,,,,2022-02-10 09:50:00,CU_DOW2022-02-10 09:50:00,False,,,,
367,,,,,,2022-02-10 10:00:00,IOP2,,,,,,,,,,,,2.5726999999999975,,,,CU_DOW,DOW-CAN-N,,,"soundings_wintremix/upperair.sounding.202202101000.CU_DOW-CAN_N.csv,soundings_wintremix/upperair.sounding.202202101200.CU_DOW-CAN_N.csv",0.0,2022-02-10 10:00:00,CU_DOW2022-02-10 10:00:00,False,,,,
368,,,,,,2022-02-10 10:10:00,IOP2,,,,,,,,,,,,2.6556051960923717,,,,CU_DOW,DOW-CAN-N,,,"soundings_wintremix/upperair.sounding.202202101000.CU_DOW-CAN_N.csv,soundings_wintremix/upperair.sounding.202202101200.CU_DOW-CAN_N.csv",0.0,2022-02-10 10:10:00,CU_DOW2022-02-10 10:10:00,True,upperair.sounding.202202101000.CU_DOW-CAN_N.csv,,,
369,,,,,,2022-02-10 10:20:00,IOP2,,,,,,,,,,,,2.7385103921847467,,,,CU_DOW,DOW-CAN-N,,,"soundings_wintremix/upperair.sounding.202202101000.CU_DOW-CAN_N.csv,soundings_wintremix/upperair.sounding.202202101200.CU_DOW-CAN_N.csv",0.0,2022-02-10 10:20:00,CU_DOW2022-02-10 10:20:00,False,,,,
370,,,,,,2022-02-10 10:30:00,IOP2,,,,,,,,,,,,2.821415588277121,,,,CU_DOW,DOW-CAN-N,,,"soundings_wintremix/upperair.sounding.202202101000.CU_DOW-CAN_N.csv,soundings_wintremix/upperair.sounding.202202101200.CU_DOW-CAN_N.csv",0.0,2022-02-10 10:30:00,CU_DOW2022-02-10 10:30:00,False,,,,
371,,,,,,2022-02-10 10:40:00,IOP2,,,,,,,,,,,,2.904320784369495,,,,CU_DOW,DOW-CAN-N,,,"soundings_wintremix/upperair.sounding.202202101000.CU_DOW-CAN_N.csv,soundings_wintremix/upperair.sounding.202202101200.CU_DOW-CAN_N.csv",0.0,2022-02-10 10:40:00,CU_DOW2022-02-10 10:40:00,False,,,,
372,,,,,,2022-02-10 10:50:00,IOP2,RA,,,,,,,,,,,2.9872259804618695,RA,,,CU_DOW,DOW-CAN-N,,,"soundings_wintremix/upperair.sounding.202202101000.CU_DOW-CAN_N.csv,soundings_wintremix/upperair.sounding.202202101200.CU_DOW-CAN_N.csv",0.0,2022-02-10 10:50:00,CU_DOW2022-02-10 10:50:00,False,,,,
373,,,,,,2022-02-10 11:00:00,IOP2,RA,,,,,,,,,,,3.070131176554244,RA,,,CU_DOW,DOW-CAN-N,,,"soundings_wintremix/upperair.sounding.202202101000.CU_DOW-CAN_N.csv,soundings_wintremix/upperair.sounding.202202101200.CU_DOW-CAN_N.csv",0.0,2022-02-10 11:00:00,CU_DOW2022-02-10 11:00:00,False,,,,
374,,,,,,2022-02-10 11:10:00,IOP2,,,,,,,,,,,,3.1530363726466186,,,,CU_DOW,DOW-CAN-N,,,"soundings_wintremix/upperair.sounding.202202101000.CU_DOW-CAN_N.csv,soundings_wintremix/upperair.sounding.202202101200.CU_DOW-CAN_N.csv",0.0,2022-02-10 11:10:00,CU_DOW2022-02-10 11:10:00,False,,,,
375,,,,,,2022-02-10 11:20:00,IOP2,RA,,,,,,,,,,,3.2359415687389923,RA,,,CU_DOW,DOW-CAN-N,,,"soundings_wintremix/upperair.sounding.202202101000.CU_DOW-CAN_N.csv,soundings_wintremix/upperair.sounding.202202101200.CU_DOW-CAN_N.csv",0.0,2022-02-10 11:20:00,CU_DOW2022-02-10 11:20:00,False,,,,
376,,,,,,2022-02-10 11:30:00,IOP2,RA,,,,,,,,,,,3.318846764831367,RA,,,CU_DOW,DOW-CAN-N,,,"soundings_wintremix/upperair.sounding.202202101000.CU_DOW-CAN_N.csv,soundings_wintremix/upperair.sounding.202202101200.CU_DOW-CAN_N.csv",0.0,2022-02-10 11:30:00,CU_DOW2022-02-10 11:30:00,False,,,,
377,-0.6106509803927306,83.40248595764201,82.23422846190975,-0.02442603921570922,433.0,2022-02-10 11:40:00,IOP2,,,,,315.9656167001169,428.0,0.752299087381231,13.0,433.0,433.0,20.0,3.4017519609237414,,1.2938643962271863,-0.03521064096793771,CU_DOW,DOW-CAN-N,428.0,453.0,"soundings_wintremix/upperair.sounding.202202101000.CU_DOW-CAN_N.csv,soundings_wintremix/upperair.sounding.202202101200.CU_DOW-CAN_N.csv",415.0,2022-02-10 11:40:00,CU_DOW2022-02-10 11:40:00,False,,,,
378,,,,,,2022-02-10 11:50:00,IOP2,,,,,,,,,,,,3.4846571570161156,,,,CU_DOW,DOW-CAN-N,,,"soundings_wintremix/upperair.sounding.202202101000.CU_DOW-CAN_N.csv,soundings_wintremix/upperair.sounding.202202101200.CU_DOW-CAN_N.csv",0.0,2022-02-10 11:50:00,CU_DOW2022-02-10 11:50:00,False,,,,
379,,,,,,2022-02-10 12:00:00,IOP2,,,,,,,,,,,,,,,,CU_DOW,DOW-CAN-N,,,,,2022-02-10 12:00:00,CU_DOW2022-02-10 12:00:00,False,,,,
380,,,,,,2022-02-10 12:10:00,IOP2,,,,,,,,,,,,,,,,CU_DOW,DOW-CAN-N,,,,0.0,2022-02-10 12:10:00,CU_DOW2022-02-10 12:10:00,True,upperair.sounding.202202101200.CU_DOW-CAN_N.csv,,,
381,,,,,,2022-02-10 12:20:00,IOP2,RA,,,,,,,,,,,,RA,,,CU_DOW,DOW-CAN-N,,,,,2022-02-10 12:20:00,CU_DOW2022-02-10 12:20:00,False,,,,
382,,,,,,2022-02-10 12:30:00,IOP2,RA,,,,,,,,,,,,RA,,,CU_DOW,DOW-CAN-N,,,,,2022-02-10 12:30:00,CU_DOW2022-02-10 12:30:00,False,,,,
383,,,,,,2022-02-10 12:40:00,IOP2,,,,,,,,,,,,,,,,CU_DOW,DOW-CAN-N,,,,,2022-02-10 12:40:00,CU_DOW2022-02-10 12:40:00,False,,,,
384,,,,,,2022-02-10 12:50:00,IOP2,,,,,,,,,,,,,,,,CU_DOW,DOW-CAN-N,,,,,2022-02-10 12:50:00,CU_DOW2022-02-10 12:50:00,False,,,,
385,,,,,,2022-02-10 13:00:00,IOP2,,,,,,,,,,,,,,,,CU_DOW,DOW-CAN-N,,,,,2022-02-10 13:00:00,CU_DOW2022-02-10 13:00:00,False,,,,
386,,,,,,2022-02-10 13:10:00,IOP2,,,,,,,,,,,,,,,,CU_DOW,DOW-CAN-N,,,,,2022-02-10 13:10:00,CU_DOW2022-02-10 13:10:00,False,,,,
387,,,,,,2022-02-10 13:20:00,IOP2,,,,,,,,,,,,,,,,CU_DOW,DOW-CAN-N,,,,,2022-02-10 13:20:00,CU_DOW2022-02-10 13:20:00,False,,,,
388,,,,,,2022-02-12 00:40:00,IOP3,,,,,,,,,,,,,,,,CU_DOW,DOW-CAN-N,,,,,2022-02-12 00:40:00,CU_DOW2022-02-12 00:40:00,False,,,,
389,,,,,,2022-02-12 01:10:00,IOP3,,,,,,,,,,,,7.659063600197951,,,,CU_DOW,DOW-CAN-N,,,"soundings_wintremix/upperair.sounding.202202120100.CU_DOW-CAN_N.csv,soundings_wintremix/upperair.sounding.202202120230.CU_DOW-CAN_N.csv",0.0,2022-02-12 01:10:00,CU_DOW2022-02-12 01:10:00,True,upperair.sounding.202202120100.CU_DOW-CAN_N.csv,,,
390,,,,,,2022-02-12 01:20:00,IOP3,,,,,,,,,,,,7.635546200395876,,,,CU_DOW,DOW-CAN-N,,,"soundings_wintremix/upperair.sounding.202202120100.CU_DOW-CAN_N.csv,soundings_wintremix/upperair.sounding.202202120230.CU_DOW-CAN_N.csv",0.0,2022-02-12 01:20:00,CU_DOW2022-02-12 01:20:00,False,,,,
391,,,,,,2022-02-12 01:30:00,IOP3,,,,,,,,,,,,7.612028800593798,,,,CU_DOW,DOW-CAN-N,,,"soundings_wintremix/upperair.sounding.202202120100.CU_DOW-CAN_N.csv,soundings_wintremix/upperair.sounding.202202120230.CU_DOW-CAN_N.csv",0.0,2022-02-12 01:30:00,CU_DOW2022-02-12 01:30:00,False,,,,
392,,,,,,2022-02-12 01:40:00,IOP3,,,,,,,,,,,,7.588511400791722,,,,CU_DOW,DOW-CAN-N,,,"soundings_wintremix/upperair.sounding.202202120100.CU_DOW-CAN_N.csv,soundings_wintremix/upperair.sounding.202202120230.CU_DOW-CAN_N.csv",0.0,2022-02-12 01:40:00,CU_DOW2022-02-12 01:40:00,False,,,,
393,,,,,,2022-02-12 01:50:00,IOP3,,,,,,,,,,,,7.564994000989646,,,,CU_DOW,DOW-CAN-N,,,"soundings_wintremix/upperair.sounding.202202120100.CU_DOW-CAN_N.csv,soundings_wintremix/upperair.sounding.202202120230.CU_DOW-CAN_N.csv",0.0,2022-02-12 01:50:00,CU_DOW2022-02-12 01:50:00,False,,,,
394,,,,,,2022-02-12 02:00:00,IOP3,,,,,,,,,,,,7.541476601187569,,,,CU_DOW,DOW-CAN-N,,,"soundings_wintremix/upperair.sounding.202202120100.CU_DOW-CAN_N.csv,soundings_wintremix/upperair.sounding.202202120230.CU_DOW-CAN_N.csv",0.0,2022-02-12 02:00:00,CU_DOW2022-02-12 02:00:00,False,,,,
1716,,,,,,,,,,,,,,,,,,,,,,,,,,,,0.0,2022-02-12 02:40:00,CU_DOW2022-02-12 02:40:00,True,upperair.sounding.202202120230.CU_DOW-CAN_N.csv,,,
395,,,,,,2022-02-12 02:50:00,IOP3,,,,,,,,,,,,7.106607468275712,,,,CU_DOW,DOW-CAN-N,,,"soundings_wintremix/upperair.sounding.202202120230.CU_DOW-CAN_N.csv,soundings_wintremix/upperair.sounding.202202120400.CU_DOW-CAN_N.csv",0.0,2022-02-12 02:50:00,CU_DOW2022-02-12 02:50:00,False,,,,
396,,,,,,2022-02-12 03:10:00,IOP3,,,,,,,,,,,,6.711847936551406,,,,CU_DOW,DOW-CAN-N,,,"soundings_wintremix/upperair.sounding.202202120230.CU_DOW-CAN_N.csv,soundings_wintremix/upperair.sounding.202202120400.CU_DOW-CAN_N.csv",0.0,2022-02-12 03:10:00,CU_DOW2022-02-12 03:10:00,False,,,,
397,,,,,,2022-02-12 03:20:00,IOP3,,,,,,,,,,,,6.514468170689254,,,,CU_DOW,DOW-CAN-N,,,"soundings_wintremix/upperair.sounding.202202120230.CU_DOW-CAN_N.csv,soundings_wintremix/upperair.sounding.202202120400.CU_DOW-CAN_N.csv",0.0,2022-02-12 03:20:00,CU_DOW2022-02-12 03:20:00,False,,,,
398,,,,,,2022-02-12 03:30:00,IOP3,,,,,,,,,,,,6.317088404827101,,,,CU_DOW,DOW-CAN-N,,,"soundings_wintremix/upperair.sounding.202202120230.CU_DOW-CAN_N.csv,soundings_wintremix/upperair.sounding.202202120400.CU_DOW-CAN_N.csv",0.0,2022-02-12 03:30:00,CU_DOW2022-02-12 03:30:00,False,,,,
399,,,,,,2022-02-12 03:50:00,IOP3,RA,,,,,,,,,,,5.922328873102796,RA,,,CU_DOW,DOW-CAN-N,,,"soundings_wintremix/upperair.sounding.202202120230.CU_DOW-CAN_N.csv,soundings_wintremix/upperair.sounding.202202120400.CU_DOW-CAN_N.csv",0.0,2022-02-12 03:50:00,CU_DOW2022-02-12 03:50:00,False,,,,
400,-0.5525333225394192,52.54762600370987,50.62760223930237,-0.036835554835961286,559.0,2022-02-12 04:00:00,IOP3,,,,,436.73782534803024,554.0,0.8648273769267922,54.0,559.0,559.0,10.0,5.842200000000048,,1.659759727146423,-0.05587808412276721,CU_DOW,DOW-CAN-N,554.0,569.0,"soundings_wintremix/upperair.sounding.202202120400.CU_DOW-CAN_N.csv,soundings_wintremix/upperair.sounding.202202120530.CU_DOW-CAN_N.csv",500.0,2022-02-12 04:00:00,CU_DOW2022-02-12 04:00:00,False,,,,
401,-0.5525333225394192,52.54762600370987,50.62760223930237,-0.036835554835961286,559.0,2022-02-12 04:10:00,IOP3,,,,,436.73782534803024,554.0,0.8648273769267922,54.0,559.0,559.0,10.0,5.654431213435207,,1.659759727146423,-0.05587808412276721,CU_DOW,DOW-CAN-N,554.0,569.0,"soundings_wintremix/upperair.sounding.202202120400.CU_DOW-CAN_N.csv,soundings_wintremix/upperair.sounding.202202120530.CU_DOW-CAN_N.csv",500.0,2022-02-12 04:10:00,CU_DOW2022-02-12 04:10:00,True,upperair.sounding.202202120400.CU_DOW-CAN_N.csv,,,
402,,,,,,2022-02-12 04:30:00,IOP3,,,,,,,,,,,,5.278893640305526,,,,CU_DOW,DOW-CAN-N,,,"soundings_wintremix/upperair.sounding.202202120400.CU_DOW-CAN_N.csv,soundings_wintremix/upperair.sounding.202202120530.CU_DOW-CAN_N.csv",0.0,2022-02-12 04:30:00,CU_DOW2022-02-12 04:30:00,False,,,,
403,,,,,,2022-02-12 04:40:00,IOP3,,,,,,,,,,,,5.091124853740685,,,,CU_DOW,DOW-CAN-N,,,"soundings_wintremix/upperair.sounding.202202120400.CU_DOW-CAN_N.csv,soundings_wintremix/upperair.sounding.202202120530.CU_DOW-CAN_N.csv",0.0,2022-02-12 04:40:00,CU_DOW2022-02-12 04:40:00,False,,,,
404,,,,,,2022-02-12 04:50:00,IOP3,,,,,,,,,,,,4.903356067175844,,,,CU_DOW,DOW-CAN-N,,,"soundings_wintremix/upperair.sounding.202202120400.CU_DOW-CAN_N.csv,soundings_wintremix/upperair.sounding.202202120530.CU_DOW-CAN_N.csv",0.0,2022-02-12 04:50:00,CU_DOW2022-02-12 04:50:00,False,,,,
405,,,,,,2022-02-12 05:30:00,IOP3,RA,,,,,,,,,,,,RA,,,CU_DOW,DOW-CAN-N,,,,,2022-02-12 05:30:00,CU_DOW2022-02-12 05:30:00,False,,,,
406,,,,,,2022-02-12 05:40:00,IOP3,RA,,,,,,,,,,,,RA,,,CU_DOW,DOW-CAN-N,,,,0.0,2022-02-12 05:40:00,CU_DOW2022-02-12 05:40:00,True,upperair.sounding.202202120530.CU_DOW-CAN_N.csv,,,
407,,,,,,2022-02-12 05:50:00,IOP3,RA,,,,,,,,,,,,RA,,,CU_DOW,DOW-CAN-N,,,,,2022-02-12 05:50:00,CU_DOW2022-02-12 05:50:00,False,,,,
408,,,,,,2022-02-12 06:00:00,IOP3,RA,,,,,,,,,,,,RA,,,CU_DOW,DOW-CAN-N,,,,,2022-02-12 06:00:00,CU_DOW2022-02-12 06:00:00,False,,,,
409,,,,,,2022-02-12 06:10:00,IOP3,RA,,,,,,,,,,,,RA,,,CU_DOW,DOW-CAN-N,,,,,2022-02-12 06:10:00,CU_DOW2022-02-12 06:10:00,False,,,,
410,,,,,,2022-02-12 06:20:00,IOP3,RA,,,,,,,,,,,,RA,,,CU_DOW,DOW-CAN-N,,,,,2022-02-12 06:20:00,CU_DOW2022-02-12 06:20:00,False,,,,
411,,,,,,2022-02-12 06:30:00,IOP3,RA,,,,,,,,,,,,RA,,,CU_DOW,DOW-CAN-N,,,,,2022-02-12 06:30:00,CU_DOW2022-02-12 06:30:00,False,,,,
412,,,,,,2022-02-17 23:20:00,IOP4,RA,,,,,,,,,,,,RA,,,CU_DOW,DOW-CAN-S,,,,,2022-02-17 23:20:00,CU_DOW2022-02-17 23:20:00,False,,,,
413,,,,,,2022-02-17 23:30:00,IOP4,RA,,,,,,,,,,,,RA,,,CU_DOW,DOW-CAN-S,,,,,2022-02-17 23:30:00,CU_DOW2022-02-17 23:30:00,False,,,,
414,,,,,,2022-02-17 23:40:00,IOP4,RA,,,,,,,,,,,,RA,,,CU_DOW,DOW-CAN-S,,,,,2022-02-17 23:40:00,CU_DOW2022-02-17 23:40:00,False,,,,
415,,,,,,2022-02-17 23:50:00,IOP4,RA,,,,,,,,,,,,RA,,,CU_DOW,DOW-CAN-S,,,,,2022-02-17 23:50:00,CU_DOW2022-02-17 23:50:00,False,,,,
416,,,,,,2022-02-18 00:00:00,IOP4,RA,,,,,,,,,,,,RA,,,CU_DOW,DOW-CAN-S,,,,,2022-02-18 00:00:00,CU_DOW2022-02-18 00:00:00,False,,,,
417,,,,,,2022-02-18 00:10:00,IOP4,RA,,,,,,,,,,,,RA,,,CU_DOW,DOW-CAN-S,,,,,2022-02-18 00:10:00,CU_DOW2022-02-18 00:10:00,False,,,,
418,,,,,,2022-02-18 00:20:00,IOP4,RA,,,,,,,,,,,,RA,,,CU_DOW,DOW-CAN-S,,,,,2022-02-18 00:20:00,CU_DOW2022-02-18 00:20:00,False,,,,
419,,,,,,2022-02-18 00:30:00,IOP4,RA,,,,,,,,,,,,RA,,,CU_DOW,DOW-CAN-S,,,,,2022-02-18 00:30:00,CU_DOW2022-02-18 00:30:00,False,,,,
420,,,,,,2022-02-18 00:40:00,IOP4,RA,,,,,,,,,,,,RA,,,CU_DOW,DOW-CAN-S,,,,,2022-02-18 00:40:00,CU_DOW2022-02-18 00:40:00,False,,,,
421,,,,,,2022-02-18 00:50:00,IOP4,RA,,,,,,,,,,,,RA,,,CU_DOW,DOW-CAN-S,,,,,2022-02-18 00:50:00,CU_DOW2022-02-18 00:50:00,False,,,,
422,,,,,,2022-02-18 01:00:00,IOP4,RA,,,,,,,,,,,6.575738999999999,RA,,,CU_DOW,DOW-CAN-S,,,"soundings_wintremix/upperair.sounding.202202180100.CU_DOW-CAN_S.csv,soundings_wintremix/upperair.sounding.202202180300.CU_DOW-CAN_S.csv",0.0,2022-02-18 01:00:00,CU_DOW2022-02-18 01:00:00,False,,,,
423,,,,,,2022-02-18 01:10:00,IOP4,RA,,,,,,,,,,,5.992717013876912,RA,,,CU_DOW,DOW-CAN-S,,,"soundings_wintremix/upperair.sounding.202202180100.CU_DOW-CAN_S.csv,soundings_wintremix/upperair.sounding.202202180300.CU_DOW-CAN_S.csv",0.0,2022-02-18 01:10:00,CU_DOW2022-02-18 01:10:00,True,upperair.sounding.202202180100.CU_DOW-CAN_S.csv,,,
424,,,,,,2022-02-18 01:22:00,IOP4,RA,,,,,,,,,,,5.293090630529208,RA,,,CU_DOW,DOW-CAN-S,,,"soundings_wintremix/upperair.sounding.202202180100.CU_DOW-CAN_S.csv,soundings_wintremix/upperair.sounding.202202180300.CU_DOW-CAN_S.csv",0.0,2022-02-18 01:20:00,CU_DOW2022-02-18 01:20:00,False,,,,
425,,,,,,2022-02-18 01:30:00,IOP4,RA,,,,,,,,,,,4.826673041630739,RA,,,CU_DOW,DOW-CAN-S,,,"soundings_wintremix/upperair.sounding.202202180100.CU_DOW-CAN_S.csv,soundings_wintremix/upperair.sounding.202202180300.CU_DOW-CAN_S.csv",0.0,2022-02-18 01:30:00,CU_DOW2022-02-18 01:30:00,False,,,,
426,,,,,,2022-02-18 01:40:00,IOP4,RA,,,,,,,,,,,4.2436510555076525,RA,,,CU_DOW,DOW-CAN-S,,,"soundings_wintremix/upperair.sounding.202202180100.CU_DOW-CAN_S.csv,soundings_wintremix/upperair.sounding.202202180300.CU_DOW-CAN_S.csv",0.0,2022-02-18 01:40:00,CU_DOW2022-02-18 01:40:00,False,,,,
427,,,,,,2022-02-18 01:50:00,IOP4,RA,,,,,,,,,,,3.6606290693845662,RA,,,CU_DOW,DOW-CAN-S,,,"soundings_wintremix/upperair.sounding.202202180100.CU_DOW-CAN_S.csv,soundings_wintremix/upperair.sounding.202202180300.CU_DOW-CAN_S.csv",0.0,2022-02-18 01:50:00,CU_DOW2022-02-18 01:50:00,False,,,,
428,,,,,,2022-02-18 02:00:00,IOP4,RA,,,,,,,,,,,3.077607083261479,RA,,,CU_DOW,DOW-CAN-S,,,"soundings_wintremix/upperair.sounding.202202180100.CU_DOW-CAN_S.csv,soundings_wintremix/upperair.sounding.202202180300.CU_DOW-CAN_S.csv",0.0,2022-02-18 02:00:00,CU_DOW2022-02-18 02:00:00,False,,,,
429,,,,,,2022-02-18 02:10:00,IOP4,RA,,,,,,,,,,,2.4945850971383927,RA,,,CU_DOW,DOW-CAN-S,,,"soundings_wintremix/upperair.sounding.202202180100.CU_DOW-CAN_S.csv,soundings_wintremix/upperair.sounding.202202180300.CU_DOW-CAN_S.csv",0.0,2022-02-18 02:10:00,CU_DOW2022-02-18 02:10:00,False,,,,
430,,,,,,2022-02-18 02:20:00,IOP4,RA,,,,,,,,,,,1.9115631110153062,RA,,,CU_DOW,DOW-CAN-S,,,"soundings_wintremix/upperair.sounding.202202180100.CU_DOW-CAN_S.csv,soundings_wintremix/upperair.sounding.202202180300.CU_DOW-CAN_S.csv",0.0,2022-02-18 02:20:00,CU_DOW2022-02-18 02:20:00,False,,,,
431,-84.05552155120252,99.70288489967027,100.13228657410932,-0.3735800957831221,185.0,2022-02-18 02:30:00,IOP4,RA,,,,3333.069496615071,1885.0,2.2520739841993724,410.0,185.0,185.0,220.0,1.3285411248922196,RA,3.6982867933011967,-0.6422031752472237,CU_DOW,DOW-CAN-S,1885.0,405.0,"soundings_wintremix/upperair.sounding.202202180100.CU_DOW-CAN_S.csv,soundings_wintremix/upperair.sounding.202202180300.CU_DOW-CAN_S.csv",1475.0,2022-02-18 02:30:00,CU_DOW2022-02-18 02:30:00,False,,,,
432,-289.13669651180936,99.80192326644685,100.87590133004518,-0.7413761449020754,35.0,2022-02-18 02:40:00,IOP4,RA,,,,3251.929465664519,1895.0,2.2046979428234024,425.0,35.0,35.0,385.0,0.7455191387691329,RA,3.5396897958061815,-1.3005354052866303,CU_DOW,DOW-CAN-S,1895.0,420.0,"soundings_wintremix/upperair.sounding.202202180100.CU_DOW-CAN_S.csv,soundings_wintremix/upperair.sounding.202202180300.CU_DOW-CAN_S.csv",1470.0,2022-02-18 02:40:00,CU_DOW2022-02-18 02:40:00,False,,,,
433,-566.8670289583242,99.9009616332234,101.6251431391067,-1.2323196281702702,25.0,2022-02-18 02:50:00,IOP4,RA,,,,3198.2831088442904,1910.0,2.2365616145764267,485.0,25.0,25.0,455.0,0.16249715264604642,RA,3.3810927983111654,-1.9588676353260361,CU_DOW,DOW-CAN-S,1910.0,480.0,"soundings_wintremix/upperair.sounding.202202180100.CU_DOW-CAN_S.csv,soundings_wintremix/upperair.sounding.202202180300.CU_DOW-CAN_S.csv",1425.0,2022-02-18 02:50:00,CU_DOW2022-02-18 02:50:00,False,,,,
434,-859.8215481510606,100.0,102.4684841259012,-1.8101506276864423,19.0,2022-02-18 03:00:00,IOP4,RA,,,,3154.9684381230154,1929.0,2.1909503042520937,494.0,19.0,19.0,470.0,-0.37076399999995147,RA,3.3271744634761165,-2.6162994704546443,CU_DOW,DOW-CAN-S,1929.0,489.0,"soundings_wintremix/upperair.sounding.202202180300.CU_DOW-CAN_S.csv,soundings_wintremix/upperair.sounding.202202180500.CU_DOW-CAN_S.csv",1435.0,2022-02-18 03:00:00,CU_DOW2022-02-18 03:00:00,False,,,,
435,-859.8215481510606,100.0,102.4684841259012,-1.8101506276864423,19.0,2022-02-18 03:10:00,IOP4,RA,,,,3154.9684381230154,1929.0,2.1909503042520937,494.0,19.0,19.0,470.0,-0.42932018285118706,RA,3.3271744634761165,-2.6162994704546443,CU_DOW,DOW-CAN-S,1929.0,489.0,"soundings_wintremix/upperair.sounding.202202180300.CU_DOW-CAN_S.csv,soundings_wintremix/upperair.sounding.202202180500.CU_DOW-CAN_S.csv",1435.0,2022-02-18 03:10:00,CU_DOW2022-02-18 03:10:00,True,upperair.sounding.202202180300.CU_DOW-CAN_S.csv,,,
436,-1027.9932699929707,100.0,102.72525617113138,-1.88622618347334,19.0,2022-02-18 03:20:00,IOP4,RA,,,,2994.3566362479514,1934.0,2.177713917271237,564.0,19.0,19.0,540.0,-0.48787636570242265,RA,3.452444148201399,-2.8725580404598414,CU_DOW,DOW-CAN-S,1934.0,559.0,"soundings_wintremix/upperair.sounding.202202180300.CU_DOW-CAN_S.csv,soundings_wintremix/upperair.sounding.202202180500.CU_DOW-CAN_S.csv",1370.0,2022-02-18 03:20:00,CU_DOW2022-02-18 03:20:00,False,,,,
437,-1125.8655668607705,100.0,102.85389443298867,-2.0470283033832186,19.0,2022-02-18 03:30:00,IOP4,RA,,,,2927.4611711316693,1939.0,2.1684897563938286,594.0,19.0,19.0,545.0,-0.5464325485536583,RA,3.515078990564039,-3.0006873254624398,CU_DOW,DOW-CAN-S,1939.0,564.0,"soundings_wintremix/upperair.sounding.202202180300.CU_DOW-CAN_S.csv,soundings_wintremix/upperair.sounding.202202180500.CU_DOW-CAN_S.csv",1345.0,2022-02-18 03:30:00,CU_DOW2022-02-18 03:30:00,False,,,,
438,-1236.0704721483503,99.99999999999999,102.98495222825852,-2.131155986462673,19.0,2022-02-18 03:40:00,IOP4,FZRA,,,,2873.967451479294,1944.0,2.1288647788735515,599.0,19.0,19.0,575.0,-0.6049887314048938,FZRA,3.5777138329266798,-3.131054774287422,CU_DOW,DOW-CAN-S,1944.0,594.0,"soundings_wintremix/upperair.sounding.202202180300.CU_DOW-CAN_S.csv,soundings_wintremix/upperair.sounding.202202180500.CU_DOW-CAN_S.csv",1345.0,2022-02-18 03:40:00,CU_DOW2022-02-18 03:40:00,False,,,,
439,-1349.0845895438656,100.0,103.13944139481572,-2.3061275034937867,19.0,2022-02-18 03:50:00,IOP4,FZRA,,,,2822.9083207076965,1954.0,2.0833271739540193,604.0,19.0,19.0,580.0,-0.6635449142561296,FZRA,3.6403486752893217,-3.284507289770429,CU_DOW,DOW-CAN-S,1954.0,599.0,"soundings_wintremix/upperair.sounding.202202180300.CU_DOW-CAN_S.csv,soundings_wintremix/upperair.sounding.202202180500.CU_DOW-CAN_S.csv",1350.0,2022-02-18 03:50:00,CU_DOW2022-02-18 03:50:00,False,,,,
440,-1467.1375014233288,100.0,103.29417281431216,-2.4452291690388814,19.0,2022-02-18 04:00:00,IOP4,FZRA,,,,2777.220265416163,1964.0,2.057200196604565,619.0,19.0,19.0,595.0,-0.7221010971073651,FZRA,3.7029835176519623,-3.4379598052534357,CU_DOW,DOW-CAN-S,1964.0,614.0,"soundings_wintremix/upperair.sounding.202202180300.CU_DOW-CAN_S.csv,soundings_wintremix/upperair.sounding.202202180500.CU_DOW-CAN_S.csv",1345.0,2022-02-18 04:00:00,CU_DOW2022-02-18 04:00:00,False,,,,
441,-1591.6593261686498,100.0,103.44914680618857,-2.5671924615623385,19.0,2022-02-18 04:10:00,IOP4,FZRA,,,,2738.2729159136743,1974.0,2.0434872506818462,639.0,19.0,19.0,615.0,-0.7806572799586008,FZRA,3.782673072507424,-3.5914123207364423,CU_DOW,DOW-CAN-S,1974.0,634.0,"soundings_wintremix/upperair.sounding.202202180300.CU_DOW-CAN_S.csv,soundings_wintremix/upperair.sounding.202202180500.CU_DOW-CAN_S.csv",1335.0,2022-02-18 04:10:00,CU_DOW2022-02-18 04:10:00,False,,,,
442,-1725.7968063115861,99.99999999999999,103.61031289301958,-2.6756539632737772,19.0,2022-02-18 04:20:00,IOP4,FZRA,,,,2709.081951403509,1974.0,2.060138366086319,664.0,19.0,19.0,640.0,-0.8392134628098363,FZRA,3.8631971895080173,-3.750742236061936,CU_DOW,DOW-CAN-S,1974.0,659.0,"soundings_wintremix/upperair.sounding.202202180300.CU_DOW-CAN_S.csv,soundings_wintremix/upperair.sounding.202202180500.CU_DOW-CAN_S.csv",1310.0,2022-02-18 04:20:00,CU_DOW2022-02-18 04:20:00,False,,,,
443,-1866.0478214060493,100.0,103.78389822913252,-2.848927971612289,19.0,2022-02-18 04:30:00,IOP4,FZRA,,,,2686.004521844871,1974.0,2.0582410129079465,674.0,19.0,19.0,650.0,-0.897769645661072,FZRA,3.95288594811502,-3.922060512829538,CU_DOW,DOW-CAN-S,1974.0,669.0,"soundings_wintremix/upperair.sounding.202202180300.CU_DOW-CAN_S.csv,soundings_wintremix/upperair.sounding.202202180500.CU_DOW-CAN_S.csv",1300.0,2022-02-18 04:30:00,CU_DOW2022-02-18 04:30:00,False,,,,
444,-2010.8491592294868,100.0,104.00045287462105,-2.957131116513951,19.0,2022-02-18 04:40:00,IOP4,FZRA,,,,2667.5278055672998,1979.0,2.075897124955097,699.0,19.0,19.0,675.0,-0.9563258285123076,FZRA,4.098099880236534,-4.146538494989063,CU_DOW,DOW-CAN-S,1979.0,694.0,"soundings_wintremix/upperair.sounding.202202180300.CU_DOW-CAN_S.csv,soundings_wintremix/upperair.sounding.202202180500.CU_DOW-CAN_S.csv",1280.0,2022-02-18 04:40:00,CU_DOW2022-02-18 04:40:00,False,,,,
445,-2165.9316054009328,99.99999999999999,104.37845272591345,-3.029274972588717,19.0,2022-02-18 04:50:00,IOP4,FZRA,,,,2659.3780314370315,1979.0,2.127502425149625,734.0,19.0,19.0,710.0,-1.014882011363543,FZRA,4.244590589580639,-4.5143889808737905,CU_DOW,DOW-CAN-S,1979.0,729.0,"soundings_wintremix/upperair.sounding.202202180300.CU_DOW-CAN_S.csv,soundings_wintremix/upperair.sounding.202202180500.CU_DOW-CAN_S.csv",1245.0,2022-02-18 04:50:00,CU_DOW2022-02-18 04:50:00,False,,,,
446,-2324.478734227907,100.0,104.77675667764625,-3.228442686427649,20.0,2022-02-18 05:00:00,IOP4,FZRA,,,,2654.0106875439997,1980.0,2.1317354920032128,740.0,20.0,20.0,715.0,-1.0989999999999895,FZRA,4.392976742889065,-4.8962468552425005,CU_DOW,DOW-CAN-S,1980.0,735.0,"soundings_wintremix/upperair.sounding.202202180500.CU_DOW-CAN_S.csv,soundings_wintremix/upperair.sounding.202202180700.CU_DOW-CAN_S.csv",1240.0,2022-02-18 05:00:00,CU_DOW2022-02-18 05:00:00,False,,,,
447,-2324.478734227907,100.0,104.77675667764625,-3.228442686427649,20.0,2022-02-18 05:10:00,IOP4,FZRA,PL,,,2654.0106875439997,1980.0,2.1317354920032128,740.0,20.0,20.0,715.0,-1.3477707453941048,FZRA and PL,4.392976742889065,-4.8962468552425005,CU_DOW,DOW-CAN-S,1980.0,735.0,"soundings_wintremix/upperair.sounding.202202180500.CU_DOW-CAN_S.csv,soundings_wintremix/upperair.sounding.202202180700.CU_DOW-CAN_S.csv",1240.0,2022-02-18 05:10:00,CU_DOW2022-02-18 05:10:00,True,upperair.sounding.202202180500.CU_DOW-CAN_S.csv,,,
448,-2812.3333332082216,99.99997601293478,104.79452177404252,-3.429674796595393,20.0,2022-02-18 05:20:00,IOP4,FZRA,PL,,,2358.082508660635,2075.0,1.901679442468254,840.0,20.0,20.0,815.0,-1.5965414907882203,FZRA and PL,3.6361106020917617,-5.269644198319559,CU_DOW,DOW-CAN-S,2075.0,835.0,"soundings_wintremix/upperair.sounding.202202180500.CU_DOW-CAN_S.csv,soundings_wintremix/upperair.sounding.202202180700.CU_DOW-CAN_S.csv",1235.0,2022-02-18 05:20:00,CU_DOW2022-02-18 05:20:00,False,,,,
449,-3099.479961117235,99.99996401940217,104.84408681955004,-3.424839736041143,20.0,2022-02-18 05:30:00,IOP4,FZRA,PL,,,2258.2868297239966,2100.0,1.9467989911413757,945.0,20.0,20.0,900.0,-1.8453122361823358,FZRA and PL,3.306373339690246,-5.456342869858089,CU_DOW,DOW-CAN-S,2100.0,920.0,"soundings_wintremix/upperair.sounding.202202180500.CU_DOW-CAN_S.csv,soundings_wintremix/upperair.sounding.202202180700.CU_DOW-CAN_S.csv",1155.0,2022-02-18 05:30:00,CU_DOW2022-02-18 05:30:00,False,,,,
450,-3416.296836734135,99.99995202586955,104.89351899653995,-3.6151289277609897,20.0,2022-02-18 05:40:00,IOP4,FZRA,PL,,,2189.830608072814,2120.0,1.8877850069593223,965.0,20.0,20.0,940.0,-2.094082981576451,FZRA and PL,3.080508048746672,-5.643041541396618,CU_DOW,DOW-CAN-S,2120.0,960.0,"soundings_wintremix/upperair.sounding.202202180500.CU_DOW-CAN_S.csv,soundings_wintremix/upperair.sounding.202202180700.CU_DOW-CAN_S.csv",1155.0,2022-02-18 05:40:00,CU_DOW2022-02-18 05:40:00,False,,,,
451,-3736.001897534149,99.99994003233694,104.94281753877789,-3.891668643264739,20.0,2022-02-18 05:50:00,IOP4,PL,FZRA,,,2125.930689190601,2130.0,1.8406326313338537,980.0,20.0,20.0,955.0,-2.3428537269705667,FZRA and PL,3.0321872138451416,-5.829740212935148,CU_DOW,DOW-CAN-S,2130.0,975.0,"soundings_wintremix/upperair.sounding.202202180500.CU_DOW-CAN_S.csv,soundings_wintremix/upperair.sounding.202202180700.CU_DOW-CAN_S.csv",1150.0,2022-02-18 05:50:00,CU_DOW2022-02-18 05:50:00,False,,,,
452,-4062.0176124207983,99.99992803880433,104.99198167730435,-4.103048093354342,20.0,2022-02-18 06:00:00,IOP4,PL,FZRA,,,2069.279681924081,2145.0,1.8151576157228781,1010.0,20.0,20.0,985.0,-2.591624472364682,FZRA and PL,3.002939072149721,-6.016438884473677,CU_DOW,DOW-CAN-S,2145.0,1005.0,"soundings_wintremix/upperair.sounding.202202180500.CU_DOW-CAN_S.csv,soundings_wintremix/upperair.sounding.202202180700.CU_DOW-CAN_S.csv",1135.0,2022-02-18 06:00:00,CU_DOW2022-02-18 06:00:00,False,,,,
453,-4395.45877787744,99.99991604527172,105.14835941375554,-4.373590823758647,20.0,2022-02-18 06:10:00,IOP4,PL,,,,2021.3224556362534,2155.0,1.780900841970267,1025.0,20.0,20.0,1000.0,-2.8403952177587977,PL,2.991174804196808,-6.203137556012207,CU_DOW,DOW-CAN-S,2155.0,1020.0,"soundings_wintremix/upperair.sounding.202202180500.CU_DOW-CAN_S.csv,soundings_wintremix/upperair.sounding.202202180700.CU_DOW-CAN_S.csv",1130.0,2022-02-18 06:10:00,CU_DOW2022-02-18 06:10:00,False,,,,
454,-4732.084139566705,99.9999040517391,105.36580969228196,-4.662151861642074,20.0,2022-02-18 06:20:00,IOP4,PL,,,,1977.595215388159,2175.0,1.7271573933521036,1035.0,20.0,20.0,1010.0,-3.0891659631529125,PL,2.979410536243894,-6.389836227550736,CU_DOW,DOW-CAN-S,2175.0,1030.0,"soundings_wintremix/upperair.sounding.202202180500.CU_DOW-CAN_S.csv,soundings_wintremix/upperair.sounding.202202180700.CU_DOW-CAN_S.csv",1140.0,2022-02-18 06:20:00,CU_DOW2022-02-18 06:20:00,False,,,,
455,-5073.973050612829,99.9998920582065,105.58371314858334,-4.878820240973874,20.0,2022-02-18 06:30:00,IOP4,PL,,,,1940.09168355857,2185.0,1.7168952951845748,1060.0,20.0,20.0,1035.0,-3.337936708547028,PL,2.967955137633574,-6.576534899089266,CU_DOW,DOW-CAN-S,2185.0,1055.0,"soundings_wintremix/upperair.sounding.202202180500.CU_DOW-CAN_S.csv,soundings_wintremix/upperair.sounding.202202180700.CU_DOW-CAN_S.csv",1125.0,2022-02-18 06:30:00,CU_DOW2022-02-18 06:30:00,False,,,,
456,-5421.598962764063,99.99988006467389,105.80207031825326,-5.114716002607607,20.0,2022-02-18 06:40:00,IOP4,PL,,,,1909.4572978887486,2200.0,1.69729537590111,1080.0,20.0,20.0,1055.0,-3.586707453941144,PL,2.960814343100492,-6.796923272886175,CU_DOW,DOW-CAN-S,2200.0,1075.0,"soundings_wintremix/upperair.sounding.202202180500.CU_DOW-CAN_S.csv,soundings_wintremix/upperair.sounding.202202180700.CU_DOW-CAN_S.csv",1120.0,2022-02-18 06:40:00,CU_DOW2022-02-18 06:40:00,False,,,,
457,-5777.91231925118,99.99986807114126,106.02088173299336,-5.228879926924144,20.0,2022-02-18 06:50:00,IOP4,PL,,,,1888.4967773915926,2220.0,1.7168152521741749,1125.0,20.0,20.0,1100.0,-3.8354781993352587,PL,2.95367354856741,-7.031266330784041,CU_DOW,DOW-CAN-S,2220.0,1120.0,"soundings_wintremix/upperair.sounding.202202180500.CU_DOW-CAN_S.csv,soundings_wintremix/upperair.sounding.202202180700.CU_DOW-CAN_S.csv",1095.0,2022-02-18 06:50:00,CU_DOW2022-02-18 06:50:00,False,,,,
458,,,,,,2022-02-18 07:00:00,IOP4,PL,,,,,,,,,,,,PL,,,CU_DOW,DOW-CAN-S,,,,,2022-02-18 07:00:00,CU_DOW2022-02-18 07:00:00,False,,,,
459,-6147.63992547857,100.0,106.25277903983928,-5.299689590929802,20.0,2022-02-18 07:10:00,IOP4,PL,,,,1881.7492539751593,2235.0,1.7752351452595843,1180.0,20.0,20.0,1155.0,,PL,2.9482524253189015,-7.468172516925553,CU_DOW,DOW-CAN-S,2235.0,1175.0,,1055.0,2022-02-18 07:10:00,CU_DOW2022-02-18 07:10:00,True,upperair.sounding.202202180700.CU_DOW-CAN_S.csv,,,
460,,,,,,2022-02-18 07:20:00,IOP4,PL,,,,,,,,,,,,PL,,,CU_DOW,DOW-CAN-S,,,,,2022-02-18 07:20:00,CU_DOW2022-02-18 07:20:00,False,,,,
461,,,,,,2022-02-18 07:30:00,IOP4,PL,,,,,,,,,,,,PL,,,CU_DOW,DOW-CAN-S,,,,,2022-02-18 07:30:00,CU_DOW2022-02-18 07:30:00,False,,,,
462,,,,,,2022-02-18 07:40:00,IOP4,PL,SN,,,,,,,,,,,SN and PL,,,CU_DOW,DOW-CAN-S,,,,,2022-02-18 07:40:00,CU_DOW2022-02-18 07:40:00,False,,,,
463,,,,,,2022-02-18 07:50:00,IOP4,PL,,,,,,,,,,,,PL,,,CU_DOW,DOW-CAN-S,,,,,2022-02-18 07:50:00,CU_DOW2022-02-18 07:50:00,False,,,,
464,,,,,,2022-02-18 08:00:00,IOP4,PL,,,,,,,,,,,,PL,,,CU_DOW,DOW-CAN-S,,,,,2022-02-18 08:00:00,CU_DOW2022-02-18 08:00:00,False,,,,
465,,,,,,2022-02-18 08:10:00,IOP4,PL,,,,,,,,,,,,PL,,,CU_DOW,DOW-CAN-S,,,,,2022-02-18 08:10:00,CU_DOW2022-02-18 08:10:00,False,,,,
466,,,,,,2022-02-18 08:20:00,IOP4,PL,,,,,,,,,,,,PL,,,CU_DOW,DOW-CAN-S,,,,,2022-02-18 08:20:00,CU_DOW2022-02-18 08:20:00,False,,,,
467,,,,,,2022-02-18 08:30:00,IOP4,PL,,,,,,,,,,,,PL,,,CU_DOW,DOW-CAN-S,,,,,2022-02-18 08:30:00,CU_DOW2022-02-18 08:30:00,False,,,,
468,,,,,,2022-02-18 08:40:00,IOP4,PL,,,,,,,,,,,,PL,,,CU_DOW,DOW-CAN-S,,,,,2022-02-18 08:40:00,CU_DOW2022-02-18 08:40:00,False,,,,
469,,,,,,2022-02-18 08:50:00,IOP4,PL,,,,,,,,,,,,PL,,,CU_DOW,DOW-CAN-S,,,,,2022-02-18 08:50:00,CU_DOW2022-02-18 08:50:00,False,,,,
470,,,,,,2022-02-18 09:00:00,IOP4,PL,SN,,,,,,,,,,,SN and PL,,,CU_DOW,DOW-CAN-S,,,,,2022-02-18 09:00:00,CU_DOW2022-02-18 09:00:00,False,,,,
471,,,,,,2022-02-22 21:00:00,IOP5,,,,,,,,,,,,,,,,CU_DOW,DOW-CAN-N,,,,,2022-02-22 21:00:00,CU_DOW2022-02-22 21:00:00,False,,,,
472,,,,,,2022-02-22 21:10:00,IOP5,,,,,,,,,,,,,,,,CU_DOW,DOW-CAN-N,,,,,2022-02-22 21:10:00,CU_DOW2022-02-22 21:10:00,False,,,,
473,,,,,,2022-02-22 21:20:00,IOP5,,,,,,,,,,,,,,,,CU_DOW,DOW-CAN-N,,,,,2022-02-22 21:20:00,CU_DOW2022-02-22 21:20:00,False,,,,
474,,,,,,2022-02-22 21:30:00,IOP5,,,,,,,,,,,,,,,,CU_DOW,DOW-CAN-N,,,,,2022-02-22 21:30:00,CU_DOW2022-02-22 21:30:00,False,,,,
475,,,,,,2022-02-22 21:50:00,IOP5,FZRA,PL,,,,,,,,,,,FZRA and PL,,,CU_DOW,DOW-CAN-N,,,,,2022-02-22 21:50:00,CU_DOW2022-02-22 21:50:00,False,,,,
476,-1809.3610802995697,80.20706124216763,86.46868907814371,-6.959081078075267,53.0,2022-02-22 22:10:00,IOP5,FZRA,,,,6742.626681883693,2233.0,3.502663211368152,313.0,53.0,53.0,255.0,-6.524790454149173,FZRA,5.890869784861774,-9.081803131368858,CU_DOW,DOW-CAN-N,2233.0,308.0,"soundings_wintremix/upperair.sounding.202202222200.CU_DOW-CAN_N.csv,soundings_wintremix/upperair.sounding.202202230000.CU_DOW-CAN_N.csv",1920.0,2022-02-22 22:10:00,CU_DOW2022-02-22 22:10:00,True,upperair.sounding.202202222200.CU_DOW-CAN_N.csv,,,
477,-1539.9949426603853,82.71799080221597,88.06235837070282,-6.285693643511776,53.0,2022-02-22 22:20:00,IOP5,FZRA,,,,6705.637373984269,2228.0,3.4654456713097,298.0,53.0,53.0,240.0,-6.402632908298394,FZRA,5.7597190265561045,-8.24032468467286,CU_DOW,DOW-CAN-N,2228.0,293.0,"soundings_wintremix/upperair.sounding.202202222200.CU_DOW-CAN_N.csv,soundings_wintremix/upperair.sounding.202202230000.CU_DOW-CAN_N.csv",1930.0,2022-02-22 22:20:00,CU_DOW2022-02-22 22:20:00,False,,,,
478,-1409.408714618261,83.99580211179445,88.8396417281076,-5.872536310909422,53.0,2022-02-22 22:30:00,IOP5,FZRA,,,,6691.3104872439,2228.0,3.4491291171360308,293.0,53.0,53.0,235.0,-6.280475362447616,FZRA,5.695884869959501,-8.02012579743943,CU_DOW,DOW-CAN-N,2228.0,288.0,"soundings_wintremix/upperair.sounding.202202222200.CU_DOW-CAN_N.csv,soundings_wintremix/upperair.sounding.202202230000.CU_DOW-CAN_N.csv",1935.0,2022-02-22 22:30:00,CU_DOW2022-02-22 22:30:00,False,,,,
479,-1281.0799394896374,85.27361342137293,89.77153145309119,-5.451403997828243,53.0,2022-02-22 22:40:00,IOP5,FZRA,,,,6679.30813726,2223.0,3.4429423387938143,288.0,53.0,53.0,230.0,-6.158317816596837,FZRA,5.632050713362899,-7.8113739853162345,CU_DOW,DOW-CAN-N,2223.0,283.0,"soundings_wintremix/upperair.sounding.202202222200.CU_DOW-CAN_N.csv,soundings_wintremix/upperair.sounding.202202230000.CU_DOW-CAN_N.csv",1935.0,2022-02-22 22:40:00,CU_DOW2022-02-22 22:40:00,False,,,,
480,-1156.2723500855195,86.55142473095142,90.87803100729117,-5.027271087328345,53.0,2022-02-22 22:50:00,IOP5,FZRA,,,,6670.857416658764,2223.0,3.429746743783426,283.0,53.0,53.0,225.0,-6.036160270746058,FZRA,5.568216556766297,-7.607120132313859,CU_DOW,DOW-CAN-N,2223.0,278.0,"soundings_wintremix/upperair.sounding.202202222200.CU_DOW-CAN_N.csv,soundings_wintremix/upperair.sounding.202202230000.CU_DOW-CAN_N.csv",1940.0,2022-02-22 22:50:00,CU_DOW2022-02-22 22:50:00,False,,,,
481,-1035.2243197033938,87.91282337689066,91.9719882171087,-4.70556508956088,53.0,2022-02-22 23:00:00,IOP5,FZRA,,,,6666.263034174242,2218.0,3.4185964277816625,273.0,53.0,53.0,215.0,-5.914002724895279,FZRA,5.504382400169695,-7.407239926585582,CU_DOW,DOW-CAN-N,2218.0,268.0,"soundings_wintremix/upperair.sounding.202202222200.CU_DOW-CAN_N.csv,soundings_wintremix/upperair.sounding.202202230000.CU_DOW-CAN_N.csv",1945.0,2022-02-22 23:00:00,CU_DOW2022-02-22 23:00:00,False,,,,
482,-921.9991667041372,89.37413418544709,93.05350487825307,-4.728200854893012,53.0,2022-02-22 23:10:00,IOP5,FZRA,,,,6669.520027328757,2213.0,3.385543161080588,248.0,53.0,53.0,190.0,-5.7918451790445005,FZRA,5.440548243573093,-7.207359720857307,CU_DOW,DOW-CAN-N,2213.0,243.0,"soundings_wintremix/upperair.sounding.202202222200.CU_DOW-CAN_N.csv,soundings_wintremix/upperair.sounding.202202230000.CU_DOW-CAN_N.csv",1965.0,2022-02-22 23:10:00,CU_DOW2022-02-22 23:10:00,False,,,,
483,-835.7578860507364,90.83544499400351,94.1226821523774,-5.065199309398404,53.0,2022-02-22 23:20:00,IOP5,FZRA,,,,6699.840054020385,2213.0,3.3499200270101928,218.0,53.0,53.0,160.0,-5.669687633193721,FZRA,5.37671408697649,-7.007479515129029,CU_DOW,DOW-CAN-N,2213.0,213.0,"soundings_wintremix/upperair.sounding.202202222200.CU_DOW-CAN_N.csv,soundings_wintremix/upperair.sounding.202202230000.CU_DOW-CAN_N.csv",1995.0,2022-02-22 23:20:00,CU_DOW2022-02-22 23:20:00,False,,,,
484,-766.0172042014517,92.29675580255994,95.22167007734639,-4.9420464787190435,53.0,2022-02-22 23:30:00,IOP5,FZRA,,,,6746.742419313891,2208.0,3.364958812625382,208.0,53.0,53.0,150.0,-5.547530087342942,FZRA,5.3128799303798875,-6.807599309400754,CU_DOW,DOW-CAN-N,2208.0,203.0,"soundings_wintremix/upperair.sounding.202202222200.CU_DOW-CAN_N.csv,soundings_wintremix/upperair.sounding.202202230000.CU_DOW-CAN_N.csv",2000.0,2022-02-22 23:30:00,CU_DOW2022-02-22 23:30:00,False,,,,
485,-636.376861430613,96.70984230141715,99.16019239207299,-4.7139026772638,48.0,2022-02-23 00:00:00,IOP5,FZRA,,,,6938.337432904347,2198.0,3.4348205113387853,183.0,48.0,48.0,130.0,-5.1264999999999645,FZRA,5.219086471723525,-6.213151253995761,CU_DOW,DOW-CAN-N,2198.0,178.0,"soundings_wintremix/upperair.sounding.202202230000.CU_DOW-CAN_N.csv,soundings_wintremix/upperair.sounding.202202230200.CU_DOW-CAN_N.csv",2015.0,2022-02-23 00:00:00,CU_DOW2022-02-23 00:00:00,False,,,,
486,-636.376861430613,96.70984230141715,99.16019239207299,-4.7139026772638,48.0,2022-02-23 00:10:00,IOP5,FZRA,,,,6938.337432904347,2198.0,3.4348205113387853,183.0,48.0,48.0,130.0,-4.384868511580858,FZRA,5.219086471723525,-6.213151253995761,CU_DOW,DOW-CAN-N,2198.0,178.0,"soundings_wintremix/upperair.sounding.202202230000.CU_DOW-CAN_N.csv,soundings_wintremix/upperair.sounding.202202230200.CU_DOW-CAN_N.csv",2015.0,2022-02-23 00:10:00,CU_DOW2022-02-23 00:10:00,True,upperair.sounding.202202230000.CU_DOW-CAN_N.csv,,,
487,-447.49009743344476,96.2031756884955,97.26190875854276,-3.5799207794675585,48.0,2022-02-23 00:20:00,IOP5,FZRA,,,,7010.667090298004,2203.0,3.4450452532176925,173.0,48.0,48.0,120.0,-3.6432370231617526,FZRA,5.178564733925558,-4.528676149322368,CU_DOW,DOW-CAN-N,2203.0,168.0,"soundings_wintremix/upperair.sounding.202202230000.CU_DOW-CAN_N.csv,soundings_wintremix/upperair.sounding.202202230200.CU_DOW-CAN_N.csv",2030.0,2022-02-23 00:20:00,CU_DOW2022-02-23 00:20:00,False,,,,
488,-357.4079371326041,95.94984238203467,96.32652710799816,-3.107895105500906,48.0,2022-02-23 00:30:00,IOP5,FZRA,,,,7051.244884767267,2203.0,3.4480415084436515,163.0,48.0,48.0,110.0,-2.9016055347426453,FZRA,5.16413551738686,-3.6872551843482078,CU_DOW,DOW-CAN-N,2203.0,158.0,"soundings_wintremix/upperair.sounding.202202230000.CU_DOW-CAN_N.csv,soundings_wintremix/upperair.sounding.202202230200.CU_DOW-CAN_N.csv",2040.0,2022-02-23 00:30:00,CU_DOW2022-02-23 00:30:00,False,,,,
489,-269.15448236137416,95.69650907557384,95.4555991061073,-2.340473759664124,48.0,2022-02-23 00:40:00,IOP5,FZRA,,,,7093.65379963902,2208.0,3.460318926653181,163.0,48.0,48.0,110.0,-2.159974046323539,FZRA,5.151989334999773,-2.878787679371952,CU_DOW,DOW-CAN-N,2208.0,158.0,"soundings_wintremix/upperair.sounding.202202230000.CU_DOW-CAN_N.csv,soundings_wintremix/upperair.sounding.202202230200.CU_DOW-CAN_N.csv",2045.0,2022-02-23 00:40:00,CU_DOW2022-02-23 00:40:00,False,,,,
490,-183.1366489432387,95.07113662843778,94.6859457538372,-1.6648786267567148,48.0,2022-02-23 00:50:00,IOP5,FZRA,,,,7138.369638043994,2208.0,3.4736591912622847,158.0,48.0,48.0,105.0,-1.4183425579044326,FZRA,5.139843152612687,-2.1037728015797827,CU_DOW,DOW-CAN-N,2208.0,153.0,"soundings_wintremix/upperair.sounding.202202230000.CU_DOW-CAN_N.csv,soundings_wintremix/upperair.sounding.202202230200.CU_DOW-CAN_N.csv",2050.0,2022-02-23 00:50:00,CU_DOW2022-02-23 00:50:00,False,,,,
491,-100.25942602114132,93.54756593655647,93.68416228755422,-1.0025942602114133,48.0,2022-02-23 01:00:00,IOP5,FZRA,,,,7186.226086945005,2208.0,3.48001263290315,148.0,48.0,48.0,95.0,-0.6767110694853262,FZRA,5.1276969702256,-1.3287579237876128,CU_DOW,DOW-CAN-N,2208.0,143.0,"soundings_wintremix/upperair.sounding.202202230000.CU_DOW-CAN_N.csv,soundings_wintremix/upperair.sounding.202202230200.CU_DOW-CAN_N.csv",2060.0,2022-02-23 01:00:00,CU_DOW2022-02-23 01:00:00,False,,,,
492,-27.66633911219646,93.46006780101244,93.39165742521637,-0.3688845214959528,48.0,2022-02-23 01:10:00,IOP5,RA,,,,7244.3666718591685,2208.0,3.466204149214913,123.0,48.0,48.0,70.0,0.06492041893377998,RA,5.115550787838513,-0.5537430459954432,CU_DOW,DOW-CAN-N,2208.0,118.0,"soundings_wintremix/upperair.sounding.202202230000.CU_DOW-CAN_N.csv,soundings_wintremix/upperair.sounding.202202230200.CU_DOW-CAN_N.csv",2085.0,2022-02-23 01:10:00,CU_DOW2022-02-23 01:10:00,False,,,,
493,,,,,,2022-02-23 01:20:00,IOP5,RA,,,,,,,,,,,0.8065519073528866,RA,,,CU_DOW,DOW-CAN-N,,,"soundings_wintremix/upperair.sounding.202202230000.CU_DOW-CAN_N.csv,soundings_wintremix/upperair.sounding.202202230200.CU_DOW-CAN_N.csv",0.0,2022-02-23 01:20:00,CU_DOW2022-02-23 01:20:00,False,,,,
494,,,,,,2022-02-23 01:30:00,IOP5,RA,,,,,,,,,,,1.5481833957719928,RA,,,CU_DOW,DOW-CAN-N,,,"soundings_wintremix/upperair.sounding.202202230000.CU_DOW-CAN_N.csv,soundings_wintremix/upperair.sounding.202202230200.CU_DOW-CAN_N.csv",0.0,2022-02-23 01:30:00,CU_DOW2022-02-23 01:30:00,False,,,,
495,,,,,,2022-02-23 02:00:00,IOP5,RA,,,,,,,,,,,3.951227000000017,RA,,,CU_DOW,DOW-CAN-N,,,"soundings_wintremix/upperair.sounding.202202230200.CU_DOW-CAN_N.csv,soundings_wintremix/upperair.sounding.202202230400.CU_DOW-CAN_N.csv",0.0,2022-02-23 02:00:00,CU_DOW2022-02-23 02:00:00,False,,,,
496,,,,,,2022-02-23 02:10:00,IOP5,RA,,,,,,,,,,,3.7165999517341355,RA,,,CU_DOW,DOW-CAN-N,,,"soundings_wintremix/upperair.sounding.202202230200.CU_DOW-CAN_N.csv,soundings_wintremix/upperair.sounding.202202230400.CU_DOW-CAN_N.csv",0.0,2022-02-23 02:10:00,CU_DOW2022-02-23 02:10:00,True,upperair.sounding.202202230200.CU_DOW-CAN_N.csv,,,
497,,,,,,2022-02-23 02:20:00,IOP5,RA,,,,,,,,,,,3.4819729034682543,RA,,,CU_DOW,DOW-CAN-N,,,"soundings_wintremix/upperair.sounding.202202230200.CU_DOW-CAN_N.csv,soundings_wintremix/upperair.sounding.202202230400.CU_DOW-CAN_N.csv",0.0,2022-02-23 02:20:00,CU_DOW2022-02-23 02:20:00,False,,,,
498,,,,,,2022-02-23 02:30:00,IOP5,RA,,,,,,,,,,,3.247345855202373,RA,,,CU_DOW,DOW-CAN-N,,,"soundings_wintremix/upperair.sounding.202202230200.CU_DOW-CAN_N.csv,soundings_wintremix/upperair.sounding.202202230400.CU_DOW-CAN_N.csv",0.0,2022-02-23 02:30:00,CU_DOW2022-02-23 02:30:00,False,,,,
499,,,,,,2022-02-23 02:40:00,IOP5,RA,,,,,,,,,,,3.0127188069364914,RA,,,CU_DOW,DOW-CAN-N,,,"soundings_wintremix/upperair.sounding.202202230200.CU_DOW-CAN_N.csv,soundings_wintremix/upperair.sounding.202202230400.CU_DOW-CAN_N.csv",0.0,2022-02-23 02:40:00,CU_DOW2022-02-23 02:40:00,False,,,,
500,,,,,,2022-02-23 02:50:00,IOP5,RA,,,,,,,,,,,2.77809175867061,RA,,,CU_DOW,DOW-CAN-N,,,"soundings_wintremix/upperair.sounding.202202230200.CU_DOW-CAN_N.csv,soundings_wintremix/upperair.sounding.202202230400.CU_DOW-CAN_N.csv",0.0,2022-02-23 02:50:00,CU_DOW2022-02-23 02:50:00,False,,,,
501,,,,,,2022-02-23 03:00:00,IOP5,RA,,,,,,,,,,,2.5434647104047285,RA,,,CU_DOW,DOW-CAN-N,,,"soundings_wintremix/upperair.sounding.202202230200.CU_DOW-CAN_N.csv,soundings_wintremix/upperair.sounding.202202230400.CU_DOW-CAN_N.csv",0.0,2022-02-23 03:00:00,CU_DOW2022-02-23 03:00:00,False,,,,
502,,,,,,2022-02-23 03:10:00,IOP5,RA,,,,,,,,,,,2.3088376621388473,RA,,,CU_DOW,DOW-CAN-N,,,"soundings_wintremix/upperair.sounding.202202230200.CU_DOW-CAN_N.csv,soundings_wintremix/upperair.sounding.202202230400.CU_DOW-CAN_N.csv",0.0,2022-02-23 03:10:00,CU_DOW2022-02-23 03:10:00,False,,,,
503,,,,,,2022-02-23 03:20:00,IOP5,RA,,,,,,,,,,,2.0742106138729657,RA,,,CU_DOW,DOW-CAN-N,,,"soundings_wintremix/upperair.sounding.202202230200.CU_DOW-CAN_N.csv,soundings_wintremix/upperair.sounding.202202230400.CU_DOW-CAN_N.csv",0.0,2022-02-23 03:20:00,CU_DOW2022-02-23 03:20:00,False,,,,
504,,,,,,2022-02-23 03:30:00,IOP5,RA,,,,,,,,,,,1.8395835656070842,RA,,,CU_DOW,DOW-CAN-N,,,"soundings_wintremix/upperair.sounding.202202230200.CU_DOW-CAN_N.csv,soundings_wintremix/upperair.sounding.202202230400.CU_DOW-CAN_N.csv",0.0,2022-02-23 03:30:00,CU_DOW2022-02-23 03:30:00,False,,,,
505,,,,,,2022-02-23 04:10:00,IOP5,RA,,,,,,,,,,,,RA,,,CU_DOW,DOW-CAN-N,,,,0.0,2022-02-23 04:10:00,CU_DOW2022-02-23 04:10:00,True,upperair.sounding.202202230400.CU_DOW-CAN_N.csv,,,
506,,,,,,2022-02-23 04:20:00,IOP5,RA,,,,,,,,,,,,RA,,,CU_DOW,DOW-CAN-N,,,,,2022-02-23 04:20:00,CU_DOW2022-02-23 04:20:00,False,,,,
507,,,,,,2022-02-23 04:30:00,IOP5,RA,,,,,,,,,,,,RA,,,CU_DOW,DOW-CAN-N,,,,,2022-02-23 04:30:00,CU_DOW2022-02-23 04:30:00,False,,,,
508,,,,,,2022-02-23 04:40:00,IOP5,RA,,,,,,,,,,,,RA,,,CU_DOW,DOW-CAN-N,,,,,2022-02-23 04:40:00,CU_DOW2022-02-23 04:40:00,False,,,,
509,,,,,,2022-02-23 04:50:00,IOP5,RA,,,,,,,,,,,,RA,,,CU_DOW,DOW-CAN-N,,,,,2022-02-23 04:50:00,CU_DOW2022-02-23 04:50:00,False,,,,
510,,,,,,2022-02-23 05:00:00,IOP5,RA,,,,,,,,,,,,RA,,,CU_DOW,DOW-CAN-N,,,,,2022-02-23 05:00:00,CU_DOW2022-02-23 05:00:00,False,,,,
511,,,,,,2022-02-23 05:10:00,IOP5,RA,,,,,,,,,,,,RA,,,CU_DOW,DOW-CAN-N,,,,,2022-02-23 05:10:00,CU_DOW2022-02-23 05:10:00,False,,,,
512,,,,,,2022-02-23 05:20:00,IOP5,,,,,,,,,,,,,,,,CU_DOW,DOW-CAN-N,,,,,2022-02-23 05:20:00,CU_DOW2022-02-23 05:20:00,False,,,,
513,,,,,,2022-02-23 05:30:00,IOP5,RA,,,,,,,,,,,,RA,,,CU_DOW,DOW-CAN-N,,,,,2022-02-23 05:30:00,CU_DOW2022-02-23 05:30:00,False,,,,
514,,,,,,2022-03-01 16:00:00,IOP7,SN,,,,,,,,,,,,SN,,,CU_DOW,DOW-CAN-SE,,,,,2022-03-01 16:00:00,CU_DOW2022-03-01 16:00:00,False,,,,
515,,,,,,2022-03-01 16:16:00,IOP7,SN,,,,,,,,,,,,SN,,,CU_DOW,DOW-CAN-SE,,,,,2022-03-01 16:10:00,CU_DOW2022-03-01 16:10:00,False,,,,
516,,,,,,2022-03-01 16:29:00,IOP7,SN,,,,,,,,,,,,SN,,,CU_DOW,DOW-CAN-SE,,,,,2022-03-01 16:30:00,CU_DOW2022-03-01 16:30:00,False,,,,
517,,,,,,2022-03-01 17:10:00,IOP7,SN,,,,,,,,,,,-4.9167019186880605,SN,,,CU_DOW,DOW-CAN-SE,,,"soundings_wintremix/upperair.sounding.202203011700.CU_DOW-CAN_SE.csv,soundings_wintremix/upperair.sounding.202203011900.CU_DOW-CAN_SE.csv",0.0,2022-03-01 17:10:00,CU_DOW2022-03-01 17:10:00,True,upperair.sounding.202203011700.CU_DOW-CAN_SE.csv,,,
518,,,,,,2022-03-01 17:20:00,IOP7,SN,,,,,,,,,,,-4.93750383737614,SN,,,CU_DOW,DOW-CAN-SE,,,"soundings_wintremix/upperair.sounding.202203011700.CU_DOW-CAN_SE.csv,soundings_wintremix/upperair.sounding.202203011900.CU_DOW-CAN_SE.csv",0.0,2022-03-01 17:20:00,CU_DOW2022-03-01 17:20:00,False,,,,
519,,,,,,2022-03-01 17:30:00,IOP7,SN,,,,,,,,,,,-4.958305756064218,SN,,,CU_DOW,DOW-CAN-SE,,,"soundings_wintremix/upperair.sounding.202203011700.CU_DOW-CAN_SE.csv,soundings_wintremix/upperair.sounding.202203011900.CU_DOW-CAN_SE.csv",0.0,2022-03-01 17:30:00,CU_DOW2022-03-01 17:30:00,False,,,,
520,,,,,,2022-03-01 17:40:00,IOP7,SN,,,,,,,,,,,-4.979107674752296,SN,,,CU_DOW,DOW-CAN-SE,,,"soundings_wintremix/upperair.sounding.202203011700.CU_DOW-CAN_SE.csv,soundings_wintremix/upperair.sounding.202203011900.CU_DOW-CAN_SE.csv",0.0,2022-03-01 17:40:00,CU_DOW2022-03-01 17:40:00,False,,,,
521,,,,,,2022-03-01 17:50:00,IOP7,SN,,,,,,,,,,,-4.999909593440375,SN,,,CU_DOW,DOW-CAN-SE,,,"soundings_wintremix/upperair.sounding.202203011700.CU_DOW-CAN_SE.csv,soundings_wintremix/upperair.sounding.202203011900.CU_DOW-CAN_SE.csv",0.0,2022-03-01 17:50:00,CU_DOW2022-03-01 17:50:00,False,,,,
522,,,,,,2022-03-01 18:00:00,IOP7,SN,,,,,,,,,,,-5.020711512128452,SN,,,CU_DOW,DOW-CAN-SE,,,"soundings_wintremix/upperair.sounding.202203011700.CU_DOW-CAN_SE.csv,soundings_wintremix/upperair.sounding.202203011900.CU_DOW-CAN_SE.csv",0.0,2022-03-01 18:00:00,CU_DOW2022-03-01 18:00:00,False,,,,
523,,,,,,2022-03-01 18:10:00,IOP7,SN,,,,,,,,,,,-5.041513430816531,SN,,,CU_DOW,DOW-CAN-SE,,,"soundings_wintremix/upperair.sounding.202203011700.CU_DOW-CAN_SE.csv,soundings_wintremix/upperair.sounding.202203011900.CU_DOW-CAN_SE.csv",0.0,2022-03-01 18:10:00,CU_DOW2022-03-01 18:10:00,False,,,,
524,,,,,,2022-03-01 18:20:00,IOP7,SN,,,,,,,,,,,-5.062315349504608,SN,,,CU_DOW,DOW-CAN-SE,,,"soundings_wintremix/upperair.sounding.202203011700.CU_DOW-CAN_SE.csv,soundings_wintremix/upperair.sounding.202203011900.CU_DOW-CAN_SE.csv",0.0,2022-03-01 18:20:00,CU_DOW2022-03-01 18:20:00,False,,,,
525,,,,,,2022-03-01 18:50:00,IOP7,,,,,,,,,,,,-5.124721105568842,,,,CU_DOW,DOW-CAN-SE,,,"soundings_wintremix/upperair.sounding.202203011700.CU_DOW-CAN_SE.csv,soundings_wintremix/upperair.sounding.202203011900.CU_DOW-CAN_SE.csv",0.0,2022-03-01 18:50:00,CU_DOW2022-03-01 18:50:00,False,,,,
526,,,,,,2022-03-01 19:10:00,IOP7,SN,,,,,,,,,,,-4.805308114451526,SN,,,CU_DOW,DOW-CAN-SE,,,"soundings_wintremix/upperair.sounding.202203011900.CU_DOW-CAN_SE.csv,soundings_wintremix/upperair.sounding.202203012100.CU_DOW-CAN_SE.csv",0.0,2022-03-01 19:10:00,CU_DOW2022-03-01 19:10:00,True,upperair.sounding.202203011900.CU_DOW-CAN_SE.csv,,,
527,,,,,,2022-03-01 19:40:00,IOP7,SN,,,,,,,,,,,-3.9429854578061976,SN,,,CU_DOW,DOW-CAN-SE,,,"soundings_wintremix/upperair.sounding.202203011900.CU_DOW-CAN_SE.csv,soundings_wintremix/upperair.sounding.202203012100.CU_DOW-CAN_SE.csv",0.0,2022-03-01 19:40:00,CU_DOW2022-03-01 19:40:00,False,,,,
528,,,,,,2022-03-01 19:55:00,IOP7,SN,SN,,,,,,,,,,-3.511824129483533,SN,,,CU_DOW,DOW-CAN-SE,,,"soundings_wintremix/upperair.sounding.202203011900.CU_DOW-CAN_SE.csv,soundings_wintremix/upperair.sounding.202203012100.CU_DOW-CAN_SE.csv",0.0,2022-03-01 19:50:00,CU_DOW2022-03-01 19:50:00,False,,,,
529,,,,,,2022-03-01 20:00:00,IOP7,SN,SN,,,,,,,,,,-3.368103686709312,SN,,,CU_DOW,DOW-CAN-SE,,,"soundings_wintremix/upperair.sounding.202203011900.CU_DOW-CAN_SE.csv,soundings_wintremix/upperair.sounding.202203012100.CU_DOW-CAN_SE.csv",0.0,2022-03-01 20:00:00,CU_DOW2022-03-01 20:00:00,False,,,,
530,,,,,,2022-03-01 20:20:00,IOP7,SN,,,,,,,,,,,-2.793221915612426,SN,,,CU_DOW,DOW-CAN-SE,,,"soundings_wintremix/upperair.sounding.202203011900.CU_DOW-CAN_SE.csv,soundings_wintremix/upperair.sounding.202203012100.CU_DOW-CAN_SE.csv",0.0,2022-03-01 20:20:00,CU_DOW2022-03-01 20:20:00,False,,,,
531,,,,,,2022-03-01 20:30:00,IOP7,SN,,,,,,,,,,,-2.505781030063983,SN,,,CU_DOW,DOW-CAN-SE,,,"soundings_wintremix/upperair.sounding.202203011900.CU_DOW-CAN_SE.csv,soundings_wintremix/upperair.sounding.202203012100.CU_DOW-CAN_SE.csv",0.0,2022-03-01 20:30:00,CU_DOW2022-03-01 20:30:00,False,,,,
532,,,,,,2022-03-01 20:40:00,IOP7,SN,,,,,,,,,,,-2.2183401445155404,SN,,,CU_DOW,DOW-CAN-SE,,,"soundings_wintremix/upperair.sounding.202203011900.CU_DOW-CAN_SE.csv,soundings_wintremix/upperair.sounding.202203012100.CU_DOW-CAN_SE.csv",0.0,2022-03-01 20:40:00,CU_DOW2022-03-01 20:40:00,False,,,,
533,,,,,,2022-03-01 21:00:00,IOP7,SN,SN,,,,,,,,,,-1.6441709999999716,SN,,,CU_DOW,DOW-CAN-SE,,,"soundings_wintremix/upperair.sounding.202203012100.CU_DOW-CAN_SE.csv,soundings_wintremix/upperair.sounding.202203012300.CU_DOW-CAN_SE.csv",0.0,2022-03-01 21:00:00,CU_DOW2022-03-01 21:00:00,False,,,,
534,,,,,,2022-03-01 21:10:00,IOP7,SN,SN,,,,,,,,,,-1.5908753920374206,SN,,,CU_DOW,DOW-CAN-SE,,,"soundings_wintremix/upperair.sounding.202203012100.CU_DOW-CAN_SE.csv,soundings_wintremix/upperair.sounding.202203012300.CU_DOW-CAN_SE.csv",0.0,2022-03-01 21:10:00,CU_DOW2022-03-01 21:10:00,True,upperair.sounding.202203012100.CU_DOW-CAN_SE.csv,,,
535,,,,,,2022-03-01 21:20:00,IOP7,,,,,,,,,,,,-1.5375797840748702,,,,CU_DOW,DOW-CAN-SE,,,"soundings_wintremix/upperair.sounding.202203012100.CU_DOW-CAN_SE.csv,soundings_wintremix/upperair.sounding.202203012300.CU_DOW-CAN_SE.csv",0.0,2022-03-01 21:20:00,CU_DOW2022-03-01 21:20:00,False,,,,
536,,,,,,2022-03-01 21:30:00,IOP7,,,,,,,,,,,,-1.484284176112319,,,,CU_DOW,DOW-CAN-SE,,,"soundings_wintremix/upperair.sounding.202203012100.CU_DOW-CAN_SE.csv,soundings_wintremix/upperair.sounding.202203012300.CU_DOW-CAN_SE.csv",0.0,2022-03-01 21:30:00,CU_DOW2022-03-01 21:30:00,False,,,,
537,,,,,,2022-03-01 21:40:00,IOP7,,,,,,,,,,,,-1.4309885681497683,,,,CU_DOW,DOW-CAN-SE,,,"soundings_wintremix/upperair.sounding.202203012100.CU_DOW-CAN_SE.csv,soundings_wintremix/upperair.sounding.202203012300.CU_DOW-CAN_SE.csv",0.0,2022-03-01 21:40:00,CU_DOW2022-03-01 21:40:00,False,,,,
538,,,,,,2022-03-01 21:50:00,IOP7,,,,,,,,,,,,-1.3776929601872177,,,,CU_DOW,DOW-CAN-SE,,,"soundings_wintremix/upperair.sounding.202203012100.CU_DOW-CAN_SE.csv,soundings_wintremix/upperair.sounding.202203012300.CU_DOW-CAN_SE.csv",0.0,2022-03-01 21:50:00,CU_DOW2022-03-01 21:50:00,False,,,,
539,,,,,,2022-03-01 22:00:00,IOP7,,,,,,,,,,,,-1.3243973522246666,,,,CU_DOW,DOW-CAN-SE,,,"soundings_wintremix/upperair.sounding.202203012100.CU_DOW-CAN_SE.csv,soundings_wintremix/upperair.sounding.202203012300.CU_DOW-CAN_SE.csv",0.0,2022-03-01 22:00:00,CU_DOW2022-03-01 22:00:00,False,,,,
540,,,,,,2022-03-01 22:10:00,IOP7,,,,,,,,,,,,-1.271101744262116,,,,CU_DOW,DOW-CAN-SE,,,"soundings_wintremix/upperair.sounding.202203012100.CU_DOW-CAN_SE.csv,soundings_wintremix/upperair.sounding.202203012300.CU_DOW-CAN_SE.csv",0.0,2022-03-01 22:10:00,CU_DOW2022-03-01 22:10:00,False,,,,
541,,,,,,2022-03-01 22:30:00,IOP7,,,,,,,,,,,,-1.1645105283370143,,,,CU_DOW,DOW-CAN-SE,,,"soundings_wintremix/upperair.sounding.202203012100.CU_DOW-CAN_SE.csv,soundings_wintremix/upperair.sounding.202203012300.CU_DOW-CAN_SE.csv",0.0,2022-03-01 22:30:00,CU_DOW2022-03-01 22:30:00,False,,,,
542,,,,,,2022-03-01 22:40:00,IOP7,,,,,,,,,,,,-1.1112149203744635,,,,CU_DOW,DOW-CAN-SE,,,"soundings_wintremix/upperair.sounding.202203012100.CU_DOW-CAN_SE.csv,soundings_wintremix/upperair.sounding.202203012300.CU_DOW-CAN_SE.csv",0.0,2022-03-01 22:40:00,CU_DOW2022-03-01 22:40:00,False,,,,
543,,,,,,2022-03-01 23:00:00,IOP7,,,,,,,,,,,,-1.0649999999999977,,,,CU_DOW,DOW-CAN-SE,,,"soundings_wintremix/upperair.sounding.202203012300.CU_DOW-CAN_SE.csv,soundings_wintremix/upperair.sounding.202203020100.CU_DOW-CAN_SE.csv",0.0,2022-03-01 23:00:00,CU_DOW2022-03-01 23:00:00,False,,,,
544,,,,,,2022-03-01 23:10:00,IOP7,,,,,,,,,,,,-1.1197546236077187,,,,CU_DOW,DOW-CAN-SE,,,"soundings_wintremix/upperair.sounding.202203012300.CU_DOW-CAN_SE.csv,soundings_wintremix/upperair.sounding.202203020100.CU_DOW-CAN_SE.csv",0.0,2022-03-01 23:10:00,CU_DOW2022-03-01 23:10:00,True,upperair.sounding.202203012300.CU_DOW-CAN_SE.csv,,,
545,,,,,,2022-03-01 23:20:00,IOP7,SN,,,,,,,,,,,-1.1745092472154401,SN,,,CU_DOW,DOW-CAN-SE,,,"soundings_wintremix/upperair.sounding.202203012300.CU_DOW-CAN_SE.csv,soundings_wintremix/upperair.sounding.202203020100.CU_DOW-CAN_SE.csv",0.0,2022-03-01 23:20:00,CU_DOW2022-03-01 23:20:00,False,,,,
546,,,,,,2022-03-01 23:30:00,IOP7,SN,,,,,,,,,,,-1.2292638708231611,SN,,,CU_DOW,DOW-CAN-SE,,,"soundings_wintremix/upperair.sounding.202203012300.CU_DOW-CAN_SE.csv,soundings_wintremix/upperair.sounding.202203020100.CU_DOW-CAN_SE.csv",0.0,2022-03-01 23:30:00,CU_DOW2022-03-01 23:30:00,False,,,,
547,,,,,,2022-03-01 23:40:00,IOP7,SN,,,,,,,,,,,-1.2840184944308821,SN,,,CU_DOW,DOW-CAN-SE,,,"soundings_wintremix/upperair.sounding.202203012300.CU_DOW-CAN_SE.csv,soundings_wintremix/upperair.sounding.202203020100.CU_DOW-CAN_SE.csv",0.0,2022-03-01 23:40:00,CU_DOW2022-03-01 23:40:00,False,,,,
548,,,,,,2022-03-01 23:50:00,IOP7,SN,,,,,,,,,,,-1.3387731180386035,SN,,,CU_DOW,DOW-CAN-SE,,,"soundings_wintremix/upperair.sounding.202203012300.CU_DOW-CAN_SE.csv,soundings_wintremix/upperair.sounding.202203020100.CU_DOW-CAN_SE.csv",0.0,2022-03-01 23:50:00,CU_DOW2022-03-01 23:50:00,False,,,,
549,,,,,,2022-03-02 00:00:00,IOP7,SN,,,,,,,,,,,-1.3935277416463245,SN,,,CU_DOW,DOW-CAN-SE,,,"soundings_wintremix/upperair.sounding.202203012300.CU_DOW-CAN_SE.csv,soundings_wintremix/upperair.sounding.202203020100.CU_DOW-CAN_SE.csv",0.0,2022-03-02 00:00:00,CU_DOW2022-03-02 00:00:00,False,,,,
550,,,,,,2022-03-02 00:10:00,IOP7,SN,,,,,,,,,,,-1.448282365254046,SN,,,CU_DOW,DOW-CAN-SE,,,"soundings_wintremix/upperair.sounding.202203012300.CU_DOW-CAN_SE.csv,soundings_wintremix/upperair.sounding.202203020100.CU_DOW-CAN_SE.csv",0.0,2022-03-02 00:10:00,CU_DOW2022-03-02 00:10:00,False,,,,
551,,,,,,2022-03-02 00:20:00,IOP7,SN,,,,,,,,,,,-1.5030369888617665,SN,,,CU_DOW,DOW-CAN-SE,,,"soundings_wintremix/upperair.sounding.202203012300.CU_DOW-CAN_SE.csv,soundings_wintremix/upperair.sounding.202203020100.CU_DOW-CAN_SE.csv",0.0,2022-03-02 00:20:00,CU_DOW2022-03-02 00:20:00,False,,,,
552,,,,,,2022-03-02 00:30:00,IOP7,SN,,,,,,,,,,,-1.557791612469488,SN,,,CU_DOW,DOW-CAN-SE,,,"soundings_wintremix/upperair.sounding.202203012300.CU_DOW-CAN_SE.csv,soundings_wintremix/upperair.sounding.202203020100.CU_DOW-CAN_SE.csv",0.0,2022-03-02 00:30:00,CU_DOW2022-03-02 00:30:00,False,,,,
553,,,,,,2022-03-02 00:40:00,IOP7,,,,,,,,,,,,-1.6125462360772091,,,,CU_DOW,DOW-CAN-SE,,,"soundings_wintremix/upperair.sounding.202203012300.CU_DOW-CAN_SE.csv,soundings_wintremix/upperair.sounding.202203020100.CU_DOW-CAN_SE.csv",0.0,2022-03-02 00:40:00,CU_DOW2022-03-02 00:40:00,False,,,,
554,,,,,,2022-03-02 01:10:00,IOP7,SN,,,,,,,,,,,,SN,,,CU_DOW,DOW-CAN-SE,,,,0.0,2022-03-02 01:10:00,CU_DOW2022-03-02 01:10:00,True,upperair.sounding.202203020100.CU_DOW-CAN_SE.csv,,,
555,,,,,,2022-03-02 01:20:00,IOP7,SN,,,,,,,,,,,,SN,,,CU_DOW,DOW-CAN-SE,,,,,2022-03-02 01:20:00,CU_DOW2022-03-02 01:20:00,False,,,,
556,,,,,,2022-03-02 01:30:00,IOP7,SN,,,,,,,,,,,,SN,,,CU_DOW,DOW-CAN-SE,,,,,2022-03-02 01:30:00,CU_DOW2022-03-02 01:30:00,False,,,,
557,,,,,,2022-03-02 01:40:00,IOP7,SN,,,,,,,,,,,,SN,,,CU_DOW,DOW-CAN-SE,,,,,2022-03-02 01:40:00,CU_DOW2022-03-02 01:40:00,False,,,,
558,,,,,,2022-03-02 01:50:00,IOP7,SN,,,,,,,,,,,,SN,,,CU_DOW,DOW-CAN-SE,,,,,2022-03-02 01:50:00,CU_DOW2022-03-02 01:50:00,False,,,,
559,,,,,,2022-03-06 09:00:00,IOP8,PL,,,,,,,,,,,,PL,,,CU_DOW,DOW-CAN-N,,,,,2022-03-06 09:00:00,CU_DOW2022-03-06 09:00:00,False,,,,
560,,,,,,2022-03-06 09:10:00,IOP8,RA,,,,,,,,,,,,RA,,,CU_DOW,DOW-CAN-N,,,,,2022-03-06 09:10:00,CU_DOW2022-03-06 09:10:00,False,,,,
561,,,,,,2022-03-06 09:20:00,IOP8,RA,,,,,,,,,,,,RA,,,CU_DOW,DOW-CAN-N,,,,,2022-03-06 09:20:00,CU_DOW2022-03-06 09:20:00,False,,,,
562,,,,,,2022-03-06 09:30:00,IOP8,PL,,,,,,,,,,,,PL,,,CU_DOW,DOW-CAN-N,,,,,2022-03-06 09:30:00,CU_DOW2022-03-06 09:30:00,False,,,,
563,,,,,,2022-03-06 09:40:00,IOP8,RA,,,,,,,,,,,,RA,,,CU_DOW,DOW-CAN-N,,,,,2022-03-06 09:40:00,CU_DOW2022-03-06 09:40:00,False,,,,
564,-1232.9299762977694,66.30636023106416,65.9149262069575,-1.7868550381127093,57.0,2022-03-06 10:00:00,IOP8,RA,,,,464.25890610102715,2112.0,0.8677736562636023,1582.0,57.0,57.0,685.0,0.583642999999995,RA,1.3124487405282954,-2.5805991557276724,CU_DOW,DOW-CAN-N,2112.0,742.0,"soundings_wintremix/upperair.sounding.202203061000.CU_DOW-CAN_N.csv,soundings_wintremix/upperair.sounding.202203061200.CU_DOW-CAN_N.csv",530.0,2022-03-06 10:00:00,CU_DOW2022-03-06 10:00:00,False,,,,
565,-1232.9299762977694,66.30636023106416,65.9149262069575,-1.7868550381127093,57.0,2022-03-06 10:10:00,IOP8,,,,,464.25890610102715,2112.0,0.8677736562636023,1582.0,57.0,57.0,685.0,0.6992650608612618,,1.3124487405282954,-2.5805991557276724,CU_DOW,DOW-CAN-N,2112.0,742.0,"soundings_wintremix/upperair.sounding.202203061000.CU_DOW-CAN_N.csv,soundings_wintremix/upperair.sounding.202203061200.CU_DOW-CAN_N.csv",530.0,2022-03-06 10:10:00,CU_DOW2022-03-06 10:10:00,True,upperair.sounding.202203061000.CU_DOW-CAN_N.csv,,,
566,-1076.361742647775,66.27224022401836,65.47813892518568,-1.6065100636533955,57.0,2022-03-06 10:20:00,IOP8,RA,,,,848.0877340950804,2122.0,0.9371135183371051,1222.0,57.0,57.0,665.0,0.8148871217225288,RA,1.7715031799947087,-2.3951445617485203,CU_DOW,DOW-CAN-N,2122.0,722.0,"soundings_wintremix/upperair.sounding.202203061000.CU_DOW-CAN_N.csv,soundings_wintremix/upperair.sounding.202203061200.CU_DOW-CAN_N.csv",900.0,2022-03-06 10:20:00,CU_DOW2022-03-06 10:20:00,False,,,,
567,-999.4502844415881,67.16247276482157,66.28796296790033,-1.5143186127902852,57.0,2022-03-06 10:30:00,IOP8,,,,,1167.3142701281517,2127.0,0.8249570813626517,717.0,57.0,57.0,655.0,0.9305091825837957,,2.0221705782948214,-2.3024172647589443,CU_DOW,DOW-CAN-N,2127.0,712.0,"soundings_wintremix/upperair.sounding.202203061000.CU_DOW-CAN_N.csv,soundings_wintremix/upperair.sounding.202203061200.CU_DOW-CAN_N.csv",1410.0,2022-03-06 10:30:00,CU_DOW2022-03-06 10:30:00,False,,,,
568,-923.6029808913985,68.07353972958522,67.0962432625309,-1.410080886857097,57.0,2022-03-06 10:40:00,IOP8,,,,,1440.6584419928233,2137.0,1.0074534559390376,712.0,57.0,57.0,650.0,1.0461312434450625,,2.2728379765949334,-2.209689967769368,CU_DOW,DOW-CAN-N,2137.0,707.0,"soundings_wintremix/upperair.sounding.202203061000.CU_DOW-CAN_N.csv,soundings_wintremix/upperair.sounding.202203061200.CU_DOW-CAN_N.csv",1425.0,2022-03-06 10:40:00,CU_DOW2022-03-06 10:40:00,False,,,,
569,-848.7907141719821,68.98460669434887,67.91614930521867,-1.3058318679568954,57.0,2022-03-06 10:50:00,IOP8,,RA,,,1715.3579847270641,2142.0,1.1912208227271277,707.0,57.0,57.0,645.0,1.1617533043063295,,2.523505374895046,-2.1169626707797926,CU_DOW,DOW-CAN-N,2142.0,702.0,"soundings_wintremix/upperair.sounding.202203061000.CU_DOW-CAN_N.csv,soundings_wintremix/upperair.sounding.202203061200.CU_DOW-CAN_N.csv",1435.0,2022-03-06 10:50:00,CU_DOW2022-03-06 10:50:00,False,,,,
570,-774.7986387031265,69.89567365911252,68.74984199076034,-1.201238199539731,57.0,2022-03-06 11:00:00,IOP8,,,,,1991.2258131994954,2152.0,1.3685400778003403,702.0,57.0,57.0,640.0,1.2773753651675963,,2.79871105363839,-2.024235373790216,CU_DOW,DOW-CAN-N,2152.0,697.0,"soundings_wintremix/upperair.sounding.202203061000.CU_DOW-CAN_N.csv,soundings_wintremix/upperair.sounding.202203061200.CU_DOW-CAN_N.csv",1450.0,2022-03-06 11:00:00,CU_DOW2022-03-06 11:00:00,False,,,,
571,-627.9658419742773,71.7296948833498,70.41246887819023,-0.9811966280848081,57.0,2022-03-06 11:20:00,IOP8,,,,,2545.312954891049,2172.0,1.7198060506020603,697.0,57.0,57.0,635.0,1.50861948689013,,3.39665670129016,-1.8471039581932756,CU_DOW,DOW-CAN-N,2172.0,692.0,"soundings_wintremix/upperair.sounding.202203061000.CU_DOW-CAN_N.csv,soundings_wintremix/upperair.sounding.202203061200.CU_DOW-CAN_N.csv",1475.0,2022-03-06 11:20:00,CU_DOW2022-03-06 11:20:00,False,,,,
572,-555.2747139069849,72.65967080435152,71.2429533071268,-0.8744483683574564,57.0,2022-03-06 11:30:00,IOP8,,,,,2823.507876313386,2177.0,1.8949717290693866,692.0,57.0,57.0,630.0,1.624241547751397,,3.820204543301151,-1.7678189599455219,CU_DOW,DOW-CAN-N,2177.0,687.0,"soundings_wintremix/upperair.sounding.202203061000.CU_DOW-CAN_N.csv,soundings_wintremix/upperair.sounding.202203061200.CU_DOW-CAN_N.csv",1485.0,2022-03-06 11:30:00,CU_DOW2022-03-06 11:30:00,False,,,,
573,-483.2373394721897,73.58964672535325,72.08864249759843,-0.7670433959876026,57.0,2022-03-06 11:40:00,IOP8,,,,,3102.5248005241847,2182.0,2.0683498670161233,687.0,57.0,57.0,625.0,1.739863608612664,,4.243752385312144,-1.6885339616977677,CU_DOW,DOW-CAN-N,2182.0,682.0,"soundings_wintremix/upperair.sounding.202203061000.CU_DOW-CAN_N.csv,soundings_wintremix/upperair.sounding.202203061200.CU_DOW-CAN_N.csv",1495.0,2022-03-06 11:40:00,CU_DOW2022-03-06 11:40:00,False,,,,
574,-333.75930160307075,63.164331558804165,61.96193434944723,-0.9962964226957335,58.0,2022-03-06 12:00:00,IOP8,,,,,3670.2885305781797,2198.0,2.360314167574392,648.0,58.0,58.0,330.0,1.9711000000000354,,5.097029375877198,-1.5305997522075774,CU_DOW,DOW-CAN-N,2198.0,388.0,"soundings_wintremix/upperair.sounding.202203061200.CU_DOW-CAN_N.csv,soundings_wintremix/upperair.sounding.202203061400.CU_DOW-CAN_N.csv",1550.0,2022-03-06 12:00:00,CU_DOW2022-03-06 12:00:00,False,,,,
575,-333.75930160307075,63.164331558804165,61.96193434944723,-0.9962964226957335,58.0,2022-03-06 12:10:00,IOP8,,,,,3670.2885305781797,2198.0,2.360314167574392,648.0,58.0,58.0,330.0,2.0351908454844554,,5.097029375877198,-1.5305997522075774,CU_DOW,DOW-CAN-N,2198.0,388.0,"soundings_wintremix/upperair.sounding.202203061200.CU_DOW-CAN_N.csv,soundings_wintremix/upperair.sounding.202203061400.CU_DOW-CAN_N.csv",1550.0,2022-03-06 12:10:00,CU_DOW2022-03-06 12:10:00,True,upperair.sounding.202203061200.CU_DOW-CAN_N.csv,,,
576,-174.2393353260668,65.04264842468984,63.458642301133025,-0.7575623275046383,58.0,2022-03-06 12:40:00,IOP8,,,,,4695.456151062085,2288.0,2.3418733920509154,288.0,58.0,58.0,225.0,2.2274633819377154,,5.329487054469301,-1.0425245760280712,CU_DOW,DOW-CAN-N,2288.0,283.0,"soundings_wintremix/upperair.sounding.202203061200.CU_DOW-CAN_N.csv,soundings_wintremix/upperair.sounding.202203061400.CU_DOW-CAN_N.csv",2000.0,2022-03-06 12:40:00,CU_DOW2022-03-06 12:40:00,False,,,,
577,-144.3766316049179,66.09165029741142,64.32013531445267,-0.687507769547228,58.0,2022-03-06 12:50:00,IOP8,,,,,4971.83758374651,2303.0,2.43717528615025,268.0,58.0,58.0,205.0,2.291554227422136,,5.387601474117329,-0.9350951465182978,CU_DOW,DOW-CAN-N,2303.0,263.0,"soundings_wintremix/upperair.sounding.202203061200.CU_DOW-CAN_N.csv,soundings_wintremix/upperair.sounding.202203061400.CU_DOW-CAN_N.csv",2035.0,2022-03-06 12:50:00,CU_DOW2022-03-06 12:50:00,False,,,,
578,-118.66544256449563,66.6634448074771,64.9302162731467,-0.6245549608657663,58.0,2022-03-06 13:00:00,IOP8,,,,,5253.7030032042785,2313.0,2.538020774494821,248.0,58.0,58.0,185.0,2.355645072906556,,5.445715893765355,-0.8276657170085244,CU_DOW,DOW-CAN-N,2313.0,243.0,"soundings_wintremix/upperair.sounding.202203061200.CU_DOW-CAN_N.csv,soundings_wintremix/upperair.sounding.202203061400.CU_DOW-CAN_N.csv",2065.0,2022-03-06 13:00:00,CU_DOW2022-03-06 13:00:00,False,,,,
579,-96.98488130579871,67.35454205382801,65.62507835873649,-0.538804896143326,58.0,2022-03-06 13:10:00,IOP8,,,,,5542.126834298435,2333.0,2.6391080163325875,238.0,58.0,58.0,175.0,2.419735918390976,,5.503830313413381,-0.7202362874987511,CU_DOW,DOW-CAN-N,2333.0,233.0,"soundings_wintremix/upperair.sounding.202203061200.CU_DOW-CAN_N.csv,soundings_wintremix/upperair.sounding.202203061400.CU_DOW-CAN_N.csv",2095.0,2022-03-06 13:10:00,CU_DOW2022-03-06 13:10:00,False,,,,
580,-77.43243283341951,67.48032102803631,65.75154459673773,-0.4554848990201147,58.0,2022-03-06 13:20:00,IOP8,RA,,,,5834.475059056029,2353.0,2.7391901685709055,228.0,58.0,58.0,165.0,2.483826763875396,RA,5.561944733061407,-0.6128068579889777,CU_DOW,DOW-CAN-N,2353.0,223.0,"soundings_wintremix/upperair.sounding.202203061200.CU_DOW-CAN_N.csv,soundings_wintremix/upperair.sounding.202203061400.CU_DOW-CAN_N.csv",2125.0,2022-03-06 13:20:00,CU_DOW2022-03-06 13:20:00,False,,,,
581,-59.481064574172535,67.24477577942936,65.52328938022461,-0.37175665358857835,58.0,2022-03-06 13:30:00,IOP8,RA,,,,6131.014138130084,2383.0,2.825352137387135,218.0,58.0,58.0,155.0,2.547917609359816,RA,5.620059152709433,-0.5053774284792043,CU_DOW,DOW-CAN-N,2383.0,213.0,"soundings_wintremix/upperair.sounding.202203061200.CU_DOW-CAN_N.csv,soundings_wintremix/upperair.sounding.202203061400.CU_DOW-CAN_N.csv",2165.0,2022-03-06 13:30:00,CU_DOW2022-03-06 13:30:00,False,,,,
582,-43.41001562375456,67.25023344483469,65.48291357786468,-0.29937941809485896,58.0,2022-03-06 13:40:00,IOP8,RA,,,,6432.4231557055,2398.0,2.923828707138863,203.0,58.0,58.0,140.0,2.6120084548442364,RA,5.67817357235746,-0.40053396412925923,CU_DOW,DOW-CAN-N,2398.0,198.0,"soundings_wintremix/upperair.sounding.202203061200.CU_DOW-CAN_N.csv,soundings_wintremix/upperair.sounding.202203061400.CU_DOW-CAN_N.csv",2195.0,2022-03-06 13:40:00,CU_DOW2022-03-06 13:40:00,False,,,,
583,-17.19996558508587,67.62415959575435,65.89815203043388,-0.14333304654238224,60.0,2022-03-06 14:00:00,IOP8,RA,,,,7046.588219879825,2435.0,3.1179593893273565,180.0,60.0,60.0,115.0,2.7334000000000174,RA,5.7978288844747325,-0.21338972832506783,CU_DOW,DOW-CAN-N,2435.0,175.0,"soundings_wintremix/upperair.sounding.202203061400.CU_DOW-CAN_N.csv,soundings_wintremix/upperair.sounding.202203061600.CU_DOW-CAN_N.csv",2255.0,2022-03-06 14:00:00,CU_DOW2022-03-06 14:00:00,False,,,,
584,-17.19996558508587,67.62415959575435,65.89815203043388,-0.14333304654238224,60.0,2022-03-06 14:10:00,IOP8,RA,,,,7046.588219879825,2435.0,3.1179593893273565,180.0,60.0,60.0,115.0,2.6843478519213515,RA,5.7978288844747325,-0.21338972832506783,CU_DOW,DOW-CAN-N,2435.0,175.0,"soundings_wintremix/upperair.sounding.202203061400.CU_DOW-CAN_N.csv,soundings_wintremix/upperair.sounding.202203061600.CU_DOW-CAN_N.csv",2255.0,2022-03-06 14:10:00,CU_DOW2022-03-06 14:10:00,True,upperair.sounding.202203061400.CU_DOW-CAN_N.csv,,,
585,,,,,,2022-03-06 14:20:00,IOP8,RA,,,,,,,,,,,2.6352957038426856,RA,,,CU_DOW,DOW-CAN-N,,,"soundings_wintremix/upperair.sounding.202203061400.CU_DOW-CAN_N.csv,soundings_wintremix/upperair.sounding.202203061600.CU_DOW-CAN_N.csv",0.0,2022-03-06 14:20:00,CU_DOW2022-03-06 14:20:00,False,,,,
586,,,,,,2022-03-06 14:30:00,IOP8,RA,,,,,,,,,,,2.5862435557640198,RA,,,CU_DOW,DOW-CAN-N,,,"soundings_wintremix/upperair.sounding.202203061400.CU_DOW-CAN_N.csv,soundings_wintremix/upperair.sounding.202203061600.CU_DOW-CAN_N.csv",0.0,2022-03-06 14:30:00,CU_DOW2022-03-06 14:30:00,False,,,,
587,,,,,,2022-03-06 14:40:00,IOP8,RA,,,,,,,,,,,2.537191407685354,RA,,,CU_DOW,DOW-CAN-N,,,"soundings_wintremix/upperair.sounding.202203061400.CU_DOW-CAN_N.csv,soundings_wintremix/upperair.sounding.202203061600.CU_DOW-CAN_N.csv",0.0,2022-03-06 14:40:00,CU_DOW2022-03-06 14:40:00,False,,,,
588,,,,,,2022-03-06 14:50:00,IOP8,RA,,,,,,,,,,,2.488139259606688,RA,,,CU_DOW,DOW-CAN-N,,,"soundings_wintremix/upperair.sounding.202203061400.CU_DOW-CAN_N.csv,soundings_wintremix/upperair.sounding.202203061600.CU_DOW-CAN_N.csv",0.0,2022-03-06 14:50:00,CU_DOW2022-03-06 14:50:00,False,,,,
589,,,,,,2022-03-06 15:00:00,IOP8,RA,,,,,,,,,,,2.439087111528022,RA,,,CU_DOW,DOW-CAN-N,,,"soundings_wintremix/upperair.sounding.202203061400.CU_DOW-CAN_N.csv,soundings_wintremix/upperair.sounding.202203061600.CU_DOW-CAN_N.csv",0.0,2022-03-06 15:00:00,CU_DOW2022-03-06 15:00:00,False,,,,
590,,,,,,2022-03-06 15:10:00,IOP8,RA,,,,,,,,,,,2.390034963449356,RA,,,CU_DOW,DOW-CAN-N,,,"soundings_wintremix/upperair.sounding.202203061400.CU_DOW-CAN_N.csv,soundings_wintremix/upperair.sounding.202203061600.CU_DOW-CAN_N.csv",0.0,2022-03-06 15:10:00,CU_DOW2022-03-06 15:10:00,False,,,,
591,,,,,,2022-03-06 15:20:00,IOP8,RA,,,,,,,,,,,2.34098281537069,RA,,,CU_DOW,DOW-CAN-N,,,"soundings_wintremix/upperair.sounding.202203061400.CU_DOW-CAN_N.csv,soundings_wintremix/upperair.sounding.202203061600.CU_DOW-CAN_N.csv",0.0,2022-03-06 15:20:00,CU_DOW2022-03-06 15:20:00,False,,,,
592,,,,,,2022-03-06 15:30:00,IOP8,RA,,,,,,,,,,,2.291930667292024,RA,,,CU_DOW,DOW-CAN-N,,,"soundings_wintremix/upperair.sounding.202203061400.CU_DOW-CAN_N.csv,soundings_wintremix/upperair.sounding.202203061600.CU_DOW-CAN_N.csv",0.0,2022-03-06 15:30:00,CU_DOW2022-03-06 15:30:00,False,,,,
593,,,,,,2022-03-06 16:00:00,IOP8,RA,,,,,,,,,,,,RA,,,CU_DOW,DOW-CAN-N,,,,,2022-03-06 16:00:00,CU_DOW2022-03-06 16:00:00,False,,,,
594,,,,,,2022-03-06 16:10:00,IOP8,RA,,,,,,,,,,,,RA,,,CU_DOW,DOW-CAN-N,,,,0.0,2022-03-06 16:10:00,CU_DOW2022-03-06 16:10:00,True,upperair.sounding.202203061600.CU_DOW-CAN_N.csv,,,
595,,,,,,2022-03-06 16:20:00,IOP8,RA,,,,,,,,,,,,RA,,,CU_DOW,DOW-CAN-N,,,,,2022-03-06 16:20:00,CU_DOW2022-03-06 16:20:00,False,,,,
596,,,,,,2022-03-06 16:30:00,IOP8,RA,,,,,,,,,,,,RA,,,CU_DOW,DOW-CAN-N,,,,,2022-03-06 16:30:00,CU_DOW2022-03-06 16:30:00,False,,,,
597,,,,,,2022-03-06 17:20:00,IOP8,,,,,,,,,,,,,,,,CU_DOW,DOW-CAN-N,,,,,2022-03-06 17:20:00,CU_DOW2022-03-06 17:20:00,False,,,,
598,,,,,,2022-03-06 17:30:00,IOP8,,,,,,,,,,,,,,,,CU_DOW,DOW-CAN-N,,,,,2022-03-06 17:30:00,CU_DOW2022-03-06 17:30:00,False,,,,
599,,,,,,2022-03-07 15:00:00,IOP9,RA,PL,,,,,,,,,,,RA and PL,,,CU_DOW,DOW-CAN-SE,,,,,2022-03-07 15:00:00,CU_DOW2022-03-07 15:00:00,False,,,,
600,,,,,,2022-03-07 15:10:00,IOP9,PL,,,,,,,,,,,,PL,,,CU_DOW,DOW-CAN-SE,,,,,2022-03-07 15:10:00,CU_DOW2022-03-07 15:10:00,False,,,,
601,,,,,,2022-03-07 15:20:00,IOP9,PL,RA,,,,,,,,,,,RA and PL,,,CU_DOW,DOW-CAN-SE,,,,,2022-03-07 15:20:00,CU_DOW2022-03-07 15:20:00,False,,,,
602,,,,,,2022-03-07 15:30:00,IOP9,PL,RA,,,,,,,,,,,RA and PL,,,CU_DOW,DOW-CAN-SE,,,,,2022-03-07 15:30:00,CU_DOW2022-03-07 15:30:00,False,,,,
603,,,,,,2022-03-07 15:40:00,IOP9,PL,,,,,,,,,,,,PL,,,CU_DOW,DOW-CAN-SE,,,,,2022-03-07 15:40:00,CU_DOW2022-03-07 15:40:00,False,,,,
604,,,,,,2022-03-07 15:50:00,IOP9,PL,,,,,,,,,,,,PL,,,CU_DOW,DOW-CAN-SE,,,,,2022-03-07 15:50:00,CU_DOW2022-03-07 15:50:00,False,,,,
605,,,,,,2022-03-07 16:00:00,IOP9,PL,,,,,,,,,,,,PL,,,CU_DOW,DOW-CAN-SE,,,,,2022-03-07 16:00:00,CU_DOW2022-03-07 16:00:00,False,,,,
606,,,,,,2022-03-07 16:10:00,IOP9,PL,,,,,,,,,,,,PL,,,CU_DOW,DOW-CAN-SE,,,,,2022-03-07 16:10:00,CU_DOW2022-03-07 16:10:00,False,,,,
607,,,,,,2022-03-07 16:20:00,IOP9,PL,,,,,,,,,,,,PL,,,CU_DOW,DOW-CAN-SE,,,,,2022-03-07 16:20:00,CU_DOW2022-03-07 16:20:00,False,,,,
608,,,,,,2022-03-07 16:30:00,IOP9,PL,,,,,,,,,,,,PL,,,CU_DOW,DOW-CAN-SE,,,,,2022-03-07 16:30:00,CU_DOW2022-03-07 16:30:00,False,,,,
609,,,,,,2022-03-07 16:40:00,IOP9,,,,,,,,,,,,,,,,CU_DOW,DOW-CAN-SE,,,,,2022-03-07 16:40:00,CU_DOW2022-03-07 16:40:00,False,,,,
610,,,,,,2022-03-07 16:50:00,IOP9,,,,,,,,,,,,,,,,CU_DOW,DOW-CAN-SE,,,,,2022-03-07 16:50:00,CU_DOW2022-03-07 16:50:00,False,,,,
611,,,,,,2022-03-07 17:00:00,IOP9,,,,,,,,,,,,,,,,CU_DOW,DOW-CAN-SE,,,,,2022-03-07 17:00:00,CU_DOW2022-03-07 17:00:00,False,,,,
612,,,,,,2022-03-07 17:10:00,IOP9,,,,,,,,,,,,,,,,CU_DOW,DOW-CAN-SE,,,,,2022-03-07 17:10:00,CU_DOW2022-03-07 17:10:00,False,,,,
613,,,,,,2022-03-07 17:20:00,IOP9,,,,,,,,,,,,,,,,CU_DOW,DOW-CAN-SE,,,,,2022-03-07 17:20:00,CU_DOW2022-03-07 17:20:00,False,,,,
614,,,,,,2022-03-07 17:30:00,IOP9,,,,,,,,,,,,,,,,CU_DOW,DOW-CAN-SE,,,,,2022-03-07 17:30:00,CU_DOW2022-03-07 17:30:00,False,,,,
615,,,,,,2022-03-07 17:40:00,IOP9,,,,,,,,,,,,,,,,CU_DOW,DOW-CAN-SE,,,,,2022-03-07 17:40:00,CU_DOW2022-03-07 17:40:00,False,,,,
616,,,,,,2022-03-07 17:50:00,IOP9,PL,,,,,,,,,,,,PL,,,CU_DOW,DOW-CAN-SE,,,,,2022-03-07 17:50:00,CU_DOW2022-03-07 17:50:00,False,,,,
617,-2153.083844427877,97.85367696912881,100.1040247798803,-1.939715175160249,60.0,2022-03-07 18:00:00,IOP9,PL,,,,260.1995349675868,1645.0,0.5420823645158058,1170.0,60.0,60.0,1105.0,1.1794000000000437,PL,1.1231625552138516,-2.8963877386926153,CU_DOW,DOW-CAN-SE,1645.0,1165.0,"soundings_wintremix/upperair.sounding.202203071800.CU_DOW-CAN_SE.csv,soundings_wintremix/upperair.sounding.202203072000.CU_DOW-CAN_SE.csv",475.0,2022-03-07 18:00:00,CU_DOW2022-03-07 18:00:00,False,,,,
618,-2153.083844427877,97.85367696912881,100.1040247798803,-1.939715175160249,60.0,2022-03-07 18:10:00,IOP9,PL,RA,,,260.1995349675868,1645.0,0.5420823645158058,1170.0,60.0,60.0,1105.0,1.1418484434388627,RA and PL,1.1231625552138516,-2.8963877386926153,CU_DOW,DOW-CAN-SE,1645.0,1165.0,"soundings_wintremix/upperair.sounding.202203071800.CU_DOW-CAN_SE.csv,soundings_wintremix/upperair.sounding.202203072000.CU_DOW-CAN_SE.csv",475.0,2022-03-07 18:10:00,CU_DOW2022-03-07 18:10:00,True,upperair.sounding.202203071800.CU_DOW-CAN_SE.csv,,,
619,-1988.7818231279016,98.21139747427402,100.39784902116955,-1.8245704799338547,65.0,2022-03-07 18:20:00,IOP9,PL,,,,284.39123040614646,1645.0,0.5745277381942353,1155.0,65.0,65.0,1085.0,1.1042968868776817,PL,1.1662902957189154,-2.717665211526106,CU_DOW,DOW-CAN-SE,1645.0,1150.0,"soundings_wintremix/upperair.sounding.202203071800.CU_DOW-CAN_SE.csv,soundings_wintremix/upperair.sounding.202203072000.CU_DOW-CAN_SE.csv",490.0,2022-03-07 18:20:00,CU_DOW2022-03-07 18:20:00,False,,,,
620,-1908.6473437516192,98.3902577268466,100.54458457557399,-1.767266059029277,65.0,2022-03-07 18:30:00,IOP9,RA,,,,298.4238238127907,1645.0,0.5909382649758231,1145.0,65.0,65.0,1075.0,1.0667453303165007,RA,1.1965436314664375,-2.6715659067796707,CU_DOW,DOW-CAN-SE,1645.0,1140.0,"soundings_wintremix/upperair.sounding.202203071800.CU_DOW-CAN_SE.csv,soundings_wintremix/upperair.sounding.202203072000.CU_DOW-CAN_SE.csv",500.0,2022-03-07 18:30:00,CU_DOW2022-03-07 18:30:00,False,,,,
621,-1829.5572125898968,98.56911797941919,100.69120251199983,-1.7098665538223334,65.0,2022-03-07 18:40:00,IOP9,,,,,313.500765433995,1645.0,0.6087393503572718,1135.0,65.0,65.0,1065.0,1.0291937737553196,,1.2277362345935785,-2.630794985712455,CU_DOW,DOW-CAN-SE,1645.0,1130.0,"soundings_wintremix/upperair.sounding.202203071800.CU_DOW-CAN_SE.csv,soundings_wintremix/upperair.sounding.202203072000.CU_DOW-CAN_SE.csv",510.0,2022-03-07 18:40:00,CU_DOW2022-03-07 18:40:00,False,,,,
622,-1751.0719419614056,98.74797823199181,100.83770290004298,-1.6519546622277412,70.0,2022-03-07 18:50:00,IOP9,,,,,329.1013069107812,1645.0,0.6328871286745793,1130.0,70.0,70.0,1055.0,0.9916422171941386,,1.2589288377207197,-2.5900240646452404,CU_DOW,DOW-CAN-SE,1645.0,1125.0,"soundings_wintremix/upperair.sounding.202203071800.CU_DOW-CAN_SE.csv,soundings_wintremix/upperair.sounding.202203072000.CU_DOW-CAN_SE.csv",515.0,2022-03-07 18:50:00,CU_DOW2022-03-07 18:50:00,False,,,,
623,-1672.8859139473388,98.9268384845644,100.98408580926814,-1.5856738520827856,75.0,2022-03-07 19:00:00,IOP9,,,,,344.9702041648756,1645.0,0.6634042387786069,1130.0,75.0,75.0,1050.0,0.9540906606329576,,1.2901214408478607,-2.549253143578025,CU_DOW,DOW-CAN-SE,1645.0,1125.0,"soundings_wintremix/upperair.sounding.202203071800.CU_DOW-CAN_SE.csv,soundings_wintremix/upperair.sounding.202203072000.CU_DOW-CAN_SE.csv",515.0,2022-03-07 19:00:00,CU_DOW2022-03-07 19:00:00,False,,,,
624,-1594.7649412510068,99.105698737137,101.13035130920895,-1.511625536730812,75.0,2022-03-07 19:10:00,IOP9,,,,,360.83910141897024,1645.0,0.693921348882635,1130.0,75.0,75.0,1050.0,0.9165391040717765,,1.3244244882297704,-2.5084822225108097,CU_DOW,DOW-CAN-SE,1645.0,1125.0,"soundings_wintremix/upperair.sounding.202203071800.CU_DOW-CAN_SE.csv,soundings_wintremix/upperair.sounding.202203072000.CU_DOW-CAN_SE.csv",515.0,2022-03-07 19:10:00,CU_DOW2022-03-07 19:10:00,False,,,,
625,-1516.8417117702581,99.2845589897096,101.27649946936693,-1.4515231691581418,80.0,2022-03-07 19:20:00,IOP9,,,,,376.8618859281575,1645.0,0.717832163672681,1125.0,80.0,80.0,1040.0,0.8789875475105954,,1.3599128579606323,-2.4677113014435936,CU_DOW,DOW-CAN-SE,1645.0,1120.0,"soundings_wintremix/upperair.sounding.202203071800.CU_DOW-CAN_SE.csv,soundings_wintremix/upperair.sounding.202203072000.CU_DOW-CAN_SE.csv",520.0,2022-03-07 19:20:00,CU_DOW2022-03-07 19:20:00,False,,,,
626,-1439.0360965741734,99.46341924228221,101.42253035921235,-1.377068034999209,80.0,2022-03-07 19:30:00,IOP9,,,,,392.96547069289517,1645.0,0.7485056584626575,1125.0,80.0,80.0,1040.0,0.8414359909494143,,1.3981759713774293,-2.4269403803763785,CU_DOW,DOW-CAN-SE,1645.0,1120.0,"soundings_wintremix/upperair.sounding.202203071800.CU_DOW-CAN_SE.csv,soundings_wintremix/upperair.sounding.202203072000.CU_DOW-CAN_SE.csv",520.0,2022-03-07 19:30:00,CU_DOW2022-03-07 19:30:00,False,,,,
627,-1361.293110947379,99.6422794948548,101.56844404818412,-1.308935683603249,85.0,2022-03-07 19:40:00,IOP9,RA,,,,409.06905545763294,1645.0,0.7791791532526342,1125.0,85.0,85.0,1035.0,0.8038844343882334,RA,1.4492341339326478,-2.3861694593091634,CU_DOW,DOW-CAN-SE,1645.0,1120.0,"soundings_wintremix/upperair.sounding.202203071800.CU_DOW-CAN_SE.csv,soundings_wintremix/upperair.sounding.202203072000.CU_DOW-CAN_SE.csv",520.0,2022-03-07 19:40:00,CU_DOW2022-03-07 19:40:00,False,,,,
628,-1206.0086480999094,100.0,102.16461967764211,-1.165225746956434,91.0,2022-03-07 20:00:00,IOP9,RA,,,,441.3377482709232,1646.0,0.8406433300398537,1126.0,91.0,91.0,1030.0,0.7272280000000251,RA,1.7149085658102918,-2.3121742767153854,CU_DOW,DOW-CAN-SE,1646.0,1121.0,"soundings_wintremix/upperair.sounding.202203072000.CU_DOW-CAN_SE.csv,soundings_wintremix/upperair.sounding.202203072200.CU_DOW-CAN_SE.csv",520.0,2022-03-07 20:00:00,CU_DOW2022-03-07 20:00:00,False,,,,
629,-1206.0086480999094,100.0,102.16461967764211,-1.165225746956434,91.0,2022-03-07 20:10:00,IOP9,RA,,,,441.3377482709232,1646.0,0.8406433300398537,1126.0,91.0,91.0,1030.0,0.7189589907425276,RA,1.7149085658102918,-2.3121742767153854,CU_DOW,DOW-CAN-SE,1646.0,1121.0,"soundings_wintremix/upperair.sounding.202203072000.CU_DOW-CAN_SE.csv,soundings_wintremix/upperair.sounding.202203072200.CU_DOW-CAN_SE.csv",520.0,2022-03-07 20:10:00,CU_DOW2022-03-07 20:10:00,True,upperair.sounding.202203072000.CU_DOW-CAN_SE.csv,,,
630,-1023.4447574260131,100.0,101.84688629804882,-0.9984826901717201,96.0,2022-03-07 20:20:00,IOP9,RA,,,,487.8049803412835,1936.0,0.5948841223674188,1121.0,96.0,96.0,1020.0,0.71068998148503,RA,1.5842005786221776,-1.993154322652184,CU_DOW,DOW-CAN-SE,1936.0,1116.0,"soundings_wintremix/upperair.sounding.202203072000.CU_DOW-CAN_SE.csv,soundings_wintremix/upperair.sounding.202203072200.CU_DOW-CAN_SE.csv",815.0,2022-03-07 20:20:00,CU_DOW2022-03-07 20:20:00,False,,,,
631,-932.5804317367421,100.0,101.68840788567778,-0.9187984549130462,101.0,2022-03-07 20:30:00,IOP9,RA,,,,535.8034639393794,1976.0,0.6194259698721148,1116.0,101.0,101.0,1010.0,0.7024209722275324,RA,1.5188465850281205,-1.8336443456205833,CU_DOW,DOW-CAN-SE,1976.0,1111.0,"soundings_wintremix/upperair.sounding.202203072000.CU_DOW-CAN_SE.csv,soundings_wintremix/upperair.sounding.202203072200.CU_DOW-CAN_SE.csv",860.0,2022-03-07 20:30:00,CU_DOW2022-03-07 20:30:00,False,,,,
632,-843.2415833138625,99.99999999999999,101.53018784659167,-0.8604505952182271,106.0,2022-03-07 20:40:00,IOP9,RA,,,,594.1738818677021,2051.0,0.6189311269455231,1096.0,106.0,106.0,975.0,0.6941519629700349,RA,1.4534925914340635,-1.6741343685889827,CU_DOW,DOW-CAN-SE,2051.0,1081.0,"soundings_wintremix/upperair.sounding.202203072000.CU_DOW-CAN_SE.csv,soundings_wintremix/upperair.sounding.202203072200.CU_DOW-CAN_SE.csv",955.0,2022-03-07 20:40:00,CU_DOW2022-03-07 20:40:00,False,,,,
633,-756.7883553815063,100.0,101.37587686164862,-0.7801941808056765,106.0,2022-03-07 20:50:00,IOP9,RA,,,,665.079799400544,2091.0,0.6520390190201412,1076.0,106.0,106.0,965.0,0.6858829537125374,RA,1.3881385978400067,-1.5183139444637865,CU_DOW,DOW-CAN-SE,2091.0,1071.0,"soundings_wintremix/upperair.sounding.202203072000.CU_DOW-CAN_SE.csv,soundings_wintremix/upperair.sounding.202203072200.CU_DOW-CAN_SE.csv",1015.0,2022-03-07 20:50:00,CU_DOW2022-03-07 20:50:00,False,,,,
634,-625.5135672930342,100.0,101.23833872912665,-0.8748441500601876,361.0,2022-03-07 21:00:00,IOP9,RA,,,,742.2096419027197,2121.0,0.7068663256216379,1076.0,361.0,361.0,710.0,0.6776139444550398,RA,1.3227846042459495,-1.379220843754298,CU_DOW,DOW-CAN-SE,2121.0,1071.0,"soundings_wintremix/upperair.sounding.202203072000.CU_DOW-CAN_SE.csv,soundings_wintremix/upperair.sounding.202203072200.CU_DOW-CAN_SE.csv",1045.0,2022-03-07 21:00:00,CU_DOW2022-03-07 21:00:00,False,,,,
635,-554.1973632890949,100.0,101.11633225403526,-0.8333794936678119,401.0,2022-03-07 21:10:00,IOP9,RA,,,,826.3001401681847,2161.0,0.7511819456074407,1066.0,401.0,401.0,660.0,0.6693449351975422,RA,1.2574306106518927,-1.2556687753329678,CU_DOW,DOW-CAN-SE,2161.0,1061.0,"soundings_wintremix/upperair.sounding.202203072000.CU_DOW-CAN_SE.csv,soundings_wintremix/upperair.sounding.202203072200.CU_DOW-CAN_SE.csv",1095.0,2022-03-07 21:10:00,CU_DOW2022-03-07 21:10:00,False,,,,
636,-487.45873258799725,99.99999999999999,101.01833231992427,-0.773744019980948,421.0,2022-03-07 21:20:00,IOP9,RA,,,,917.3865327448765,2186.0,0.8047250287235759,1051.0,421.0,421.0,625.0,0.6610759259400447,RA,1.1967655856288526,-1.1563140655693651,CU_DOW,DOW-CAN-SE,2186.0,1046.0,"soundings_wintremix/upperair.sounding.202203072000.CU_DOW-CAN_SE.csv,soundings_wintremix/upperair.sounding.202203072200.CU_DOW-CAN_SE.csv",1135.0,2022-03-07 21:20:00,CU_DOW2022-03-07 21:20:00,False,,,,
637,-424.69424532894425,100.0,100.93199860505935,-0.7078237422149072,436.0,2022-03-07 21:30:00,IOP9,RA,,,,1015.5438931331632,2216.0,0.8569990659351588,1036.0,436.0,436.0,595.0,0.6528069166825472,RA,1.1806241633940402,-1.0687032635966465,CU_DOW,DOW-CAN-SE,2216.0,1031.0,"soundings_wintremix/upperair.sounding.202203072000.CU_DOW-CAN_SE.csv,soundings_wintremix/upperair.sounding.202203072200.CU_DOW-CAN_SE.csv",1180.0,2022-03-07 21:30:00,CU_DOW2022-03-07 21:30:00,False,,,,
638,-365.8463903336484,100.0,100.84574232521565,-0.6418357725151725,446.0,2022-03-07 21:40:00,IOP9,RA,,,,1120.5892725018632,2241.0,0.911048189025905,1016.0,446.0,446.0,565.0,0.6445379074250497,RA,1.3267101596789501,-0.9810924616239277,CU_DOW,DOW-CAN-SE,2241.0,1011.0,"soundings_wintremix/upperair.sounding.202203072000.CU_DOW-CAN_SE.csv,soundings_wintremix/upperair.sounding.202203072200.CU_DOW-CAN_SE.csv",1225.0,2022-03-07 21:40:00,CU_DOW2022-03-07 21:40:00,False,,,,
639,-262.08350522361275,100.0,100.67522483590847,-0.5040067408146398,461.0,2022-03-07 22:00:00,IOP9,RA,,,,1354.6200112112526,2296.0,1.0262272812206459,981.0,461.0,461.0,515.0,0.6349730000000022,RA,1.6304718936236802,-0.8076655254019239,CU_DOW,DOW-CAN-SE,2296.0,976.0,"soundings_wintremix/upperair.sounding.202203072200.CU_DOW-CAN_SE.csv,soundings_wintremix/upperair.sounding.202203080000.CU_DOW-CAN_SE.csv",1315.0,2022-03-07 22:00:00,CU_DOW2022-03-07 22:00:00,False,,,,
640,-262.08350522361275,100.0,100.67522483590847,-0.5040067408146398,461.0,2022-03-07 22:10:00,IOP9,RA,,,,1354.6200112112526,2296.0,1.0262272812206459,981.0,461.0,461.0,515.0,0.6388144691907393,RA,1.6304718936236802,-0.8076655254019239,CU_DOW,DOW-CAN-SE,2296.0,976.0,"soundings_wintremix/upperair.sounding.202203072200.CU_DOW-CAN_SE.csv,soundings_wintremix/upperair.sounding.202203080000.CU_DOW-CAN_SE.csv",1315.0,2022-03-07 22:10:00,CU_DOW2022-03-07 22:10:00,True,upperair.sounding.202203072200.CU_DOW-CAN_SE.csv,,,
641,-273.0727923952967,100.0,100.730160051128,-0.5461455847905934,461.0,2022-03-07 22:20:00,IOP9,RA,,,,1449.1119651651961,2296.0,1.0814268396755193,961.0,461.0,461.0,495.0,0.6426559383814764,RA,1.6419591372377336,-0.8635717043257952,CU_DOW,DOW-CAN-SE,2296.0,956.0,"soundings_wintremix/upperair.sounding.202203072200.CU_DOW-CAN_SE.csv,soundings_wintremix/upperair.sounding.202203080000.CU_DOW-CAN_SE.csv",1335.0,2022-03-07 22:20:00,CU_DOW2022-03-07 22:20:00,False,,,,
642,-280.52150543635787,100.0,100.76068310780339,-0.5724928682374651,461.0,2022-03-07 22:30:00,IOP9,RA,,,,1498.312011597387,2296.0,1.1098607493313977,951.0,461.0,461.0,485.0,0.6464974075722134,RA,1.6838046114913379,-0.8946204616173041,CU_DOW,DOW-CAN-SE,2296.0,946.0,"soundings_wintremix/upperair.sounding.202203072200.CU_DOW-CAN_SE.csv,soundings_wintremix/upperair.sounding.202203080000.CU_DOW-CAN_SE.csv",1345.0,2022-03-07 22:30:00,CU_DOW2022-03-07 22:30:00,False,,,,
643,-288.4618477910231,99.99999999999999,100.81273875257972,-0.5947666964763363,461.0,2022-03-07 22:40:00,IOP9,RA,,,,1548.0036873431818,2296.0,1.1424381456407244,946.0,461.0,461.0,480.0,0.6503388767629504,RA,1.7719733437480831,-0.9475497807895631,CU_DOW,DOW-CAN-SE,2296.0,941.0,"soundings_wintremix/upperair.sounding.202203072200.CU_DOW-CAN_SE.csv,soundings_wintremix/upperair.sounding.202203080000.CU_DOW-CAN_SE.csv",1350.0,2022-03-07 22:40:00,CU_DOW2022-03-07 22:40:00,False,,,,
644,-296.694899984735,100.0,100.86482265167096,-0.6054997958872144,456.0,2022-03-07 22:50:00,IOP9,RA,,,,1597.949258269554,2296.0,1.1792983455863866,946.0,456.0,456.0,485.0,0.6541803459536876,RA,1.8601420760048295,-1.0004790999618218,CU_DOW,DOW-CAN-SE,2296.0,941.0,"soundings_wintremix/upperair.sounding.202203072200.CU_DOW-CAN_SE.csv,soundings_wintremix/upperair.sounding.202203080000.CU_DOW-CAN_SE.csv",1350.0,2022-03-07 22:50:00,CU_DOW2022-03-07 22:50:00,False,,,,
645,-305.1710195692776,100.0,100.9169348182237,-0.6292185970500569,456.0,2022-03-07 23:00:00,IOP9,RA,,,,1648.1324621102294,2296.0,1.2118621044928157,941.0,456.0,456.0,480.0,0.6580218151444246,RA,1.9483108082615754,-1.0534084191340807,CU_DOW,DOW-CAN-SE,2296.0,936.0,"soundings_wintremix/upperair.sounding.202203072200.CU_DOW-CAN_SE.csv,soundings_wintremix/upperair.sounding.202203080000.CU_DOW-CAN_SE.csv",1355.0,2022-03-07 23:00:00,CU_DOW2022-03-07 23:00:00,False,,,,
646,-313.68396066805786,100.0,100.96907526538433,-0.6467710529238306,456.0,2022-03-07 23:10:00,IOP9,RA,,,,1698.3524874651425,2296.0,1.2487885937243695,941.0,456.0,456.0,480.0,0.6618632843351617,RA,2.0393021830781835,-1.1063377383063395,CU_DOW,DOW-CAN-SE,2296.0,936.0,"soundings_wintremix/upperair.sounding.202203072200.CU_DOW-CAN_SE.csv,soundings_wintremix/upperair.sounding.202203080000.CU_DOW-CAN_SE.csv",1355.0,2022-03-07 23:10:00,CU_DOW2022-03-07 23:10:00,False,,,,
647,-322.33154261626794,99.99999999999999,101.02124400629913,-0.6646011187964287,451.0,2022-03-07 23:20:00,IOP9,RA,,,,1748.6951685268386,2301.0,1.276419831041488,936.0,451.0,451.0,480.0,0.6657047535258986,RA,2.1307625013170832,-1.1592670574785986,CU_DOW,DOW-CAN-SE,2301.0,931.0,"soundings_wintremix/upperair.sounding.202203072200.CU_DOW-CAN_SE.csv,soundings_wintremix/upperair.sounding.202203080000.CU_DOW-CAN_SE.csv",1365.0,2022-03-07 23:20:00,CU_DOW2022-03-07 23:20:00,False,,,,
648,-331.0932574420061,100.0,101.07344105411438,-0.6826665101897033,451.0,2022-03-07 23:30:00,IOP9,RA,,,,1799.1408925902201,2301.0,1.313241527438117,936.0,451.0,451.0,480.0,0.6695462227166358,RA,2.2222228195559834,-1.212196376650857,CU_DOW,DOW-CAN-SE,2301.0,931.0,"soundings_wintremix/upperair.sounding.202203072200.CU_DOW-CAN_SE.csv,soundings_wintremix/upperair.sounding.202203080000.CU_DOW-CAN_SE.csv",1365.0,2022-03-07 23:30:00,CU_DOW2022-03-07 23:30:00,False,,,,
649,-339.8549722677443,100.0,101.12566642197648,-0.7007319015829779,451.0,2022-03-07 23:40:00,IOP9,RA,,,,1849.5866166536016,2301.0,1.3500632238347459,936.0,451.0,451.0,480.0,0.6733876919073729,RA,2.313683137794884,-1.265125695823116,CU_DOW,DOW-CAN-SE,2301.0,931.0,"soundings_wintremix/upperair.sounding.202203072200.CU_DOW-CAN_SE.csv,soundings_wintremix/upperair.sounding.202203080000.CU_DOW-CAN_SE.csv",1365.0,2022-03-07 23:40:00,CU_DOW2022-03-07 23:40:00,False,,,,
650,,,,,,2022-03-08 00:00:00,IOP9,RA,,,,,,,,,,,,RA,,,CU_DOW,DOW-CAN-SE,,,,,2022-03-08 00:00:00,CU_DOW2022-03-08 00:00:00,False,,,,
651,-357.64178941649476,100.0,101.23419301754028,-0.737405751374216,449.0,2022-03-08 00:10:00,IOP9,RA,,,,1950.845149808747,2304.0,1.4187964725881796,934.0,449.0,449.0,480.0,,RA,2.5009430382755786,-1.3750243475200872,CU_DOW,DOW-CAN-SE,2304.0,929.0,,1370.0,2022-03-08 00:10:00,CU_DOW2022-03-08 00:10:00,True,upperair.sounding.202203080000.CU_DOW-CAN_SE.csv,,,
652,,,,,,2022-03-08 00:20:00,IOP9,RA,,,,,,,,,,,,RA,,,CU_DOW,DOW-CAN-SE,,,,,2022-03-08 00:20:00,CU_DOW2022-03-08 00:20:00,False,,,,
653,,,,,,2022-03-08 00:30:00,IOP9,RA,,,,,,,,,,,,RA,,,CU_DOW,DOW-CAN-SE,,,,,2022-03-08 00:30:00,CU_DOW2022-03-08 00:30:00,False,,,,
654,,,,,,2022-03-08 00:40:00,IOP9,RA,,,,,,,,,,,,RA,,,CU_DOW,DOW-CAN-SE,,,,,2022-03-08 00:40:00,CU_DOW2022-03-08 00:40:00,False,,,,
655,,,,,,2022-03-08 00:50:00,IOP9,RA,,,,,,,,,,,,RA,,,CU_DOW,DOW-CAN-SE,,,,,2022-03-08 00:50:00,CU_DOW2022-03-08 00:50:00,False,,,,
656,,,,,,2022-03-08 01:00:00,IOP9,RA,,,,,,,,,,,,RA,,,CU_DOW,DOW-CAN-SE,,,,,2022-03-08 01:00:00,CU_DOW2022-03-08 01:00:00,False,,,,
657,,,,,,2022-03-08 01:10:00,IOP9,RA,,,,,,,,,,,,RA,,,CU_DOW,DOW-CAN-SE,,,,,2022-03-08 01:10:00,CU_DOW2022-03-08 01:10:00,False,,,,
1717,,,,,,,,,,,,,,,,,,,,,,,,,,,,0.0,2022-02-03 01:10:00,Gault2022-02-03 01:10:00,True,upperair.sounding.202202030100.McGill-Gault.txt,,,
658,,,,,,2022-02-03 02:00:00,IOP1,RA,,,,,,,,,,,3.574492753623188,RA,,,Gault,Gault,,,"soundings_wintremix/upperair.sounding.202202030100.McGill-Gault.txt,soundings_wintremix/upperair.sounding.202202030230.McGill-Gault.txt",0.0,2022-02-03 02:00:00,Gault2022-02-03 02:00:00,False,,,,
659,,,,,,2022-02-03 02:11:00,IOP1,RA,,,,,,,,,,,3.5368164251207728,RA,,,Gault,Gault,,,"soundings_wintremix/upperair.sounding.202202030100.McGill-Gault.txt,soundings_wintremix/upperair.sounding.202202030230.McGill-Gault.txt",0.0,2022-02-03 02:10:00,Gault2022-02-03 02:10:00,False,,,,
660,,,,,,2022-02-03 02:20:00,IOP1,,RA,,,,,,,,,,3.505990338164251,,,,Gault,Gault,,,"soundings_wintremix/upperair.sounding.202202030100.McGill-Gault.txt,soundings_wintremix/upperair.sounding.202202030230.McGill-Gault.txt",0.0,2022-02-03 02:20:00,Gault2022-02-03 02:20:00,False,,,,
661,,,,,,2022-02-03 02:31:00,IOP1,RA,,,,,,,,,,,3.443713101160862,RA,,,Gault,Gault,,,"soundings_wintremix/upperair.sounding.202202030230.McGill-Gault.txt,soundings_wintremix/upperair.sounding.202202030400.McGill-Gault.txt",0.0,2022-02-03 02:30:00,Gault2022-02-03 02:30:00,False,,,,
662,,,,,,2022-02-03 02:44:00,IOP1,RA,,,,,,,,,,,3.231983416252073,RA,,,Gault,Gault,,,"soundings_wintremix/upperair.sounding.202202030230.McGill-Gault.txt,soundings_wintremix/upperair.sounding.202202030400.McGill-Gault.txt",0.0,2022-02-03 02:40:00,Gault2022-02-03 02:40:00,True,upperair.sounding.202202030230.McGill-Gault.txt,,,
663,,,,,,2022-02-03 02:50:00,IOP1,RA,,,,,,,,,,,3.1342620232172473,RA,,,Gault,Gault,,,"soundings_wintremix/upperair.sounding.202202030230.McGill-Gault.txt,soundings_wintremix/upperair.sounding.202202030400.McGill-Gault.txt",0.0,2022-02-03 02:50:00,Gault2022-02-03 02:50:00,False,,,,
664,,,,,,2022-02-03 03:00:00,IOP1,RA,,,,,,,,,,,2.9713930348258706,RA,,,Gault,Gault,,,"soundings_wintremix/upperair.sounding.202202030230.McGill-Gault.txt,soundings_wintremix/upperair.sounding.202202030400.McGill-Gault.txt",0.0,2022-02-03 03:00:00,Gault2022-02-03 03:00:00,False,,,,
665,,,,,,2022-02-03 03:10:00,IOP1,RA,,,,,,,,,,,2.8085240464344943,RA,,,Gault,Gault,,,"soundings_wintremix/upperair.sounding.202202030230.McGill-Gault.txt,soundings_wintremix/upperair.sounding.202202030400.McGill-Gault.txt",0.0,2022-02-03 03:10:00,Gault2022-02-03 03:10:00,False,,,,
666,,,,,,2022-02-03 03:20:00,IOP1,RA,,,,,,,,,,,2.6456550580431175,RA,,,Gault,Gault,,,"soundings_wintremix/upperair.sounding.202202030230.McGill-Gault.txt,soundings_wintremix/upperair.sounding.202202030400.McGill-Gault.txt",0.0,2022-02-03 03:20:00,Gault2022-02-03 03:20:00,False,,,,
667,,,,,,2022-02-03 03:30:00,IOP1,RA,,,,,,,,,,,2.482786069651741,RA,,,Gault,Gault,,,"soundings_wintremix/upperair.sounding.202202030230.McGill-Gault.txt,soundings_wintremix/upperair.sounding.202202030400.McGill-Gault.txt",0.0,2022-02-03 03:30:00,Gault2022-02-03 03:30:00,False,,,,
668,-1.0603565508341646,71.87085574835847,70.30505760130448,-0.10603565508341646,10.0,2022-02-03 03:40:00,IOP1,RA,,,,70.39074587492135,225.0,0.335194027975816,20.0,10.0,10.0,5.0,2.319917081260365,RA,0.691707954622226,-0.11346746972698443,Gault,Gault,225.0,15.0,"soundings_wintremix/upperair.sounding.202202030230.McGill-Gault.txt,soundings_wintremix/upperair.sounding.202202030400.McGill-Gault.txt",205.0,2022-02-03 03:40:00,Gault2022-02-03 03:40:00,False,,,,
669,-11.290038163957647,89.17103174603174,88.32863786365624,-0.1254448684884183,220.0,2022-02-03 03:50:00,IOP1,RA,,,,56.420768379428495,215.0,0.28933727374065893,25.0,220.0,220.0,85.0,2.1570480928689886,RA,0.6103832437479693,-0.20921662698279406,Gault,Gault,215.0,305.0,"soundings_wintremix/upperair.sounding.202202030230.McGill-Gault.txt,soundings_wintremix/upperair.sounding.202202030400.McGill-Gault.txt",190.0,2022-02-03 03:50:00,Gault2022-02-03 03:50:00,False,,,,
670,-7.356678308608835,76.59298059964726,75.22992603841608,-0.36783391543044175,5.0,2022-02-03 04:03:00,IOP1,RA,,,,42.86654886358473,205.0,0.2317110749382958,25.0,5.0,5.0,15.0,1.9452469135802468,RA,0.5363697773608189,-0.6798376688397398,Gault,Gault,205.0,20.0,"soundings_wintremix/upperair.sounding.202202030400.McGill-Gault.txt,soundings_wintremix/upperair.sounding.202202030530.McGill-Gault.txt",180.0,2022-02-03 04:00:00,Gault2022-02-03 04:00:00,False,,,,
671,-15.216453058262044,90.80446428571429,90.04678199821424,-0.15216453058262042,210.0,2022-02-03 04:13:00,IOP1,RA,,,,43.62832215132083,205.0,0.235828768385518,25.0,210.0,210.0,95.0,1.862736625514403,RA,0.54175504280876,-0.2598145675784962,Gault,Gault,205.0,305.0,"soundings_wintremix/upperair.sounding.202202030400.McGill-Gault.txt,soundings_wintremix/upperair.sounding.202202030530.McGill-Gault.txt",180.0,2022-02-03 04:10:00,Gault2022-02-03 04:10:00,True,upperair.sounding.202202030400.McGill-Gault.txt,,,
672,-7.594420934359135,78.14526748971193,76.8893871800617,-0.3797210467179568,5.0,2022-02-03 04:20:00,IOP1,RA,,,,38.701886745002156,200.0,0.21501048191667865,25.0,5.0,5.0,15.0,1.8049794238683128,RA,0.5071493573528824,-0.6562607480475251,Gault,Gault,200.0,20.0,"soundings_wintremix/upperair.sounding.202202030400.McGill-Gault.txt,soundings_wintremix/upperair.sounding.202202030530.McGill-Gault.txt",175.0,2022-02-03 04:20:00,Gault2022-02-03 04:20:00,False,,,,
673,-7.762239258418174,79.24099941211053,78.06422809560493,-0.3881119629209087,5.0,2022-02-03 04:32:00,IOP1,RA,,,,35.848761561006164,195.0,0.20485006606289236,25.0,5.0,5.0,15.0,1.7059670781893004,RA,0.49591195409916283,-0.6396182157236087,Gault,Gault,195.0,20.0,"soundings_wintremix/upperair.sounding.202202030400.McGill-Gault.txt,soundings_wintremix/upperair.sounding.202202030530.McGill-Gault.txt",170.0,2022-02-03 04:30:00,Gault2022-02-03 04:30:00,False,,,,
674,-7.874118141124195,79.97148736037624,78.84904792283014,-0.3937059070562097,5.0,2022-02-03 04:40:00,IOP1,RA,,,,33.9890455626757,195.0,0.19422311750100402,25.0,5.0,5.0,15.0,1.6399588477366256,RA,0.4884203519300165,-0.628523194174331,Gault,Gault,195.0,20.0,"soundings_wintremix/upperair.sounding.202202030400.McGill-Gault.txt,soundings_wintremix/upperair.sounding.202202030530.McGill-Gault.txt",170.0,2022-02-03 04:40:00,Gault2022-02-03 04:40:00,False,,,,
675,-8.013966744506726,80.88459729570842,79.83186735703511,-0.4006983372253364,5.0,2022-02-03 04:50:00,IOP1,RA,,,,31.626829733523834,180.0,0.19766768583452396,25.0,5.0,5.0,15.0,1.557448559670782,RA,0.47905584921858346,-0.6352245151160384,Gault,Gault,180.0,20.0,"soundings_wintremix/upperair.sounding.202202030400.McGill-Gault.txt,soundings_wintremix/upperair.sounding.202202030530.McGill-Gault.txt",155.0,2022-02-03 04:50:00,Gault2022-02-03 04:50:00,False,,,,
676,-0.4112977022633124,93.2781038961039,92.691491637231,-0.020564885113165617,175.0,2022-02-03 05:00:00,IOP1,RA,,,,29.71465880476621,170.0,0.19809772536510803,25.0,175.0,175.0,15.0,1.4749382716049384,RA,0.4696913465071504,-0.036250076099380885,Gault,Gault,170.0,190.0,"soundings_wintremix/upperair.sounding.202202030400.McGill-Gault.txt,soundings_wintremix/upperair.sounding.202202030530.McGill-Gault.txt",145.0,2022-02-03 05:00:00,Gault2022-02-03 05:00:00,False,,,,
677,-8.294041038479861,90.0,89.1810264118406,-0.33176164153919446,0.0,2022-02-03 05:10:00,IOP1,RA,SN,,,27.977230625027985,170.0,0.1865148708335199,25.0,0.0,0.0,20.0,1.3924279835390947,SN and RA,0.4603268437957175,-0.6899447364780351,Gault,Gault,170.0,20.0,"soundings_wintremix/upperair.sounding.202202030400.McGill-Gault.txt,soundings_wintremix/upperair.sounding.202202030530.McGill-Gault.txt",145.0,2022-02-03 05:10:00,Gault2022-02-03 05:10:00,False,,,,
678,-8.599712186634006,91.1,90.37941914571434,-0.34398848746536026,0.0,2022-02-03 05:20:00,IOP1,RA,SN,,,26.35224296077751,165.0,0.18173960662605185,25.0,0.0,0.0,20.0,1.309917695473251,SN and RA,0.45096234108428446,-0.7173048471590335,Gault,Gault,165.0,20.0,"soundings_wintremix/upperair.sounding.202202030400.McGill-Gault.txt,soundings_wintremix/upperair.sounding.202202030530.McGill-Gault.txt",140.0,2022-02-03 05:20:00,Gault2022-02-03 05:20:00,False,,,,
679,-10.717804843926636,92.46,91.8358154786145,-0.5358902421963317,0.0,2022-02-03 05:33:00,IOP1,RA,SN,,,30.73202517395143,165.0,0.2048801678263429,20.0,0.0,0.0,15.0,1.2222941176470588,SN and RA,0.548291206321364,-0.9873510268854362,Gault,Gault,165.0,15.0,"soundings_wintremix/upperair.sounding.202202030530.McGill-Gault.txt,soundings_wintremix/upperair.sounding.202202030700.McGill-Gault.txt",145.0,2022-02-03 05:30:00,Gault2022-02-03 05:30:00,False,,,,
680,-11.228189550434614,92.2,91.58056845467465,-0.5614094775217306,0.0,2022-02-03 05:40:00,IOP1,RA,SN,,,19.84154128860327,120.0,0.18896705989145973,20.0,0.0,0.0,15.0,1.2276470588235293,SN and RA,0.5292193397141425,-1.0207050904484896,Gault,Gault,120.0,15.0,"soundings_wintremix/upperair.sounding.202202030530.McGill-Gault.txt,soundings_wintremix/upperair.sounding.202202030700.McGill-Gault.txt",100.0,2022-02-03 05:40:00,Gault2022-02-03 05:40:00,True,upperair.sounding.202202030530.McGill-Gault.txt,,,
681,-8.187318078096231,86.22712483013007,85.4349509757567,-0.5458212052064154,5.0,2022-02-03 05:51:00,IOP1,RA,SN,,,52.257157204009644,180.0,0.3167100436606645,20.0,5.0,5.0,10.0,1.2360588235294117,SN and RA,0.6627224059646932,-0.7872266455071153,Gault,Gault,180.0,15.0,"soundings_wintremix/upperair.sounding.202202030530.McGill-Gault.txt,soundings_wintremix/upperair.sounding.202202030700.McGill-Gault.txt",160.0,2022-02-03 05:50:00,Gault2022-02-03 05:50:00,False,,,,
682,-7.026382665701771,86.99617549990293,86.18950890709657,-0.4684255110467847,5.0,2022-02-03 06:00:00,IOP1,RA,SN,,,64.77025270408103,200.0,0.3501094740761136,20.0,5.0,5.0,10.0,1.242941176470588,SN and RA,0.7199380057863578,-0.6871644548179551,Gault,Gault,200.0,15.0,"soundings_wintremix/upperair.sounding.202202030530.McGill-Gault.txt,soundings_wintremix/upperair.sounding.202202030700.McGill-Gault.txt",180.0,2022-02-03 06:00:00,Gault2022-02-03 06:00:00,False,,,,
683,-5.607461606108541,87.9361263185142,87.11157495178912,-0.37383077374056933,5.0,2022-02-03 06:11:00,IOP1,RA,SN,,,79.93157452903193,210.0,0.4099055104052921,20.0,5.0,5.0,10.0,1.2513529411764706,SN and RA,0.78986818334617,-0.5648662217534257,Gault,Gault,210.0,15.0,"soundings_wintremix/upperair.sounding.202202030530.McGill-Gault.txt,soundings_wintremix/upperair.sounding.202202030700.McGill-Gault.txt",190.0,2022-02-03 06:10:00,Gault2022-02-03 06:10:00,False,,,,
684,-4.446526193714079,88.70517698828706,87.86585238684388,-0.2964350795809386,5.0,2022-02-03 06:20:00,IOP1,RA,,,,92.8865642471132,220.0,0.4531051914493327,20.0,5.0,5.0,10.0,1.2582352941176471,RA,0.8470837831678346,-0.4648040310642654,Gault,Gault,220.0,15.0,"soundings_wintremix/upperair.sounding.202202030530.McGill-Gault.txt,soundings_wintremix/upperair.sounding.202202030700.McGill-Gault.txt",200.0,2022-02-03 06:20:00,Gault2022-02-03 06:20:00,False,,,,
685,-3.405805849607583,81.71935546495826,80.72526351693071,-0.34058058496075827,10.0,2022-02-03 06:30:00,IOP1,RA,,,,108.08719044507939,230.0,0.5027311183492066,20.0,10.0,10.0,5.0,1.2658823529411762,RA,0.9106566718585731,-0.3536238191874206,Gault,Gault,230.0,15.0,"soundings_wintremix/upperair.sounding.202202030530.McGill-Gault.txt,soundings_wintremix/upperair.sounding.202202030700.McGill-Gault.txt",210.0,2022-02-03 06:30:00,Gault2022-02-03 06:30:00,False,,,,
686,-2.4976713788278584,82.56169028667571,81.5511895590305,-0.24976713788278584,10.0,2022-02-03 06:40:00,IOP1,RA,,,,123.99953208229259,240.0,0.5511090314768559,20.0,10.0,10.0,5.0,1.2735294117647058,RA,0.9742295605493115,-0.25709066845499595,Gault,Gault,240.0,15.0,"soundings_wintremix/upperair.sounding.202202030530.McGill-Gault.txt,soundings_wintremix/upperair.sounding.202202030700.McGill-Gault.txt",220.0,2022-02-03 06:40:00,Gault2022-02-03 06:40:00,False,,,,
687,-1.5895369080481365,83.40402510839318,82.37699058741799,-0.15895369080481364,10.0,2022-02-03 06:50:00,IOP1,RA,,,,140.52789056540487,255.0,0.5855328773558536,20.0,10.0,10.0,5.0,1.2811764705882354,RA,1.0441471143702432,-0.1866439861758964,Gault,Gault,255.0,15.0,"soundings_wintremix/upperair.sounding.202202030530.McGill-Gault.txt,soundings_wintremix/upperair.sounding.202202030700.McGill-Gault.txt",235.0,2022-02-03 06:50:00,Gault2022-02-03 06:50:00,False,,,,
688,,,,,,2022-02-03 07:04:00,IOP1,RA,,,,,,,,,,,,RA,,,Gault,Gault,,,,,2022-02-03 07:00:00,Gault2022-02-03 07:00:00,False,,,,
689,-1.47018737671049,84.19117647058825,83.14460200544879,-0.147018737671049,10.0,2022-02-03 07:10:00,IOP1,RA,,,,157.76401529781208,270.0,0.6186824129325964,20.0,10.0,10.0,5.0,,RA,1.119923919866369,-0.17676853301120868,Gault,Gault,270.0,15.0,,250.0,2022-02-03 07:10:00,Gault2022-02-03 07:10:00,True,upperair.sounding.202202030700.McGill-Gault.txt,,,
690,,,,,,2022-02-03 07:20:00,IOP1,RA,,,,,,,,,,,,RA,,,Gault,Gault,,,,,2022-02-03 07:20:00,Gault2022-02-03 07:20:00,False,,,,
691,,,,,,2022-02-03 07:30:00,IOP1,RA,,,,,,,,,,,,RA,,,Gault,Gault,,,,,2022-02-03 07:30:00,Gault2022-02-03 07:30:00,False,,,,
692,,,,,,2022-02-03 07:40:00,IOP1,RA,,,,,,,,,,,,RA,,,Gault,Gault,,,,,2022-02-03 07:40:00,Gault2022-02-03 07:40:00,False,,,,
693,,,,,,2022-02-03 07:50:00,IOP1,RA,,,,,,,,,,,,RA,,,Gault,Gault,,,,,2022-02-03 07:50:00,Gault2022-02-03 07:50:00,False,,,,
694,,,,,,2022-02-03 08:00:00,IOP1,SN,,,,,,,,,,,,SN,,,Gault,Gault,,,,,2022-02-03 08:00:00,Gault2022-02-03 08:00:00,False,,,,
695,-44.84459497993064,72.9,71.35183906415517,-1.7937837991972259,0.0,2022-02-10 10:10:00,IOP2,,,,,19.73598135647382,75.0,0.3588360246631603,25.0,0.0,0.0,20.0,2.5614251207729466,,0.6731174778726172,-2.898940797793813,Gault,Gault,75.0,20.0,"soundings_wintremix/upperair.sounding.202202101000.McGill-Gault.txt,soundings_wintremix/upperair.sounding.202202101200.McGill-Gault.txt",50.0,2022-02-10 10:10:00,Gault2022-02-10 10:10:00,True,upperair.sounding.202202101000.McGill-Gault.txt,,,
696,-36.09832079123695,73.88333333333334,72.31428956822128,-1.443932831649478,0.0,2022-02-10 10:20:00,IOP2,,,,,15.123290780559085,70.0,0.3024658156111817,25.0,0.0,0.0,20.0,2.482850241545894,,0.5514175774398945,-2.3679888024562112,Gault,Gault,70.0,20.0,"soundings_wintremix/upperair.sounding.202202101000.McGill-Gault.txt,soundings_wintremix/upperair.sounding.202202101200.McGill-Gault.txt",45.0,2022-02-10 10:20:00,Gault2022-02-10 10:20:00,False,,,,
697,-31.8118254404325,58.89897605545053,57.61510789734404,-1.590591272021625,5.0,2022-02-10 10:30:00,IOP2,,,,,12.876756798127506,70.0,0.25753513596255007,25.0,5.0,5.0,15.0,2.4042753623188404,,0.4905676272235331,-2.102512804787411,Gault,Gault,70.0,20.0,"soundings_wintremix/upperair.sounding.202202101000.McGill-Gault.txt,soundings_wintremix/upperair.sounding.202202101200.McGill-Gault.txt",45.0,2022-02-10 10:30:00,Gault2022-02-10 10:30:00,False,,,,
698,-27.62236950273878,61.44646082755724,60.11845627350386,-1.3811184751369392,5.0,2022-02-10 10:40:00,IOP2,,,,,10.751863191702848,65.0,0.2389302931489522,25.0,5.0,5.0,15.0,2.3257004830917873,,0.42971767700717173,-1.83703680711861,Gault,Gault,65.0,20.0,"soundings_wintremix/upperair.sounding.202202101000.McGill-Gault.txt,soundings_wintremix/upperair.sounding.202202101200.McGill-Gault.txt",40.0,2022-02-10 10:40:00,Gault2022-02-10 10:40:00,False,,,,
699,-23.432913565045077,63.993945599663945,62.62523733948653,-1.1716456782522537,5.0,2022-02-10 10:50:00,IOP2,,,,,8.635218243893261,65.0,0.19189373875318355,25.0,5.0,5.0,15.0,2.2471256038647347,,0.36886772679081037,-1.5715608094498097,Gault,Gault,65.0,20.0,"soundings_wintremix/upperair.sounding.202202101000.McGill-Gault.txt,soundings_wintremix/upperair.sounding.202202101200.McGill-Gault.txt",40.0,2022-02-10 10:50:00,Gault2022-02-10 10:50:00,False,,,,
700,-19.243457627351347,66.54143037177063,65.13545528296576,-0.9621728813675674,5.0,2022-02-10 11:00:00,IOP2,,,,,6.646919658310308,60.0,0.16617299145775768,25.0,5.0,5.0,15.0,2.168550724637681,,0.30801777657444895,-1.3060848117810089,Gault,Gault,60.0,20.0,"soundings_wintremix/upperair.sounding.202202101000.McGill-Gault.txt,soundings_wintremix/upperair.sounding.202202101200.McGill-Gault.txt",35.0,2022-02-10 11:00:00,Gault2022-02-10 11:00:00,False,,,,
701,-15.05400168965763,69.08891514387733,67.64911429558875,-0.7527000844828815,5.0,2022-02-10 11:10:00,IOP2,,,,,4.798172542400133,55.0,0.13709064406857524,25.0,5.0,5.0,15.0,2.089975845410628,,0.24716782635808757,-1.040608814112208,Gault,Gault,55.0,20.0,"soundings_wintremix/upperair.sounding.202202101000.McGill-Gault.txt,soundings_wintremix/upperair.sounding.202202101200.McGill-Gault.txt",30.0,2022-02-10 11:10:00,Gault2022-02-10 11:10:00,False,,,,
702,-10.864545751963911,71.63639991598403,70.166218572976,-0.5432272875981955,5.0,2022-02-10 11:20:00,IOP2,,,,,3.175382543480041,50.0,0.10584608478266803,25.0,5.0,5.0,15.0,2.0114009661835746,,0.1863178761417262,-0.7751328164434075,Gault,Gault,50.0,20.0,"soundings_wintremix/upperair.sounding.202202101000.McGill-Gault.txt,soundings_wintremix/upperair.sounding.202202101200.McGill-Gault.txt",25.0,2022-02-10 11:20:00,Gault2022-02-10 11:20:00,False,,,,
703,-6.675089814270194,74.18388468809073,72.6867723147222,-0.3337544907135097,5.0,2022-02-10 11:30:00,IOP2,,,,,1.8194448880416467,45.0,0.07277779552166587,25.0,5.0,5.0,15.0,1.932826086956522,,0.12546792592536482,-0.5362013400343644,Gault,Gault,45.0,20.0,"soundings_wintremix/upperair.sounding.202202101000.McGill-Gault.txt,soundings_wintremix/upperair.sounding.202202101200.McGill-Gault.txt",20.0,2022-02-10 11:30:00,Gault2022-02-10 11:30:00,False,,,,
704,-3.0479738563406653,75.64607225372822,74.25746786430688,-0.20319825708937767,10.0,2022-02-10 11:40:00,IOP2,,,,,0.7389177223688612,35.0,0.04926118149125742,25.0,10.0,10.0,10.0,1.8542512077294686,,0.06461797570900343,-0.3158679740451476,Gault,Gault,35.0,20.0,"soundings_wintremix/upperair.sounding.202202101000.McGill-Gault.txt,soundings_wintremix/upperair.sounding.202202101200.McGill-Gault.txt",10.0,2022-02-10 11:40:00,Gault2022-02-10 11:40:00,False,,,,
705,-0.47767304027965407,78.14130936845825,76.87427409313462,-0.09553460805593081,20.0,2022-02-10 11:50:00,IOP2,,,,,3.737586098164294,15.0,0.1868793049082147,0.0,20.0,20.0,0.0,1.7756763285024153,,0.3112181993534797,-0.09553460805593081,Gault,Gault,15.0,20.0,"soundings_wintremix/upperair.sounding.202202101000.McGill-Gault.txt,soundings_wintremix/upperair.sounding.202202101200.McGill-Gault.txt",15.0,2022-02-10 11:50:00,Gault2022-02-10 11:50:00,False,,,,
706,,,,,,2022-02-10 12:00:00,IOP2,,,,,,,,,,,,,,,,Gault,Gault,,,,,2022-02-10 12:00:00,Gault2022-02-10 12:00:00,False,,,,
707,,,,,,2022-02-10 12:10:00,IOP2,,,,,,,,,,,,,,,,Gault,Gault,,,,0.0,2022-02-10 12:10:00,Gault2022-02-10 12:10:00,True,upperair.sounding.202202101200.McGill-Gault.txt,,,
708,,,,,,2022-02-10 12:20:00,IOP2,,,,,,,,,,,,,,,,Gault,Gault,,,,,2022-02-10 12:20:00,Gault2022-02-10 12:20:00,False,,,,
709,,,,,,2022-02-10 12:30:00,IOP2,,,,,,,,,,,,,,,,Gault,Gault,,,,,2022-02-10 12:30:00,Gault2022-02-10 12:30:00,False,,,,
710,,,,,,2022-02-10 12:40:00,IOP2,,,,,,,,,,,,,,,,Gault,Gault,,,,,2022-02-10 12:40:00,Gault2022-02-10 12:40:00,False,,,,
711,,,,,,2022-02-10 12:50:00,IOP2,,,,,,,,,,,,,,,,Gault,Gault,,,,,2022-02-10 12:50:00,Gault2022-02-10 12:50:00,False,,,,
712,,,,,,2022-02-10 13:00:00,IOP2,,,,,,,,,,,,,,,,Gault,Gault,,,,,2022-02-10 13:00:00,Gault2022-02-10 13:00:00,False,,,,
713,,,,,,2022-02-10 13:10:00,IOP2,,,,,,,,,,,,,,,,Gault,Gault,,,,,2022-02-10 13:10:00,Gault2022-02-10 13:10:00,False,,,,
714,,,,,,2022-02-10 13:20:00,IOP2,,,,,,,,,,,,,,,,Gault,Gault,,,,,2022-02-10 13:20:00,Gault2022-02-10 13:20:00,False,,,,
715,,,,,,2022-02-10 13:30:00,IOP2,,,,,,,,,,,,,,,,Gault,Gault,,,,,2022-02-10 13:30:00,Gault2022-02-10 13:30:00,False,,,,
716,,,,,,2022-02-12 00:18:00,IOP3,,,,,,,,,,,,,,,,Gault,Gault,,,,,2022-02-12 00:20:00,Gault2022-02-12 00:20:00,False,,,,
717,,,,,,2022-02-12 00:30:00,IOP3,,,,,,,,,,,,,,,,Gault,Gault,,,,,2022-02-12 00:30:00,Gault2022-02-12 00:30:00,False,,,,
718,,,,,,2022-02-12 00:40:00,IOP3,,,,,,,,,,,,,,,,Gault,Gault,,,,,2022-02-12 00:40:00,Gault2022-02-12 00:40:00,False,,,,
719,,,,,,2022-02-12 00:50:00,IOP3,,,,,,,,,,,,,,,,Gault,Gault,,,,,2022-02-12 00:50:00,Gault2022-02-12 00:50:00,False,,,,
720,-5.445059423642251,26.081652173913042,24.61889198044412,-0.36300396157615006,30.0,2022-02-12 01:00:00,IOP3,,,,,114.90716581948233,325.0,0.4031830379630959,45.0,30.0,30.0,10.0,5.9,,0.9283585417871559,-0.5186863270757052,Gault,Gault,325.0,40.0,"soundings_wintremix/upperair.sounding.202202120100.McGill-Gault.txt,soundings_wintremix/upperair.sounding.202202120230.McGill-Gault.txt",280.0,2022-02-12 01:00:00,Gault2022-02-12 01:00:00,False,,,,
721,-5.445059423642251,26.081652173913042,24.61889198044412,-0.36300396157615006,30.0,2022-02-12 01:10:00,IOP3,,,,,114.90716581948233,325.0,0.4031830379630959,45.0,30.0,30.0,10.0,5.897186379928315,,0.9283585417871559,-0.5186863270757052,Gault,Gault,325.0,40.0,"soundings_wintremix/upperair.sounding.202202120100.McGill-Gault.txt,soundings_wintremix/upperair.sounding.202202120230.McGill-Gault.txt",280.0,2022-02-12 01:10:00,Gault2022-02-12 01:10:00,True,upperair.sounding.202202120100.McGill-Gault.txt,,,
722,-1.1112576833197463,26.445600748013092,24.968509014342033,-0.11112576833197461,35.0,2022-02-12 01:20:00,IOP3,,,,,153.10871960628197,410.0,0.4138073502872485,45.0,35.0,35.0,5.0,5.894372759856632,,0.9845822841269667,-0.13387205710836667,Gault,Gault,410.0,40.0,"soundings_wintremix/upperair.sounding.202202120100.McGill-Gault.txt,soundings_wintremix/upperair.sounding.202202120230.McGill-Gault.txt",365.0,2022-02-12 01:20:00,Gault2022-02-12 01:20:00,False,,,,
723,,,,,,2022-02-12 01:30:00,IOP3,,,,,,,,,,,,5.891559139784946,,,,Gault,Gault,,,"soundings_wintremix/upperair.sounding.202202120100.McGill-Gault.txt,soundings_wintremix/upperair.sounding.202202120230.McGill-Gault.txt",0.0,2022-02-12 01:30:00,Gault2022-02-12 01:30:00,False,,,,
724,,,,,,2022-02-12 01:40:00,IOP3,,,,,,,,,,,,5.888745519713262,,,,Gault,Gault,,,"soundings_wintremix/upperair.sounding.202202120100.McGill-Gault.txt,soundings_wintremix/upperair.sounding.202202120230.McGill-Gault.txt",0.0,2022-02-12 01:40:00,Gault2022-02-12 01:40:00,False,,,,
725,,,,,,2022-02-12 01:50:00,IOP3,,,,,,,,,,,,5.8859318996415775,,,,Gault,Gault,,,"soundings_wintremix/upperair.sounding.202202120100.McGill-Gault.txt,soundings_wintremix/upperair.sounding.202202120230.McGill-Gault.txt",0.0,2022-02-12 01:50:00,Gault2022-02-12 01:50:00,False,,,,
726,,,,,,2022-02-12 02:00:00,IOP3,,,,,,,,,,,,5.883118279569892,,,,Gault,Gault,,,"soundings_wintremix/upperair.sounding.202202120100.McGill-Gault.txt,soundings_wintremix/upperair.sounding.202202120230.McGill-Gault.txt",0.0,2022-02-12 02:00:00,Gault2022-02-12 02:00:00,False,,,,
727,,,,,,2022-02-12 02:10:00,IOP3,,,,,,,,,,,,5.880304659498208,,,,Gault,Gault,,,"soundings_wintremix/upperair.sounding.202202120100.McGill-Gault.txt,soundings_wintremix/upperair.sounding.202202120230.McGill-Gault.txt",0.0,2022-02-12 02:10:00,Gault2022-02-12 02:10:00,False,,,,
728,,,,,,2022-02-12 02:20:00,IOP3,,,,,,,,,,,,5.877491039426523,,,,Gault,Gault,,,"soundings_wintremix/upperair.sounding.202202120100.McGill-Gault.txt,soundings_wintremix/upperair.sounding.202202120230.McGill-Gault.txt",0.0,2022-02-12 02:20:00,Gault2022-02-12 02:20:00,False,,,,
729,-1.2221005491907917,25.91166666666667,24.50723085499522,-0.24442010983815832,15.0,2022-02-12 02:30:00,IOP3,,,,,454.11881457124196,580.0,0.8037501142853839,20.0,15.0,15.0,0.0,5.53,,1.3149319266271984,-0.24442010983815832,Gault,Gault,580.0,15.0,"soundings_wintremix/upperair.sounding.202202120230.McGill-Gault.txt,soundings_wintremix/upperair.sounding.202202120400.McGill-Gault.txt",560.0,2022-02-12 02:30:00,Gault2022-02-12 02:30:00,False,,,,
730,-1.2221005491907917,25.91166666666667,24.50723085499522,-0.24442010983815832,15.0,2022-02-12 02:40:00,IOP3,,,,,454.11881457124196,580.0,0.8037501142853839,20.0,15.0,15.0,0.0,5.468185451638689,,1.3149319266271984,-0.24442010983815832,Gault,Gault,580.0,15.0,"soundings_wintremix/upperair.sounding.202202120230.McGill-Gault.txt,soundings_wintremix/upperair.sounding.202202120400.McGill-Gault.txt",560.0,2022-02-12 02:40:00,Gault2022-02-12 02:40:00,True,upperair.sounding.202202120230.McGill-Gault.txt,,,
731,,,,,,2022-02-12 02:50:00,IOP3,,,,,,,,,,,,5.406370903277378,,,,Gault,Gault,,,"soundings_wintremix/upperair.sounding.202202120230.McGill-Gault.txt,soundings_wintremix/upperair.sounding.202202120400.McGill-Gault.txt",0.0,2022-02-12 02:50:00,Gault2022-02-12 02:50:00,False,,,,
732,,,,,,2022-02-12 03:00:00,IOP3,,,,,,,,,,,,5.344556354916067,,,,Gault,Gault,,,"soundings_wintremix/upperair.sounding.202202120230.McGill-Gault.txt,soundings_wintremix/upperair.sounding.202202120400.McGill-Gault.txt",0.0,2022-02-12 03:00:00,Gault2022-02-12 03:00:00,False,,,,
733,,,,,,2022-02-12 03:10:00,IOP3,,,,,,,,,,,,5.282741806554757,,,,Gault,Gault,,,"soundings_wintremix/upperair.sounding.202202120230.McGill-Gault.txt,soundings_wintremix/upperair.sounding.202202120400.McGill-Gault.txt",0.0,2022-02-12 03:10:00,Gault2022-02-12 03:10:00,False,,,,
734,,,,,,2022-02-12 03:20:00,IOP3,,,,,,,,,,,,5.220927258193445,,,,Gault,Gault,,,"soundings_wintremix/upperair.sounding.202202120230.McGill-Gault.txt,soundings_wintremix/upperair.sounding.202202120400.McGill-Gault.txt",0.0,2022-02-12 03:20:00,Gault2022-02-12 03:20:00,False,,,,
735,,,,,,2022-02-12 03:30:00,IOP3,RA,,,,,,,,,,,5.159112709832135,RA,,,Gault,Gault,,,"soundings_wintremix/upperair.sounding.202202120230.McGill-Gault.txt,soundings_wintremix/upperair.sounding.202202120400.McGill-Gault.txt",0.0,2022-02-12 03:30:00,Gault2022-02-12 03:30:00,False,,,,
736,,,,,,2022-02-12 03:40:00,IOP3,RA,,,,,,,,,,,5.097298161470824,RA,,,Gault,Gault,,,"soundings_wintremix/upperair.sounding.202202120230.McGill-Gault.txt,soundings_wintremix/upperair.sounding.202202120400.McGill-Gault.txt",0.0,2022-02-12 03:40:00,Gault2022-02-12 03:40:00,False,,,,
737,,,,,,2022-02-12 03:50:00,IOP3,RA,,,,,,,,,,,5.035483613109513,RA,,,Gault,Gault,,,"soundings_wintremix/upperair.sounding.202202120230.McGill-Gault.txt,soundings_wintremix/upperair.sounding.202202120400.McGill-Gault.txt",0.0,2022-02-12 03:50:00,Gault2022-02-12 03:50:00,False,,,,
738,,,,,,2022-02-12 04:00:00,IOP3,RA,,,,,,,,,,,,RA,,,Gault,Gault,,,,,2022-02-12 04:00:00,Gault2022-02-12 04:00:00,False,,,,
739,,,,,,2022-02-12 04:10:00,IOP3,,,,,,,,,,,,,,,,Gault,Gault,,,,0.0,2022-02-12 04:10:00,Gault2022-02-12 04:10:00,True,upperair.sounding.202202120400.McGill-Gault.txt,,,
740,,,,,,2022-02-12 04:20:00,IOP3,,,,,,,,,,,,,,,,Gault,Gault,,,,,2022-02-12 04:20:00,Gault2022-02-12 04:20:00,False,,,,
741,,,,,,2022-02-12 04:30:00,IOP3,RA,,,,,,,,,,,,RA,,,Gault,Gault,,,,,2022-02-12 04:30:00,Gault2022-02-12 04:30:00,False,,,,
742,,,,,,2022-02-12 04:40:00,IOP3,RA,,,,,,,,,,,,RA,,,Gault,Gault,,,,,2022-02-12 04:40:00,Gault2022-02-12 04:40:00,False,,,,
743,,,,,,2022-02-12 04:50:00,IOP3,RA,,,,,,,,,,,,RA,,,Gault,Gault,,,,,2022-02-12 04:50:00,Gault2022-02-12 04:50:00,False,,,,
744,,,,,,2022-02-12 05:00:00,IOP3,RA,,,,,,,,,,,,RA,,,Gault,Gault,,,,,2022-02-12 05:00:00,Gault2022-02-12 05:00:00,False,,,,
745,,,,,,2022-02-17 23:00:00,IOP4,RA,,,,,,,,,,,5.22,RA,,,Gault,Gault,,,"soundings_wintremix/upperair.sounding.202202172300.McGill-Gault.txt,soundings_wintremix/upperair.sounding.202202180100.McGill-Gault.txt",0.0,2022-02-17 23:00:00,Gault2022-02-17 23:00:00,False,,2.7074000000000003,4.3155453999999995,99.92809
746,,,,,,2022-02-17 23:10:00,IOP4,RA,,,,,,,,,,,5.01515570934256,RA,,,Gault,Gault,,,"soundings_wintremix/upperair.sounding.202202172300.McGill-Gault.txt,soundings_wintremix/upperair.sounding.202202180100.McGill-Gault.txt",0.0,2022-02-17 23:10:00,Gault2022-02-17 23:10:00,True,upperair.sounding.202202172300.McGill-Gault.txt,2.9421,4.521384899999999,99.93334200000001
747,,,,,,2022-02-17 23:20:00,IOP4,RA,,,,,,,,,,,4.810311418685121,RA,,,Gault,Gault,,,"soundings_wintremix/upperair.sounding.202202172300.McGill-Gault.txt,soundings_wintremix/upperair.sounding.202202180100.McGill-Gault.txt",0.0,2022-02-17 23:20:00,Gault2022-02-17 23:20:00,False,,3.3366,4.1807016,99.938667
748,,,,,,2022-02-17 23:30:00,IOP4,RA,,,,,,,,,,,4.605467128027682,RA,,,Gault,Gault,,,"soundings_wintremix/upperair.sounding.202202172300.McGill-Gault.txt,soundings_wintremix/upperair.sounding.202202180100.McGill-Gault.txt",0.0,2022-02-17 23:30:00,Gault2022-02-17 23:30:00,False,,3.7082,4.1242652,99.929687
749,,,,,,2022-02-17 23:40:00,IOP4,RA,,,,,,,,,,,4.400622837370242,RA,,,Gault,Gault,,,"soundings_wintremix/upperair.sounding.202202172300.McGill-Gault.txt,soundings_wintremix/upperair.sounding.202202180100.McGill-Gault.txt",0.0,2022-02-17 23:40:00,Gault2022-02-17 23:40:00,False,,3.7804,3.8784042999999997,99.93375599999999
750,,,,,,2022-02-17 23:50:00,IOP4,RA,,,,,,,,,,,4.195778546712803,RA,,,Gault,Gault,,,"soundings_wintremix/upperair.sounding.202202172300.McGill-Gault.txt,soundings_wintremix/upperair.sounding.202202180100.McGill-Gault.txt",0.0,2022-02-17 23:50:00,Gault2022-02-17 23:50:00,False,,3.5448999999999997,4.1161609,99.929687
751,,,,,,2022-02-18 00:00:00,IOP4,RA,,,,,,,,,,,3.990934256055363,RA,,,Gault,Gault,,,"soundings_wintremix/upperair.sounding.202202172300.McGill-Gault.txt,soundings_wintremix/upperair.sounding.202202180100.McGill-Gault.txt",0.0,2022-02-18 00:00:00,Gault2022-02-18 00:00:00,False,,2.6734,4.4815725,99.931415
752,,,,,,2022-02-18 00:10:00,IOP4,RA,,,,,,,,,,,3.786089965397924,RA,,,Gault,Gault,,,"soundings_wintremix/upperair.sounding.202202172300.McGill-Gault.txt,soundings_wintremix/upperair.sounding.202202180100.McGill-Gault.txt",0.0,2022-02-18 00:10:00,Gault2022-02-18 00:10:00,False,,2.6217,4.2658035,99.933721
753,,,,,,2022-02-18 00:20:00,IOP4,RA,,,,,,,,,,,3.581245674740484,RA,,,Gault,Gault,,,"soundings_wintremix/upperair.sounding.202202172300.McGill-Gault.txt,soundings_wintremix/upperair.sounding.202202180100.McGill-Gault.txt",0.0,2022-02-18 00:20:00,Gault2022-02-18 00:20:00,False,,2.3149,4.1710741,99.938884
754,,,,,,2022-02-18 00:30:00,IOP4,RA,,,,,,,,,,,3.376401384083045,RA,,,Gault,Gault,,,"soundings_wintremix/upperair.sounding.202202172300.McGill-Gault.txt,soundings_wintremix/upperair.sounding.202202180100.McGill-Gault.txt",0.0,2022-02-18 00:30:00,Gault2022-02-18 00:30:00,False,,2.4455999999999998,4.1449004,99.934157
755,,,,,,2022-02-18 00:40:00,IOP4,RA,,,,,,,,,,,3.171557093425605,RA,,,Gault,Gault,,,"soundings_wintremix/upperair.sounding.202202172300.McGill-Gault.txt,soundings_wintremix/upperair.sounding.202202180100.McGill-Gault.txt",0.0,2022-02-18 00:40:00,Gault2022-02-18 00:40:00,False,,2.6572,4.0398943,99.93153099999999
756,-0.13146098969203784,96.82986802413275,96.48464141988035,-0.013146098969203783,1405.0,2022-02-18 00:50:00,IOP4,RA,,,,2628.526541212612,1400.0,1.8708373958808626,0.0,1405.0,1405.0,5.0,2.966712802768166,RA,3.509843671732451,-0.013148502126414507,Gault,Gault,1400.0,1410.0,"soundings_wintremix/upperair.sounding.202202172300.McGill-Gault.txt,soundings_wintremix/upperair.sounding.202202180100.McGill-Gault.txt",1400.0,2022-02-18 00:50:00,Gault2022-02-18 00:50:00,False,,2.3234,3.8492648000000003,99.933233
757,-0.338093288843894,96.44653846153848,96.0939773235329,-0.0338093288843894,1405.0,2022-02-18 01:00:00,IOP4,RA,,,,2452.3954425402976,1400.0,1.745477183302703,0.0,1405.0,1405.0,5.0,2.22,RA,3.487708361724103,-0.03537980884183661,Gault,Gault,1400.0,1410.0,"soundings_wintremix/upperair.sounding.202202180100.McGill-Gault.txt,soundings_wintremix/upperair.sounding.202202180335.McGill-Gault.txt",1400.0,2022-02-18 01:00:00,Gault2022-02-18 01:00:00,False,,2.499,1.4240734,99.928715
758,-0.338093288843894,96.44653846153848,96.0939773235329,-0.0338093288843894,1405.0,2022-02-18 01:10:00,IOP4,RA,,,,2452.3954425402976,1400.0,1.745477183302703,0.0,1405.0,1405.0,5.0,1.864905823771379,RA,3.487708361724103,-0.03537980884183661,Gault,Gault,1400.0,1410.0,"soundings_wintremix/upperair.sounding.202202180100.McGill-Gault.txt,soundings_wintremix/upperair.sounding.202202180335.McGill-Gault.txt",1400.0,2022-02-18 01:10:00,Gault2022-02-18 01:10:00,True,upperair.sounding.202202180100.McGill-Gault.txt,1.5089000000000001,0.72700342,99.937978
759,-6.73163549492787,76.2495795536864,74.97869031734446,-0.3365817747463935,25.0,2022-02-18 01:20:00,IOP4,RA,,,,1722.865677310997,1415.0,1.2529932198625433,45.0,25.0,25.0,15.0,1.5098116475427585,RA,2.4782845894065098,-0.44451078861733184,Gault,Gault,1415.0,40.0,"soundings_wintremix/upperair.sounding.202202180100.McGill-Gault.txt,soundings_wintremix/upperair.sounding.202202180335.McGill-Gault.txt",1370.0,2022-02-18 01:20:00,Gault2022-02-18 01:20:00,False,,1.1716000000000002,0.49459418,99.9354
760,-20.772137279456555,81.1470547357584,80.0089506599716,-0.37767522326284647,20.0,2022-02-18 01:30:00,IOP4,RA,,,,1390.7718668174825,1415.0,1.03403112774534,75.0,20.0,20.0,50.0,1.1547174713141373,RA,2.187380112827443,-0.8913759077574263,Gault,Gault,1415.0,70.0,"soundings_wintremix/upperair.sounding.202202180100.McGill-Gault.txt,soundings_wintremix/upperair.sounding.202202180335.McGill-Gault.txt",1340.0,2022-02-18 01:30:00,Gault2022-02-18 01:30:00,False,,1.0826,0.20367311400000002,99.929472
761,-56.88256670073637,79.42273964767787,78.61106691675612,-0.6692066670674869,20.0,2022-02-18 01:40:00,IOP4,RA,,,,1085.817078520151,1415.0,0.8827781126180089,190.0,20.0,20.0,80.0,0.7996232950855165,RA,1.915420178028878,-1.3397479881885586,Gault,Gault,1415.0,100.0,"soundings_wintremix/upperair.sounding.202202180100.McGill-Gault.txt,soundings_wintremix/upperair.sounding.202202180335.McGill-Gault.txt",1225.0,2022-02-18 01:40:00,Gault2022-02-18 01:40:00,False,,0.9576,-0.34695714,99.934539
762,-202.82226562957499,83.44647558849171,82.4740154136759,-0.5878906250132607,15.0,2022-02-18 01:50:00,IOP4,RA,,,,875.8430266649152,1420.0,0.822387818464709,360.0,15.0,15.0,340.0,0.4445291188568956,RA,1.6434602432303123,-1.8013812744059456,Gault,Gault,1420.0,355.0,"soundings_wintremix/upperair.sounding.202202180100.McGill-Gault.txt,soundings_wintremix/upperair.sounding.202202180335.McGill-Gault.txt",1060.0,2022-02-18 01:50:00,Gault2022-02-18 01:50:00,False,,1.0271000000000001,-0.6074173,99.934244
763,-397.53529616450817,81.97086021505376,81.05780839953847,-0.8737039476143037,10.0,2022-02-18 02:00:00,IOP4,FZRA,,,,720.9359870898054,1420.0,0.7509749865518806,465.0,10.0,10.0,450.0,0.08943494262827478,FZRA,1.3715003084317468,-2.2630145606233323,Gault,Gault,1420.0,460.0,"soundings_wintremix/upperair.sounding.202202180100.McGill-Gault.txt,soundings_wintremix/upperair.sounding.202202180335.McGill-Gault.txt",955.0,2022-02-18 02:00:00,Gault2022-02-18 02:00:00,False,,1.4515,-0.7494016,99.930853
764,-626.7580580342544,86.10086954589887,85.20758062809472,-1.1192108179183113,10.0,2022-02-18 02:10:00,IOP4,FZRA,,,,599.2128272724967,1420.0,0.7008337161081831,570.0,10.0,10.0,555.0,-0.26565923360034605,FZRA,1.252417919931483,-2.7246478468407194,Gault,Gault,1420.0,565.0,"soundings_wintremix/upperair.sounding.202202180100.McGill-Gault.txt,soundings_wintremix/upperair.sounding.202202180335.McGill-Gault.txt",850.0,2022-02-18 02:10:00,Gault2022-02-18 02:10:00,False,,1.4756,-1.19519901,98.950192
765,-900.1656622243902,84.36300675375455,83.7347199146265,-1.525704512244729,10.0,2022-02-18 02:20:00,IOP4,FZRA,,,,347.8630336033077,1420.0,0.6820843796143287,915.0,10.0,10.0,585.0,-0.6207534098289671,FZRA,1.2312180526625762,-3.186281133058106,Gault,Gault,1420.0,595.0,"soundings_wintremix/upperair.sounding.202202180100.McGill-Gault.txt,soundings_wintremix/upperair.sounding.202202180335.McGill-Gault.txt",505.0,2022-02-18 02:20:00,Gault2022-02-18 02:20:00,False,,1.7169,-1.4690132999999999,99.935918
766,-1181.4739966762522,84.9609928451087,84.11019517641678,-1.952849581283061,5.0,2022-02-18 02:30:00,IOP4,FZRA,,,,331.3758619188035,1425.0,0.6561898255817892,925.0,5.0,5.0,600.0,-0.9758475860575879,FZRA,1.2100181853936696,-3.6479144192754935,Gault,Gault,1425.0,605.0,"soundings_wintremix/upperair.sounding.202202180100.McGill-Gault.txt,soundings_wintremix/upperair.sounding.202202180335.McGill-Gault.txt",500.0,2022-02-18 02:30:00,Gault2022-02-18 02:30:00,False,,1.6545999999999998,-1.6013565,99.21984599999999
767,-1466.9694586803218,84.45888862835993,83.796924375464,-2.385316192976133,5.0,2022-02-18 02:40:00,IOP4,PL,,,,316.17745071449906,1425.0,0.6323549014289981,930.0,5.0,5.0,610.0,-1.3309417622862088,PL,1.1888183181247625,-4.109547705492881,Gault,Gault,1425.0,615.0,"soundings_wintremix/upperair.sounding.202202180100.McGill-Gault.txt,soundings_wintremix/upperair.sounding.202202180335.McGill-Gault.txt",495.0,2022-02-18 02:40:00,Gault2022-02-18 02:40:00,False,,1.5551,-2.1358463,98.039133
768,-1753.9504803565576,83.95678441161112,83.48033925280454,-2.828952387671867,5.0,2022-02-18 02:50:00,IOP4,PL,,,,301.37966930476364,1430.0,0.5967914243658685,930.0,5.0,5.0,615.0,-1.6860359385148298,PL,1.1676184508558558,-4.571180991710268,Gault,Gault,1430.0,620.0,"soundings_wintremix/upperair.sounding.202202180100.McGill-Gault.txt,soundings_wintremix/upperair.sounding.202202180335.McGill-Gault.txt",500.0,2022-02-18 02:50:00,Gault2022-02-18 02:50:00,False,,2.435,-2.2516675,98.435496
769,-2088.0593489416315,92.69354838709677,92.1700226830524,-2.711765388235885,0.0,2022-02-18 03:00:00,IOP4,PL,,,,286.44509897531,1430.0,0.6739884681771998,1010.0,0.0,0.0,765.0,-2.0411301147434506,PL,1.146418583586949,-5.0328142779276535,Gault,Gault,1430.0,765.0,"soundings_wintremix/upperair.sounding.202202180100.McGill-Gault.txt,soundings_wintremix/upperair.sounding.202202180335.McGill-Gault.txt",420.0,2022-02-18 03:00:00,Gault2022-02-18 03:00:00,False,,2.5659,-2.3679081,98.737866
770,-2407.5130342892226,92.80967741935483,92.49038662206476,-3.1064684313409314,0.0,2022-02-18 03:10:00,IOP4,PL,,,,282.75489216624993,1430.0,0.6732259337291666,1015.0,0.0,0.0,770.0,-2.396224290972072,PL,1.125218716318042,-5.494447564145042,Gault,Gault,1430.0,770.0,"soundings_wintremix/upperair.sounding.202202180100.McGill-Gault.txt,soundings_wintremix/upperair.sounding.202202180335.McGill-Gault.txt",415.0,2022-02-18 03:10:00,Gault2022-02-18 03:10:00,False,,2.375,-2.5985357999999996,98.755295
771,-2728.105343439611,92.92580645161289,92.81174252982555,-3.475293431133263,0.0,2022-02-18 03:20:00,IOP4,PL,,,,279.95047756433416,1430.0,0.6828060428398393,1025.0,0.0,0.0,780.0,-2.7513184672006923,PL,1.1040188490491354,-5.956080850362428,Gault,Gault,1430.0,780.0,"soundings_wintremix/upperair.sounding.202202180100.McGill-Gault.txt,soundings_wintremix/upperair.sounding.202202180335.McGill-Gault.txt",405.0,2022-02-18 03:20:00,Gault2022-02-18 03:20:00,False,,1.9686,-2.8053011999999997,97.14412
772,-3050.3786044424373,93.04193548387096,93.13409317056828,-3.8129732555530467,0.0,2022-02-18 03:30:00,IOP4,PL,,,,278.8083067323146,1435.0,0.6884155721785545,1035.0,0.0,0.0,795.0,-3.106412643429313,PL,1.0828189817802283,-6.417714136579816,Gault,Gault,1435.0,795.0,"soundings_wintremix/upperair.sounding.202202180100.McGill-Gault.txt,soundings_wintremix/upperair.sounding.202202180335.McGill-Gault.txt",400.0,2022-02-18 03:30:00,Gault2022-02-18 03:30:00,False,,1.6823000000000001,-3.0197304,96.48139499999999
773,-3213.226137086157,93.1,93.2956423809665,-4.016532671357696,0.0,2022-02-18 03:40:00,IOP4,PL,,,,278.4727797550473,1435.0,0.6961819493876183,1040.0,0.0,0.0,795.0,-3.4166666666666665,PL,1.072219048145775,-6.855485118277498,Gault,Gault,1435.0,795.0,"soundings_wintremix/upperair.sounding.202202180335.McGill-Gault.txt,soundings_wintremix/upperair.sounding.202202180500.McGill-Gault.txt",395.0,2022-02-18 03:40:00,Gault2022-02-18 03:40:00,True,upperair.sounding.202202180335.McGill-Gault.txt,1.3815,-3.3759872,94.19262699999999
774,-3236.4562841999464,97.3443503025988,97.05588335761674,-3.807595628470525,0.0,2022-02-18 03:50:00,IOP4,PL,,,,310.97562157849336,1470.0,0.7067627763147577,1035.0,0.0,0.0,845.0,-3.4899999999999998,PL,1.1311742009256422,-6.810615687640395,Gault,Gault,1470.0,845.0,"soundings_wintremix/upperair.sounding.202202180335.McGill-Gault.txt,soundings_wintremix/upperair.sounding.202202180500.McGill-Gault.txt",435.0,2022-02-18 03:50:00,Gault2022-02-18 03:50:00,False,,1.4545,-3.5218200000000004,95.970488
775,-3334.751260119509,98.65762486126526,98.54833903491819,-3.2219818938352747,0.0,2022-02-18 04:00:00,IOP4,PL,,,,342.6706752300667,1515.0,0.7065374747011686,1035.0,0.0,0.0,1030.0,-3.5633333333333335,PL,1.1965750445750467,-6.780702733882328,Gault,Gault,1515.0,1030.0,"soundings_wintremix/upperair.sounding.202202180335.McGill-Gault.txt,soundings_wintremix/upperair.sounding.202202180500.McGill-Gault.txt",480.0,2022-02-18 04:00:00,Gault2022-02-18 04:00:00,False,,1.4665,-3.4809655999999998,95.925119
776,-3347.504143089479,98.88135405105439,98.90998917809966,-3.2343035198932166,0.0,2022-02-18 04:10:00,IOP4,PL,,,,382.7097452734985,1550.0,0.7359802793721125,1035.0,0.0,0.0,1030.0,-3.6366666666666667,PL,1.2619758882244512,-6.75078978012426,Gault,Gault,1550.0,1030.0,"soundings_wintremix/upperair.sounding.202202180335.McGill-Gault.txt,soundings_wintremix/upperair.sounding.202202180500.McGill-Gault.txt",515.0,2022-02-18 04:10:00,Gault2022-02-18 04:10:00,False,,1.2614,-3.4748210999999998,96.22440900000001
777,-3360.257026059451,99.10508324084351,99.27246830828037,-3.24662514595116,0.0,2022-02-18 04:20:00,IOP4,PL,,,,429.7637682242689,1580.0,0.7813886694986708,1035.0,0.0,0.0,1030.0,-3.71,PL,1.3273767318738556,-6.720876826366191,Gault,Gault,1580.0,1030.0,"soundings_wintremix/upperair.sounding.202202180335.McGill-Gault.txt,soundings_wintremix/upperair.sounding.202202180500.McGill-Gault.txt",545.0,2022-02-18 04:20:00,Gault2022-02-18 04:20:00,False,,1.5224,-3.4719662999999996,95.736414
778,-3373.31296994749,99.32881243063264,99.63577806368333,-3.307169578379892,0.0,2022-02-18 04:30:00,IOP4,PL,,,,484.38803661053436,1625.0,0.7940787485418596,1020.0,0.0,0.0,1015.0,-3.783333333333333,PL,1.392777575523258,-6.690963872608124,Gault,Gault,1625.0,1015.0,"soundings_wintremix/upperair.sounding.202202180335.McGill-Gault.txt,soundings_wintremix/upperair.sounding.202202180500.McGill-Gault.txt",605.0,2022-02-18 04:30:00,Gault2022-02-18 04:30:00,False,,1.6396000000000002,-3.4621837999999996,95.26160899999999
779,-3385.280775569642,99.55254162042175,99.99992008486667,-3.544796623633134,0.0,2022-02-18 04:40:00,IOP4,PL,,,,545.8784168063933,1665.0,0.8334021630631958,1015.0,0.0,0.0,950.0,-3.8566666666666665,PL,1.4905588264546583,-6.661050918850055,Gault,Gault,1665.0,950.0,"soundings_wintremix/upperair.sounding.202202180335.McGill-Gault.txt,soundings_wintremix/upperair.sounding.202202180500.McGill-Gault.txt",650.0,2022-02-18 04:40:00,Gault2022-02-18 04:40:00,False,,1.124,-3.4575589,95.144233
780,-3402.9702178867474,99.77627081021087,100.36489601471963,-3.5820739135649964,0.0,2022-02-18 04:50:00,IOP4,PL,,,,613.9664576997516,1700.0,0.8708744080847545,1000.0,0.0,0.0,945.0,-3.9299999999999993,PL,1.6154637424433447,-6.6311379650919875,Gault,Gault,1700.0,945.0,"soundings_wintremix/upperair.sounding.202202180335.McGill-Gault.txt,soundings_wintremix/upperair.sounding.202202180500.McGill-Gault.txt",700.0,2022-02-18 04:50:00,Gault2022-02-18 04:50:00,False,,1.5189,-3.4476736000000003,94.951697
781,-3442.832307253146,100.0,100.79736482054176,-3.6240340076348905,0.0,2022-02-18 05:00:00,IOP4,PL,,,,694.420337505748,1735.0,0.879013085450314,950.0,0.0,0.0,945.0,-3.89,PL,1.7415659167790754,-7.237342789715628,Gault,Gault,1735.0,945.0,"soundings_wintremix/upperair.sounding.202202180500.McGill-Gault.txt,soundings_wintremix/upperair.sounding.202202180700.McGill-Gault.txt",785.0,2022-02-18 05:00:00,Gault2022-02-18 05:00:00,False,,1.8169,-3.5061256999999997,95.214617
782,-3442.832307253146,100.0,100.79736482054176,-3.6240340076348905,0.0,2022-02-18 05:10:00,IOP4,PL,,,,694.420337505748,1735.0,0.879013085450314,950.0,0.0,0.0,945.0,-4.05770202020202,PL,1.7415659167790754,-7.237342789715628,Gault,Gault,1735.0,945.0,"soundings_wintremix/upperair.sounding.202202180500.McGill-Gault.txt,soundings_wintremix/upperair.sounding.202202180700.McGill-Gault.txt",785.0,2022-02-18 05:10:00,Gault2022-02-18 05:10:00,True,upperair.sounding.202202180500.McGill-Gault.txt,1.9992,-3.6744335,94.47414599999999
783,-3620.584598415051,99.98840099305029,100.69354964196434,-3.4156458475613682,0.0,2022-02-18 05:20:00,IOP4,PL,,,,596.1136638736441,1755.0,0.8515909483909202,1060.0,0.0,0.0,1055.0,-4.22540404040404,PL,1.5321278635972262,-7.262073886446729,Gault,Gault,1755.0,1055.0,"soundings_wintremix/upperair.sounding.202202180500.McGill-Gault.txt,soundings_wintremix/upperair.sounding.202202180700.McGill-Gault.txt",695.0,2022-02-18 05:20:00,Gault2022-02-18 05:20:00,False,,2.2465,-4.0515332,94.164034
784,-3717.7229889847254,99.98260148957543,100.82746010449205,-3.4908197079668786,0.0,2022-02-18 05:30:00,IOP4,PL,,,,556.011679707987,1760.0,0.7943023995828388,1065.0,0.0,0.0,1060.0,-4.39310606060606,PL,1.4274088370063014,-7.27443943481228,Gault,Gault,1760.0,1060.0,"soundings_wintremix/upperair.sounding.202202180500.McGill-Gault.txt,soundings_wintremix/upperair.sounding.202202180700.McGill-Gault.txt",695.0,2022-02-18 05:30:00,Gault2022-02-18 05:30:00,False,,1.0652,-4.3438831,93.07236900000001
785,-3817.619342457182,99.97680198610055,101.06360285256476,-3.4864103584083868,0.0,2022-02-18 05:40:00,IOP4,PL,,,,519.1509362417651,1780.0,0.7523926612199494,1095.0,0.0,0.0,1090.0,-4.560808080808081,PL,1.3226898104153757,-7.28680498317783,Gault,Gault,1780.0,1090.0,"soundings_wintremix/upperair.sounding.202202180500.McGill-Gault.txt,soundings_wintremix/upperair.sounding.202202180700.McGill-Gault.txt",685.0,2022-02-18 05:40:00,Gault2022-02-18 05:40:00,False,,0.9487,-4.695525399999999,93.212136
786,-3920.394842165142,99.9710024826257,101.30848805235871,-3.5160491857983334,0.0,2022-02-18 05:50:00,IOP4,PL,,,,486.5131941457124,1800.0,0.7050915857184239,1115.0,0.0,0.0,1110.0,-4.728510101010102,PL,1.2220164718220177,-7.299170531543382,Gault,Gault,1800.0,1110.0,"soundings_wintremix/upperair.sounding.202202180500.McGill-Gault.txt,soundings_wintremix/upperair.sounding.202202180700.McGill-Gault.txt",685.0,2022-02-18 05:50:00,Gault2022-02-18 05:50:00,False,,1.9918,-4.9699049,92.492835
787,-4024.3137648211177,99.96520297915085,101.55399666198652,-3.5931372900188547,0.0,2022-02-18 06:00:00,IOP4,PL,,,,456.0733099146095,1810.0,0.6562205898051936,1120.0,0.0,0.0,1115.0,-4.8962121212121215,PL,1.1226385578515667,-7.311536079908932,Gault,Gault,1810.0,1115.0,"soundings_wintremix/upperair.sounding.202202180500.McGill-Gault.txt,soundings_wintremix/upperair.sounding.202202180700.McGill-Gault.txt",690.0,2022-02-18 06:00:00,Gault2022-02-18 06:00:00,False,,2.0073,-5.0768,92.010438
788,-4128.960869258028,99.95940347567598,101.80013001503963,-3.6539476719097594,0.0,2022-02-18 06:10:00,IOP4,PL,,,,426.89853123802004,1820.0,0.6232095346540439,1140.0,0.0,0.0,1125.0,-5.063914141414141,PL,1.023813526905418,-7.323901628274483,Gault,Gault,1820.0,1125.0,"soundings_wintremix/upperair.sounding.202202180500.McGill-Gault.txt,soundings_wintremix/upperair.sounding.202202180700.McGill-Gault.txt",680.0,2022-02-18 06:10:00,Gault2022-02-18 06:10:00,False,,1.2921,-5.232185899999999,94.863122
789,-4234.93585296647,99.95360397220112,102.04688944458752,-3.6986339327218083,0.0,2022-02-18 06:20:00,IOP4,PL,,,,400.0134807658596,1830.0,0.5797296822693617,1145.0,0.0,0.0,1140.0,-5.231616161616161,PL,0.9299663204596491,-7.503167755267543,Gault,Gault,1830.0,1140.0,"soundings_wintremix/upperair.sounding.202202180500.McGill-Gault.txt,soundings_wintremix/upperair.sounding.202202180700.McGill-Gault.txt",685.0,2022-02-18 06:20:00,Gault2022-02-18 06:20:00,False,,2.0032,-5.5314404,90.875373
790,-4341.107317324356,99.94780446872628,102.29427628313299,-3.7913601024666863,0.0,2022-02-18 06:30:00,IOP4,PL,,,,374.17869685732495,1850.0,0.5270122490948237,1145.0,0.0,0.0,1140.0,-5.399318181818182,PL,0.8365966367285335,-7.748166240054199,Gault,Gault,1850.0,1140.0,"soundings_wintremix/upperair.sounding.202202180500.McGill-Gault.txt,soundings_wintremix/upperair.sounding.202202180700.McGill-Gault.txt",705.0,2022-02-18 06:30:00,Gault2022-02-18 06:30:00,False,,1.4995,-5.6981416000000005,91.29336
791,-4447.279877529005,99.9420049652514,102.54229186257176,-3.8671998935034835,0.0,2022-02-18 06:40:00,IOP4,PL,,,,349.00659165921655,1855.0,0.4915585798017135,1150.0,0.0,0.0,1145.0,-5.567020202020203,PL,0.7864280355122967,-7.993164724840854,Gault,Gault,1855.0,1145.0,"soundings_wintremix/upperair.sounding.202202180500.McGill-Gault.txt,soundings_wintremix/upperair.sounding.202202180700.McGill-Gault.txt",705.0,2022-02-18 06:40:00,Gault2022-02-18 06:40:00,False,,1.8477000000000001,-5.9206232,91.162508
792,-4553.754349620013,99.93620546177654,102.79093751414942,-3.9597863909739255,0.0,2022-02-18 06:50:00,IOP4,PL,,,,324.9415372193597,1870.0,0.44819522375084103,1150.0,0.0,0.0,1145.0,-5.734722222222222,PL,0.7731222276822007,-8.238163209627508,Gault,Gault,1870.0,1145.0,"soundings_wintremix/upperair.sounding.202202180500.McGill-Gault.txt,soundings_wintremix/upperair.sounding.202202180700.McGill-Gault.txt",720.0,2022-02-18 06:50:00,Gault2022-02-18 06:50:00,False,,2.2960000000000003,-6.0347072,91.53844000000001
793,,,,,,2022-02-18 07:00:00,IOP4,PL,,,,,,,,,,,,PL,,,Gault,Gault,,,,,2022-02-18 07:00:00,Gault2022-02-18 07:00:00,False,,2.0493,-6.1682866,90.25897599999999
794,-4673.304934129361,99.95632653061224,103.0646194355411,-4.063743420982053,0.0,2022-02-18 07:10:00,IOP4,PL,,,,303.00661291438774,1880.0,0.45224867599162344,1215.0,0.0,0.0,1145.0,,PL,0.816334529914286,-9.050898060155193,Gault,Gault,1880.0,1145.0,,665.0,2022-02-18 07:10:00,Gault2022-02-18 07:10:00,True,upperair.sounding.202202180700.McGill-Gault.txt,3.5414000000000003,-6.2257247,90.264625
795,,,,,,2022-02-18 07:20:00,IOP4,PL,SN,,,,,,,,,,,SN and PL,,,Gault,Gault,,,,,2022-02-18 07:20:00,Gault2022-02-18 07:20:00,False,,3.2969999999999997,-6.3264830000000005,90.014846
796,,,,,,2022-02-18 07:30:00,IOP4,PL,SN,,,,,,,,,,,SN and PL,,,Gault,Gault,,,,,2022-02-18 07:30:00,Gault2022-02-18 07:30:00,False,,3.8538000000000006,-6.446958700000001,89.739981
797,,,,,,2022-02-18 07:40:00,IOP4,PL,SN,,,,,,,,,,,SN and PL,,,Gault,Gault,,,,,2022-02-18 07:40:00,Gault2022-02-18 07:40:00,False,,3.8,-6.5485398,88.524259
798,,,,,,2022-02-18 07:50:00,IOP4,PL,SN,,,,,,,,,,,SN and PL,,,Gault,Gault,,,,,2022-02-18 07:50:00,Gault2022-02-18 07:50:00,False,,3.0758,-6.6763375,88.636657
799,,,,,,2022-02-18 08:00:00,IOP4,PL,SN,,,,,,,,,,,SN and PL,,,Gault,Gault,,,,,2022-02-18 08:00:00,Gault2022-02-18 08:00:00,False,,6.9117999999999995,-6.971940399999999,88.844353
800,,,,,,2022-02-18 08:10:00,IOP4,SN,,,,,,,,,,,,SN,,,Gault,Gault,,,,,2022-02-18 08:10:00,Gault2022-02-18 08:10:00,False,,7.624899999999999,-7.480697600000001,88.914706
801,,,,,,2022-02-18 08:20:00,IOP4,SN,SN,,,,,,,,,,,SN,,,Gault,Gault,,,,,2022-02-18 08:20:00,Gault2022-02-18 08:20:00,False,,8.3919,-7.6558037,91.18446300000001
802,,,,,,2022-02-18 08:30:00,IOP4,SN,SN,,,,,,,,,,,SN,,,Gault,Gault,,,,,2022-02-18 08:30:00,Gault2022-02-18 08:30:00,False,,5.9825,-7.796498,91.411592
803,,,,,,2022-02-18 08:40:00,IOP4,SN,,,,,,,,,,,,SN,,,Gault,Gault,,,,,2022-02-18 08:40:00,Gault2022-02-18 08:40:00,False,,5.9381,-7.978019999999999,91.21218
804,,,,,,2022-02-18 08:50:00,IOP4,SN,,,,,,,,,,,,SN,,,Gault,Gault,,,,,2022-02-18 08:50:00,Gault2022-02-18 08:50:00,False,,7.7349000000000006,-8.3035724,90.45124100000001
805,,,,,,2022-02-18 09:00:00,IOP4,SN,,,,,,,,,,,,SN,,,Gault,Gault,,,,,2022-02-18 09:00:00,Gault2022-02-18 09:00:00,False,,5.469333333333334,-8.574462166666667,92.23983666666668
806,,,,,,2022-02-22 22:00:00,IOP5,FZRA,FZRA,,,,,,,,,,,FZRA,,,Gault,Gault,,,,,2022-02-22 22:00:00,Gault2022-02-22 22:00:00,False,,2.87,-5.5322398,94.170766
807,,,,,,2022-02-22 22:10:00,IOP5,FZRA,FZRA,,,,,,,,,,,FZRA,,,Gault,Gault,,,,,2022-02-22 22:10:00,Gault2022-02-22 22:10:00,False,,1.8021,-5.6325245,96.085059
808,-983.4170861215648,99.71456310679612,105.55149768546868,-3.711007872156849,0.0,2022-02-22 22:20:00,IOP5,FZRA,FZRA,,,5889.970774843057,2060.0,3.2722059860239203,265.0,0.0,0.0,260.0,-5.545436893203884,FZRA,5.6835943469019155,-7.641286930719382,Gault,Gault,2060.0,260.0,"soundings_wintremix/upperair.sounding.202202222217.McGill-Gault.txt,soundings_wintremix/upperair.sounding.202202230000.McGill-Gault.txt",1795.0,2022-02-22 22:20:00,Gault2022-02-22 22:20:00,False,,0.7141,-5.8257838,97.631546
809,-1005.854039463409,100.0,106.01431090475398,-3.795675620616638,0.0,2022-02-22 22:30:00,IOP5,FZRA,FZRA,,,5886.396116671313,2060.0,3.2702200648173965,265.0,0.0,0.0,260.0,-5.096893203883495,FZRA,5.7190411436843345,-7.808827189209213,Gault,Gault,2060.0,260.0,"soundings_wintremix/upperair.sounding.202202222217.McGill-Gault.txt,soundings_wintremix/upperair.sounding.202202230000.McGill-Gault.txt",1795.0,2022-02-22 22:30:00,Gault2022-02-22 22:30:00,True,upperair.sounding.202202222217.McGill-Gault.txt,0.9097999999999999,-5.8012575,98.73405
810,-834.4897646591535,97.81165048543689,102.49167828181194,-3.2095760179198214,0.0,2022-02-22 22:40:00,IOP5,FZRA,,,,5914.454196804569,2060.0,3.2767059262075167,260.0,0.0,0.0,255.0,-4.648349514563106,FZRA,5.488901672467241,-6.524351874120505,Gault,Gault,2060.0,255.0,"soundings_wintremix/upperair.sounding.202202222217.McGill-Gault.txt,soundings_wintremix/upperair.sounding.202202230000.McGill-Gault.txt",1800.0,2022-02-22 22:40:00,Gault2022-02-22 22:40:00,False,,0.9690999999999999,-5.5198972,99.750959
811,-760.5002178751216,96.86019417475728,101.30362986589218,-2.982353795588713,0.0,2022-02-22 22:50:00,IOP5,FZRA,,,,5927.170021732499,2060.0,3.2746795700179554,255.0,0.0,0.0,250.0,-4.199805825242718,FZRA,5.4167096488977675,-5.965884345821068,Gault,Gault,2060.0,250.0,"soundings_wintremix/upperair.sounding.202202222217.McGill-Gault.txt,soundings_wintremix/upperair.sounding.202202230000.McGill-Gault.txt",1805.0,2022-02-22 22:50:00,Gault2022-02-22 22:50:00,False,,0.714,-4.9458952,99.917068
812,-687.2997295926965,96.78912505356728,100.76656509479209,-2.6952930572262606,0.0,2022-02-22 23:00:00,IOP5,FZRA,,,,5940.674905162034,2060.0,3.282140831581234,255.0,0.0,0.0,250.0,-3.75126213592233,FZRA,5.344517625328291,-5.407416817521629,Gault,Gault,2060.0,250.0,"soundings_wintremix/upperair.sounding.202202222217.McGill-Gault.txt,soundings_wintremix/upperair.sounding.202202230000.McGill-Gault.txt",1805.0,2022-02-22 23:00:00,Gault2022-02-22 23:00:00,False,,0.3782,-4.842817200000001,99.92326299999999
813,-615.489147307432,96.81665838990453,100.23235231789273,-2.5122006012548246,0.0,2022-02-22 23:10:00,IOP5,FZRA,,,,5955.56969458873,2060.0,3.272291040982819,245.0,0.0,0.0,240.0,-3.3027184466019417,FZRA,5.2723256017588165,-4.848949289222191,Gault,Gault,2060.0,240.0,"soundings_wintremix/upperair.sounding.202202222217.McGill-Gault.txt,soundings_wintremix/upperair.sounding.202202230000.McGill-Gault.txt",1815.0,2022-02-22 23:10:00,Gault2022-02-22 23:10:00,False,,0.2808,-4.1396417,99.91860299999999
814,-545.2060671492122,96.93992812196295,99.75985052931526,-2.271691946455051,0.0,2022-02-22 23:20:00,IOP5,FZRA,,,,5971.991986142471,2060.0,3.272324375968477,240.0,0.0,0.0,235.0,-2.8541747572815535,FZRA,5.200133578189341,-4.290481760922753,Gault,Gault,2060.0,235.0,"soundings_wintremix/upperair.sounding.202202222217.McGill-Gault.txt,soundings_wintremix/upperair.sounding.202202230000.McGill-Gault.txt",1820.0,2022-02-22 23:20:00,Gault2022-02-22 23:20:00,False,,0.1578,-3.7579328000000003,99.589872
815,-477.1973544405621,97.62725521404272,99.33181119802111,-2.272368354478867,0.0,2022-02-22 23:30:00,IOP5,FZRA,,,,5989.922071704527,2070.0,3.2465702285661395,230.0,0.0,0.0,205.0,-2.405631067961165,FZRA,5.1279415546198654,-3.943364456318327,Gault,Gault,2070.0,205.0,"soundings_wintremix/upperair.sounding.202202222217.McGill-Gault.txt,soundings_wintremix/upperair.sounding.202202230000.McGill-Gault.txt",1840.0,2022-02-22 23:30:00,Gault2022-02-22 23:30:00,False,,0.2672,-3.0557724,99.922846
816,-418.6973917665888,98.31458230612247,99.00690085288517,-2.2632291446842636,0.0,2022-02-22 23:40:00,IOP5,FZRA,,,,6019.009701268027,2070.0,3.1846612176021307,185.0,0.0,0.0,180.0,-1.9570873786407768,FZRA,5.055749531050391,-3.602467652425737,Gault,Gault,2070.0,180.0,"soundings_wintremix/upperair.sounding.202202222217.McGill-Gault.txt,soundings_wintremix/upperair.sounding.202202230000.McGill-Gault.txt",1885.0,2022-02-22 23:40:00,Gault2022-02-22 23:40:00,False,,0.4032,-2.6989114,99.92274499999999
817,-365.23652863684976,99.00190939820224,99.44007810758247,-2.0290918257602764,0.0,2022-02-22 23:50:00,IOP5,FZRA,FZRA,,,6052.331642124445,2070.0,3.193842555210789,180.0,0.0,0.0,175.0,-1.5085436893203883,FZRA,4.983557507480915,-3.2615708485331467,Gault,Gault,2070.0,175.0,"soundings_wintremix/upperair.sounding.202202222217.McGill-Gault.txt,soundings_wintremix/upperair.sounding.202202230000.McGill-Gault.txt",1890.0,2022-02-22 23:50:00,Gault2022-02-22 23:50:00,False,,0.7666000000000001,-2.0621382,99.92234900000001
818,-313.0824237336438,99.50782608695653,99.87175559311648,-1.7890424213351075,0.0,2022-02-23 00:00:00,IOP5,FZRA,FZRA,,,6086.652141387629,2070.0,3.2035011270461204,175.0,0.0,0.0,170.0,-1.94,FZRA,4.92488974202231,-2.9206740446405566,Gault,Gault,2070.0,170.0,"soundings_wintremix/upperair.sounding.202202230000.McGill-Gault.txt,soundings_wintremix/upperair.sounding.202202230200.McGill-Gault.txt",1895.0,2022-02-23 00:00:00,Gault2022-02-23 00:00:00,False,,0.9638,-2.0862055,99.920726
819,-313.0824237336438,99.50782608695653,99.87175559311648,-1.7890424213351075,0.0,2022-02-23 00:10:00,IOP5,FZRA,FZRA,,,6086.652141387629,2070.0,3.2035011270461204,175.0,0.0,0.0,170.0,-1.9166115702479338,FZRA,4.92488974202231,-2.9206740446405566,Gault,Gault,2070.0,170.0,"soundings_wintremix/upperair.sounding.202202230000.McGill-Gault.txt,soundings_wintremix/upperair.sounding.202202230200.McGill-Gault.txt",1895.0,2022-02-23 00:10:00,Gault2022-02-23 00:10:00,True,upperair.sounding.202202230000.McGill-Gault.txt,1.1703,-1.6300763,99.927262
820,-266.57019571369517,99.03195652173915,99.39236021376682,-1.5232582612211152,0.0,2022-02-23 00:20:00,IOP5,FZRA,FZRA,,,6247.497108699017,2075.0,3.27952604131182,175.0,0.0,0.0,170.0,-1.8932231404958677,FZRA,4.9110549656267235,-3.012777208186035,Gault,Gault,2075.0,170.0,"soundings_wintremix/upperair.sounding.202202230000.McGill-Gault.txt,soundings_wintremix/upperair.sounding.202202230200.McGill-Gault.txt",1900.0,2022-02-23 00:20:00,Gault2022-02-23 00:20:00,False,,1.4060000000000001,-0.88660777,99.92301599999999
821,-243.37862392647529,98.51672232645403,99.15345268954249,-1.4316389642733842,0.0,2022-02-23 00:30:00,IOP5,FZRA,FZRA,,,6328.562929882935,2095.0,3.279048150198412,170.0,0.0,0.0,165.0,-1.8698347107438018,FZRA,4.938611430437859,-3.0645961826896766,Gault,Gault,2095.0,165.0,"soundings_wintremix/upperair.sounding.202202230000.McGill-Gault.txt,soundings_wintremix/upperair.sounding.202202230200.McGill-Gault.txt",1925.0,2022-02-23 00:30:00,Gault2022-02-23 00:30:00,False,,1.9166,-0.9322200199999999,99.92546
822,-220.7323763331509,98.45593205128205,98.91507054558387,-1.2984257431361816,0.0,2022-02-23 00:40:00,IOP5,FZRA,FZRA,,,6409.570834093864,2095.0,3.3210211575615873,170.0,0.0,0.0,165.0,-1.8464462809917355,FZRA,4.978399132856531,-3.116415157193318,Gault,Gault,2095.0,165.0,"soundings_wintremix/upperair.sounding.202202230000.McGill-Gault.txt,soundings_wintremix/upperair.sounding.202202230200.McGill-Gault.txt",1925.0,2022-02-23 00:40:00,Gault2022-02-23 00:40:00,False,,1.8381,-0.60937788,99.92087799999999
823,-198.08612873982653,98.46822756410256,98.67721273597817,-1.1652125219989795,0.0,2022-02-23 00:50:00,IOP5,FZRA,FZRA,,,6490.578738304795,2095.0,3.362994164924764,170.0,0.0,0.0,165.0,-1.8230578512396696,FZRA,5.019560265412811,-3.16823413169696,Gault,Gault,2095.0,165.0,"soundings_wintremix/upperair.sounding.202202230000.McGill-Gault.txt,soundings_wintremix/upperair.sounding.202202230200.McGill-Gault.txt",1925.0,2022-02-23 00:50:00,Gault2022-02-23 00:50:00,False,,2.8213,-0.32867278,99.92115
824,-176.7823813311369,98.48052307692308,98.75691555057253,-1.1405314924589476,0.0,2022-02-23 01:00:00,IOP5,RA,RA,,,6572.955243106835,2090.0,3.38812125933342,155.0,0.0,0.0,150.0,-1.7996694214876034,RA,5.060721397969091,-3.2200531062006013,Gault,Gault,2090.0,150.0,"soundings_wintremix/upperair.sounding.202202230000.McGill-Gault.txt,soundings_wintremix/upperair.sounding.202202230200.McGill-Gault.txt",1935.0,2022-02-23 01:00:00,Gault2022-02-23 01:00:00,False,,2.3669000000000002,-0.08326829300000001,99.922235
825,-158.41057972534637,98.49281858974359,99.12506042317445,-1.0924867567265266,0.0,2022-02-23 01:10:00,IOP5,RA,RA,,,6658.296188483888,2090.0,3.4145108658891727,145.0,0.0,0.0,140.0,-1.7762809917355376,RA,5.10188253052537,-3.2718720807042425,Gault,Gault,2090.0,140.0,"soundings_wintremix/upperair.sounding.202202230000.McGill-Gault.txt,soundings_wintremix/upperair.sounding.202202230200.McGill-Gault.txt",1945.0,2022-02-23 01:10:00,Gault2022-02-23 01:10:00,False,,2.2333,0.169178644,99.92305
826,-142.93433394444938,98.32262478238087,99.49280726240417,-1.0994948764957644,0.0,2022-02-23 01:20:00,IOP5,RA,RA,,,6746.532689685831,2090.0,3.4333499693057665,130.0,0.0,0.0,125.0,-1.752892561983471,RA,5.1430436630816505,-3.323691055207884,Gault,Gault,2090.0,125.0,"soundings_wintremix/upperair.sounding.202202230000.McGill-Gault.txt,soundings_wintremix/upperair.sounding.202202230200.McGill-Gault.txt",1960.0,2022-02-23 01:20:00,Gault2022-02-23 01:20:00,False,,2.5332,0.24976094,99.92143300000001
827,-128.03907267990684,98.67562179909741,99.8601563953875,-1.0243125814392546,0.0,2022-02-23 01:30:00,IOP5,RA,RA,,,6835.383341409047,2085.0,3.4785665859588026,125.0,0.0,0.0,120.0,-1.7295041322314053,RA,5.184204795637931,-3.375510029711526,Gault,Gault,2085.0,120.0,"soundings_wintremix/upperair.sounding.202202230000.McGill-Gault.txt,soundings_wintremix/upperair.sounding.202202230200.McGill-Gault.txt",1960.0,2022-02-23 01:30:00,Gault2022-02-23 01:30:00,False,,1.8991,0.09607543999999998,99.920055
828,-121.84671097794443,99.02861881581394,100.22710814904397,-1.8745647842760684,0.0,2022-02-23 01:40:00,IOP5,FZRA,FZRA,,,6932.937083545232,2085.0,3.4236726338494976,65.0,0.0,0.0,60.0,-1.7061157024793392,FZRA,5.22536592819421,-3.4273290042151676,Gault,Gault,2085.0,60.0,"soundings_wintremix/upperair.sounding.202202230000.McGill-Gault.txt,soundings_wintremix/upperair.sounding.202202230200.McGill-Gault.txt",2020.0,2022-02-23 01:40:00,Gault2022-02-23 01:40:00,False,,2.5956,-0.7559313299999999,99.922681
829,-118.50563473806554,99.40896940753044,100.59366285008842,-1.8231636113548548,0.0,2022-02-23 01:50:00,IOP5,FZRA,FZRA,,,7033.3421111435,2085.0,3.473255363527654,65.0,0.0,0.0,60.0,-1.6827272727272728,FZRA,5.266527060750491,-3.4791479787188093,Gault,Gault,2085.0,60.0,"soundings_wintremix/upperair.sounding.202202230000.McGill-Gault.txt,soundings_wintremix/upperair.sounding.202202230200.McGill-Gault.txt",2020.0,2022-02-23 01:50:00,Gault2022-02-23 01:50:00,False,,2.5097,-1.4161205000000001,99.922477
830,-116.01028909610244,99.79142857142857,101.0271900681743,-1.9335048182683734,0.0,2022-02-23 02:00:00,IOP5,FZRA,FZRA,,,7133.930605816013,2085.0,3.514251529958627,60.0,0.0,0.0,55.0,-1.76,FZRA,5.312785018160927,-3.5309669532224506,Gault,Gault,2085.0,55.0,"soundings_wintremix/upperair.sounding.202202230200.McGill-Gault.txt,soundings_wintremix/upperair.sounding.202202230400.McGill-Gault.txt",2025.0,2022-02-23 02:00:00,Gault2022-02-23 02:00:00,False,,2.6061,-1.7908406,99.919343
831,-116.01028909610244,99.79142857142857,101.0271900681743,-1.9335048182683734,0.0,2022-02-23 02:10:00,IOP5,FZRA,FZRA,,,7133.930605816013,2085.0,3.514251529958627,60.0,0.0,0.0,55.0,-1.4331372549019608,FZRA,5.312785018160927,-3.5309669532224506,Gault,Gault,2085.0,55.0,"soundings_wintremix/upperair.sounding.202202230200.McGill-Gault.txt,soundings_wintremix/upperair.sounding.202202230400.McGill-Gault.txt",2025.0,2022-02-23 02:10:00,Gault2022-02-23 02:10:00,True,upperair.sounding.202202230200.McGill-Gault.txt,2.6024000000000003,-1.7946285,99.92459
832,-87.18180865582681,99.58333333333334,100.21840637864427,-1.5851237937423057,0.0,2022-02-23 02:20:00,IOP5,FZRA,FZRA,,,7400.825779219915,2150.0,3.5242027520094834,55.0,0.0,0.0,50.0,-1.1062745098039217,FZRA,5.38704241147782,-2.7125112364918804,Gault,Gault,2150.0,50.0,"soundings_wintremix/upperair.sounding.202202230200.McGill-Gault.txt,soundings_wintremix/upperair.sounding.202202230400.McGill-Gault.txt",2095.0,2022-02-23 02:20:00,Gault2022-02-23 02:20:00,False,,3.1725000000000003,-1.4216431,99.922162
833,-73.51141269335783,99.625,100.27676086542938,-1.3365711398792335,0.0,2022-02-23 02:30:00,IOP5,FZRA,FZRA,,,7539.698527986824,2185.0,3.531474720368536,55.0,0.0,0.0,50.0,-0.7794117647058824,FZRA,5.515250115316209,-2.303283378126595,Gault,Gault,2185.0,50.0,"soundings_wintremix/upperair.sounding.202202230200.McGill-Gault.txt,soundings_wintremix/upperair.sounding.202202230400.McGill-Gault.txt",2130.0,2022-02-23 02:30:00,Gault2022-02-23 02:30:00,False,,2.2805,-1.5904179,99.920175
834,-60.03585987276716,99.66666666666666,100.33513191431086,-1.2007171974553432,0.0,2022-02-23 02:40:00,IOP5,FZRA,FZRA,,,7682.008245745825,2210.0,3.5482717070419514,50.0,0.0,0.0,45.0,-0.4525490196078431,FZRA,5.6817110618950135,-1.8940555197613094,Gault,Gault,2210.0,45.0,"soundings_wintremix/upperair.sounding.202202230200.McGill-Gault.txt,soundings_wintremix/upperair.sounding.202202230400.McGill-Gault.txt",2160.0,2022-02-23 02:40:00,Gault2022-02-23 02:40:00,False,,3.1698,-1.4765253,99.919186
835,-47.72544219605302,99.70833333333334,100.39351952924886,-1.0605653821345116,0.0,2022-02-23 02:50:00,IOP5,FZRA,FZRA,,,7827.801673474902,2235.0,3.5661966621753534,45.0,0.0,0.0,40.0,-0.12568627450980396,FZRA,5.852342331064678,-1.4852851772809137,Gault,Gault,2235.0,40.0,"soundings_wintremix/upperair.sounding.202202230200.McGill-Gault.txt,soundings_wintremix/upperair.sounding.202202230400.McGill-Gault.txt",2190.0,2022-02-23 02:50:00,Gault2022-02-23 02:50:00,False,,2.6805,-1.8098006999999998,99.921962
836,-37.976542915703774,99.75,100.45192371420511,-0.9494135728925943,0.0,2022-02-23 03:00:00,IOP5,FZRA,FZRA,,,7977.862452728193,2250.0,3.6017437709833824,40.0,0.0,0.0,35.0,0.2011764705882354,FZRA,6.022973600234341,-1.112518327436376,Gault,Gault,2250.0,35.0,"soundings_wintremix/upperair.sounding.202202230200.McGill-Gault.txt,soundings_wintremix/upperair.sounding.202202230400.McGill-Gault.txt",2210.0,2022-02-23 03:00:00,Gault2022-02-23 03:00:00,False,,2.2775,-1.3621957,99.916425
837,-28.5442066571287,99.79166666666667,100.5103444731412,-0.7136051664282176,0.0,2022-02-23 03:10:00,IOP5,FZRA,,,,8129.611581236499,2280.0,3.6212078312857456,40.0,0.0,0.0,35.0,0.5280392156862748,FZRA,6.193604869404005,-0.8703343179103635,Gault,Gault,2280.0,35.0,"soundings_wintremix/upperair.sounding.202202230200.McGill-Gault.txt,soundings_wintremix/upperair.sounding.202202230400.McGill-Gault.txt",2240.0,2022-02-23 03:10:00,Gault2022-02-23 03:10:00,False,,1.8620999999999999,-1.3536438,99.92687600000001
838,-20.057254459804707,99.83333333333331,100.56878181002067,-0.5730644131372774,0.0,2022-02-23 03:20:00,IOP5,FZRA,,,,8283.56175528938,2285.0,3.6734198471349795,35.0,0.0,0.0,30.0,0.8549019607843138,FZRA,6.364236138573667,-0.8837357885431545,Gault,Gault,2285.0,30.0,"soundings_wintremix/upperair.sounding.202202230200.McGill-Gault.txt,soundings_wintremix/upperair.sounding.202202230400.McGill-Gault.txt",2250.0,2022-02-23 03:20:00,Gault2022-02-23 03:20:00,False,,1.1732,-1.522055,99.926645
839,-13.342571631482087,99.875,100.62723572880621,-0.5337028652592835,0.0,2022-02-23 03:30:00,IOP5,FZRA,,,,8440.182344260644,2300.0,3.7018343615178257,25.0,0.0,0.0,20.0,1.1817647058823533,FZRA,6.534867407743332,-0.8971372591759456,Gault,Gault,2300.0,20.0,"soundings_wintremix/upperair.sounding.202202230200.McGill-Gault.txt,soundings_wintremix/upperair.sounding.202202230400.McGill-Gault.txt",2275.0,2022-02-23 03:30:00,Gault2022-02-23 03:30:00,False,,1.0097,-1.7338926000000001,99.919634
840,-10.401813073081769,99.91666666666667,100.68570623346216,-0.5200906536540886,0.0,2022-02-23 03:40:00,IOP5,FZRA,,,,8600.983894101355,2310.0,3.747705400479893,20.0,0.0,0.0,15.0,1.5086274509803923,FZRA,6.705498676912996,-0.9105387298087366,Gault,Gault,2310.0,15.0,"soundings_wintremix/upperair.sounding.202202230200.McGill-Gault.txt,soundings_wintremix/upperair.sounding.202202230400.McGill-Gault.txt",2290.0,2022-02-23 03:40:00,Gault2022-02-23 03:40:00,False,,0.5577,-1.581874,99.926459
841,-8.775899437904917,99.95833333333333,100.74419332795405,-0.5850599625269944,0.0,2022-02-23 03:50:00,IOP5,FZRA,,,,8763.56558060621,2315.0,3.801980729113323,15.0,0.0,0.0,10.0,1.8354901960784313,FZRA,6.876129946082658,-0.9239402004415277,Gault,Gault,2315.0,10.0,"soundings_wintremix/upperair.sounding.202202230200.McGill-Gault.txt,soundings_wintremix/upperair.sounding.202202230400.McGill-Gault.txt",2300.0,2022-02-23 03:50:00,Gault2022-02-23 03:50:00,False,,0.46109999999999995,-1.4433379,99.933614
842,,,,,,2022-02-23 04:00:00,IOP5,FZRA,,,,,,,,,,,,FZRA,,,Gault,Gault,,,,,2022-02-23 04:00:00,Gault2022-02-23 04:00:00,False,,0.1886,-0.8890874199999999,99.930654
843,-6.915329915924076,100.0,100.80269701624611,-0.6915329915924076,0.0,2022-02-23 04:10:00,IOP5,FZRA,FZRA,,,8928.31676192211,2330.0,3.8401362416869294,10.0,0.0,0.0,5.0,,FZRA,7.053772859300511,-0.9373416710743188,Gault,Gault,2330.0,5.0,,2320.0,2022-02-23 04:10:00,Gault2022-02-23 04:10:00,True,upperair.sounding.202202230400.McGill-Gault.txt,0.0388,-0.5963433656,99.922052
844,,,,,,2022-02-23 04:20:00,IOP5,FZRA,FZRA,,,,,,,,,,,FZRA,,,Gault,Gault,,,,,2022-02-23 04:20:00,Gault2022-02-23 04:20:00,False,,0.47030000000000005,-0.67752342,99.920657
845,,,,,,2022-02-23 04:30:00,IOP5,RA,RA,,,,,,,,,,,RA,,,Gault,Gault,,,,,2022-02-23 04:30:00,Gault2022-02-23 04:30:00,False,,0.8911,-0.28067176,99.922244
846,,,,,,2022-02-23 04:40:00,IOP5,,,,,,,,,,,,,,,,Gault,Gault,,,,,2022-02-23 04:40:00,Gault2022-02-23 04:40:00,False,,0.5814999999999999,0.21269970900000001,99.92992000000001
847,,,,,,2022-02-23 04:50:00,IOP5,,,,,,,,,,,,,,,,Gault,Gault,,,,,2022-02-23 04:50:00,Gault2022-02-23 04:50:00,False,,1.0224,0.139065298,99.92692500000001
848,,,,,,2022-02-23 05:00:00,IOP5,,,,,,,,,,,,,,,,Gault,Gault,,,,,2022-02-23 05:00:00,Gault2022-02-23 05:00:00,False,,0.4755,-0.4579758166666667,99.92877666666668
849,,,,,,2022-03-01 16:00:00,IOP7,SN,,,,,,,,,,,,SN,,,Gault,Gault,,,,,2022-03-01 16:00:00,Gault2022-03-01 16:00:00,False,,,,
850,,,,,,2022-03-01 16:10:00,IOP7,SN,,,,,,,,,,,,SN,,,Gault,Gault,,,,,2022-03-01 16:10:00,Gault2022-03-01 16:10:00,False,,,,
851,,,,,,2022-03-01 16:20:00,IOP7,SN,,,,,,,,,,,,SN,,,Gault,Gault,,,,,2022-03-01 16:20:00,Gault2022-03-01 16:20:00,False,,,,
852,,,,,,2022-03-01 16:30:00,IOP7,SN,,,,,,,,,,,,SN,,,Gault,Gault,,,,,2022-03-01 16:30:00,Gault2022-03-01 16:30:00,False,,,,
853,,,,,,2022-03-01 16:40:00,IOP7,SN,,,,,,,,,,,,SN,,,Gault,Gault,,,,,2022-03-01 16:40:00,Gault2022-03-01 16:40:00,False,,,,
854,,,,,,2022-03-01 16:50:00,IOP7,SN,,,,,,,,,,,,SN,,,Gault,Gault,,,,,2022-03-01 16:50:00,Gault2022-03-01 16:50:00,False,,,,
855,,,,,,2022-03-01 17:00:00,IOP7,SN,,,,,,,,,,,-8.62,SN,,,Gault,Gault,,,"soundings_wintremix/upperair.sounding.202203011700.McGill-Gault.txt,soundings_wintremix/upperair.sounding.202203011900.McGill-Gault.txt",0.0,2022-03-01 17:00:00,Gault2022-03-01 17:00:00,False,,,,
856,,,,,,2022-03-01 17:10:00,IOP7,SN,,,,,,,,,,,-8.426987179487178,SN,,,Gault,Gault,,,"soundings_wintremix/upperair.sounding.202203011700.McGill-Gault.txt,soundings_wintremix/upperair.sounding.202203011900.McGill-Gault.txt",0.0,2022-03-01 17:10:00,Gault2022-03-01 17:10:00,True,upperair.sounding.202203011700.McGill-Gault.txt,,,
857,,,,,,2022-03-01 17:20:00,IOP7,SN,,,,,,,,,,,-8.233974358974358,SN,,,Gault,Gault,,,"soundings_wintremix/upperair.sounding.202203011700.McGill-Gault.txt,soundings_wintremix/upperair.sounding.202203011900.McGill-Gault.txt",0.0,2022-03-01 17:20:00,Gault2022-03-01 17:20:00,False,,,,
858,,,,,,2022-03-01 17:30:00,IOP7,SN,,,,,,,,,,,-8.040961538461538,SN,,,Gault,Gault,,,"soundings_wintremix/upperair.sounding.202203011700.McGill-Gault.txt,soundings_wintremix/upperair.sounding.202203011900.McGill-Gault.txt",0.0,2022-03-01 17:30:00,Gault2022-03-01 17:30:00,False,,,,
859,,,,,,2022-03-01 17:40:00,IOP7,SN,,,,,,,,,,,-7.847948717948717,SN,,,Gault,Gault,,,"soundings_wintremix/upperair.sounding.202203011700.McGill-Gault.txt,soundings_wintremix/upperair.sounding.202203011900.McGill-Gault.txt",0.0,2022-03-01 17:40:00,Gault2022-03-01 17:40:00,False,,,,
860,,,,,,2022-03-01 17:50:00,IOP7,SN,,,,,,,,,,,-7.654935897435898,SN,,,Gault,Gault,,,"soundings_wintremix/upperair.sounding.202203011700.McGill-Gault.txt,soundings_wintremix/upperair.sounding.202203011900.McGill-Gault.txt",0.0,2022-03-01 17:50:00,Gault2022-03-01 17:50:00,False,,,,
861,,,,,,2022-03-01 18:00:00,IOP7,SN,,,,,,,,,,,-7.461923076923076,SN,,,Gault,Gault,,,"soundings_wintremix/upperair.sounding.202203011700.McGill-Gault.txt,soundings_wintremix/upperair.sounding.202203011900.McGill-Gault.txt",0.0,2022-03-01 18:00:00,Gault2022-03-01 18:00:00,False,,,,
862,,,,,,2022-03-01 18:10:00,IOP7,SN,,,,,,,,,,,-7.268910256410257,SN,,,Gault,Gault,,,"soundings_wintremix/upperair.sounding.202203011700.McGill-Gault.txt,soundings_wintremix/upperair.sounding.202203011900.McGill-Gault.txt",0.0,2022-03-01 18:10:00,Gault2022-03-01 18:10:00,False,,,,
863,,,,,,2022-03-01 18:20:00,IOP7,SN,,,,,,,,,,,-7.075897435897435,SN,,,Gault,Gault,,,"soundings_wintremix/upperair.sounding.202203011700.McGill-Gault.txt,soundings_wintremix/upperair.sounding.202203011900.McGill-Gault.txt",0.0,2022-03-01 18:20:00,Gault2022-03-01 18:20:00,False,,,,
864,,,,,,2022-03-01 18:30:00,IOP7,SN,,,,,,,,,,,-6.882884615384615,SN,,,Gault,Gault,,,"soundings_wintremix/upperair.sounding.202203011700.McGill-Gault.txt,soundings_wintremix/upperair.sounding.202203011900.McGill-Gault.txt",0.0,2022-03-01 18:30:00,Gault2022-03-01 18:30:00,False,,,,
865,,,,,,2022-03-01 18:40:00,IOP7,SN,,,,,,,,,,,-6.689871794871795,SN,,,Gault,Gault,,,"soundings_wintremix/upperair.sounding.202203011700.McGill-Gault.txt,soundings_wintremix/upperair.sounding.202203011900.McGill-Gault.txt",0.0,2022-03-01 18:40:00,Gault2022-03-01 18:40:00,False,,,,
866,,,,,,2022-03-01 18:50:00,IOP7,SN,,,,,,,,,,,-6.4968589743589735,SN,,,Gault,Gault,,,"soundings_wintremix/upperair.sounding.202203011700.McGill-Gault.txt,soundings_wintremix/upperair.sounding.202203011900.McGill-Gault.txt",0.0,2022-03-01 18:50:00,Gault2022-03-01 18:50:00,False,,,,
867,,,,,,2022-03-01 19:00:00,IOP7,SN,,,,,,,,,,,-6.13,SN,,,Gault,Gault,,,"soundings_wintremix/upperair.sounding.202203011900.McGill-Gault.txt,soundings_wintremix/upperair.sounding.202203012100.McGill-Gault.txt",0.0,2022-03-01 19:00:00,Gault2022-03-01 19:00:00,False,,,,
868,,,,,,2022-03-01 19:10:00,IOP7,SN,,,,,,,,,,,-6.029135220125786,SN,,,Gault,Gault,,,"soundings_wintremix/upperair.sounding.202203011900.McGill-Gault.txt,soundings_wintremix/upperair.sounding.202203012100.McGill-Gault.txt",0.0,2022-03-01 19:10:00,Gault2022-03-01 19:10:00,True,upperair.sounding.202203011900.McGill-Gault.txt,,,
869,,,,,,2022-03-01 19:20:00,IOP7,SN,,,,,,,,,,,-5.9282704402515725,SN,,,Gault,Gault,,,"soundings_wintremix/upperair.sounding.202203011900.McGill-Gault.txt,soundings_wintremix/upperair.sounding.202203012100.McGill-Gault.txt",0.0,2022-03-01 19:20:00,Gault2022-03-01 19:20:00,False,,,,
870,,,,,,2022-03-01 19:30:00,IOP7,SN,,,,,,,,,,,-5.827405660377359,SN,,,Gault,Gault,,,"soundings_wintremix/upperair.sounding.202203011900.McGill-Gault.txt,soundings_wintremix/upperair.sounding.202203012100.McGill-Gault.txt",0.0,2022-03-01 19:30:00,Gault2022-03-01 19:30:00,False,,,,
871,,,,,,2022-03-01 19:40:00,IOP7,SN,,,,,,,,,,,-5.726540880503144,SN,,,Gault,Gault,,,"soundings_wintremix/upperair.sounding.202203011900.McGill-Gault.txt,soundings_wintremix/upperair.sounding.202203012100.McGill-Gault.txt",0.0,2022-03-01 19:40:00,Gault2022-03-01 19:40:00,False,,,,
872,,,,,,2022-03-01 19:50:00,IOP7,SN,,,,,,,,,,,-5.625676100628931,SN,,,Gault,Gault,,,"soundings_wintremix/upperair.sounding.202203011900.McGill-Gault.txt,soundings_wintremix/upperair.sounding.202203012100.McGill-Gault.txt",0.0,2022-03-01 19:50:00,Gault2022-03-01 19:50:00,False,,,,
873,,,,,,2022-03-01 20:00:00,IOP7,SN,SN,,,,,,,,,,-5.524811320754717,SN,,,Gault,Gault,,,"soundings_wintremix/upperair.sounding.202203011900.McGill-Gault.txt,soundings_wintremix/upperair.sounding.202203012100.McGill-Gault.txt",0.0,2022-03-01 20:00:00,Gault2022-03-01 20:00:00,False,,,,
874,,,,,,2022-03-01 20:10:00,IOP7,SN,SN,,,,,,,,,,-5.423946540880504,SN,,,Gault,Gault,,,"soundings_wintremix/upperair.sounding.202203011900.McGill-Gault.txt,soundings_wintremix/upperair.sounding.202203012100.McGill-Gault.txt",0.0,2022-03-01 20:10:00,Gault2022-03-01 20:10:00,False,,,,
875,,,,,,2022-03-01 20:20:00,IOP7,SN,SN,,,,,,,,,,-5.323081761006289,SN,,,Gault,Gault,,,"soundings_wintremix/upperair.sounding.202203011900.McGill-Gault.txt,soundings_wintremix/upperair.sounding.202203012100.McGill-Gault.txt",0.0,2022-03-01 20:20:00,Gault2022-03-01 20:20:00,False,,,,
876,,,,,,2022-03-01 20:30:00,IOP7,SN,SN,,,,,,,,,,-5.2222169811320756,SN,,,Gault,Gault,,,"soundings_wintremix/upperair.sounding.202203011900.McGill-Gault.txt,soundings_wintremix/upperair.sounding.202203012100.McGill-Gault.txt",0.0,2022-03-01 20:30:00,Gault2022-03-01 20:30:00,False,,,,
877,,,,,,2022-03-01 20:40:00,IOP7,SN,SN,,,,,,,,,,-5.121352201257862,SN,,,Gault,Gault,,,"soundings_wintremix/upperair.sounding.202203011900.McGill-Gault.txt,soundings_wintremix/upperair.sounding.202203012100.McGill-Gault.txt",0.0,2022-03-01 20:40:00,Gault2022-03-01 20:40:00,False,,,,
878,,,,,,2022-03-01 20:50:00,IOP7,SN,SN,,,,,,,,,,-5.020487421383648,SN,,,Gault,Gault,,,"soundings_wintremix/upperair.sounding.202203011900.McGill-Gault.txt,soundings_wintremix/upperair.sounding.202203012100.McGill-Gault.txt",0.0,2022-03-01 20:50:00,Gault2022-03-01 20:50:00,False,,,,
879,,,,,,2022-03-01 21:00:00,IOP7,SN,SN,,,,,,,,,,-4.88,SN,,,Gault,Gault,,,"soundings_wintremix/upperair.sounding.202203012100.McGill-Gault.txt,soundings_wintremix/upperair.sounding.202203012300.McGill-Gault.txt",0.0,2022-03-01 21:00:00,Gault2022-03-01 21:00:00,False,,,,
880,,,,,,2022-03-01 21:10:00,IOP7,SN,SN,,,,,,,,,,-4.83611111111111,SN,,,Gault,Gault,,,"soundings_wintremix/upperair.sounding.202203012100.McGill-Gault.txt,soundings_wintremix/upperair.sounding.202203012300.McGill-Gault.txt",0.0,2022-03-01 21:10:00,Gault2022-03-01 21:10:00,True,upperair.sounding.202203012100.McGill-Gault.txt,,,
881,,,,,,2022-03-01 21:20:00,IOP7,SN,SN,,,,,,,,,,-4.792222222222222,SN,,,Gault,Gault,,,"soundings_wintremix/upperair.sounding.202203012100.McGill-Gault.txt,soundings_wintremix/upperair.sounding.202203012300.McGill-Gault.txt",0.0,2022-03-01 21:20:00,Gault2022-03-01 21:20:00,False,,,,
882,,,,,,2022-03-01 21:30:00,IOP7,SN,SN,,,,,,,,,,-4.748333333333333,SN,,,Gault,Gault,,,"soundings_wintremix/upperair.sounding.202203012100.McGill-Gault.txt,soundings_wintremix/upperair.sounding.202203012300.McGill-Gault.txt",0.0,2022-03-01 21:30:00,Gault2022-03-01 21:30:00,False,,,,
883,,,,,,2022-03-01 21:40:00,IOP7,SN,SN,,,,,,,,,,-4.7044444444444435,SN,,,Gault,Gault,,,"soundings_wintremix/upperair.sounding.202203012100.McGill-Gault.txt,soundings_wintremix/upperair.sounding.202203012300.McGill-Gault.txt",0.0,2022-03-01 21:40:00,Gault2022-03-01 21:40:00,False,,,,
884,,,,,,2022-03-01 21:50:00,IOP7,SN,SN,,,,,,,,,,-4.660555555555556,SN,,,Gault,Gault,,,"soundings_wintremix/upperair.sounding.202203012100.McGill-Gault.txt,soundings_wintremix/upperair.sounding.202203012300.McGill-Gault.txt",0.0,2022-03-01 21:50:00,Gault2022-03-01 21:50:00,False,,,,
885,,,,,,2022-03-01 22:00:00,IOP7,SN,SN,,,,,,,,,,-4.616666666666666,SN,,,Gault,Gault,,,"soundings_wintremix/upperair.sounding.202203012100.McGill-Gault.txt,soundings_wintremix/upperair.sounding.202203012300.McGill-Gault.txt",0.0,2022-03-01 22:00:00,Gault2022-03-01 22:00:00,False,,,,
886,,,,,,2022-03-01 22:10:00,IOP7,SN,SN,,,,,,,,,,-4.572777777777778,SN,,,Gault,Gault,,,"soundings_wintremix/upperair.sounding.202203012100.McGill-Gault.txt,soundings_wintremix/upperair.sounding.202203012300.McGill-Gault.txt",0.0,2022-03-01 22:10:00,Gault2022-03-01 22:10:00,False,,,,
887,,,,,,2022-03-01 22:20:00,IOP7,SN,SN,,,,,,,,,,-4.528888888888888,SN,,,Gault,Gault,,,"soundings_wintremix/upperair.sounding.202203012100.McGill-Gault.txt,soundings_wintremix/upperair.sounding.202203012300.McGill-Gault.txt",0.0,2022-03-01 22:20:00,Gault2022-03-01 22:20:00,False,,,,
888,,,,,,2022-03-01 22:30:00,IOP7,SN,SN,,,,,,,,,,-4.484999999999999,SN,,,Gault,Gault,,,"soundings_wintremix/upperair.sounding.202203012100.McGill-Gault.txt,soundings_wintremix/upperair.sounding.202203012300.McGill-Gault.txt",0.0,2022-03-01 22:30:00,Gault2022-03-01 22:30:00,False,,,,
889,,,,,,2022-03-01 22:40:00,IOP7,SN,SN,,,,,,,,,,-4.441111111111111,SN,,,Gault,Gault,,,"soundings_wintremix/upperair.sounding.202203012100.McGill-Gault.txt,soundings_wintremix/upperair.sounding.202203012300.McGill-Gault.txt",0.0,2022-03-01 22:40:00,Gault2022-03-01 22:40:00,False,,,,
890,,,,,,2022-03-01 22:50:00,IOP7,SN,SN,,,,,,,,,,-4.397222222222221,SN,,,Gault,Gault,,,"soundings_wintremix/upperair.sounding.202203012100.McGill-Gault.txt,soundings_wintremix/upperair.sounding.202203012300.McGill-Gault.txt",0.0,2022-03-01 22:50:00,Gault2022-03-01 22:50:00,False,,,,
891,,,,,,2022-03-01 23:00:00,IOP7,SN,SN,,,,,,,,,,-4.35,SN,,,Gault,Gault,,,"soundings_wintremix/upperair.sounding.202203012300.McGill-Gault.txt,soundings_wintremix/upperair.sounding.202203020100.McGill-Gault.txt",0.0,2022-03-01 23:00:00,Gault2022-03-01 23:00:00,False,,,,
892,,,,,,2022-03-01 23:10:00,IOP7,SN,SN,,,,,,,,,,-4.418068181818181,SN,,,Gault,Gault,,,"soundings_wintremix/upperair.sounding.202203012300.McGill-Gault.txt,soundings_wintremix/upperair.sounding.202203020100.McGill-Gault.txt",0.0,2022-03-01 23:10:00,Gault2022-03-01 23:10:00,True,upperair.sounding.202203012300.McGill-Gault.txt,,,
893,,,,,,2022-03-01 23:20:00,IOP7,SN,SN,,,,,,,,,,-4.486136363636364,SN,,,Gault,Gault,,,"soundings_wintremix/upperair.sounding.202203012300.McGill-Gault.txt,soundings_wintremix/upperair.sounding.202203020100.McGill-Gault.txt",0.0,2022-03-01 23:20:00,Gault2022-03-01 23:20:00,False,,,,
894,,,,,,2022-03-01 23:30:00,IOP7,SN,SN,,,,,,,,,,-4.554204545454545,SN,,,Gault,Gault,,,"soundings_wintremix/upperair.sounding.202203012300.McGill-Gault.txt,soundings_wintremix/upperair.sounding.202203020100.McGill-Gault.txt",0.0,2022-03-01 23:30:00,Gault2022-03-01 23:30:00,False,,,,
895,,,,,,2022-03-01 23:40:00,IOP7,SN,SN,,,,,,,,,,-4.622272727272726,SN,,,Gault,Gault,,,"soundings_wintremix/upperair.sounding.202203012300.McGill-Gault.txt,soundings_wintremix/upperair.sounding.202203020100.McGill-Gault.txt",0.0,2022-03-01 23:40:00,Gault2022-03-01 23:40:00,False,,,,
896,,,,,,2022-03-01 23:50:00,IOP7,SN,SN,,,,,,,,,,-4.690340909090909,SN,,,Gault,Gault,,,"soundings_wintremix/upperair.sounding.202203012300.McGill-Gault.txt,soundings_wintremix/upperair.sounding.202203020100.McGill-Gault.txt",0.0,2022-03-01 23:50:00,Gault2022-03-01 23:50:00,False,,,,
897,,,,,,2022-03-02 00:00:00,IOP7,SN,SN,,,,,,,,,,-4.75840909090909,SN,,,Gault,Gault,,,"soundings_wintremix/upperair.sounding.202203012300.McGill-Gault.txt,soundings_wintremix/upperair.sounding.202203020100.McGill-Gault.txt",0.0,2022-03-02 00:00:00,Gault2022-03-02 00:00:00,False,,,,
898,,,,,,2022-03-02 00:10:00,IOP7,SN,SN,,,,,,,,,,-4.8264772727272724,SN,,,Gault,Gault,,,"soundings_wintremix/upperair.sounding.202203012300.McGill-Gault.txt,soundings_wintremix/upperair.sounding.202203020100.McGill-Gault.txt",0.0,2022-03-02 00:10:00,Gault2022-03-02 00:10:00,False,,,,
899,,,,,,2022-03-02 00:20:00,IOP7,SN,SN,,,,,,,,,,-4.8945454545454545,SN,,,Gault,Gault,,,"soundings_wintremix/upperair.sounding.202203012300.McGill-Gault.txt,soundings_wintremix/upperair.sounding.202203020100.McGill-Gault.txt",0.0,2022-03-02 00:20:00,Gault2022-03-02 00:20:00,False,,,,
900,,,,,,2022-03-02 00:30:00,IOP7,SN,SN,,,,,,,,,,-4.962613636363637,SN,,,Gault,Gault,,,"soundings_wintremix/upperair.sounding.202203012300.McGill-Gault.txt,soundings_wintremix/upperair.sounding.202203020100.McGill-Gault.txt",0.0,2022-03-02 00:30:00,Gault2022-03-02 00:30:00,False,,,,
901,,,,,,2022-03-02 00:40:00,IOP7,SN,SN,,,,,,,,,,-5.030681818181818,SN,,,Gault,Gault,,,"soundings_wintremix/upperair.sounding.202203012300.McGill-Gault.txt,soundings_wintremix/upperair.sounding.202203020100.McGill-Gault.txt",0.0,2022-03-02 00:40:00,Gault2022-03-02 00:40:00,False,,,,
902,,,,,,2022-03-02 00:50:00,IOP7,SN,SN,,,,,,,,,,-5.09875,SN,,,Gault,Gault,,,"soundings_wintremix/upperair.sounding.202203012300.McGill-Gault.txt,soundings_wintremix/upperair.sounding.202203020100.McGill-Gault.txt",0.0,2022-03-02 00:50:00,Gault2022-03-02 00:50:00,False,,,,
903,,,,,,2022-03-02 01:00:00,IOP7,SN,SN,,,,,,,,,,,SN,,,Gault,Gault,,,,,2022-03-02 01:00:00,Gault2022-03-02 01:00:00,False,,,,
904,,,,,,2022-03-02 01:10:00,IOP7,SN,SN,,,,,,,,,,,SN,,,Gault,Gault,,,,0.0,2022-03-02 01:10:00,Gault2022-03-02 01:10:00,True,upperair.sounding.202203020100.McGill-Gault.txt,,,
905,,,,,,2022-03-02 01:20:00,IOP7,SN,SN,,,,,,,,,,,SN,,,Gault,Gault,,,,,2022-03-02 01:20:00,Gault2022-03-02 01:20:00,False,,,,
906,,,,,,2022-03-02 01:30:00,IOP7,SN,SN,,,,,,,,,,,SN,,,Gault,Gault,,,,,2022-03-02 01:30:00,Gault2022-03-02 01:30:00,False,,,,
907,,,,,,2022-03-02 01:40:00,IOP7,SN,,,,,,,,,,,,SN,,,Gault,Gault,,,,,2022-03-02 01:40:00,Gault2022-03-02 01:40:00,False,,,,
908,,,,,,2022-03-02 01:50:00,IOP7,SN,,,,,,,,,,,,SN,,,Gault,Gault,,,,,2022-03-02 01:50:00,Gault2022-03-02 01:50:00,False,,,,
909,,,,,,2022-03-02 02:00:00,IOP7,SN,,,,,,,,,,,,SN,,,Gault,Gault,,,,,2022-03-02 02:00:00,Gault2022-03-02 02:00:00,False,,,,
1718,,,,,,,,,,,,,,,,,,,,,,,,,,,,0.0,2022-03-06 08:10:00,Gault2022-03-06 08:10:00,True,upperair.sounding.202203060800.McGill-Gault.txt,,,
910,-1634.427199853028,67.07214285714285,65.42486066312878,-1.2242900373430918,0.0,2022-03-06 10:00:00,IOP8,,,,,1121.6443720825184,2125.0,1.4108734240031677,1335.0,0.0,0.0,1330.0,2.92,,2.476925750094088,-2.606914965152005,Gault,Gault,2125.0,1330.0,"soundings_wintremix/upperair.sounding.202203061000.McGill-Gault.txt,soundings_wintremix/upperair.sounding.202203061200.McGill-Gault.txt",790.0,2022-03-06 10:00:00,Gault2022-03-06 10:00:00,False,,,,
911,-1634.427199853028,67.07214285714285,65.42486066312878,-1.2242900373430918,0.0,2022-03-06 10:10:00,IOP8,,,,,1121.6443720825184,2125.0,1.4108734240031677,1335.0,0.0,0.0,1330.0,2.852531806615776,,2.476925750094088,-2.606914965152005,Gault,Gault,2125.0,1330.0,"soundings_wintremix/upperair.sounding.202203061000.McGill-Gault.txt,soundings_wintremix/upperair.sounding.202203061200.McGill-Gault.txt",790.0,2022-03-06 10:10:00,Gault2022-03-06 10:10:00,True,upperair.sounding.202203061000.McGill-Gault.txt,,,
912,-1245.6057502949923,60.67256393486809,60.15655084152235,-1.3687975277966946,0.0,2022-03-06 10:20:00,IOP8,,,,,1485.1488462277798,2110.0,1.232488669068697,910.0,0.0,0.0,905.0,2.7850636132315523,,2.69462901975882,-2.2536861319792685,Gault,Gault,2110.0,905.0,"soundings_wintremix/upperair.sounding.202203061000.McGill-Gault.txt,soundings_wintremix/upperair.sounding.202203061200.McGill-Gault.txt",1200.0,2022-03-06 10:20:00,Gault2022-03-06 10:20:00,False,,,,
913,-1117.1214690893087,62.04939384750761,61.50759600388656,-1.2989784524294286,0.0,2022-03-06 10:30:00,IOP8,,,,,1733.5043775068361,2105.0,1.4326482458734184,900.0,0.0,0.0,855.0,2.717595419847328,,2.84073885081095,-2.1513600840585836,Gault,Gault,2105.0,855.0,"soundings_wintremix/upperair.sounding.202203061000.McGill-Gault.txt,soundings_wintremix/upperair.sounding.202203061200.McGill-Gault.txt",1205.0,2022-03-06 10:30:00,Gault2022-03-06 10:30:00,False,,,,
914,-1009.7087559675649,63.42622376014713,62.913782727368876,-1.4322110013724325,0.0,2022-03-06 10:40:00,IOP8,,,,,2000.5034589129466,2100.0,1.515532923418899,785.0,0.0,0.0,700.0,2.650127226463104,,3.1113303502239513,-2.0490340361378983,Gault,Gault,2100.0,700.0,"soundings_wintremix/upperair.sounding.202203061000.McGill-Gault.txt,soundings_wintremix/upperair.sounding.202203061200.McGill-Gault.txt",1315.0,2022-03-06 10:40:00,Gault2022-03-06 10:40:00,False,,,,
915,-921.8312381721079,64.85223833476027,64.32221982318907,-1.3556341737825115,0.0,2022-03-06 10:50:00,IOP8,,,,,2290.9547660261496,2095.0,1.6133484267789788,680.0,0.0,0.0,675.0,2.5826590330788806,,3.3819218496369525,-1.9467079882172134,Gault,Gault,2095.0,675.0,"soundings_wintremix/upperair.sounding.202203061000.McGill-Gault.txt,soundings_wintremix/upperair.sounding.202203061200.McGill-Gault.txt",1415.0,2022-03-06 10:50:00,Gault2022-03-06 10:50:00,False,,,,
916,-836.4614822990613,66.28493257705479,65.73009198486868,-1.2673658822713052,0.0,2022-03-06 11:00:00,IOP8,,,,,2582.340760857874,2090.0,1.7995405999009573,660.0,0.0,0.0,655.0,2.5151908396946565,,3.6533026112345355,-1.8443819402965282,Gault,Gault,2090.0,655.0,"soundings_wintremix/upperair.sounding.202203061000.McGill-Gault.txt,soundings_wintremix/upperair.sounding.202203061200.McGill-Gault.txt",1430.0,2022-03-06 11:00:00,Gault2022-03-06 11:00:00,False,,,,
917,-754.7459336658447,67.71762681934932,67.1373994072267,-1.237288415845647,0.0,2022-03-06 11:10:00,IOP8,,,,,2877.5568438430682,2090.0,1.9575216624782772,625.0,0.0,0.0,605.0,2.447722646310433,,3.929608277889147,-1.7420558923758431,Gault,Gault,2090.0,605.0,"soundings_wintremix/upperair.sounding.202203061000.McGill-Gault.txt,soundings_wintremix/upperair.sounding.202203061200.McGill-Gault.txt",1465.0,2022-03-06 11:10:00,Gault2022-03-06 11:10:00,False,,,,
918,-682.2816530224636,69.15032106164382,68.54414228502736,-1.1564095813940063,0.0,2022-03-06 11:20:00,IOP8,,,,,3181.9766813075457,2085.0,2.1213177875383638,590.0,0.0,0.0,585.0,2.3802544529262084,,4.218211316611443,-1.66018433002183,Gault,Gault,2085.0,585.0,"soundings_wintremix/upperair.sounding.202203061000.McGill-Gault.txt,soundings_wintremix/upperair.sounding.202203061200.McGill-Gault.txt",1495.0,2022-03-06 11:20:00,Gault2022-03-06 11:20:00,False,,,,
919,-612.1314142566688,70.58301530393835,69.9503208129799,-1.0463784859088356,0.0,2022-03-06 11:30:00,IOP8,,,,,3488.8133758196573,2085.0,2.318148422471533,585.0,0.0,0.0,580.0,2.312786259541985,,4.508183625869435,-1.6437080391484828,Gault,Gault,2085.0,580.0,"soundings_wintremix/upperair.sounding.202203061000.McGill-Gault.txt,soundings_wintremix/upperair.sounding.202203061200.McGill-Gault.txt",1500.0,2022-03-06 11:30:00,Gault2022-03-06 11:30:00,False,,,,
920,-544.0652997540412,72.01570954623288,71.35593518573828,-0.9462005213113759,0.0,2022-03-06 11:40:00,IOP8,,,,,3797.7373490407176,2080.0,2.5150578470468328,575.0,0.0,0.0,570.0,2.245318066157761,,4.801210610830417,-1.6272317482751362,Gault,Gault,2080.0,570.0,"soundings_wintremix/upperair.sounding.202203061000.McGill-Gault.txt,soundings_wintremix/upperair.sounding.202203061200.McGill-Gault.txt",1505.0,2022-03-06 11:40:00,Gault2022-03-06 11:40:00,False,,,,
921,-485.0823993412747,73.44840378852739,72.76098559790171,-0.906696073535093,0.0,2022-03-06 11:50:00,IOP8,,,,,4115.838100830105,2080.0,2.65537941989039,535.0,0.0,0.0,530.0,2.1778498727735367,,5.252605522556348,-1.6107554574017886,Gault,Gault,2080.0,530.0,"soundings_wintremix/upperair.sounding.202203061000.McGill-Gault.txt,soundings_wintremix/upperair.sounding.202203061200.McGill-Gault.txt",1545.0,2022-03-06 11:50:00,Gault2022-03-06 11:50:00,False,,,,
922,-429.0698193728255,74.93171875,74.2045304538359,-0.8413133713192654,0.0,2022-03-06 12:00:00,IOP8,,,,,4437.1295852637795,2080.0,2.8534595403625587,530.0,0.0,0.0,505.0,3.38,,5.787531629421943,-1.714206001253167,Gault,Gault,2080.0,505.0,"soundings_wintremix/upperair.sounding.202203061200.McGill-Gault.txt,soundings_wintremix/upperair.sounding.202203061600.McGill-Gault.txt",1550.0,2022-03-06 12:00:00,Gault2022-03-06 12:00:00,False,,,,
923,-429.0698193728255,74.93171875,74.2045304538359,-0.8413133713192654,0.0,2022-03-06 12:10:00,IOP8,,,,,4437.1295852637795,2080.0,2.8534595403625587,530.0,0.0,0.0,505.0,3.37817738791423,,5.787531629421943,-1.714206001253167,Gault,Gault,2080.0,505.0,"soundings_wintremix/upperair.sounding.202203061200.McGill-Gault.txt,soundings_wintremix/upperair.sounding.202203061600.McGill-Gault.txt",1550.0,2022-03-06 12:10:00,Gault2022-03-06 12:10:00,True,upperair.sounding.202203061200.McGill-Gault.txt,,,
924,-246.92870014435664,76.76656294899425,75.67920980797193,-0.48896772305813185,0.0,2022-03-06 12:20:00,IOP8,,,,,4834.421343998427,2095.0,3.030985168651051,505.0,0.0,0.0,500.0,3.3763547758284598,,5.903862731665203,-1.396496281109808,Gault,Gault,2095.0,500.0,"soundings_wintremix/upperair.sounding.202203061200.McGill-Gault.txt,soundings_wintremix/upperair.sounding.202203061600.McGill-Gault.txt",1590.0,2022-03-06 12:20:00,Gault2022-03-06 12:20:00,False,,,,
925,-157.5679098694475,77.68398504849138,76.41102880317227,-0.315135819738895,0.0,2022-03-06 12:30:00,IOP8,,,,,5035.9029457756515,2105.0,3.127890028432081,500.0,0.0,0.0,495.0,3.37453216374269,,5.962028282786833,-1.2376414210381284,Gault,Gault,2105.0,495.0,"soundings_wintremix/upperair.sounding.202203061200.McGill-Gault.txt,soundings_wintremix/upperair.sounding.202203061600.McGill-Gault.txt",1605.0,2022-03-06 12:30:00,Gault2022-03-06 12:30:00,False,,,,
926,-60.39988087701843,75.1322366661317,73.70671099576384,-0.262608177726167,145.0,2022-03-06 12:40:00,IOP8,,,,,5255.966023110355,2115.0,3.0120149129572233,375.0,145.0,145.0,225.0,3.37270955165692,,6.020193833908463,-0.4363116953618979,Gault,Gault,2115.0,370.0,"soundings_wintremix/upperair.sounding.202203061200.McGill-Gault.txt,soundings_wintremix/upperair.sounding.202203061600.McGill-Gault.txt",1740.0,2022-03-06 12:40:00,Gault2022-03-06 12:40:00,False,,,,
927,-33.95156880078569,76.06819370887497,74.61135952904313,-0.1886198266710316,165.0,2022-03-06 12:50:00,IOP8,RA,,,,5500.492063433094,2120.0,3.090164080580389,345.0,165.0,165.0,175.0,3.3708869395711503,RA,6.078359385030093,-0.3028445725709896,Gault,Gault,2120.0,340.0,"soundings_wintremix/upperair.sounding.202203061200.McGill-Gault.txt,soundings_wintremix/upperair.sounding.202203061600.McGill-Gault.txt",1775.0,2022-03-06 12:50:00,Gault2022-03-06 12:50:00,False,,,,
928,-12.529198125415556,76.50708484299517,75.07277834269283,-0.08640826293390041,190.0,2022-03-06 13:00:00,IOP8,RA,,,,5748.088720694484,2130.0,3.1933826226080475,335.0,190.0,190.0,140.0,3.36906432748538,RA,6.136524936151724,-0.16937744978008132,Gault,Gault,2130.0,330.0,"soundings_wintremix/upperair.sounding.202203061200.McGill-Gault.txt,soundings_wintremix/upperair.sounding.202203061600.McGill-Gault.txt",1795.0,2022-03-06 13:00:00,Gault2022-03-06 13:00:00,False,,,,
929,-8.460907065068843,72.25,70.84008018442105,-0.2820302355022947,0.0,2022-03-06 13:10:00,IOP8,RA,,,,6002.216929231227,2135.0,3.2011823622566546,265.0,0.0,0.0,25.0,3.36724171539961,RA,6.194690487273354,-0.6022219807514093,Gault,Gault,2135.0,25.0,"soundings_wintremix/upperair.sounding.202203061200.McGill-Gault.txt,soundings_wintremix/upperair.sounding.202203061600.McGill-Gault.txt",1870.0,2022-03-06 13:10:00,Gault2022-03-06 13:10:00,False,,,,
930,-4.371790778914885,73.5,72.0332812279638,-0.17487163115659538,0.0,2022-03-06 13:20:00,IOP8,RA,,,,6346.881724152099,2145.0,2.9867678701892233,25.0,0.0,0.0,20.0,3.3654191033138394,RA,6.252856038394983,-0.44336712067972994,Gault,Gault,2145.0,20.0,"soundings_wintremix/upperair.sounding.202203061200.McGill-Gault.txt,soundings_wintremix/upperair.sounding.202203061600.McGill-Gault.txt",2120.0,2022-03-06 13:20:00,Gault2022-03-06 13:20:00,False,,,,
931,-1.5553170352275143,56.44309793025832,54.62150348849357,-0.15553170352275145,15.0,2022-03-06 13:30:00,IOP8,RA,,,,6637.991452457826,2160.0,3.101865164699919,25.0,15.0,15.0,5.0,3.36359649122807,RA,6.311021589516613,-0.28451226060804996,Gault,Gault,2160.0,20.0,"soundings_wintremix/upperair.sounding.202203061200.McGill-Gault.txt,soundings_wintremix/upperair.sounding.202203061600.McGill-Gault.txt",2135.0,2022-03-06 13:30:00,Gault2022-03-06 13:30:00,False,,,,
932,-0.6282870026818523,54.422515521922826,52.67168953944999,-0.12565740053637048,20.0,2022-03-06 13:40:00,IOP8,RA,,,,6929.863192242252,2165.0,3.2307054509287885,25.0,20.0,20.0,0.0,3.3617738791423,RA,6.369187140638243,-0.12565740053637048,Gault,Gault,2165.0,20.0,"soundings_wintremix/upperair.sounding.202203061200.McGill-Gault.txt,soundings_wintremix/upperair.sounding.202203061600.McGill-Gault.txt",2140.0,2022-03-06 13:40:00,Gault2022-03-06 13:40:00,False,,,,
933,,,,,,2022-03-06 13:50:00,IOP8,RA,,,,,,,,,,,3.35995126705653,RA,,,Gault,Gault,,,"soundings_wintremix/upperair.sounding.202203061200.McGill-Gault.txt,soundings_wintremix/upperair.sounding.202203061600.McGill-Gault.txt",0.0,2022-03-06 13:50:00,Gault2022-03-06 13:50:00,False,,,,
934,,,,,,2022-03-06 14:00:00,IOP8,RA,,,,,,,,,,,3.35812865497076,RA,,,Gault,Gault,,,"soundings_wintremix/upperair.sounding.202203061200.McGill-Gault.txt,soundings_wintremix/upperair.sounding.202203061600.McGill-Gault.txt",0.0,2022-03-06 14:00:00,Gault2022-03-06 14:00:00,False,,,,
935,,,,,,2022-03-06 14:10:00,IOP8,RA,,,,,,,,,,,3.35630604288499,RA,,,Gault,Gault,,,"soundings_wintremix/upperair.sounding.202203061200.McGill-Gault.txt,soundings_wintremix/upperair.sounding.202203061600.McGill-Gault.txt",0.0,2022-03-06 14:10:00,Gault2022-03-06 14:10:00,False,,,,
936,,,,,,2022-03-06 14:20:00,IOP8,RA,,,,,,,,,,,3.3544834307992204,RA,,,Gault,Gault,,,"soundings_wintremix/upperair.sounding.202203061200.McGill-Gault.txt,soundings_wintremix/upperair.sounding.202203061600.McGill-Gault.txt",0.0,2022-03-06 14:20:00,Gault2022-03-06 14:20:00,False,,,,
937,,,,,,2022-03-06 14:30:00,IOP8,RA,,,,,,,,,,,3.35266081871345,RA,,,Gault,Gault,,,"soundings_wintremix/upperair.sounding.202203061200.McGill-Gault.txt,soundings_wintremix/upperair.sounding.202203061600.McGill-Gault.txt",0.0,2022-03-06 14:30:00,Gault2022-03-06 14:30:00,False,,,,
938,,,,,,2022-03-06 14:40:00,IOP8,RA,,,,,,,,,,,3.35083820662768,RA,,,Gault,Gault,,,"soundings_wintremix/upperair.sounding.202203061200.McGill-Gault.txt,soundings_wintremix/upperair.sounding.202203061600.McGill-Gault.txt",0.0,2022-03-06 14:40:00,Gault2022-03-06 14:40:00,False,,,,
939,,,,,,2022-03-06 14:50:00,IOP8,RA,,,,,,,,,,,3.3490155945419104,RA,,,Gault,Gault,,,"soundings_wintremix/upperair.sounding.202203061200.McGill-Gault.txt,soundings_wintremix/upperair.sounding.202203061600.McGill-Gault.txt",0.0,2022-03-06 14:50:00,Gault2022-03-06 14:50:00,False,,,,
940,,,,,,2022-03-06 15:00:00,IOP8,RA,,,,,,,,,,,3.34719298245614,RA,,,Gault,Gault,,,"soundings_wintremix/upperair.sounding.202203061200.McGill-Gault.txt,soundings_wintremix/upperair.sounding.202203061600.McGill-Gault.txt",0.0,2022-03-06 15:00:00,Gault2022-03-06 15:00:00,False,,,,
941,,,,,,2022-03-06 15:10:00,IOP8,RA,,,,,,,,,,,3.34537037037037,RA,,,Gault,Gault,,,"soundings_wintremix/upperair.sounding.202203061200.McGill-Gault.txt,soundings_wintremix/upperair.sounding.202203061600.McGill-Gault.txt",0.0,2022-03-06 15:10:00,Gault2022-03-06 15:10:00,False,,,,
942,,,,,,2022-03-06 15:20:00,IOP8,RA,,,,,,,,,,,3.3435477582846005,RA,,,Gault,Gault,,,"soundings_wintremix/upperair.sounding.202203061200.McGill-Gault.txt,soundings_wintremix/upperair.sounding.202203061600.McGill-Gault.txt",0.0,2022-03-06 15:20:00,Gault2022-03-06 15:20:00,False,,,,
943,,,,,,2022-03-06 15:30:00,IOP8,RA,,,,,,,,,,,3.34172514619883,RA,,,Gault,Gault,,,"soundings_wintremix/upperair.sounding.202203061200.McGill-Gault.txt,soundings_wintremix/upperair.sounding.202203061600.McGill-Gault.txt",0.0,2022-03-06 15:30:00,Gault2022-03-06 15:30:00,False,,,,
944,,,,,,2022-03-06 15:40:00,IOP8,RA,,,,,,,,,,,3.3399025341130604,RA,,,Gault,Gault,,,"soundings_wintremix/upperair.sounding.202203061200.McGill-Gault.txt,soundings_wintremix/upperair.sounding.202203061600.McGill-Gault.txt",0.0,2022-03-06 15:40:00,Gault2022-03-06 15:40:00,False,,,,
945,,,,,,2022-03-06 15:50:00,IOP8,RA,,,,,,,,,,,3.33807992202729,RA,,,Gault,Gault,,,"soundings_wintremix/upperair.sounding.202203061200.McGill-Gault.txt,soundings_wintremix/upperair.sounding.202203061600.McGill-Gault.txt",0.0,2022-03-06 15:50:00,Gault2022-03-06 15:50:00,False,,,,
946,,,,,,2022-03-06 16:00:00,IOP8,RA,,,,,,,,,,,,RA,,,Gault,Gault,,,,,2022-03-06 16:00:00,Gault2022-03-06 16:00:00,False,,,,
1719,-0.002479841395537502,94.95789473684209,94.46565312893759,-0.0004959682791075004,2370.0,,,,,,,11178.69931066977,2365.0,4.716750763995683,0.0,2370.0,2370.0,0.0,,,8.0237802437676,-0.0004959682791075004,,,2365.0,2370.0,,2365.0,2022-03-06 16:10:00,Gault2022-03-06 16:10:00,True,upperair.sounding.202203061600.McGill-Gault.txt,,,
947,,,,,,2022-03-07 18:00:00,IOP9,RA,,,,,,,,,,,-0.36,RA,,,Gault,Gault,,,"soundings_wintremix/upperair.sounding.202203071800.McGill-Gault.txt,soundings_wintremix/upperair.sounding.202203072000.McGill-Gault.txt",0.0,2022-03-07 18:00:00,Gault2022-03-07 18:00:00,False,,0.3638,0.5096353,99.93517
948,,,,,,2022-03-07 18:10:00,IOP9,RA,,,,,,,,,,,-0.32111111111111107,RA,,,Gault,Gault,,,"soundings_wintremix/upperair.sounding.202203071800.McGill-Gault.txt,soundings_wintremix/upperair.sounding.202203072000.McGill-Gault.txt",0.0,2022-03-07 18:10:00,Gault2022-03-07 18:10:00,True,upperair.sounding.202203071800.McGill-Gault.txt,0.29900000000000004,0.43364779999999997,99.934598
949,,,,,,2022-03-07 18:20:00,IOP9,RA,,,,,,,,,,,-0.2822222222222222,RA,,,Gault,Gault,,,"soundings_wintremix/upperair.sounding.202203071800.McGill-Gault.txt,soundings_wintremix/upperair.sounding.202203072000.McGill-Gault.txt",0.0,2022-03-07 18:20:00,Gault2022-03-07 18:20:00,False,,0.1311,0.50699153,99.931703
950,,,,,,2022-03-07 18:30:00,IOP9,RA,,,,,,,,,,,-0.24333333333333335,RA,,,Gault,Gault,,,"soundings_wintremix/upperair.sounding.202203071800.McGill-Gault.txt,soundings_wintremix/upperair.sounding.202203072000.McGill-Gault.txt",0.0,2022-03-07 18:30:00,Gault2022-03-07 18:30:00,False,,0.3101,0.49303747,99.932581
951,,,,,,2022-03-07 18:40:00,IOP9,RA,,,,,,,,,,,-0.20444444444444443,RA,,,Gault,Gault,,,"soundings_wintremix/upperair.sounding.202203071800.McGill-Gault.txt,soundings_wintremix/upperair.sounding.202203072000.McGill-Gault.txt",0.0,2022-03-07 18:40:00,Gault2022-03-07 18:40:00,False,,0.21280000000000002,0.2636968,99.950506
952,,,,,,2022-03-07 18:50:00,IOP9,RA,,,,,,,,,,,-0.16555555555555554,RA,,,Gault,Gault,,,"soundings_wintremix/upperair.sounding.202203071800.McGill-Gault.txt,soundings_wintremix/upperair.sounding.202203072000.McGill-Gault.txt",0.0,2022-03-07 18:50:00,Gault2022-03-07 18:50:00,False,,0.10980000000000001,0.098789275,99.9352
953,,,,,,2022-03-07 19:00:00,IOP9,RA,,,,,,,,,,,-0.12666666666666665,RA,,,Gault,Gault,,,"soundings_wintremix/upperair.sounding.202203071800.McGill-Gault.txt,soundings_wintremix/upperair.sounding.202203072000.McGill-Gault.txt",0.0,2022-03-07 19:00:00,Gault2022-03-07 19:00:00,False,,0.7949999999999999,0.10653247800000001,99.93104500000001
954,-2513.266006024354,99.49830246913581,101.24209441185077,-1.9634890672065264,0.0,2022-03-07 19:10:00,IOP9,RA,,,,0.5934128778141569,1325.0,0.016954653651833053,1295.0,0.0,0.0,1275.0,-0.08777777777777776,RA,0.03145007897675936,-3.450550734110963,Gault,Gault,1325.0,1275.0,"soundings_wintremix/upperair.sounding.202203071800.McGill-Gault.txt,soundings_wintremix/upperair.sounding.202203072000.McGill-Gault.txt",30.0,2022-03-07 19:10:00,Gault2022-03-07 19:10:00,False,,1.3627,0.27206491,99.938508
955,-2364.62178982573,99.59864197530862,101.47655812191363,-1.8546053253535135,0.0,2022-03-07 19:20:00,IOP9,RA,,,,3.4566484505275903,1375.0,0.032920461433596095,1275.0,0.0,0.0,1270.0,-0.04888888888888887,RA,0.06310092418552016,-3.2883129565699094,Gault,Gault,1375.0,1270.0,"soundings_wintremix/upperair.sounding.202203071800.McGill-Gault.txt,soundings_wintremix/upperair.sounding.202203072000.McGill-Gault.txt",100.0,2022-03-07 19:20:00,Gault2022-03-07 19:20:00,False,,1.533,0.31485864,99.935226
956,-2216.0895259564904,99.69898148148148,101.71049938475592,-1.7449523826429059,0.0,2022-03-07 19:30:00,IOP9,RA,,,,7.00589589632044,1390.0,0.05604716717056353,1270.0,0.0,0.0,1265.0,-0.009999999999999981,RA,0.09536826475180736,-3.1260751790288563,Gault,Gault,1390.0,1265.0,"soundings_wintremix/upperair.sounding.202203071800.McGill-Gault.txt,soundings_wintremix/upperair.sounding.202203072000.McGill-Gault.txt",120.0,2022-03-07 19:30:00,Gault2022-03-07 19:30:00,False,,1.1422,0.2453336,99.934732
957,-2067.6776792417395,99.79932098765433,101.94391902663753,-1.6280926608202675,0.0,2022-03-07 19:40:00,IOP9,RA,,,,10.943564229115019,1395.0,0.08418126330088477,1270.0,0.0,0.0,1265.0,0.02888888888888891,RA,0.12886716113902863,-2.9665744660539684,Gault,Gault,1395.0,1265.0,"soundings_wintremix/upperair.sounding.202203071800.McGill-Gault.txt,soundings_wintremix/upperair.sounding.202203072000.McGill-Gault.txt",125.0,2022-03-07 19:40:00,Gault2022-03-07 19:40:00,False,,0.6426999999999999,0.24340184000000004,99.933223
958,-1919.3681395817644,99.89966049382714,102.1768178728142,-1.517287066863055,0.0,2022-03-07 19:50:00,IOP9,RA,,,,15.128956913526778,1400.0,0.1080639779537627,1265.0,0.0,0.0,1260.0,0.0677777777777778,RA,0.1623660575262501,-2.8086973611252075,Gault,Gault,1400.0,1260.0,"soundings_wintremix/upperair.sounding.202203071800.McGill-Gault.txt,soundings_wintremix/upperair.sounding.202203072000.McGill-Gault.txt",135.0,2022-03-07 19:50:00,Gault2022-03-07 19:50:00,False,,0.4091,0.22624320999999997,99.93315199999999
959,-1771.4585953681967,100.0,102.50617261064703,-1.4343794294479326,25.0,2022-03-07 20:00:00,IOP9,RA,,,,19.625247964501234,1410.0,0.12661450299678215,1260.0,25.0,25.0,1230.0,0.83,RA,0.1950756381055067,-2.6539547276388475,Gault,Gault,1410.0,1255.0,"soundings_wintremix/upperair.sounding.202203072000.McGill-Gault.txt,soundings_wintremix/upperair.sounding.202203072200.McGill-Gault.txt",150.0,2022-03-07 20:00:00,Gault2022-03-07 20:00:00,False,,0.13369999999999999,0.22640577999999997,99.931326
960,-1771.4585953681967,100.0,102.50617261064703,-1.4343794294479326,25.0,2022-03-07 20:10:00,IOP9,RA,,,,19.625247964501234,1410.0,0.12661450299678215,1260.0,25.0,25.0,1230.0,0.8528551912568305,RA,0.1950756381055067,-2.6539547276388475,Gault,Gault,1410.0,1255.0,"soundings_wintremix/upperair.sounding.202203072000.McGill-Gault.txt,soundings_wintremix/upperair.sounding.202203072200.McGill-Gault.txt",150.0,2022-03-07 20:10:00,Gault2022-03-07 20:10:00,True,upperair.sounding.202203072000.McGill-Gault.txt,0.0,0.21479657,99.935956
961,-1699.5522367363778,99.8695946255003,102.03453407839213,-1.3761556572764193,20.0,2022-03-07 20:20:00,IOP9,RA,,,,16.842025115805857,1405.0,0.10865822655358615,1255.0,20.0,20.0,1230.0,0.8757103825136612,RA,0.169881668555399,-2.6124600281476944,Gault,Gault,1405.0,1250.0,"soundings_wintremix/upperair.sounding.202203072000.McGill-Gault.txt,soundings_wintremix/upperair.sounding.202203072200.McGill-Gault.txt",150.0,2022-03-07 20:20:00,Gault2022-03-07 20:20:00,False,,0.0,0.18131434,99.936886
962,-1663.6361999385467,99.80439193825043,101.80098682260025,-1.347073846104087,20.0,2022-03-07 20:30:00,IOP9,RA,,,,15.49171536394374,1400.0,0.10327810242629161,1255.0,20.0,20.0,1230.0,0.8985655737704918,RA,0.15728468378034513,-2.6046356520767917,Gault,Gault,1400.0,1250.0,"soundings_wintremix/upperair.sounding.202203072000.McGill-Gault.txt,soundings_wintremix/upperair.sounding.202203072200.McGill-Gault.txt",145.0,2022-03-07 20:30:00,Gault2022-03-07 20:30:00,False,,0.0,0.22740714,99.946258
963,-1627.7201631407163,99.73918925100055,101.56758545442317,-1.317992034931754,20.0,2022-03-07 20:40:00,IOP9,RA,,,,14.153326978963339,1400.0,0.09435551319308892,1255.0,20.0,20.0,1230.0,0.9214207650273223,RA,0.14468769900529146,-2.6015447601740136,Gault,Gault,1400.0,1250.0,"soundings_wintremix/upperair.sounding.202203072000.McGill-Gault.txt,soundings_wintremix/upperair.sounding.202203072200.McGill-Gault.txt",145.0,2022-03-07 20:40:00,Gault2022-03-07 20:40:00,False,,0.2084,0.27055429000000003,99.93583
964,-1591.8415096343788,99.67398656375072,101.33432989960386,-1.288940493631076,15.0,2022-03-07 20:50:00,IOP9,RA,,,,12.829025249441978,1400.0,0.08276790483510954,1250.0,15.0,15.0,1230.0,0.9442759562841532,RA,0.13697956744851492,-2.603960049600101,Gault,Gault,1400.0,1245.0,"soundings_wintremix/upperair.sounding.202203072000.McGill-Gault.txt,soundings_wintremix/upperair.sounding.202203072200.McGill-Gault.txt",150.0,2022-03-07 20:50:00,Gault2022-03-07 20:50:00,False,,0.2104,0.27006937999999997,99.935192
965,-1556.234453658817,99.60878387650085,101.10122008391309,-1.2550277852087235,10.0,2022-03-07 21:00:00,IOP9,RA,,,,11.506229541495262,1400.0,0.07423373897738876,1250.0,10.0,10.0,1235.0,0.9671311475409836,RA,0.13632234261860723,-2.608307252651807,Gault,Gault,1400.0,1245.0,"soundings_wintremix/upperair.sounding.202203072000.McGill-Gault.txt,soundings_wintremix/upperair.sounding.202203072200.McGill-Gault.txt",150.0,2022-03-07 21:00:00,Gault2022-03-07 21:00:00,False,,0.12,0.30808984,99.931416
966,-1520.646945852369,99.543581189251,100.86825593314995,-1.2263281821390073,10.0,2022-03-07 21:10:00,IOP9,RA,,,,9.555444381786902,1400.0,0.09100423220749432,1300.0,10.0,10.0,1235.0,0.9899863387978144,RA,0.13566511778869972,-2.6141761732995166,Gault,Gault,1400.0,1245.0,"soundings_wintremix/upperair.sounding.202203072000.McGill-Gault.txt,soundings_wintremix/upperair.sounding.202203072200.McGill-Gault.txt",100.0,2022-03-07 21:10:00,Gault2022-03-07 21:10:00,False,,0.0819,0.31400737,99.937453
967,-1485.0594380459206,99.47837850200112,100.6399494086696,-1.1976285790692907,10.0,2022-03-07 21:20:00,IOP9,RA,,,,8.916597011427484,1395.0,0.09385891590976302,1305.0,10.0,10.0,1235.0,1.012841530054645,RA,0.135007892958792,-2.620045093947225,Gault,Gault,1395.0,1245.0,"soundings_wintremix/upperair.sounding.202203072000.McGill-Gault.txt,soundings_wintremix/upperair.sounding.202203072200.McGill-Gault.txt",90.0,2022-03-07 21:20:00,Gault2022-03-07 21:20:00,False,,0.0,0.28476474,99.937477
968,-1449.4719302394722,99.41317581475127,100.4255787375087,-1.1689289759995745,10.0,2022-03-07 21:30:00,IOP9,RA,,,,8.346452894363942,1395.0,0.08785739888804148,1305.0,10.0,10.0,1235.0,1.0356967213114756,RA,0.1343506681288844,-2.625914014594934,Gault,Gault,1395.0,1245.0,"soundings_wintremix/upperair.sounding.202203072000.McGill-Gault.txt,soundings_wintremix/upperair.sounding.202203072200.McGill-Gault.txt",90.0,2022-03-07 21:30:00,Gault2022-03-07 21:30:00,False,,0.0327,0.26845691,99.936293
969,-1414.1222367436922,99.3479731275014,100.21128936065669,-1.1358411540109976,5.0,2022-03-07 21:40:00,IOP9,RA,,,,7.776308777300403,1395.0,0.08185588186632003,1305.0,5.0,5.0,1240.0,1.0585519125683063,RA,0.13369344329897684,-2.6317829352426436,Gault,Gault,1395.0,1245.0,"soundings_wintremix/upperair.sounding.202203072000.McGill-Gault.txt,soundings_wintremix/upperair.sounding.202203072200.McGill-Gault.txt",90.0,2022-03-07 21:40:00,Gault2022-03-07 21:40:00,False,,0.0,0.29892627000000005,99.935536
970,-1378.8102104416803,99.28277044025155,99.99708125271485,-1.1074780806760487,5.0,2022-03-07 21:50:00,IOP9,RA,,,,7.206164660236869,1395.0,0.07585436484459862,1305.0,5.0,5.0,1240.0,1.0814071038251367,RA,0.13303621846906916,-2.637651855890352,Gault,Gault,1395.0,1245.0,"soundings_wintremix/upperair.sounding.202203072000.McGill-Gault.txt,soundings_wintremix/upperair.sounding.202203072200.McGill-Gault.txt",90.0,2022-03-07 21:50:00,Gault2022-03-07 21:50:00,False,,0.0,0.37933979,99.937618
971,-1343.5843509077836,99.3630909090909,99.79360574027446,-1.0791842175966133,5.0,2022-03-07 22:00:00,IOP9,RA,,,,6.42591091705546,1395.0,0.0917987273865066,1330.0,5.0,5.0,1240.0,1.12,RA,0.13230707655354212,-2.649030596864291,Gault,Gault,1395.0,1245.0,"soundings_wintremix/upperair.sounding.202203072200.McGill-Gault.txt,soundings_wintremix/upperair.sounding.202203080000.McGill-Gault.txt",65.0,2022-03-07 22:00:00,Gault2022-03-07 22:00:00,False,,0.0,0.45010109,99.935215
972,-1343.5843509077836,99.3630909090909,99.79360574027446,-1.0791842175966133,5.0,2022-03-07 22:10:00,IOP9,RA,,,,6.42591091705546,1395.0,0.0917987273865066,1330.0,5.0,5.0,1240.0,1.0858419243986255,RA,0.13230707655354212,-2.649030596864291,Gault,Gault,1395.0,1245.0,"soundings_wintremix/upperair.sounding.202203072200.McGill-Gault.txt,soundings_wintremix/upperair.sounding.202203080000.McGill-Gault.txt",65.0,2022-03-07 22:10:00,Gault2022-03-07 22:10:00,True,upperair.sounding.202203072200.McGill-Gault.txt,0.0,0.60584634,99.93995
973,-1430.4975981233854,97.52962121212121,98.27103627645896,-1.0961667418570005,0.0,2022-03-07 22:20:00,IOP9,RA,,,,8.10233185150747,1395.0,0.08528770370007864,1305.0,0.0,0.0,1300.0,1.051683848797251,RA,0.15112684069357246,-2.5974471345084327,Gault,Gault,1395.0,1300.0,"soundings_wintremix/upperair.sounding.202203072200.McGill-Gault.txt,soundings_wintremix/upperair.sounding.202203080000.McGill-Gault.txt",90.0,2022-03-07 22:20:00,Gault2022-03-07 22:20:00,False,,0.0,0.67633883,99.93713
974,-1472.5790281688587,96.61288636363636,97.5396503625481,-1.128413048405256,0.0,2022-03-07 22:30:00,IOP9,RA,,,,8.807483667593223,1400.0,0.08807483667593223,1305.0,0.0,0.0,1300.0,1.0175257731958764,RA,0.16227235479510282,-2.5768495602515094,Gault,Gault,1400.0,1300.0,"soundings_wintremix/upperair.sounding.202203072200.McGill-Gault.txt,soundings_wintremix/upperair.sounding.202203080000.McGill-Gault.txt",95.0,2022-03-07 22:30:00,Gault2022-03-07 22:30:00,False,,0.0252,0.6978494,99.93173
975,-1514.660458214332,95.6961515151515,96.94300745759604,-1.160659354953511,0.0,2022-03-07 22:40:00,IOP9,PL,RA,,,9.543987341881301,1400.0,0.095439873418813,1305.0,0.0,0.0,1300.0,0.9833676975945018,RA and PL,0.17341786889663244,-2.5582358013448787,Gault,Gault,1400.0,1300.0,"soundings_wintremix/upperair.sounding.202203072200.McGill-Gault.txt,soundings_wintremix/upperair.sounding.202203080000.McGill-Gault.txt",95.0,2022-03-07 22:40:00,Gault2022-03-07 22:40:00,False,,0.8775000000000001,0.60502419,99.936481
976,-1556.7418882598058,95.14393551446183,96.70718931325558,-1.192905661501767,0.0,2022-03-07 22:50:00,IOP9,RA,PL,,,10.280491016169407,1400.0,0.10280491016169409,1305.0,0.0,0.0,1300.0,0.9492096219931273,RA and PL,0.1845633829981636,-2.5396220424382485,Gault,Gault,1400.0,1300.0,"soundings_wintremix/upperair.sounding.202203072200.McGill-Gault.txt,soundings_wintremix/upperair.sounding.202203080000.McGill-Gault.txt",95.0,2022-03-07 22:50:00,Gault2022-03-07 22:50:00,False,,1.4706,0.58801415,99.931781
977,-1598.8233183052794,94.92472261735419,96.47126869820524,-1.2251519680500222,0.0,2022-03-07 23:00:00,IOP9,RA,,,,9.054227758097634,1545.0,0.07873241528780552,1435.0,0.0,0.0,1300.0,0.9150515463917527,RA,0.190410322440831,-2.521008283531618,Gault,Gault,1545.0,1300.0,"soundings_wintremix/upperair.sounding.202203072200.McGill-Gault.txt,soundings_wintremix/upperair.sounding.202203080000.McGill-Gault.txt",110.0,2022-03-07 23:00:00,Gault2022-03-07 23:00:00,False,,0.48819999999999997,0.58471863,99.939765
978,-1640.904748350753,94.71340385276918,96.23524557773587,-1.2573982745982781,0.0,2022-03-07 23:10:00,IOP9,RA,,,,15.776751449299068,1560.0,0.12135962653306978,1435.0,0.0,0.0,1300.0,0.8808934707903782,RA,0.26404188613561835,-2.5119769656492554,Gault,Gault,1560.0,1300.0,"soundings_wintremix/upperair.sounding.202203072200.McGill-Gault.txt,soundings_wintremix/upperair.sounding.202203080000.McGill-Gault.txt",125.0,2022-03-07 23:10:00,Gault2022-03-07 23:10:00,False,,0.6214000000000001,0.50028546,99.931185
979,-1682.9861783962256,94.50450636394908,96.03357357384203,-1.2896445811465331,0.0,2022-03-07 23:20:00,IOP9,RA,,,,37.389991945987475,1580.0,0.13353568552138384,1305.0,0.0,0.0,1300.0,0.8467353951890035,RA,0.3583714369693153,-2.5079232243386405,Gault,Gault,1580.0,1300.0,"soundings_wintremix/upperair.sounding.202203072200.McGill-Gault.txt,soundings_wintremix/upperair.sounding.202203080000.McGill-Gault.txt",275.0,2022-03-07 23:20:00,Gault2022-03-07 23:20:00,False,,0.9794,0.40062046,99.940684
980,-1725.1342195300422,94.29560887512899,95.87625340683415,-1.327026322715417,0.0,2022-03-07 23:30:00,IOP9,RA,,,,48.43794738260135,1590.0,0.16419643180542828,1300.0,0.0,0.0,1295.0,0.8125773195876289,RA,0.45270098780300494,-2.5221435000037657,Gault,Gault,1590.0,1295.0,"soundings_wintremix/upperair.sounding.202203072200.McGill-Gault.txt,soundings_wintremix/upperair.sounding.202203080000.McGill-Gault.txt",290.0,2022-03-07 23:30:00,Gault2022-03-07 23:30:00,False,,0.5114,0.32988555,99.933813
981,-1767.2909223765519,94.08671138630892,95.72079464342949,-1.3594545556742703,0.0,2022-03-07 23:40:00,IOP9,RA,,,,60.490161651022675,1600.0,0.19832839885581208,1300.0,0.0,0.0,1295.0,0.7784192439862544,RA,0.5470305386366932,-2.5483226463558966,Gault,Gault,1600.0,1295.0,"soundings_wintremix/upperair.sounding.202203072200.McGill-Gault.txt,soundings_wintremix/upperair.sounding.202203080000.McGill-Gault.txt",300.0,2022-03-07 23:40:00,Gault2022-03-07 23:40:00,False,,1.0436,0.27847143,99.92914
982,-1809.4476252230609,93.87781389748882,95.5651184688583,-1.3918827886331238,0.0,2022-03-07 23:50:00,IOP9,PL,RA,,,73.37441681091833,1615.0,0.2292950525341198,1300.0,0.0,0.0,1295.0,0.7442611683848799,RA and PL,0.6419958037432186,-2.574501792708027,Gault,Gault,1615.0,1295.0,"soundings_wintremix/upperair.sounding.202203072200.McGill-Gault.txt,soundings_wintremix/upperair.sounding.202203080000.McGill-Gault.txt",315.0,2022-03-07 23:50:00,Gault2022-03-07 23:50:00,False,,1.9949000000000001,0.26768036,99.942811
983,-1709.801226153955,93.69368421052631,95.4305770892497,-1.7183931921145275,0.0,2022-03-08 00:00:00,IOP9,RA,RA,,,87.93109423755803,1635.0,0.2586208654045824,1300.0,0.0,0.0,990.0,0.48,RA,0.7822651252224304,-2.621565573745872,Gault,Gault,1635.0,990.0,"soundings_wintremix/upperair.sounding.202203080000.McGill-Gault.txt,soundings_wintremix/upperair.sounding.202203080100.McGill-Gault.txt",335.0,2022-03-08 00:00:00,Gault2022-03-08 00:00:00,False,,4.3205,0.31937307000000004,99.937321
984,-1709.801226153955,93.69368421052631,95.4305770892497,-1.7183931921145275,0.0,2022-03-08 00:10:00,IOP9,RA,RA,,,87.93109423755803,1635.0,0.2586208654045824,1300.0,0.0,0.0,990.0,0.46863636363636363,RA,0.7822651252224304,-2.621565573745872,Gault,Gault,1635.0,990.0,"soundings_wintremix/upperair.sounding.202203080000.McGill-Gault.txt,soundings_wintremix/upperair.sounding.202203080100.McGill-Gault.txt",335.0,2022-03-08 00:10:00,Gault2022-03-08 00:10:00,True,upperair.sounding.202203080000.McGill-Gault.txt,2.7041999999999997,0.36208215,99.938444
985,-1735.966027805112,95.30854382929643,96.99739670717915,-1.330242166900469,0.0,2022-03-08 00:20:00,IOP9,RA,,,,59.403759999524034,1625.0,0.20136867796448826,1335.0,0.0,0.0,1300.0,0.4572727272727272,RA,0.5355109581689995,-2.4337146532228155,Gault,Gault,1625.0,1300.0,"soundings_wintremix/upperair.sounding.202203080000.McGill-Gault.txt,soundings_wintremix/upperair.sounding.202203080100.McGill-Gault.txt",290.0,2022-03-08 00:20:00,Gault2022-03-08 00:20:00,False,,1.0358,0.35853265,99.933601
986,-1682.0151507925361,96.16126414027148,97.82643100022821,-1.2505688853476105,0.0,2022-03-08 00:30:00,IOP9,PL,,,,48.14348149113831,1600.0,0.1851672365043781,1345.0,0.0,0.0,1340.0,0.4459090909090909,PL,0.4121338746422778,-2.3397891929612875,Gault,Gault,1600.0,1340.0,"soundings_wintremix/upperair.sounding.202203080000.McGill-Gault.txt,soundings_wintremix/upperair.sounding.202203080100.McGill-Gault.txt",255.0,2022-03-08 00:30:00,Gault2022-03-08 00:30:00,False,,3.1523,0.29149729,99.940545
987,-1627.435918622312,97.09443061840119,98.74195089437592,-1.1922607462434522,0.0,2022-03-08 00:40:00,IOP9,PL,SN,,,38.31824688864459,1595.0,0.16305636973891316,1365.0,0.0,0.0,1360.0,0.4345454545454545,SN and PL,0.2966918431482288,-2.2847841934778277,Gault,Gault,1595.0,1360.0,"soundings_wintremix/upperair.sounding.202203080000.McGill-Gault.txt,soundings_wintremix/upperair.sounding.202203080100.McGill-Gault.txt",230.0,2022-03-08 00:40:00,Gault2022-03-08 00:40:00,False,,3.6117000000000004,0.26763745,99.934456
988,-1573.462145581571,98.06444124502949,99.67755766036255,-1.1527195205725795,0.0,2022-03-08 00:50:00,IOP9,SN,,,,29.385789993402756,1590.0,0.12776430431914243,1365.0,0.0,0.0,1360.0,0.4231818181818182,SN,0.2452804581689538,-2.243530132164243,Gault,Gault,1590.0,1360.0,"soundings_wintremix/upperair.sounding.202203080000.McGill-Gault.txt,soundings_wintremix/upperair.sounding.202203080100.McGill-Gault.txt",225.0,2022-03-08 00:50:00,Gault2022-03-08 00:50:00,False,,1.7268000000000001,0.24153792,99.930939
989,,,,,,2022-03-08 01:00:00,IOP9,SN,PL,,,,,,,,,,,SN and PL,,,Gault,Gault,,,,,2022-03-08 01:00:00,Gault2022-03-08 01:00:00,False,,5.5912999999999995,0.0419204701,99.92424700000001
990,-1519.3866570281282,99.61981818181818,101.16813112246187,-1.113103778042585,0.0,2022-03-08 01:10:00,IOP9,PL,FZRA,,,21.36623758985878,1570.0,0.10174398852313704,1365.0,0.0,0.0,1360.0,,FZRA and PL,0.2199134477582713,-2.2252465466895717,Gault,Gault,1570.0,1360.0,,205.0,2022-03-08 01:10:00,Gault2022-03-08 01:10:00,True,upperair.sounding.202203080100.McGill-Gault.txt,4.6957,-0.127219773,99.931335
991,,,,,,2022-03-08 01:50:00,IOP9,SN,,,,,,,,,,,,SN,,,Gault,Gault,,,,,2022-03-08 01:50:00,Gault2022-03-08 01:50:00,False,,0.9442,-0.44238545,99.938645
992,,,,,,2022-03-12 00:00:00,IOP10,SN,,,,,,,,,,,,SN,,,Gault,Gault,,,,,2022-03-12 00:00:00,Gault2022-03-12 00:00:00,False,,,,
993,,,,,,2022-03-12 00:10:00,IOP10,SN,,,,,,,,,,,,SN,,,Gault,Gault,,,,,2022-03-12 00:10:00,Gault2022-03-12 00:10:00,False,,,,
994,,,,,,2022-03-12 00:20:00,IOP10,SN,,,,,,,,,,,,SN,,,Gault,Gault,,,,,2022-03-12 00:20:00,Gault2022-03-12 00:20:00,False,,,,
995,,,,,,2022-03-12 00:30:00,IOP10,SN,,,,,,,,,,,,SN,,,Gault,Gault,,,,,2022-03-12 00:30:00,Gault2022-03-12 00:30:00,False,,,,
996,,,,,,2022-03-12 00:40:00,IOP10,SN,FZRA,,,,,,,,,,-0.8106060606060606,SN and FZRA,,,Gault,Gault,,,"soundings_wintremix/upperair.sounding.202203120032.McGill-Gault.txt,soundings_wintremix/upperair.sounding.202203120200.McGill-Gault.txt",0.0,2022-03-12 00:40:00,Gault2022-03-12 00:40:00,True,upperair.sounding.202203120032.McGill-Gault.txt,,,
997,,,,,,2022-03-12 00:50:00,IOP10,SN,FZRA,,,,,,,,,,-0.7988636363636363,SN and FZRA,,,Gault,Gault,,,"soundings_wintremix/upperair.sounding.202203120032.McGill-Gault.txt,soundings_wintremix/upperair.sounding.202203120200.McGill-Gault.txt",0.0,2022-03-12 00:50:00,Gault2022-03-12 00:50:00,False,,,,
998,,,,,,2022-03-12 01:00:00,IOP10,FZRA,SN,,,,,,,,,,-0.787121212121212,SN and FZRA,,,Gault,Gault,,,"soundings_wintremix/upperair.sounding.202203120032.McGill-Gault.txt,soundings_wintremix/upperair.sounding.202203120200.McGill-Gault.txt",0.0,2022-03-12 01:00:00,Gault2022-03-12 01:00:00,False,,,,
999,,,,,,2022-03-12 01:10:00,IOP10,FZRA,SN,,,,,,,,,,-0.7753787878787879,SN and FZRA,,,Gault,Gault,,,"soundings_wintremix/upperair.sounding.202203120032.McGill-Gault.txt,soundings_wintremix/upperair.sounding.202203120200.McGill-Gault.txt",0.0,2022-03-12 01:10:00,Gault2022-03-12 01:10:00,False,,,,
1000,,,,,,2022-03-12 01:20:00,IOP10,FZRA,SN,,,,,,,,,,-0.7636363636363636,SN and FZRA,,,Gault,Gault,,,"soundings_wintremix/upperair.sounding.202203120032.McGill-Gault.txt,soundings_wintremix/upperair.sounding.202203120200.McGill-Gault.txt",0.0,2022-03-12 01:20:00,Gault2022-03-12 01:20:00,False,,,,
1001,,,,,,2022-03-12 01:30:00,IOP10,FZRA,,,,,,,,,,,-0.7518939393939393,FZRA,,,Gault,Gault,,,"soundings_wintremix/upperair.sounding.202203120032.McGill-Gault.txt,soundings_wintremix/upperair.sounding.202203120200.McGill-Gault.txt",0.0,2022-03-12 01:30:00,Gault2022-03-12 01:30:00,False,,,,
1002,,,,,,2022-03-12 01:40:00,IOP10,FZRA,SN,,,,,,,,,,-0.7401515151515152,SN and FZRA,,,Gault,Gault,,,"soundings_wintremix/upperair.sounding.202203120032.McGill-Gault.txt,soundings_wintremix/upperair.sounding.202203120200.McGill-Gault.txt",0.0,2022-03-12 01:40:00,Gault2022-03-12 01:40:00,False,,,,
1003,,,,,,2022-03-12 01:50:00,IOP10,,,,,,,,,,,,-0.7284090909090909,,,,Gault,Gault,,,"soundings_wintremix/upperair.sounding.202203120032.McGill-Gault.txt,soundings_wintremix/upperair.sounding.202203120200.McGill-Gault.txt",0.0,2022-03-12 01:50:00,Gault2022-03-12 01:50:00,False,,,,
1004,,,,,,2022-03-12 02:00:00,IOP10,,,,,,,,,,,,-0.63,,,,Gault,Gault,,,"soundings_wintremix/upperair.sounding.202203120200.McGill-Gault.txt,soundings_wintremix/upperair.sounding.202203120400.McGill-Gault.txt",0.0,2022-03-12 02:00:00,Gault2022-03-12 02:00:00,False,,,,
1005,,,,,,2022-03-12 02:10:00,IOP10,,,,,,,,,,,,-0.5506944444444445,,,,Gault,Gault,,,"soundings_wintremix/upperair.sounding.202203120200.McGill-Gault.txt,soundings_wintremix/upperair.sounding.202203120400.McGill-Gault.txt",0.0,2022-03-12 02:10:00,Gault2022-03-12 02:10:00,True,upperair.sounding.202203120200.McGill-Gault.txt,,,
1006,,,,,,2022-03-12 02:20:00,IOP10,SN,SN,,,,,,,,,,-0.4713888888888889,SN,,,Gault,Gault,,,"soundings_wintremix/upperair.sounding.202203120200.McGill-Gault.txt,soundings_wintremix/upperair.sounding.202203120400.McGill-Gault.txt",0.0,2022-03-12 02:20:00,Gault2022-03-12 02:20:00,False,,,,
1007,,,,,,2022-03-12 02:30:00,IOP10,PL,SN,,,,,,,,,,-0.39208333333333334,SN and PL,,,Gault,Gault,,,"soundings_wintremix/upperair.sounding.202203120200.McGill-Gault.txt,soundings_wintremix/upperair.sounding.202203120400.McGill-Gault.txt",0.0,2022-03-12 02:30:00,Gault2022-03-12 02:30:00,False,,,,
1008,,,,,,2022-03-12 02:40:00,IOP10,SN,,,,,,,,,,,-0.31277777777777777,SN,,,Gault,Gault,,,"soundings_wintremix/upperair.sounding.202203120200.McGill-Gault.txt,soundings_wintremix/upperair.sounding.202203120400.McGill-Gault.txt",0.0,2022-03-12 02:40:00,Gault2022-03-12 02:40:00,False,,,,
1009,,,,,,2022-03-12 02:50:00,IOP10,SN,FZRA,,,,,,,,,,-0.23347222222222228,SN and FZRA,,,Gault,Gault,,,"soundings_wintremix/upperair.sounding.202203120200.McGill-Gault.txt,soundings_wintremix/upperair.sounding.202203120400.McGill-Gault.txt",0.0,2022-03-12 02:50:00,Gault2022-03-12 02:50:00,False,,,,
1010,,,,,,2022-03-12 03:00:00,IOP10,SN,SN,,,,,,,,,,-0.15416666666666667,SN,,,Gault,Gault,,,"soundings_wintremix/upperair.sounding.202203120200.McGill-Gault.txt,soundings_wintremix/upperair.sounding.202203120400.McGill-Gault.txt",0.0,2022-03-12 03:00:00,Gault2022-03-12 03:00:00,False,,,,
1011,,,,,,2022-03-12 03:10:00,IOP10,,,,,,,,,,,,-0.07486111111111113,,,,Gault,Gault,,,"soundings_wintremix/upperair.sounding.202203120200.McGill-Gault.txt,soundings_wintremix/upperair.sounding.202203120400.McGill-Gault.txt",0.0,2022-03-12 03:10:00,Gault2022-03-12 03:10:00,False,,,,
1012,,,,,,2022-03-12 03:20:00,IOP10,SN,,,,,,,,,,,0.004444444444444445,SN,,,Gault,Gault,,,"soundings_wintremix/upperair.sounding.202203120200.McGill-Gault.txt,soundings_wintremix/upperair.sounding.202203120400.McGill-Gault.txt",0.0,2022-03-12 03:20:00,Gault2022-03-12 03:20:00,False,,,,
1013,,,,,,2022-03-12 03:30:00,IOP10,,,,,,,,,,,,0.08374999999999999,,,,Gault,Gault,,,"soundings_wintremix/upperair.sounding.202203120200.McGill-Gault.txt,soundings_wintremix/upperair.sounding.202203120400.McGill-Gault.txt",0.0,2022-03-12 03:30:00,Gault2022-03-12 03:30:00,False,,,,
1014,,,,,,2022-03-12 03:40:00,IOP10,,,,,,,,,,,,0.16305555555555556,,,,Gault,Gault,,,"soundings_wintremix/upperair.sounding.202203120200.McGill-Gault.txt,soundings_wintremix/upperair.sounding.202203120400.McGill-Gault.txt",0.0,2022-03-12 03:40:00,Gault2022-03-12 03:40:00,False,,,,
1015,,,,,,2022-03-12 03:50:00,IOP10,,,,,,,,,,,,0.24236111111111108,,,,Gault,Gault,,,"soundings_wintremix/upperair.sounding.202203120200.McGill-Gault.txt,soundings_wintremix/upperair.sounding.202203120400.McGill-Gault.txt",0.0,2022-03-12 03:50:00,Gault2022-03-12 03:50:00,False,,,,
1016,,,,,,2022-03-12 04:00:00,IOP10,,,,,,,,,,,,0.3,,,,Gault,Gault,,,"soundings_wintremix/upperair.sounding.202203120400.McGill-Gault.txt,soundings_wintremix/upperair.sounding.202203120600.McGill-Gault.txt",0.0,2022-03-12 04:00:00,Gault2022-03-12 04:00:00,False,,,,
1017,,,,,,2022-03-12 04:10:00,IOP10,,,,,,,,,,,,0.33963178294573637,,,,Gault,Gault,,,"soundings_wintremix/upperair.sounding.202203120400.McGill-Gault.txt,soundings_wintremix/upperair.sounding.202203120600.McGill-Gault.txt",0.0,2022-03-12 04:10:00,Gault2022-03-12 04:10:00,True,upperair.sounding.202203120400.McGill-Gault.txt,,,
1018,,,,,,2022-03-12 04:20:00,IOP10,FZRA,,,,,,,,,,,0.37926356589147286,FZRA,,,Gault,Gault,,,"soundings_wintremix/upperair.sounding.202203120400.McGill-Gault.txt,soundings_wintremix/upperair.sounding.202203120600.McGill-Gault.txt",0.0,2022-03-12 04:20:00,Gault2022-03-12 04:20:00,False,,,,
1019,,,,,,2022-03-12 04:30:00,IOP10,,,,,,,,,,,,0.41889534883720925,,,,Gault,Gault,,,"soundings_wintremix/upperair.sounding.202203120400.McGill-Gault.txt,soundings_wintremix/upperair.sounding.202203120600.McGill-Gault.txt",0.0,2022-03-12 04:30:00,Gault2022-03-12 04:30:00,False,,,,
1020,,,,,,2022-03-12 04:40:00,IOP10,,,,,,,,,,,,0.4585271317829457,,,,Gault,Gault,,,"soundings_wintremix/upperair.sounding.202203120400.McGill-Gault.txt,soundings_wintremix/upperair.sounding.202203120600.McGill-Gault.txt",0.0,2022-03-12 04:40:00,Gault2022-03-12 04:40:00,False,,,,
1021,,,,,,2022-03-12 04:50:00,IOP10,,,,,,,,,,,,0.49815891472868223,,,,Gault,Gault,,,"soundings_wintremix/upperair.sounding.202203120400.McGill-Gault.txt,soundings_wintremix/upperair.sounding.202203120600.McGill-Gault.txt",0.0,2022-03-12 04:50:00,Gault2022-03-12 04:50:00,False,,,,
1022,,,,,,2022-03-12 05:00:00,IOP10,,,,,,,,,,,,0.5377906976744186,,,,Gault,Gault,,,"soundings_wintremix/upperair.sounding.202203120400.McGill-Gault.txt,soundings_wintremix/upperair.sounding.202203120600.McGill-Gault.txt",0.0,2022-03-12 05:00:00,Gault2022-03-12 05:00:00,False,,,,
1023,,,,,,2022-03-12 05:10:00,IOP10,,,,,,,,,,,,0.5774224806201551,,,,Gault,Gault,,,"soundings_wintremix/upperair.sounding.202203120400.McGill-Gault.txt,soundings_wintremix/upperair.sounding.202203120600.McGill-Gault.txt",0.0,2022-03-12 05:10:00,Gault2022-03-12 05:10:00,False,,,,
1024,,,,,,2022-03-12 05:20:00,IOP10,FZRA,,,,,,,,,,,0.6170542635658914,FZRA,,,Gault,Gault,,,"soundings_wintremix/upperair.sounding.202203120400.McGill-Gault.txt,soundings_wintremix/upperair.sounding.202203120600.McGill-Gault.txt",0.0,2022-03-12 05:20:00,Gault2022-03-12 05:20:00,False,,,,
1025,,,,,,2022-03-12 05:30:00,IOP10,PL,SN,,,,,,,,,,0.6566860465116279,SN and PL,,,Gault,Gault,,,"soundings_wintremix/upperair.sounding.202203120400.McGill-Gault.txt,soundings_wintremix/upperair.sounding.202203120600.McGill-Gault.txt",0.0,2022-03-12 05:30:00,Gault2022-03-12 05:30:00,False,,,,
1026,,,,,,2022-03-12 05:40:00,IOP10,PL,SN,,,,,,,,,,0.6963178294573644,SN and PL,,,Gault,Gault,,,"soundings_wintremix/upperair.sounding.202203120400.McGill-Gault.txt,soundings_wintremix/upperair.sounding.202203120600.McGill-Gault.txt",0.0,2022-03-12 05:40:00,Gault2022-03-12 05:40:00,False,,,,
1027,,,,,,2022-03-12 05:50:00,IOP10,SN,,,,,,,,,,,0.7359496124031008,SN,,,Gault,Gault,,,"soundings_wintremix/upperair.sounding.202203120400.McGill-Gault.txt,soundings_wintremix/upperair.sounding.202203120600.McGill-Gault.txt",0.0,2022-03-12 05:50:00,Gault2022-03-12 05:50:00,False,,,,
1028,,,,,,2022-03-12 06:00:00,IOP10,SN,,,,,,,,,,,1.18,SN,,,Gault,Gault,,,"soundings_wintremix/upperair.sounding.202203120600.McGill-Gault.txt,soundings_wintremix/upperair.sounding.202203120823.McGill-Gault.txt",0.0,2022-03-12 06:00:00,Gault2022-03-12 06:00:00,False,,,,
1029,,,,,,2022-03-12 06:10:00,IOP10,SN,SN,,,,,,,,,,1.038288190682557,SN,,,Gault,Gault,,,"soundings_wintremix/upperair.sounding.202203120600.McGill-Gault.txt,soundings_wintremix/upperair.sounding.202203120823.McGill-Gault.txt",0.0,2022-03-12 06:10:00,Gault2022-03-12 06:10:00,True,upperair.sounding.202203120600.McGill-Gault.txt,,,
1030,,,,,,2022-03-12 06:20:00,IOP10,SN,SN,,,,,,,,,,0.8965763813651135,SN,,,Gault,Gault,,,"soundings_wintremix/upperair.sounding.202203120600.McGill-Gault.txt,soundings_wintremix/upperair.sounding.202203120823.McGill-Gault.txt",0.0,2022-03-12 06:20:00,Gault2022-03-12 06:20:00,False,,,,
1031,,,,,,2022-03-12 06:30:00,IOP10,SN,,,,,,,,,,,0.7548645720476705,SN,,,Gault,Gault,,,"soundings_wintremix/upperair.sounding.202203120600.McGill-Gault.txt,soundings_wintremix/upperair.sounding.202203120823.McGill-Gault.txt",0.0,2022-03-12 06:30:00,Gault2022-03-12 06:30:00,False,,,,
1032,,,,,,2022-03-12 06:40:00,IOP10,SN,,,,,,,,,,,0.6131527627302276,SN,,,Gault,Gault,,,"soundings_wintremix/upperair.sounding.202203120600.McGill-Gault.txt,soundings_wintremix/upperair.sounding.202203120823.McGill-Gault.txt",0.0,2022-03-12 06:40:00,Gault2022-03-12 06:40:00,False,,,,
1033,,,,,,2022-03-12 06:50:00,IOP10,SN,,,,,,,,,,,0.47144095341278436,SN,,,Gault,Gault,,,"soundings_wintremix/upperair.sounding.202203120600.McGill-Gault.txt,soundings_wintremix/upperair.sounding.202203120823.McGill-Gault.txt",0.0,2022-03-12 06:50:00,Gault2022-03-12 06:50:00,False,,,,
1034,,,,,,2022-03-12 07:00:00,IOP10,PL,,,,,,,,,,,0.32972914409534126,PL,,,Gault,Gault,,,"soundings_wintremix/upperair.sounding.202203120600.McGill-Gault.txt,soundings_wintremix/upperair.sounding.202203120823.McGill-Gault.txt",0.0,2022-03-12 07:00:00,Gault2022-03-12 07:00:00,False,,,,
1035,,,,,,2022-03-12 07:10:00,IOP10,,,,,,,,,,,,0.18801733477789817,,,,Gault,Gault,,,"soundings_wintremix/upperair.sounding.202203120600.McGill-Gault.txt,soundings_wintremix/upperair.sounding.202203120823.McGill-Gault.txt",0.0,2022-03-12 07:10:00,Gault2022-03-12 07:10:00,False,,,,
1036,,,,,,2022-03-12 07:20:00,IOP10,,,,,,,,,,,,0.04630552546045508,,,,Gault,Gault,,,"soundings_wintremix/upperair.sounding.202203120600.McGill-Gault.txt,soundings_wintremix/upperair.sounding.202203120823.McGill-Gault.txt",0.0,2022-03-12 07:20:00,Gault2022-03-12 07:20:00,False,,,,
1037,,,,,,2022-03-12 07:30:00,IOP10,,,,,,,,,,,,-0.09540628385698813,,,,Gault,Gault,,,"soundings_wintremix/upperair.sounding.202203120600.McGill-Gault.txt,soundings_wintremix/upperair.sounding.202203120823.McGill-Gault.txt",0.0,2022-03-12 07:30:00,Gault2022-03-12 07:30:00,False,,,,
1038,,,,,,2022-03-12 07:40:00,IOP10,SN,,,,,,,,,,,-0.23711809317443117,SN,,,Gault,Gault,,,"soundings_wintremix/upperair.sounding.202203120600.McGill-Gault.txt,soundings_wintremix/upperair.sounding.202203120823.McGill-Gault.txt",0.0,2022-03-12 07:40:00,Gault2022-03-12 07:40:00,False,,,,
1039,,,,,,2022-03-12 07:50:00,IOP10,SN,,,,,,,,,,,-0.37882990249187437,SN,,,Gault,Gault,,,"soundings_wintremix/upperair.sounding.202203120600.McGill-Gault.txt,soundings_wintremix/upperair.sounding.202203120823.McGill-Gault.txt",0.0,2022-03-12 07:50:00,Gault2022-03-12 07:50:00,False,,,,
1040,,,,,,2022-03-12 08:00:00,IOP10,SN,,,,,,,,,,,-0.5205417118093174,SN,,,Gault,Gault,,,"soundings_wintremix/upperair.sounding.202203120600.McGill-Gault.txt,soundings_wintremix/upperair.sounding.202203120823.McGill-Gault.txt",0.0,2022-03-12 08:00:00,Gault2022-03-12 08:00:00,False,,,,
1720,,,,,,,,,,,,,,,,,,,,,,,,,,,,0.0,2022-03-12 08:30:00,Gault2022-03-12 08:30:00,True,upperair.sounding.202203120823.McGill-Gault.txt,,,
1041,,,,,,2022-03-15 00:00:00,IOP11,,,,,,,,,,,,3.09,,,,Gault,Gault,,,"soundings_wintremix/upperair.sounding.202203150000.McGill-Gault.txt,soundings_wintremix/upperair.sounding.202203150200.McGill-Gault.txt",0.0,2022-03-15 00:00:00,Gault2022-03-15 00:00:00,False,,,,
1042,,,,,,2022-03-15 00:10:00,IOP11,,,,,,,,,,,,3.007916666666666,,,,Gault,Gault,,,"soundings_wintremix/upperair.sounding.202203150000.McGill-Gault.txt,soundings_wintremix/upperair.sounding.202203150200.McGill-Gault.txt",0.0,2022-03-15 00:10:00,Gault2022-03-15 00:10:00,True,upperair.sounding.202203150000.McGill-Gault.txt,,,
1043,,,,,,2022-03-15 00:20:00,IOP11,,,,,,,,,,,,2.9258333333333333,,,,Gault,Gault,,,"soundings_wintremix/upperair.sounding.202203150000.McGill-Gault.txt,soundings_wintremix/upperair.sounding.202203150200.McGill-Gault.txt",0.0,2022-03-15 00:20:00,Gault2022-03-15 00:20:00,False,,,,
1044,,,,,,2022-03-15 00:30:00,IOP11,,,,,,,,,,,,2.84375,,,,Gault,Gault,,,"soundings_wintremix/upperair.sounding.202203150000.McGill-Gault.txt,soundings_wintremix/upperair.sounding.202203150200.McGill-Gault.txt",0.0,2022-03-15 00:30:00,Gault2022-03-15 00:30:00,False,,,,
1045,,,,,,2022-03-15 00:40:00,IOP11,,,,,,,,,,,,2.7616666666666663,,,,Gault,Gault,,,"soundings_wintremix/upperair.sounding.202203150000.McGill-Gault.txt,soundings_wintremix/upperair.sounding.202203150200.McGill-Gault.txt",0.0,2022-03-15 00:40:00,Gault2022-03-15 00:40:00,False,,,,
1046,,,,,,2022-03-15 00:50:00,IOP11,,,,,,,,,,,,2.6795833333333334,,,,Gault,Gault,,,"soundings_wintremix/upperair.sounding.202203150000.McGill-Gault.txt,soundings_wintremix/upperair.sounding.202203150200.McGill-Gault.txt",0.0,2022-03-15 00:50:00,Gault2022-03-15 00:50:00,False,,,,
1047,,,,,,2022-03-15 01:00:00,IOP11,,,,,,,,,,,,2.5975,,,,Gault,Gault,,,"soundings_wintremix/upperair.sounding.202203150000.McGill-Gault.txt,soundings_wintremix/upperair.sounding.202203150200.McGill-Gault.txt",0.0,2022-03-15 01:00:00,Gault2022-03-15 01:00:00,False,,,,
1048,-0.9410210228999953,74.31666666666666,72.83365101938561,-0.06273473485999968,0.0,2022-03-15 01:10:00,IOP11,,,,,0.17498625041205834,15.0,0.03499725008241167,15.0,0.0,0.0,10.0,2.515416666666667,,0.03499725008241167,-0.11160072733120535,Gault,Gault,15.0,10.0,"soundings_wintremix/upperair.sounding.202203150000.McGill-Gault.txt,soundings_wintremix/upperair.sounding.202203150200.McGill-Gault.txt",0.0,2022-03-15 01:10:00,Gault2022-03-15 01:10:00,False,,,,
1049,-1.6475155987890684,70.09445873098934,68.45413474148249,-0.16475155987890686,25.0,2022-03-15 01:20:00,IOP11,,,,,0.8785649404054394,55.0,0.035142597616217575,35.0,25.0,25.0,5.0,2.433333333333333,,0.06910852427170053,-0.30570402162578836,Gault,Gault,55.0,30.0,"soundings_wintremix/upperair.sounding.202203150000.McGill-Gault.txt,soundings_wintremix/upperair.sounding.202203150200.McGill-Gault.txt",20.0,2022-03-15 01:20:00,Gault2022-03-15 01:20:00,False,,,,
1050,-0.5679691860154396,68.94502099911583,67.37100909514866,-0.11359383720308791,25.0,2022-03-15 01:30:00,IOP11,,,,,3.864002884496817,70.0,0.08586673076659593,30.0,25.0,25.0,0.0,2.35125,,0.15718368974152944,-0.11359383720308791,Gault,Gault,70.0,25.0,"soundings_wintremix/upperair.sounding.202203150000.McGill-Gault.txt,soundings_wintremix/upperair.sounding.202203150200.McGill-Gault.txt",40.0,2022-03-15 01:30:00,Gault2022-03-15 01:30:00,False,,,,
1051,,,,,,2022-03-15 01:40:00,IOP11,RA,,,,,,,,,,,2.2691666666666666,RA,,,Gault,Gault,,,"soundings_wintremix/upperair.sounding.202203150000.McGill-Gault.txt,soundings_wintremix/upperair.sounding.202203150200.McGill-Gault.txt",0.0,2022-03-15 01:40:00,Gault2022-03-15 01:40:00,False,,,,
1052,,,,,,2022-03-15 01:50:00,IOP11,RA,,,,,,,,,,,2.1870833333333333,RA,,,Gault,Gault,,,"soundings_wintremix/upperair.sounding.202203150000.McGill-Gault.txt,soundings_wintremix/upperair.sounding.202203150200.McGill-Gault.txt",0.0,2022-03-15 01:50:00,Gault2022-03-15 01:50:00,False,,,,
1053,,,,,,2022-03-15 02:00:00,IOP11,RA,,,,,,,,,,,2.16,RA,,,Gault,Gault,,,"soundings_wintremix/upperair.sounding.202203150200.McGill-Gault.txt,soundings_wintremix/upperair.sounding.202203150400.McGill-Gault.txt",0.0,2022-03-15 02:00:00,Gault2022-03-15 02:00:00,False,,,,
1054,,,,,,2022-03-15 02:10:00,IOP11,RA,,,,,,,,,,,2.0929418344519015,RA,,,Gault,Gault,,,"soundings_wintremix/upperair.sounding.202203150200.McGill-Gault.txt,soundings_wintremix/upperair.sounding.202203150400.McGill-Gault.txt",0.0,2022-03-15 02:10:00,Gault2022-03-15 02:10:00,True,upperair.sounding.202203150200.McGill-Gault.txt,,,
1055,,,,,,2022-03-15 02:20:00,IOP11,RA,,,,,,,,,,,2.0258836689038033,RA,,,Gault,Gault,,,"soundings_wintremix/upperair.sounding.202203150200.McGill-Gault.txt,soundings_wintremix/upperair.sounding.202203150400.McGill-Gault.txt",0.0,2022-03-15 02:20:00,Gault2022-03-15 02:20:00,False,,,,
1056,-0.08628103063791102,86.16218377765172,85.13398496977396,-0.008628103063791102,105.0,2022-03-15 02:30:00,IOP11,RA,,,,33.61088235791523,100.0,0.32010364150395454,0.0,105.0,105.0,5.0,1.9588255033557047,RA,1.0651725958412437,-0.016202438706409143,Gault,Gault,100.0,110.0,"soundings_wintremix/upperair.sounding.202203150200.McGill-Gault.txt,soundings_wintremix/upperair.sounding.202203150400.McGill-Gault.txt",100.0,2022-03-15 02:30:00,Gault2022-03-15 02:30:00,False,,,,
1057,,,,,,2022-03-15 02:40:00,IOP11,RA,,,,,,,,,,,1.891767337807606,RA,,,Gault,Gault,,,"soundings_wintremix/upperair.sounding.202203150200.McGill-Gault.txt,soundings_wintremix/upperair.sounding.202203150400.McGill-Gault.txt",0.0,2022-03-15 02:40:00,Gault2022-03-15 02:40:00,False,,,,
1058,,,,,,2022-03-15 02:50:00,IOP11,RA,,,,,,,,,,,1.8247091722595081,RA,,,Gault,Gault,,,"soundings_wintremix/upperair.sounding.202203150200.McGill-Gault.txt,soundings_wintremix/upperair.sounding.202203150400.McGill-Gault.txt",0.0,2022-03-15 02:50:00,Gault2022-03-15 02:50:00,False,,,,
1059,,,,,,2022-03-15 03:00:00,IOP11,RA,,,,,,,,,,,1.7576510067114095,RA,,,Gault,Gault,,,"soundings_wintremix/upperair.sounding.202203150200.McGill-Gault.txt,soundings_wintremix/upperair.sounding.202203150400.McGill-Gault.txt",0.0,2022-03-15 03:00:00,Gault2022-03-15 03:00:00,False,,,,
1060,-0.017531892696174445,88.9523023843082,88.07312730943757,-0.0035063785392348886,80.0,2022-03-15 03:10:00,IOP11,RA,,,,9.620752856661,75.0,0.17492277921201813,25.0,80.0,80.0,0.0,1.690592841163311,RA,0.3135859671888307,-0.0035063785392348886,Gault,Gault,75.0,80.0,"soundings_wintremix/upperair.sounding.202203150200.McGill-Gault.txt,soundings_wintremix/upperair.sounding.202203150400.McGill-Gault.txt",50.0,2022-03-15 03:10:00,Gault2022-03-15 03:10:00,False,,,,
1061,-0.9997502316136933,82.185698005698,81.10679031431555,-0.19995004632273866,20.0,2022-03-15 03:20:00,IOP11,RA,,,,8.45642521333964,75.0,0.15375318569708438,25.0,20.0,20.0,0.0,1.6235346756152125,RA,0.29593964626027836,-0.19995004632273866,Gault,Gault,75.0,20.0,"soundings_wintremix/upperair.sounding.202203150200.McGill-Gault.txt,soundings_wintremix/upperair.sounding.202203150400.McGill-Gault.txt",50.0,2022-03-15 03:20:00,Gault2022-03-15 03:20:00,False,,,,
1062,-1.541429348276794,85.48121323978035,84.41312682024282,-0.1541429348276794,15.0,2022-03-15 03:30:00,IOP11,RA,,,,7.382964515630289,70.0,0.14765929031260577,25.0,15.0,15.0,5.0,1.5564765100671143,RA,0.2782933253317262,-0.3012844191964744,Gault,Gault,70.0,20.0,"soundings_wintremix/upperair.sounding.202203150200.McGill-Gault.txt,soundings_wintremix/upperair.sounding.202203150400.McGill-Gault.txt",45.0,2022-03-15 03:30:00,Gault2022-03-15 03:30:00,False,,,,
1063,-2.6662731774408375,85.0144187512711,84.02533588737283,-0.26662731774408377,15.0,2022-03-15 03:40:00,IOP11,RA,,,,6.333855517037059,70.0,0.1266771103407412,25.0,15.0,15.0,5.0,1.4894183445190157,RA,0.260647004403174,-0.40261879207021,Gault,Gault,70.0,20.0,"soundings_wintremix/upperair.sounding.202203150200.McGill-Gault.txt,soundings_wintremix/upperair.sounding.202203150400.McGill-Gault.txt",45.0,2022-03-15 03:40:00,Gault2022-03-15 03:40:00,False,,,,
1064,-3.7911170066048814,84.54762426276184,83.63681490786546,-0.37911170066048816,15.0,2022-03-15 03:50:00,IOP11,RA,,,,5.324839915784779,65.0,0.11832977590632843,25.0,15.0,15.0,5.0,1.4223601789709173,RA,0.24300068347462175,-0.5039531649439458,Gault,Gault,65.0,20.0,"soundings_wintremix/upperair.sounding.202203150200.McGill-Gault.txt,soundings_wintremix/upperair.sounding.202203150400.McGill-Gault.txt",40.0,2022-03-15 03:50:00,Gault2022-03-15 03:50:00,False,,,,
1065,-5.127473473510057,84.0,83.18257292842155,-0.5127473473510057,15.0,2022-03-15 04:00:00,IOP11,RA,SN,,,4.45546945481011,65.0,0.09901043232911359,25.0,15.0,15.0,5.0,1.01,SN and RA,0.22581426583374267,-0.6223893276065162,Gault,Gault,65.0,20.0,"soundings_wintremix/upperair.sounding.202203150400.McGill-Gault.txt,soundings_wintremix/upperair.sounding.202203150600.McGill-Gault.txt",40.0,2022-03-15 04:00:00,Gault2022-03-15 04:00:00,False,,,,
1066,-5.127473473510057,84.0,83.18257292842155,-0.5127473473510057,15.0,2022-03-15 04:10:00,IOP11,SN,RA,,,4.45546945481011,65.0,0.09901043232911359,25.0,15.0,15.0,5.0,0.9436619718309859,SN and RA,0.22581426583374267,-0.6223893276065162,Gault,Gault,65.0,20.0,"soundings_wintremix/upperair.sounding.202203150400.McGill-Gault.txt,soundings_wintremix/upperair.sounding.202203150600.McGill-Gault.txt",40.0,2022-03-15 04:10:00,Gault2022-03-15 04:10:00,True,upperair.sounding.202203150400.McGill-Gault.txt,,,
1067,-9.06960763211924,90.18301169590643,89.48026415574779,-0.45348038160596194,10.0,2022-03-15 04:20:00,IOP11,SN,RA,,,1.2613858370252122,40.0,0.08409238913501416,30.0,10.0,10.0,15.0,0.8773239436619719,SN and RA,0.12593863508272937,-0.8294533313270144,Gault,Gault,40.0,25.0,"soundings_wintremix/upperair.sounding.202203150400.McGill-Gault.txt,soundings_wintremix/upperair.sounding.202203150600.McGill-Gault.txt",10.0,2022-03-15 04:20:00,Gault2022-03-15 04:20:00,False,,,,
1068,-11.08215527016101,90.23951754385965,89.59638813764498,-0.5541077635080505,10.0,2022-03-15 04:30:00,IOP11,SN,RA,,,0.588544236412482,35.0,0.0588544236412482,30.0,10.0,10.0,15.0,0.8109859154929578,SN and RA,0.07600081970722267,-0.9329853331872634,Gault,Gault,35.0,25.0,"soundings_wintremix/upperair.sounding.202203150400.McGill-Gault.txt,soundings_wintremix/upperair.sounding.202203150600.McGill-Gault.txt",5.0,2022-03-15 04:30:00,Gault2022-03-15 04:30:00,False,,,,
1069,-13.222827258267042,90.29602339181287,89.71263285361448,-0.5289130903306816,5.0,2022-03-15 04:40:00,IOP11,SN,RA,,,0.13031502165858,30.0,0.026063004331716,30.0,5.0,5.0,20.0,0.7446478873239437,SN and RA,0.026063004331716,-1.0365173350475123,Gault,Gault,30.0,25.0,"soundings_wintremix/upperair.sounding.202203150400.McGill-Gault.txt,soundings_wintremix/upperair.sounding.202203150600.McGill-Gault.txt",0.0,2022-03-15 04:40:00,Gault2022-03-15 04:40:00,False,,,,
1070,,,,,,2022-03-15 04:50:00,IOP11,SN,RA,,,,,,,,,,0.6783098591549297,SN and RA,,,Gault,Gault,,,"soundings_wintremix/upperair.sounding.202203150400.McGill-Gault.txt,soundings_wintremix/upperair.sounding.202203150600.McGill-Gault.txt",0.0,2022-03-15 04:50:00,Gault2022-03-15 04:50:00,False,,,,
1071,,,,,,2022-03-15 05:00:00,IOP11,SN,RA,,,,,,,,,,0.6119718309859155,SN and RA,,,Gault,Gault,,,"soundings_wintremix/upperair.sounding.202203150400.McGill-Gault.txt,soundings_wintremix/upperair.sounding.202203150600.McGill-Gault.txt",0.0,2022-03-15 05:00:00,Gault2022-03-15 05:00:00,False,,,,
1072,,,,,,2022-03-15 05:10:00,IOP11,SN,RA,,,,,,,,,,0.5456338028169014,SN and RA,,,Gault,Gault,,,"soundings_wintremix/upperair.sounding.202203150400.McGill-Gault.txt,soundings_wintremix/upperair.sounding.202203150600.McGill-Gault.txt",0.0,2022-03-15 05:10:00,Gault2022-03-15 05:10:00,False,,,,
1073,,,,,,2022-03-15 05:20:00,IOP11,RA,,,,,,,,,,,0.4792957746478873,RA,,,Gault,Gault,,,"soundings_wintremix/upperair.sounding.202203150400.McGill-Gault.txt,soundings_wintremix/upperair.sounding.202203150600.McGill-Gault.txt",0.0,2022-03-15 05:20:00,Gault2022-03-15 05:20:00,False,,,,
1074,,,,,,2022-03-15 05:30:00,IOP11,,,,,,,,,,,,0.4129577464788733,,,,Gault,Gault,,,"soundings_wintremix/upperair.sounding.202203150400.McGill-Gault.txt,soundings_wintremix/upperair.sounding.202203150600.McGill-Gault.txt",0.0,2022-03-15 05:30:00,Gault2022-03-15 05:30:00,False,,,,
1075,,,,,,2022-03-15 05:40:00,IOP11,,,,,,,,,,,,0.34661971830985916,,,,Gault,Gault,,,"soundings_wintremix/upperair.sounding.202203150400.McGill-Gault.txt,soundings_wintremix/upperair.sounding.202203150600.McGill-Gault.txt",0.0,2022-03-15 05:40:00,Gault2022-03-15 05:40:00,False,,,,
1076,,,,,,2022-03-15 05:50:00,IOP11,,,,,,,,,,,,0.2802816901408451,,,,Gault,Gault,,,"soundings_wintremix/upperair.sounding.202203150400.McGill-Gault.txt,soundings_wintremix/upperair.sounding.202203150600.McGill-Gault.txt",0.0,2022-03-15 05:50:00,Gault2022-03-15 05:50:00,False,,,,
1077,,,,,,2022-03-15 06:00:00,IOP11,,,,,,,,,,,,,,,,Gault,Gault,,,,,2022-03-15 06:00:00,Gault2022-03-15 06:00:00,False,,,,
1721,,,,,,,,,,,,,,,,,,,,,,,,,,,,0.0,2022-03-15 06:10:00,Gault2022-03-15 06:10:00,True,upperair.sounding.202203150600.McGill-Gault.txt,,,
1078,,,,,,2022-03-12 00:00:00,IOP10,SN,,,,,,,,,,,-0.4410159999999905,SN,,,JEAN,JEAN,,,"soundings_wintremix/upperair.sounding.202203120000.CU_JEAN.csv,soundings_wintremix/upperair.sounding.202203120200.CU_JEAN.csv",0.0,2022-03-12 00:00:00,JEAN2022-03-12 00:00:00,False,,,,
1079,,,,,,2022-03-12 00:10:00,IOP10,SN,,,,,,,,,,,-0.42147017712209095,SN,,,JEAN,JEAN,,,"soundings_wintremix/upperair.sounding.202203120000.CU_JEAN.csv,soundings_wintremix/upperair.sounding.202203120200.CU_JEAN.csv",0.0,2022-03-12 00:10:00,JEAN2022-03-12 00:10:00,True,upperair.sounding.202203120000.CU_JEAN.csv,,,
1080,,,,,,2022-03-12 00:20:00,IOP10,SN,,,,,,,,,,,-0.40192435424419154,SN,,,JEAN,JEAN,,,"soundings_wintremix/upperair.sounding.202203120000.CU_JEAN.csv,soundings_wintremix/upperair.sounding.202203120200.CU_JEAN.csv",0.0,2022-03-12 00:20:00,JEAN2022-03-12 00:20:00,False,,,,
1081,,,,,,2022-03-12 00:30:00,IOP10,SN,,,,,,,,,,,-0.38237853136629196,SN,,,JEAN,JEAN,,,"soundings_wintremix/upperair.sounding.202203120000.CU_JEAN.csv,soundings_wintremix/upperair.sounding.202203120200.CU_JEAN.csv",0.0,2022-03-12 00:30:00,JEAN2022-03-12 00:30:00,False,,,,
1082,,,,,,2022-03-12 00:40:00,IOP10,,,,,,,,,,,,-0.3628327084883924,,,,JEAN,JEAN,,,"soundings_wintremix/upperair.sounding.202203120000.CU_JEAN.csv,soundings_wintremix/upperair.sounding.202203120200.CU_JEAN.csv",0.0,2022-03-12 00:40:00,JEAN2022-03-12 00:40:00,False,,,,
1083,,,,,,2022-03-12 00:50:00,IOP10,,,,,,,,,,,,-0.343286885610493,,,,JEAN,JEAN,,,"soundings_wintremix/upperair.sounding.202203120000.CU_JEAN.csv,soundings_wintremix/upperair.sounding.202203120200.CU_JEAN.csv",0.0,2022-03-12 00:50:00,JEAN2022-03-12 00:50:00,False,,,,
1084,,,,,,2022-03-12 01:00:00,IOP10,,,,,,,,,,,,-0.3237410627325934,,,,JEAN,JEAN,,,"soundings_wintremix/upperair.sounding.202203120000.CU_JEAN.csv,soundings_wintremix/upperair.sounding.202203120200.CU_JEAN.csv",0.0,2022-03-12 01:00:00,JEAN2022-03-12 01:00:00,False,,,,
1085,,,,,,2022-03-12 01:10:00,IOP10,,,,,,,,,,,,-0.3041952398546939,,,,JEAN,JEAN,,,"soundings_wintremix/upperair.sounding.202203120000.CU_JEAN.csv,soundings_wintremix/upperair.sounding.202203120200.CU_JEAN.csv",0.0,2022-03-12 01:10:00,JEAN2022-03-12 01:10:00,False,,,,
1086,,,,,,2022-03-12 01:20:00,IOP10,,,,,,,,,,,,-0.28464941697679436,,,,JEAN,JEAN,,,"soundings_wintremix/upperair.sounding.202203120000.CU_JEAN.csv,soundings_wintremix/upperair.sounding.202203120200.CU_JEAN.csv",0.0,2022-03-12 01:20:00,JEAN2022-03-12 01:20:00,False,,,,
1087,,,,,,2022-03-12 01:30:00,IOP10,,,,,,,,,,,,-0.26510359409889483,,,,JEAN,JEAN,,,"soundings_wintremix/upperair.sounding.202203120000.CU_JEAN.csv,soundings_wintremix/upperair.sounding.202203120200.CU_JEAN.csv",0.0,2022-03-12 01:30:00,JEAN2022-03-12 01:30:00,False,,,,
1088,,,,,,2022-03-12 01:40:00,IOP10,,,,,,,,,,,,-0.2455577712209953,,,,JEAN,JEAN,,,"soundings_wintremix/upperair.sounding.202203120000.CU_JEAN.csv,soundings_wintremix/upperair.sounding.202203120200.CU_JEAN.csv",0.0,2022-03-12 01:40:00,JEAN2022-03-12 01:40:00,False,,,,
1089,,,,,,2022-03-12 01:50:00,IOP10,SN,,,,,,,,,,,-0.2260119483430958,SN,,,JEAN,JEAN,,,"soundings_wintremix/upperair.sounding.202203120000.CU_JEAN.csv,soundings_wintremix/upperair.sounding.202203120200.CU_JEAN.csv",0.0,2022-03-12 01:50:00,JEAN2022-03-12 01:50:00,False,,,,
1090,,,,,,2022-03-12 02:00:00,IOP10,,,,,,,,,,,,-0.24903000000000475,,,,JEAN,JEAN,,,"soundings_wintremix/upperair.sounding.202203120200.CU_JEAN.csv,soundings_wintremix/upperair.sounding.202203120400.CU_JEAN.csv",0.0,2022-03-12 02:00:00,JEAN2022-03-12 02:00:00,False,,,,
1091,,,,,,2022-03-12 02:10:00,IOP10,,,,,,,,,,,,-0.2207683276303684,,,,JEAN,JEAN,,,"soundings_wintremix/upperair.sounding.202203120200.CU_JEAN.csv,soundings_wintremix/upperair.sounding.202203120400.CU_JEAN.csv",0.0,2022-03-12 02:10:00,JEAN2022-03-12 02:10:00,True,upperair.sounding.202203120200.CU_JEAN.csv,,,
1092,,,,,,2022-03-12 02:20:00,IOP10,,,,,,,,,,,,-0.1925066552607321,,,,JEAN,JEAN,,,"soundings_wintremix/upperair.sounding.202203120200.CU_JEAN.csv,soundings_wintremix/upperair.sounding.202203120400.CU_JEAN.csv",0.0,2022-03-12 02:20:00,JEAN2022-03-12 02:20:00,False,,,,
1093,,,,,,2022-03-12 02:30:00,IOP10,,,,,,,,,,,,-0.16424498289109576,,,,JEAN,JEAN,,,"soundings_wintremix/upperair.sounding.202203120200.CU_JEAN.csv,soundings_wintremix/upperair.sounding.202203120400.CU_JEAN.csv",0.0,2022-03-12 02:30:00,JEAN2022-03-12 02:30:00,False,,,,
1094,,,,,,2022-03-12 02:40:00,IOP10,,,,,,,,,,,,-0.13598331052145943,,,,JEAN,JEAN,,,"soundings_wintremix/upperair.sounding.202203120200.CU_JEAN.csv,soundings_wintremix/upperair.sounding.202203120400.CU_JEAN.csv",0.0,2022-03-12 02:40:00,JEAN2022-03-12 02:40:00,False,,,,
1095,,,,,,2022-03-12 02:50:00,IOP10,,,,,,,,,,,,-0.1077216381518231,,,,JEAN,JEAN,,,"soundings_wintremix/upperair.sounding.202203120200.CU_JEAN.csv,soundings_wintremix/upperair.sounding.202203120400.CU_JEAN.csv",0.0,2022-03-12 02:50:00,JEAN2022-03-12 02:50:00,False,,,,
1096,,,,,,2022-03-12 03:00:00,IOP10,,,,,,,,,,,,-0.07945996578218678,,,,JEAN,JEAN,,,"soundings_wintremix/upperair.sounding.202203120200.CU_JEAN.csv,soundings_wintremix/upperair.sounding.202203120400.CU_JEAN.csv",0.0,2022-03-12 03:00:00,JEAN2022-03-12 03:00:00,False,,,,
1097,,,,,,2022-03-12 03:10:00,IOP10,,,,,,,,,,,,-0.051198293412550444,,,,JEAN,JEAN,,,"soundings_wintremix/upperair.sounding.202203120200.CU_JEAN.csv,soundings_wintremix/upperair.sounding.202203120400.CU_JEAN.csv",0.0,2022-03-12 03:10:00,JEAN2022-03-12 03:10:00,False,,,,
1098,,,,,,2022-03-12 03:20:00,IOP10,,,,,,,,,,,,-0.02293662104291412,,,,JEAN,JEAN,,,"soundings_wintremix/upperair.sounding.202203120200.CU_JEAN.csv,soundings_wintremix/upperair.sounding.202203120400.CU_JEAN.csv",0.0,2022-03-12 03:20:00,JEAN2022-03-12 03:20:00,False,,,,
1099,,,,,,2022-03-12 03:30:00,IOP10,,,,,,,,,,,,0.005325051326722216,,,,JEAN,JEAN,,,"soundings_wintremix/upperair.sounding.202203120200.CU_JEAN.csv,soundings_wintremix/upperair.sounding.202203120400.CU_JEAN.csv",0.0,2022-03-12 03:30:00,JEAN2022-03-12 03:30:00,False,,,,
1100,,,,,,2022-03-12 03:40:00,IOP10,,,,,,,,,,,,0.03358672369635854,,,,JEAN,JEAN,,,"soundings_wintremix/upperair.sounding.202203120200.CU_JEAN.csv,soundings_wintremix/upperair.sounding.202203120400.CU_JEAN.csv",0.0,2022-03-12 03:40:00,JEAN2022-03-12 03:40:00,False,,,,
1101,-209.07866475867894,95.34546036779791,95.87353589397767,-0.6335717113899361,13.0,2022-03-12 03:50:00,IOP10,,,,,1.9621039228413302,378.0,0.04905259807103325,343.0,13.0,13.0,325.0,0.06184839606599486,,0.08429453922380735,-1.2144009706781154,JEAN,JEAN,378.0,338.0,"soundings_wintremix/upperair.sounding.202203120200.CU_JEAN.csv,soundings_wintremix/upperair.sounding.202203120400.CU_JEAN.csv",35.0,2022-03-12 03:50:00,JEAN2022-03-12 03:50:00,False,,,,
1102,-190.82696701144482,95.19720431454408,95.6865444851632,-0.5963342719107652,14.0,2022-03-12 04:00:00,IOP10,,,,,7.05275233192889,384.0,0.12823186058052527,334.0,14.0,14.0,315.0,0.08016400000002477,,0.20181813221987682,-1.205620243564723,JEAN,JEAN,384.0,329.0,"soundings_wintremix/upperair.sounding.202203120400.CU_JEAN.csv,soundings_wintremix/upperair.sounding.202203120600.CU_JEAN.csv",50.0,2022-03-12 04:00:00,JEAN2022-03-12 04:00:00,False,,,,
1103,-190.82696701144482,95.19720431454408,95.6865444851632,-0.5963342719107652,14.0,2022-03-12 04:10:00,IOP10,,,,,7.05275233192889,384.0,0.12823186058052527,334.0,14.0,14.0,315.0,0.057063249771352915,,0.20181813221987682,-1.205620243564723,JEAN,JEAN,384.0,329.0,"soundings_wintremix/upperair.sounding.202203120400.CU_JEAN.csv,soundings_wintremix/upperair.sounding.202203120600.CU_JEAN.csv",50.0,2022-03-12 04:10:00,JEAN2022-03-12 04:10:00,True,upperair.sounding.202203120400.CU_JEAN.csv,,,
1104,,,,,,2022-03-12 04:20:00,IOP10,,,,,,,,,,,,0.03396249954268106,,,,JEAN,JEAN,,,"soundings_wintremix/upperair.sounding.202203120400.CU_JEAN.csv,soundings_wintremix/upperair.sounding.202203120600.CU_JEAN.csv",0.0,2022-03-12 04:20:00,JEAN2022-03-12 04:20:00,False,,,,
1105,,,,,,2022-03-12 04:30:00,IOP10,,,,,,,,,,,,0.010861749314009198,,,,JEAN,JEAN,,,"soundings_wintremix/upperair.sounding.202203120400.CU_JEAN.csv,soundings_wintremix/upperair.sounding.202203120600.CU_JEAN.csv",0.0,2022-03-12 04:30:00,JEAN2022-03-12 04:30:00,False,,,,
1106,,,,,,2022-03-12 04:40:00,IOP10,,,,,,,,,,,,-0.012239000914662651,,,,JEAN,JEAN,,,"soundings_wintremix/upperair.sounding.202203120400.CU_JEAN.csv,soundings_wintremix/upperair.sounding.202203120600.CU_JEAN.csv",0.0,2022-03-12 04:40:00,JEAN2022-03-12 04:40:00,False,,,,
1107,,,,,,2022-03-12 04:50:00,IOP10,,,,,,,,,,,,-0.03533975114333453,,,,JEAN,JEAN,,,"soundings_wintremix/upperair.sounding.202203120400.CU_JEAN.csv,soundings_wintremix/upperair.sounding.202203120600.CU_JEAN.csv",0.0,2022-03-12 04:50:00,JEAN2022-03-12 04:50:00,False,,,,
1108,,,,,,2022-03-12 05:00:00,IOP10,,,,,,,,,,,,-0.058440501372006376,,,,JEAN,JEAN,,,"soundings_wintremix/upperair.sounding.202203120400.CU_JEAN.csv,soundings_wintremix/upperair.sounding.202203120600.CU_JEAN.csv",0.0,2022-03-12 05:00:00,JEAN2022-03-12 05:00:00,False,,,,
1109,,,,,,2022-03-12 05:10:00,IOP10,RA,,,,,,,,,,,-0.08154125160067824,RA,,,JEAN,JEAN,,,"soundings_wintremix/upperair.sounding.202203120400.CU_JEAN.csv,soundings_wintremix/upperair.sounding.202203120600.CU_JEAN.csv",0.0,2022-03-12 05:10:00,JEAN2022-03-12 05:10:00,False,,,,
1110,,,,,,2022-03-12 05:20:00,IOP10,RA,,,,,,,,,,,-0.10464200182935007,RA,,,JEAN,JEAN,,,"soundings_wintremix/upperair.sounding.202203120400.CU_JEAN.csv,soundings_wintremix/upperair.sounding.202203120600.CU_JEAN.csv",0.0,2022-03-12 05:20:00,JEAN2022-03-12 05:20:00,False,,,,
1111,,,,,,2022-03-12 05:30:00,IOP10,SN,,,,,,,,,,,-0.12774275205802194,SN,,,JEAN,JEAN,,,"soundings_wintremix/upperair.sounding.202203120400.CU_JEAN.csv,soundings_wintremix/upperair.sounding.202203120600.CU_JEAN.csv",0.0,2022-03-12 05:30:00,JEAN2022-03-12 05:30:00,False,,,,
1112,,,,,,2022-03-12 05:40:00,IOP10,FZRA,,,,,,,,,,,-0.15084350228669383,FZRA,,,JEAN,JEAN,,,"soundings_wintremix/upperair.sounding.202203120400.CU_JEAN.csv,soundings_wintremix/upperair.sounding.202203120600.CU_JEAN.csv",0.0,2022-03-12 05:40:00,JEAN2022-03-12 05:40:00,False,,,,
1113,,,,,,2022-03-12 06:00:00,IOP10,SN,,,,,,,,,,,-4.805578999999966,SN,,,JEAN,JEAN,,,"soundings_wintremix/upperair.sounding.202203120600.CU_JEAN.csv,soundings_wintremix/upperair.sounding.202203120800.CU_JEAN.csv",0.0,2022-03-12 06:00:00,JEAN2022-03-12 06:00:00,False,,,,
1114,,,,,,2022-03-12 06:10:00,IOP10,,,,,,,,,,,,-4.427053821032155,,,,JEAN,JEAN,,,"soundings_wintremix/upperair.sounding.202203120600.CU_JEAN.csv,soundings_wintremix/upperair.sounding.202203120800.CU_JEAN.csv",0.0,2022-03-12 06:10:00,JEAN2022-03-12 06:10:00,True,upperair.sounding.202203120600.CU_JEAN.csv,,,
1115,,,,,,2022-03-12 06:20:00,IOP10,SN,,,,,,,,,,,-4.048528642064343,SN,,,JEAN,JEAN,,,"soundings_wintremix/upperair.sounding.202203120600.CU_JEAN.csv,soundings_wintremix/upperair.sounding.202203120800.CU_JEAN.csv",0.0,2022-03-12 06:20:00,JEAN2022-03-12 06:20:00,False,,,,
1116,,,,,,2022-03-12 06:30:00,IOP10,SN,,,,,,,,,,,-3.670003463096532,SN,,,JEAN,JEAN,,,"soundings_wintremix/upperair.sounding.202203120600.CU_JEAN.csv,soundings_wintremix/upperair.sounding.202203120800.CU_JEAN.csv",0.0,2022-03-12 06:30:00,JEAN2022-03-12 06:30:00,False,,,,
1117,,,,,,2022-03-12 06:40:00,IOP10,PL,,,,,,,,,,,-3.2914782841287207,PL,,,JEAN,JEAN,,,"soundings_wintremix/upperair.sounding.202203120600.CU_JEAN.csv,soundings_wintremix/upperair.sounding.202203120800.CU_JEAN.csv",0.0,2022-03-12 06:40:00,JEAN2022-03-12 06:40:00,False,,,,
1118,,,,,,2022-03-12 06:50:00,IOP10,FZRA,,,,,,,,,,,-2.9129531051609097,FZRA,,,JEAN,JEAN,,,"soundings_wintremix/upperair.sounding.202203120600.CU_JEAN.csv,soundings_wintremix/upperair.sounding.202203120800.CU_JEAN.csv",0.0,2022-03-12 06:50:00,JEAN2022-03-12 06:50:00,False,,,,
1119,,,,,,2022-03-12 07:00:00,IOP10,FZRA,,,,,,,,,,,-2.534427926193098,FZRA,,,JEAN,JEAN,,,"soundings_wintremix/upperair.sounding.202203120600.CU_JEAN.csv,soundings_wintremix/upperair.sounding.202203120800.CU_JEAN.csv",0.0,2022-03-12 07:00:00,JEAN2022-03-12 07:00:00,False,,,,
1120,,,,,,2022-03-12 07:10:00,IOP10,SN,,,,,,,,,,,-2.155902747225287,SN,,,JEAN,JEAN,,,"soundings_wintremix/upperair.sounding.202203120600.CU_JEAN.csv,soundings_wintremix/upperair.sounding.202203120800.CU_JEAN.csv",0.0,2022-03-12 07:10:00,JEAN2022-03-12 07:10:00,False,,,,
1121,,,,,,2022-03-12 07:20:00,IOP10,SN,,,,,,,,,,,-1.7773775682574757,SN,,,JEAN,JEAN,,,"soundings_wintremix/upperair.sounding.202203120600.CU_JEAN.csv,soundings_wintremix/upperair.sounding.202203120800.CU_JEAN.csv",0.0,2022-03-12 07:20:00,JEAN2022-03-12 07:20:00,False,,,,
1122,,,,,,2022-03-12 07:30:00,IOP10,PL,,,,,,,,,,,-1.3988523892896643,PL,,,JEAN,JEAN,,,"soundings_wintremix/upperair.sounding.202203120600.CU_JEAN.csv,soundings_wintremix/upperair.sounding.202203120800.CU_JEAN.csv",0.0,2022-03-12 07:30:00,JEAN2022-03-12 07:30:00,False,,,,
1123,,,,,,2022-03-12 07:40:00,IOP10,PL,,,,,,,,,,,-1.020327210321853,PL,,,JEAN,JEAN,,,"soundings_wintremix/upperair.sounding.202203120600.CU_JEAN.csv,soundings_wintremix/upperair.sounding.202203120800.CU_JEAN.csv",0.0,2022-03-12 07:40:00,JEAN2022-03-12 07:40:00,False,,,,
1124,,,,,,2022-03-12 07:50:00,IOP10,SN,,,,,,,,,,,-0.6418020313540418,SN,,,JEAN,JEAN,,,"soundings_wintremix/upperair.sounding.202203120600.CU_JEAN.csv,soundings_wintremix/upperair.sounding.202203120800.CU_JEAN.csv",0.0,2022-03-12 07:50:00,JEAN2022-03-12 07:50:00,False,,,,
1125,,,,,,2022-03-12 08:10:00,IOP10,SN,,,,,,,,,,,,SN,,,JEAN,JEAN,,,,0.0,2022-03-12 08:10:00,JEAN2022-03-12 08:10:00,True,upperair.sounding.202203120800.CU_JEAN.csv,,,
1126,,,,,,2022-03-12 08:20:00,IOP10,SN,,,,,,,,,,,,SN,,,JEAN,JEAN,,,,,2022-03-12 08:20:00,JEAN2022-03-12 08:20:00,False,,,,
1127,,,,,,2022-03-14 23:00:00,IOP11,,,,,,,,,,,,,,,,JEAN,JEAN,,,,,2022-03-14 23:00:00,JEAN2022-03-14 23:00:00,False,,,,
1128,,,,,,2022-03-15 00:00:00,IOP11,RA,,,,,,,,,,,,RA,,,JEAN,JEAN,,,,,2022-03-15 00:00:00,JEAN2022-03-15 00:00:00,False,,,,
1129,,,,,,2022-03-15 00:10:00,IOP11,RA,,,,,,,,,,,4.58,RA,,,JEAN,JEAN,,,"soundings_wintremix/upperair.sounding.202203150010.CU_JEAN.csv,soundings_wintremix/upperair.sounding.202203150200.CU_JEAN.csv",0.0,2022-03-15 00:10:00,JEAN2022-03-15 00:10:00,False,,,,
1130,,,,,,2022-03-15 00:20:00,IOP11,RA,,,,,,,,,,,4.446755793226381,RA,,,JEAN,JEAN,,,"soundings_wintremix/upperair.sounding.202203150010.CU_JEAN.csv,soundings_wintremix/upperair.sounding.202203150200.CU_JEAN.csv",0.0,2022-03-15 00:20:00,JEAN2022-03-15 00:20:00,True,upperair.sounding.202203150010.CU_JEAN.csv,,,
1131,,,,,,2022-03-15 00:30:00,IOP11,RA,,,,,,,,,,,4.313511586452764,RA,,,JEAN,JEAN,,,"soundings_wintremix/upperair.sounding.202203150010.CU_JEAN.csv,soundings_wintremix/upperair.sounding.202203150200.CU_JEAN.csv",0.0,2022-03-15 00:30:00,JEAN2022-03-15 00:30:00,False,,,,
1132,,,,,,2022-03-15 00:40:00,IOP11,RA,,,,,,,,,,,4.180267379679145,RA,,,JEAN,JEAN,,,"soundings_wintremix/upperair.sounding.202203150010.CU_JEAN.csv,soundings_wintremix/upperair.sounding.202203150200.CU_JEAN.csv",0.0,2022-03-15 00:40:00,JEAN2022-03-15 00:40:00,False,,,,
1133,,,,,,2022-03-15 00:50:00,IOP11,RA,,,,,,,,,,,4.047023172905526,RA,,,JEAN,JEAN,,,"soundings_wintremix/upperair.sounding.202203150010.CU_JEAN.csv,soundings_wintremix/upperair.sounding.202203150200.CU_JEAN.csv",0.0,2022-03-15 00:50:00,JEAN2022-03-15 00:50:00,False,,,,
1134,,,,,,2022-03-15 01:00:00,IOP11,RA,,,,,,,,,,,3.9137789661319076,RA,,,JEAN,JEAN,,,"soundings_wintremix/upperair.sounding.202203150010.CU_JEAN.csv,soundings_wintremix/upperair.sounding.202203150200.CU_JEAN.csv",0.0,2022-03-15 01:00:00,JEAN2022-03-15 01:00:00,False,,,,
1135,,,,,,2022-03-15 01:10:00,IOP11,RA,,,,,,,,,,,3.7805347593582885,RA,,,JEAN,JEAN,,,"soundings_wintremix/upperair.sounding.202203150010.CU_JEAN.csv,soundings_wintremix/upperair.sounding.202203150200.CU_JEAN.csv",0.0,2022-03-15 01:10:00,JEAN2022-03-15 01:10:00,False,,,,
1136,,,,,,2022-03-15 01:20:00,IOP11,RA,,,,,,,,,,,3.647290552584671,RA,,,JEAN,JEAN,,,"soundings_wintremix/upperair.sounding.202203150010.CU_JEAN.csv,soundings_wintremix/upperair.sounding.202203150200.CU_JEAN.csv",0.0,2022-03-15 01:20:00,JEAN2022-03-15 01:20:00,False,,,,
1137,,,,,,2022-03-15 01:30:00,IOP11,RA,,,,,,,,,,,3.5140463458110522,RA,,,JEAN,JEAN,,,"soundings_wintremix/upperair.sounding.202203150010.CU_JEAN.csv,soundings_wintremix/upperair.sounding.202203150200.CU_JEAN.csv",0.0,2022-03-15 01:30:00,JEAN2022-03-15 01:30:00,False,,,,
1138,,,,,,2022-03-15 01:40:00,IOP11,RA,,,,,,,,,,,3.380802139037434,RA,,,JEAN,JEAN,,,"soundings_wintremix/upperair.sounding.202203150010.CU_JEAN.csv,soundings_wintremix/upperair.sounding.202203150200.CU_JEAN.csv",0.0,2022-03-15 01:40:00,JEAN2022-03-15 01:40:00,False,,,,
1139,,,,,,2022-03-15 01:50:00,IOP11,RA,,,,,,,,,,,3.2475579322638155,RA,,,JEAN,JEAN,,,"soundings_wintremix/upperair.sounding.202203150010.CU_JEAN.csv,soundings_wintremix/upperair.sounding.202203150200.CU_JEAN.csv",0.0,2022-03-15 01:50:00,JEAN2022-03-15 01:50:00,False,,,,
1140,,,,,,2022-03-15 02:00:00,IOP11,RA,,,,,,,,,,,3.07,RA,,,JEAN,JEAN,,,"soundings_wintremix/upperair.sounding.202203150200.CU_JEAN.csv,soundings_wintremix/upperair.sounding.202203150400.CU_JEAN.csv",0.0,2022-03-15 02:00:00,JEAN2022-03-15 02:00:00,False,,,,
1141,,,,,,2022-03-15 02:10:00,IOP11,RA,,,,,,,,,,,2.935681818181818,RA,,,JEAN,JEAN,,,"soundings_wintremix/upperair.sounding.202203150200.CU_JEAN.csv,soundings_wintremix/upperair.sounding.202203150400.CU_JEAN.csv",0.0,2022-03-15 02:10:00,JEAN2022-03-15 02:10:00,True,upperair.sounding.202203150200.CU_JEAN.csv,,,
1142,,,,,,2022-03-15 02:20:00,IOP11,RA,,,,,,,,,,,2.8013636363636363,RA,,,JEAN,JEAN,,,"soundings_wintremix/upperair.sounding.202203150200.CU_JEAN.csv,soundings_wintremix/upperair.sounding.202203150400.CU_JEAN.csv",0.0,2022-03-15 02:20:00,JEAN2022-03-15 02:20:00,False,,,,
1143,,,,,,2022-03-15 02:30:00,IOP11,RA,,,,,,,,,,,2.6670454545454545,RA,,,JEAN,JEAN,,,"soundings_wintremix/upperair.sounding.202203150200.CU_JEAN.csv,soundings_wintremix/upperair.sounding.202203150400.CU_JEAN.csv",0.0,2022-03-15 02:30:00,JEAN2022-03-15 02:30:00,False,,,,
1144,-0.015004900573319848,87.07179898046175,86.08174192106974,-0.0030009801146639696,261.0,2022-03-15 02:40:00,IOP11,RA,,,,86.67631589895834,256.0,0.45619113631030694,71.0,261.0,261.0,0.0,2.5327272727272727,RA,0.8863791804222331,-0.0030009801146639696,JEAN,JEAN,256.0,261.0,"soundings_wintremix/upperair.sounding.202203150200.CU_JEAN.csv,soundings_wintremix/upperair.sounding.202203150400.CU_JEAN.csv",185.0,2022-03-15 02:40:00,JEAN2022-03-15 02:40:00,False,,,,
1145,,,,,,2022-03-15 02:50:00,IOP11,RA,,,,,,,,,,,2.398409090909091,RA,,,JEAN,JEAN,,,"soundings_wintremix/upperair.sounding.202203150200.CU_JEAN.csv,soundings_wintremix/upperair.sounding.202203150400.CU_JEAN.csv",0.0,2022-03-15 02:50:00,JEAN2022-03-15 02:50:00,False,,,,
1146,,,,,,2022-03-15 03:00:00,IOP11,RA,,,,,,,,,,,2.264090909090909,RA,,,JEAN,JEAN,,,"soundings_wintremix/upperair.sounding.202203150200.CU_JEAN.csv,soundings_wintremix/upperair.sounding.202203150400.CU_JEAN.csv",0.0,2022-03-15 03:00:00,JEAN2022-03-15 03:00:00,False,,,,
1147,,,,,,2022-03-15 03:10:00,IOP11,RA,,,,,,,,,,,2.1297727272727274,RA,,,JEAN,JEAN,,,"soundings_wintremix/upperair.sounding.202203150200.CU_JEAN.csv,soundings_wintremix/upperair.sounding.202203150400.CU_JEAN.csv",0.0,2022-03-15 03:10:00,JEAN2022-03-15 03:10:00,False,,,,
1148,,,,,,2022-03-15 03:20:00,IOP11,RA,,,,,,,,,,,1.9954545454545456,RA,,,JEAN,JEAN,,,"soundings_wintremix/upperair.sounding.202203150200.CU_JEAN.csv,soundings_wintremix/upperair.sounding.202203150400.CU_JEAN.csv",0.0,2022-03-15 03:20:00,JEAN2022-03-15 03:20:00,False,,,,
1149,,,,,,2022-03-15 03:30:00,IOP11,RA,,,,,,,,,,,1.8611363636363638,RA,,,JEAN,JEAN,,,"soundings_wintremix/upperair.sounding.202203150200.CU_JEAN.csv,soundings_wintremix/upperair.sounding.202203150400.CU_JEAN.csv",0.0,2022-03-15 03:30:00,JEAN2022-03-15 03:30:00,False,,,,
1150,,,,,,2022-03-15 03:40:00,IOP11,RA,,,,,,,,,,,1.726818181818182,RA,,,JEAN,JEAN,,,"soundings_wintremix/upperair.sounding.202203150200.CU_JEAN.csv,soundings_wintremix/upperair.sounding.202203150400.CU_JEAN.csv",0.0,2022-03-15 03:40:00,JEAN2022-03-15 03:40:00,False,,,,
1151,,,,,,2022-03-15 03:50:00,IOP11,RA,,,,,,,,,,,1.5925000000000002,RA,,,JEAN,JEAN,,,"soundings_wintremix/upperair.sounding.202203150200.CU_JEAN.csv,soundings_wintremix/upperair.sounding.202203150400.CU_JEAN.csv",0.0,2022-03-15 03:50:00,JEAN2022-03-15 03:50:00,False,,,,
1152,,,,,,2022-03-15 04:00:00,IOP11,RA,,,,,,,,,,,1.25,RA,,,JEAN,JEAN,,,"soundings_wintremix/upperair.sounding.202203150400.CU_JEAN.csv,soundings_wintremix/upperair.sounding.202203150515.CU_JEAN.csv",0.0,2022-03-15 04:00:00,JEAN2022-03-15 04:00:00,False,,,,
1153,,,,,,2022-03-15 04:10:00,IOP11,RA,,,,,,,,,,,1.1540000000000001,RA,,,JEAN,JEAN,,,"soundings_wintremix/upperair.sounding.202203150400.CU_JEAN.csv,soundings_wintremix/upperair.sounding.202203150515.CU_JEAN.csv",0.0,2022-03-15 04:10:00,JEAN2022-03-15 04:10:00,True,upperair.sounding.202203150400.CU_JEAN.csv,,,
1154,,,,,,2022-03-15 04:20:00,IOP11,RA,,,,,,,,,,,1.058,RA,,,JEAN,JEAN,,,"soundings_wintremix/upperair.sounding.202203150400.CU_JEAN.csv,soundings_wintremix/upperair.sounding.202203150515.CU_JEAN.csv",0.0,2022-03-15 04:20:00,JEAN2022-03-15 04:20:00,False,,,,
1155,,,,,,2022-03-15 04:30:00,IOP11,SN,,,,,,,,,,,0.962,SN,,,JEAN,JEAN,,,"soundings_wintremix/upperair.sounding.202203150400.CU_JEAN.csv,soundings_wintremix/upperair.sounding.202203150515.CU_JEAN.csv",0.0,2022-03-15 04:30:00,JEAN2022-03-15 04:30:00,False,,,,
1156,,,,,,2022-03-15 04:40:00,IOP11,SN,,,,,,,,,,,0.8660000000000001,SN,,,JEAN,JEAN,,,"soundings_wintremix/upperair.sounding.202203150400.CU_JEAN.csv,soundings_wintremix/upperair.sounding.202203150515.CU_JEAN.csv",0.0,2022-03-15 04:40:00,JEAN2022-03-15 04:40:00,False,,,,
1157,,,,,,2022-03-15 04:50:00,IOP11,SN,,,,,,,,,,,0.77,SN,,,JEAN,JEAN,,,"soundings_wintremix/upperair.sounding.202203150400.CU_JEAN.csv,soundings_wintremix/upperair.sounding.202203150515.CU_JEAN.csv",0.0,2022-03-15 04:50:00,JEAN2022-03-15 04:50:00,False,,,,
1158,,,,,,2022-03-15 05:00:00,IOP11,SN,,,,,,,,,,,0.674,SN,,,JEAN,JEAN,,,"soundings_wintremix/upperair.sounding.202203150400.CU_JEAN.csv,soundings_wintremix/upperair.sounding.202203150515.CU_JEAN.csv",0.0,2022-03-15 05:00:00,JEAN2022-03-15 05:00:00,False,,,,
1159,,,,,,2022-03-15 05:20:00,IOP11,SN,RA,,,,,,,,,,0.5455345911949685,SN and RA,,,JEAN,JEAN,,,"soundings_wintremix/upperair.sounding.202203150515.CU_JEAN.csv,soundings_wintremix/upperair.sounding.202203150600.CU_JEAN.csv",0.0,2022-03-15 05:20:00,JEAN2022-03-15 05:20:00,True,upperair.sounding.202203150515.CU_JEAN.csv,,,
1160,,,,,,2022-03-15 05:30:00,IOP11,RA,,,,,,,,,,,0.5766037735849057,RA,,,JEAN,JEAN,,,"soundings_wintremix/upperair.sounding.202203150515.CU_JEAN.csv,soundings_wintremix/upperair.sounding.202203150600.CU_JEAN.csv",0.0,2022-03-15 05:30:00,JEAN2022-03-15 05:30:00,False,,,,
1161,,,,,,2022-03-15 05:40:00,IOP11,RA,,,,,,,,,,,0.6076729559748427,RA,,,JEAN,JEAN,,,"soundings_wintremix/upperair.sounding.202203150515.CU_JEAN.csv,soundings_wintremix/upperair.sounding.202203150600.CU_JEAN.csv",0.0,2022-03-15 05:40:00,JEAN2022-03-15 05:40:00,False,,,,
1162,,,,,,2022-03-15 05:50:00,IOP11,,,,,,,,,,,,0.6387421383647799,,,,JEAN,JEAN,,,"soundings_wintremix/upperair.sounding.202203150515.CU_JEAN.csv,soundings_wintremix/upperair.sounding.202203150600.CU_JEAN.csv",0.0,2022-03-15 05:50:00,JEAN2022-03-15 05:50:00,False,,,,
1163,,,,,,2022-03-15 06:00:00,IOP11,,,,,,,,,,,,,,,,JEAN,JEAN,,,,,2022-03-15 06:00:00,JEAN2022-03-15 06:00:00,False,,,,
1164,,,,,,2022-03-15 06:10:00,IOP11,,,,,,,,,,,,,,,,JEAN,JEAN,,,,0.0,2022-03-15 06:10:00,JEAN2022-03-15 06:10:00,True,upperair.sounding.202203150600.CU_JEAN.csv,,,
1165,,,,,,2022-03-15 06:20:00,IOP11,,,,,,,,,,,,,,,,JEAN,JEAN,,,,,2022-03-15 06:20:00,JEAN2022-03-15 06:20:00,False,,,,
1166,,,,,,2022-03-15 06:30:00,IOP11,,,,,,,,,,,,,,,,JEAN,JEAN,,,,,2022-03-15 06:30:00,JEAN2022-03-15 06:30:00,False,,,,
1167,,,,,,2022-03-15 06:40:00,IOP11,,,,,,,,,,,,,,,,JEAN,JEAN,,,,,2022-03-15 06:40:00,JEAN2022-03-15 06:40:00,False,,,,
1168,,,,,,2022-03-15 06:50:00,IOP11,,,,,,,,,,,,,,,,JEAN,JEAN,,,,,2022-03-15 06:50:00,JEAN2022-03-15 06:50:00,False,,,,
1169,,,,,,2022-03-15 23:30:00,IOP11,,,,,,,,,,,,,,,,JEAN,JEAN,,,,,2022-03-15 23:30:00,JEAN2022-03-15 23:30:00,False,,,,
1170,,,,,,2022-02-02 23:00:00,IOP1,,,,,,,,,,,,,,,,Sorel,Sorel,,,,,2022-02-02 23:00:00,Sorel2022-02-02 23:00:00,False,,,,
1171,,,,,,2022-02-03 00:00:00,IOP1,,,,,,,,,,,,,,,,Sorel,Sorel,,,,,2022-02-03 00:00:00,Sorel2022-02-03 00:00:00,False,,,,
1172,,,,,,2022-02-03 01:00:00,IOP1,,,,,,,,,,,,2.91,,,,Sorel,Sorel,,,"soundings_wintremix/upperair.sounding.202202030100.UQAM-Sorel.txt,soundings_wintremix/upperair.sounding.202202030230.UQAM-Sorel.txt",0.0,2022-02-03 01:00:00,Sorel2022-02-03 01:00:00,False,,,,
1173,,,,,,2022-02-03 01:10:00,IOP1,,,,,,,,,,,,2.7199999999999998,,,,Sorel,Sorel,,,"soundings_wintremix/upperair.sounding.202202030100.UQAM-Sorel.txt,soundings_wintremix/upperair.sounding.202202030230.UQAM-Sorel.txt",0.0,2022-02-03 01:10:00,Sorel2022-02-03 01:10:00,True,upperair.sounding.202202030100.UQAM-Sorel.txt,,,
1174,,,,,,2022-02-03 01:20:00,IOP1,,,,,,,,,,,,2.5300000000000002,,,,Sorel,Sorel,,,"soundings_wintremix/upperair.sounding.202202030100.UQAM-Sorel.txt,soundings_wintremix/upperair.sounding.202202030230.UQAM-Sorel.txt",0.0,2022-02-03 01:20:00,Sorel2022-02-03 01:20:00,False,,,,
1175,,,,,,2022-02-03 01:47:00,IOP1,,,,,,,,,,,,2.0170000000000003,,,,Sorel,Sorel,,,"soundings_wintremix/upperair.sounding.202202030100.UQAM-Sorel.txt,soundings_wintremix/upperair.sounding.202202030230.UQAM-Sorel.txt",0.0,2022-02-03 01:40:00,Sorel2022-02-03 01:40:00,False,,,,
1176,,,,,,2022-02-03 02:30:00,IOP1,SN,,,,,,,,,,,1.04,SN,,,Sorel,Sorel,,,"soundings_wintremix/upperair.sounding.202202030230.UQAM-Sorel.txt,soundings_wintremix/upperair.sounding.202202030400.UQAM-Sorel.txt",0.0,2022-02-03 02:30:00,Sorel2022-02-03 02:30:00,False,,,,
1177,,,,,,2022-02-03 02:45:00,IOP1,RA,,,,,,,,,,,1.2782781456953645,RA,,,Sorel,Sorel,,,"soundings_wintremix/upperair.sounding.202202030230.UQAM-Sorel.txt,soundings_wintremix/upperair.sounding.202202030400.UQAM-Sorel.txt",0.0,2022-02-03 02:40:00,Sorel2022-02-03 02:40:00,True,upperair.sounding.202202030230.UQAM-Sorel.txt,,,
1178,-1.7917315061625643,88.27379396930537,87.3987360386056,-0.07166926024650257,34.0,2022-02-03 02:50:00,IOP1,SN,RA,,,4.386292693346733,29.0,0.21931463466733664,14.0,34.0,34.0,20.0,1.357704194260486,SN and RA,0.39696118373680644,-0.1128071106164196,Sorel,Sorel,29.0,54.0,"soundings_wintremix/upperair.sounding.202202030230.UQAM-Sorel.txt,soundings_wintremix/upperair.sounding.202202030400.UQAM-Sorel.txt",15.0,2022-02-03 02:50:00,Sorel2022-02-03 02:50:00,False,,,,
1179,-0.1371314170660636,89.20518321226795,88.3680109802181,-0.02742628341321272,49.0,2022-02-03 03:00:00,IOP1,RA,,,,8.613995526495989,29.0,0.43069977632479944,14.0,49.0,49.0,0.0,1.5165562913907287,RA,0.7388812473529227,-0.02742628341321272,Sorel,Sorel,29.0,49.0,"soundings_wintremix/upperair.sounding.202202030230.UQAM-Sorel.txt,soundings_wintremix/upperair.sounding.202202030400.UQAM-Sorel.txt",15.0,2022-02-03 03:00:00,Sorel2022-02-03 03:00:00,False,,,,
1180,,,,,,2022-02-03 03:10:00,IOP1,RA,,,,,,,,,,,1.6754083885209718,RA,,,Sorel,Sorel,,,"soundings_wintremix/upperair.sounding.202202030230.UQAM-Sorel.txt,soundings_wintremix/upperair.sounding.202202030400.UQAM-Sorel.txt",0.0,2022-02-03 03:10:00,Sorel2022-02-03 03:10:00,False,,,,
1181,,,,,,2022-02-03 03:20:00,IOP1,RA,,,,,,,,,,,1.8342604856512144,RA,,,Sorel,Sorel,,,"soundings_wintremix/upperair.sounding.202202030230.UQAM-Sorel.txt,soundings_wintremix/upperair.sounding.202202030400.UQAM-Sorel.txt",0.0,2022-02-03 03:20:00,Sorel2022-02-03 03:20:00,False,,,,
1182,-0.5214592365016262,88.23106382978723,87.32902939277994,-0.02607296182508131,104.0,2022-02-03 03:30:00,IOP1,RA,,,,27.84903710931531,64.0,0.5063461292602784,14.0,104.0,104.0,15.0,1.9931125827814573,RA,1.7646414382012718,-0.027472343795535693,Sorel,Sorel,64.0,119.0,"soundings_wintremix/upperair.sounding.202202030230.UQAM-Sorel.txt,soundings_wintremix/upperair.sounding.202202030400.UQAM-Sorel.txt",50.0,2022-02-03 03:30:00,Sorel2022-02-03 03:30:00,False,,,,
1183,-0.47954079500599245,87.24711863290032,86.30286293429256,-0.04795407950059924,74.0,2022-02-03 03:40:00,IOP1,RA,,,,2.9201638825980027,169.0,0.03244626536220002,84.0,74.0,74.0,5.0,2.1519646799117003,RA,0.06866645112170788,-0.05338159523018427,Sorel,Sorel,169.0,79.0,"soundings_wintremix/upperair.sounding.202202030230.UQAM-Sorel.txt,soundings_wintremix/upperair.sounding.202202030400.UQAM-Sorel.txt",85.0,2022-02-03 03:40:00,Sorel2022-02-03 03:40:00,False,,,,
1184,,,,,,2022-02-03 04:00:00,IOP1,RA,,,,,,,,,,,0.93,RA,,,Sorel,Sorel,,,"soundings_wintremix/upperair.sounding.202202030400.UQAM-Sorel.txt,soundings_wintremix/upperair.sounding.202202030530.UQAM-Sorel.txt",0.0,2022-02-03 04:00:00,Sorel2022-02-03 04:00:00,False,,,,
1185,,,,,,2022-02-03 04:10:00,IOP1,RA,,,,,,,,,,,0.9508888888888889,RA,,,Sorel,Sorel,,,"soundings_wintremix/upperair.sounding.202202030400.UQAM-Sorel.txt,soundings_wintremix/upperair.sounding.202202030530.UQAM-Sorel.txt",0.0,2022-02-03 04:10:00,Sorel2022-02-03 04:10:00,True,upperair.sounding.202202030400.UQAM-Sorel.txt,,,
1186,-0.20315243619927886,87.53461676954733,86.5795532787828,-0.020315243619927887,73.0,2022-02-03 04:20:00,IOP1,RA,,,,6.716246649599137,193.0,0.07462496277332374,108.0,73.0,73.0,5.0,0.9717777777777779,RA,0.1320239253946891,-0.02932445068899983,Sorel,Sorel,193.0,78.0,"soundings_wintremix/upperair.sounding.202202030400.UQAM-Sorel.txt,soundings_wintremix/upperair.sounding.202202030530.UQAM-Sorel.txt",85.0,2022-02-03 04:20:00,Sorel2022-02-03 04:20:00,False,,,,
1187,-1.362168047831385,87.77507501363885,86.89371150123782,-0.030270401062919672,73.0,2022-02-03 04:30:00,IOP1,RA,,,,4.34669164403336,173.0,0.07244486073388932,118.0,73.0,73.0,40.0,0.9926666666666667,RA,0.11087205772284009,-0.0800849983508131,Sorel,Sorel,173.0,113.0,"soundings_wintremix/upperair.sounding.202202030400.UQAM-Sorel.txt,soundings_wintremix/upperair.sounding.202202030530.UQAM-Sorel.txt",55.0,2022-02-03 04:30:00,Sorel2022-02-03 04:30:00,False,,,,
1188,-3.518720145566871,88.33498107933495,87.42016822051438,-0.05864533575944786,63.0,2022-02-03 04:40:00,IOP1,RA,,,,2.6562042566625332,173.0,0.04829462284840969,123.0,63.0,63.0,55.0,1.0135555555555555,RA,0.08972019005099108,-0.12538954053470616,Sorel,Sorel,173.0,118.0,"soundings_wintremix/upperair.sounding.202202030400.UQAM-Sorel.txt,soundings_wintremix/upperair.sounding.202202030530.UQAM-Sorel.txt",50.0,2022-02-03 04:40:00,Sorel2022-02-03 04:40:00,False,,,,
1189,-6.529123330666096,88.62036456519215,87.7518604003523,-0.0816140416333262,58.0,2022-02-03 04:50:00,IOP1,RA,,,,1.5047364245086254,168.0,0.04299246927167501,138.0,58.0,58.0,75.0,1.0344444444444445,RA,0.06856832237914205,-0.1706940827185991,Sorel,Sorel,168.0,133.0,"soundings_wintremix/upperair.sounding.202202030400.UQAM-Sorel.txt,soundings_wintremix/upperair.sounding.202202030530.UQAM-Sorel.txt",30.0,2022-02-03 04:50:00,Sorel2022-02-03 04:50:00,False,,,,
1190,-10.105006130019246,89.21072727272725,88.38801218979116,-0.11888242505904997,53.0,2022-02-03 05:00:00,IOP1,RA,,,,0.7140027817039409,163.0,0.02380009272346469,138.0,53.0,53.0,80.0,1.0553333333333335,RA,0.04741645470729305,-0.2159986249024919,Sorel,Sorel,163.0,133.0,"soundings_wintremix/upperair.sounding.202202030400.UQAM-Sorel.txt,soundings_wintremix/upperair.sounding.202202030530.UQAM-Sorel.txt",25.0,2022-02-03 05:00:00,Sorel2022-02-03 05:00:00,False,,,,
1191,-16.93645615501915,88.72069374085787,87.86790408052576,-0.14113713462515962,28.0,2022-02-03 05:10:00,IOP1,RA,,,,0.23109222105323582,158.0,0.015406148070215722,148.0,28.0,28.0,115.0,1.0762222222222224,RA,0.026264587035444032,-0.2613031670863849,Sorel,Sorel,158.0,143.0,"soundings_wintremix/upperair.sounding.202202030400.UQAM-Sorel.txt,soundings_wintremix/upperair.sounding.202202030530.UQAM-Sorel.txt",10.0,2022-02-03 05:10:00,Sorel2022-02-03 05:10:00,False,,,,
1192,,,,,,2022-02-03 05:34:00,IOP1,RA,,,,,,,,,,,1.1194695340501795,RA,,,Sorel,Sorel,,,"soundings_wintremix/upperair.sounding.202202030530.UQAM-Sorel.txt,soundings_wintremix/upperair.sounding.202202030700.UQAM-Sorel.txt",0.0,2022-02-03 05:30:00,Sorel2022-02-03 05:30:00,False,,,,
1193,,,,,,2022-02-03 05:40:00,IOP1,RA,,,,,,,,,,,1.1186738351254482,RA,,,Sorel,Sorel,,,"soundings_wintremix/upperair.sounding.202202030530.UQAM-Sorel.txt,soundings_wintremix/upperair.sounding.202202030700.UQAM-Sorel.txt",0.0,2022-02-03 05:40:00,Sorel2022-02-03 05:40:00,True,upperair.sounding.202202030530.UQAM-Sorel.txt,,,
1194,,,,,,2022-02-03 05:50:00,IOP1,RA,,,,,,,,,,,1.1173476702508962,RA,,,Sorel,Sorel,,,"soundings_wintremix/upperair.sounding.202202030530.UQAM-Sorel.txt,soundings_wintremix/upperair.sounding.202202030700.UQAM-Sorel.txt",0.0,2022-02-03 05:50:00,Sorel2022-02-03 05:50:00,False,,,,
1195,,,,,,2022-02-03 06:00:00,IOP1,RA,,,,,,,,,,,1.1160215053763443,RA,,,Sorel,Sorel,,,"soundings_wintremix/upperair.sounding.202202030530.UQAM-Sorel.txt,soundings_wintremix/upperair.sounding.202202030700.UQAM-Sorel.txt",0.0,2022-02-03 06:00:00,Sorel2022-02-03 06:00:00,False,,,,
1196,,,,,,2022-02-03 06:10:00,IOP1,RA,,,,,,,,,,,1.1146953405017923,RA,,,Sorel,Sorel,,,"soundings_wintremix/upperair.sounding.202202030530.UQAM-Sorel.txt,soundings_wintremix/upperair.sounding.202202030700.UQAM-Sorel.txt",0.0,2022-02-03 06:10:00,Sorel2022-02-03 06:10:00,False,,,,
1197,-1.846989643781174,88.141768707483,87.23830461373525,-0.0923494821890587,28.0,2022-02-03 06:20:00,IOP1,RA,,,,0.7956764366148426,23.0,0.07956764366148425,18.0,28.0,28.0,15.0,1.1133691756272404,RA,0.13233973200874646,-0.17301339041824018,Sorel,Sorel,23.0,43.0,"soundings_wintremix/upperair.sounding.202202030530.UQAM-Sorel.txt,soundings_wintremix/upperair.sounding.202202030700.UQAM-Sorel.txt",5.0,2022-02-03 06:20:00,Sorel2022-02-03 06:20:00,False,,,,
1198,-1.136329045053833,87.6322876344086,86.70796220184408,-0.07575526967025553,28.0,2022-02-03 06:30:00,IOP1,RA,,,,0.5299477649057792,58.0,0.02649738824528896,43.0,28.0,28.0,10.0,1.1120430107526882,RA,0.04163228266184156,-0.14892425270984497,Sorel,Sorel,58.0,38.0,"soundings_wintremix/upperair.sounding.202202030530.UQAM-Sorel.txt,soundings_wintremix/upperair.sounding.202202030700.UQAM-Sorel.txt",15.0,2022-02-03 06:30:00,Sorel2022-02-03 06:30:00,False,,,,
1199,-2.74758447510612,94.30131313131314,93.7782043182867,-0.06868961187765302,83.0,2022-02-03 06:40:00,IOP1,RA,,,,2.0574102951458384,78.0,0.045720228781018626,38.0,83.0,83.0,35.0,1.1107168458781362,RA,0.0898711863689881,-0.16593259074933064,Sorel,Sorel,78.0,118.0,"soundings_wintremix/upperair.sounding.202202030530.UQAM-Sorel.txt,soundings_wintremix/upperair.sounding.202202030700.UQAM-Sorel.txt",40.0,2022-02-03 06:40:00,Sorel2022-02-03 06:40:00,False,,,,
1200,,,,,,2022-02-03 07:00:00,IOP1,SN,RA,,,,,,,,,,,SN and RA,,,Sorel,Sorel,,,,,2022-02-03 07:00:00,Sorel2022-02-03 07:00:00,False,,,,
1201,-1.457389894203422,95.02399999999999,94.57842537120713,-0.09715932628022812,103.0,2022-02-03 07:10:00,IOP1,SN,RA,,,6.722627310855863,98.0,0.10342503555162866,38.0,103.0,103.0,10.0,,SN and RA,0.2064383332573968,-0.13352275622839854,Sorel,Sorel,98.0,113.0,,60.0,2022-02-03 07:10:00,Sorel2022-02-03 07:10:00,True,upperair.sounding.202202030700.UQAM-Sorel.txt,,,
1202,,,,,,2022-02-03 07:20:00,IOP1,SN,RA,,,,,,,,,,,SN and RA,,,Sorel,Sorel,,,,,2022-02-03 07:20:00,Sorel2022-02-03 07:20:00,False,,,,
1203,,,,,,2022-02-03 07:30:00,IOP1,SN,RA,,,,,,,,,,,SN and RA,,,Sorel,Sorel,,,,,2022-02-03 07:30:00,Sorel2022-02-03 07:30:00,False,,,,
1204,,,,,,2022-02-03 07:40:00,IOP1,SN,RA,,,,,,,,,,,SN and RA,,,Sorel,Sorel,,,,,2022-02-03 07:40:00,Sorel2022-02-03 07:40:00,False,,,,
1205,,,,,,2022-02-03 07:50:00,IOP1,SN,RA,,,,,,,,,,,SN and RA,,,Sorel,Sorel,,,,,2022-02-03 07:50:00,Sorel2022-02-03 07:50:00,False,,,,
1206,,,,,,2022-02-03 08:00:00,IOP1,SN,RA,,,,,,,,,,,SN and RA,,,Sorel,Sorel,,,,,2022-02-03 08:00:00,Sorel2022-02-03 08:00:00,False,,,,
1207,,,,,,2022-02-03 08:10:00,IOP1,SN,RA,,,,,,,,,,,SN and RA,,,Sorel,Sorel,,,,,2022-02-03 08:10:00,Sorel2022-02-03 08:10:00,False,,,,
1208,,,,,,2022-02-10 01:13:00,IOP2,SN,,,,,,,,,,,,SN,,,Sorel,Sorel,,,,,2022-02-10 01:10:00,Sorel2022-02-10 01:10:00,False,,,,
1209,,,,,,2022-02-10 01:30:00,IOP2,SN,,,,,,,,,,,,SN,,,Sorel,Sorel,,,,,2022-02-10 01:30:00,Sorel2022-02-10 01:30:00,False,,,,
1210,,,,,,2022-02-10 07:50:00,IOP2,,,,,,,,,,,,,,,,Sorel,Sorel,,,,,2022-02-10 07:50:00,Sorel2022-02-10 07:50:00,False,,,,
1211,,,,,,2022-02-10 08:00:00,IOP2,,,,,,,,,,,,,,,,Sorel,Sorel,,,,,2022-02-10 08:00:00,Sorel2022-02-10 08:00:00,False,,,,
1212,,,,,,2022-02-10 08:10:00,IOP2,,,,,,,,,,,,,,,,Sorel,Sorel,,,,,2022-02-10 08:10:00,Sorel2022-02-10 08:10:00,False,,,,
1213,,,,,,2022-02-10 08:30:00,IOP2,,,,,,,,,,,,,,,,Sorel,Sorel,,,,,2022-02-10 08:30:00,Sorel2022-02-10 08:30:00,False,,,,
1214,,,,,,2022-02-10 08:40:00,IOP2,,,,,,,,,,,,,,,,Sorel,Sorel,,,,,2022-02-10 08:40:00,Sorel2022-02-10 08:40:00,False,,,,
1215,,,,,,2022-02-10 08:50:00,IOP2,SN,,,,,,,,,,,,SN,,,Sorel,Sorel,,,,,2022-02-10 08:50:00,Sorel2022-02-10 08:50:00,False,,,,
1216,,,,,,2022-02-10 09:00:00,IOP2,,,,,,,,,,,,,,,,Sorel,Sorel,,,,,2022-02-10 09:00:00,Sorel2022-02-10 09:00:00,False,,,,
1217,,,,,,2022-02-10 09:10:00,IOP2,,,,,,,,,,,,,,,,Sorel,Sorel,,,,,2022-02-10 09:10:00,Sorel2022-02-10 09:10:00,False,,,,
1218,,,,,,2022-02-10 09:20:00,IOP2,,,,,,,,,,,,,,,,Sorel,Sorel,,,,,2022-02-10 09:20:00,Sorel2022-02-10 09:20:00,False,,,,
1219,,,,,,2022-02-10 09:30:00,IOP2,,,,,,,,,,,,,,,,Sorel,Sorel,,,,,2022-02-10 09:30:00,Sorel2022-02-10 09:30:00,False,,,,
1220,,,,,,2022-02-10 09:40:00,IOP2,,,,,,,,,,,,,,,,Sorel,Sorel,,,,,2022-02-10 09:40:00,Sorel2022-02-10 09:40:00,False,,,,
1221,,,,,,2022-02-10 10:00:00,IOP2,,,,,,,,,,,,-1.52,,,,Sorel,Sorel,,,"soundings_wintremix/upperair.sounding.202202101000.UQAM-Sorel.txt,soundings_wintremix/upperair.sounding.202202101200.UQAM-Sorel.txt",0.0,2022-02-10 10:00:00,Sorel2022-02-10 10:00:00,False,,,,
1222,,,,,,2022-02-10 10:10:00,IOP2,,,,,,,,,,,,-1.5206212121212122,,,,Sorel,Sorel,,,"soundings_wintremix/upperair.sounding.202202101000.UQAM-Sorel.txt,soundings_wintremix/upperair.sounding.202202101200.UQAM-Sorel.txt",0.0,2022-02-10 10:10:00,Sorel2022-02-10 10:10:00,True,upperair.sounding.202202101000.UQAM-Sorel.txt,,,
1223,,,,,,2022-02-10 10:20:00,IOP2,,,,,,,,,,,,-1.5212424242424243,,,,Sorel,Sorel,,,"soundings_wintremix/upperair.sounding.202202101000.UQAM-Sorel.txt,soundings_wintremix/upperair.sounding.202202101200.UQAM-Sorel.txt",0.0,2022-02-10 10:20:00,Sorel2022-02-10 10:20:00,False,,,,
1224,,,,,,2022-02-10 10:30:00,IOP2,,,,,,,,,,,,-1.5218636363636364,,,,Sorel,Sorel,,,"soundings_wintremix/upperair.sounding.202202101000.UQAM-Sorel.txt,soundings_wintremix/upperair.sounding.202202101200.UQAM-Sorel.txt",0.0,2022-02-10 10:30:00,Sorel2022-02-10 10:30:00,False,,,,
1225,,,,,,2022-02-10 10:40:00,IOP2,,,,,,,,,,,,-1.5224848484848483,,,,Sorel,Sorel,,,"soundings_wintremix/upperair.sounding.202202101000.UQAM-Sorel.txt,soundings_wintremix/upperair.sounding.202202101200.UQAM-Sorel.txt",0.0,2022-02-10 10:40:00,Sorel2022-02-10 10:40:00,False,,,,
1226,,,,,,2022-02-10 10:50:00,IOP2,,,,,,,,,,,,-1.5231060606060607,,,,Sorel,Sorel,,,"soundings_wintremix/upperair.sounding.202202101000.UQAM-Sorel.txt,soundings_wintremix/upperair.sounding.202202101200.UQAM-Sorel.txt",0.0,2022-02-10 10:50:00,Sorel2022-02-10 10:50:00,False,,,,
1227,,,,,,2022-02-10 11:00:00,IOP2,,,,,,,,,,,,-1.5237272727272728,,,,Sorel,Sorel,,,"soundings_wintremix/upperair.sounding.202202101000.UQAM-Sorel.txt,soundings_wintremix/upperair.sounding.202202101200.UQAM-Sorel.txt",0.0,2022-02-10 11:00:00,Sorel2022-02-10 11:00:00,False,,,,
1228,,,,,,2022-02-10 11:10:00,IOP2,,,,,,,,,,,,-1.524348484848485,,,,Sorel,Sorel,,,"soundings_wintremix/upperair.sounding.202202101000.UQAM-Sorel.txt,soundings_wintremix/upperair.sounding.202202101200.UQAM-Sorel.txt",0.0,2022-02-10 11:10:00,Sorel2022-02-10 11:10:00,False,,,,
1229,,,,,,2022-02-10 11:20:00,IOP2,,,,,,,,,,,,-1.5249696969696969,,,,Sorel,Sorel,,,"soundings_wintremix/upperair.sounding.202202101000.UQAM-Sorel.txt,soundings_wintremix/upperair.sounding.202202101200.UQAM-Sorel.txt",0.0,2022-02-10 11:20:00,Sorel2022-02-10 11:20:00,False,,,,
1230,,,,,,2022-02-10 11:30:00,IOP2,,,,,,,,,,,,-1.525590909090909,,,,Sorel,Sorel,,,"soundings_wintremix/upperair.sounding.202202101000.UQAM-Sorel.txt,soundings_wintremix/upperair.sounding.202202101200.UQAM-Sorel.txt",0.0,2022-02-10 11:30:00,Sorel2022-02-10 11:30:00,False,,,,
1231,,,,,,2022-02-10 11:40:00,IOP2,SN,PL,,,,,,,,,,-1.5262121212121214,SN and PL,,,Sorel,Sorel,,,"soundings_wintremix/upperair.sounding.202202101000.UQAM-Sorel.txt,soundings_wintremix/upperair.sounding.202202101200.UQAM-Sorel.txt",0.0,2022-02-10 11:40:00,Sorel2022-02-10 11:40:00,False,,,,
1232,,,,,,2022-02-10 11:50:00,IOP2,,,,,,,,,,,,-1.5268333333333333,,,,Sorel,Sorel,,,"soundings_wintremix/upperair.sounding.202202101000.UQAM-Sorel.txt,soundings_wintremix/upperair.sounding.202202101200.UQAM-Sorel.txt",0.0,2022-02-10 11:50:00,Sorel2022-02-10 11:50:00,False,,,,
1233,,,,,,2022-02-10 12:00:00,IOP2,,,,,,,,,,,,,,,,Sorel,Sorel,,,,,2022-02-10 12:00:00,Sorel2022-02-10 12:00:00,False,,,,
1234,,,,,,2022-02-10 12:10:00,IOP2,SN,PL,,,,,,,,,,,SN and PL,,,Sorel,Sorel,,,,0.0,2022-02-10 12:10:00,Sorel2022-02-10 12:10:00,True,upperair.sounding.202202101200.UQAM-Sorel.txt,,,
1235,,,,,,2022-02-10 12:20:00,IOP2,,,,,,,,,,,,,,,,Sorel,Sorel,,,,,2022-02-10 12:20:00,Sorel2022-02-10 12:20:00,False,,,,
1722,-4.049363601524205,39.685,37.86221457852298,-0.269957573434947,28.0,,,,,,,5.135398842074891,88.0,0.10270797684149782,43.0,28.0,28.0,10.0,,,0.1803873423996647,-0.5345756075492707,,,88.0,38.0,,45.0,2022-02-11 22:10:00,Sorel2022-02-11 22:10:00,True,upperair.sounding.202202112200.UQAM-Sorel.txt,,,
1236,-5.591621449835025,39.4335563515365,37.71869061368818,-0.372774763322335,28.0,2022-02-11 22:30:00,IOP3,RA,,,,9.763695474358853,113.0,0.1301826063247847,43.0,28.0,28.0,10.0,4.5239821882951645,RA,0.2563765014324618,-0.6089448559657604,Sorel,Sorel,113.0,38.0,"soundings_wintremix/upperair.sounding.202202112200.UQAM-Sorel.txt,soundings_wintremix/upperair.sounding.202202120100.UQAM-Sorel.txt",70.0,2022-02-11 22:30:00,Sorel2022-02-11 22:30:00,False,,,,
1237,-7.133879298145847,42.03403577999609,40.31358076647356,-0.4755919532097231,28.0,2022-02-11 23:00:00,IOP3,RA,,,,17.40351074788075,133.0,0.1831948499776921,43.0,28.0,28.0,10.0,4.23796437659033,RA,0.33236566046525884,-0.6833141043822504,Sorel,Sorel,133.0,38.0,"soundings_wintremix/upperair.sounding.202202112200.UQAM-Sorel.txt,soundings_wintremix/upperair.sounding.202202120100.UQAM-Sorel.txt",90.0,2022-02-11 23:00:00,Sorel2022-02-11 23:00:00,False,,,,
1238,-7.692160989671934,44.429391577060926,42.53847791711026,-0.38460804948359667,28.0,2022-02-11 23:10:00,IOP3,RA,,,,20.678435007773437,153.0,0.18798577279794035,48.0,28.0,28.0,15.0,4.142625106022052,RA,0.35769538014285784,-0.7081038538544138,Sorel,Sorel,153.0,43.0,"soundings_wintremix/upperair.sounding.202202112200.UQAM-Sorel.txt,soundings_wintremix/upperair.sounding.202202120100.UQAM-Sorel.txt",105.0,2022-02-11 23:10:00,Sorel2022-02-11 23:10:00,False,,,,
1239,-8.335978593803983,44.5143046594982,42.63806631522937,-0.4167989296901991,28.0,2022-02-11 23:20:00,IOP3,RA,,,,24.790280355490317,163.0,0.20658566962908598,48.0,28.0,28.0,15.0,4.047285835453774,RA,0.3830250998204569,-0.7328936033265769,Sorel,Sorel,163.0,43.0,"soundings_wintremix/upperair.sounding.202202112200.UQAM-Sorel.txt,soundings_wintremix/upperair.sounding.202202120100.UQAM-Sorel.txt",115.0,2022-02-11 23:20:00,Sorel2022-02-11 23:20:00,False,,,,
1240,-8.979796197936034,44.63451520845567,42.92247900125874,-0.44898980989680165,28.0,2022-02-11 23:30:00,IOP3,RA,,,,29.4195915999921,173.0,0.22630455076917,48.0,28.0,28.0,15.0,3.951946564885496,RA,0.40835481949805597,-0.7576833527987403,Sorel,Sorel,173.0,43.0,"soundings_wintremix/upperair.sounding.202202112200.UQAM-Sorel.txt,soundings_wintremix/upperair.sounding.202202120100.UQAM-Sorel.txt",125.0,2022-02-11 23:30:00,Sorel2022-02-11 23:30:00,False,,,,
1241,-3.904093360460108,46.86480753968254,44.94316490391196,-0.039040933604601084,188.0,2022-02-11 23:40:00,IOP3,RA,,,,34.55056461313827,183.0,0.24678974723670194,48.0,188.0,188.0,95.0,3.856607294317218,RA,0.433684539175655,-0.0796566560642528,Sorel,Sorel,183.0,283.0,"soundings_wintremix/upperair.sounding.202202112200.UQAM-Sorel.txt,soundings_wintremix/upperair.sounding.202202120100.UQAM-Sorel.txt",135.0,2022-02-11 23:40:00,Sorel2022-02-11 23:40:00,False,,,,
1242,-10.407618865178943,59.315203562340976,57.497292403049265,-0.4163047546071576,23.0,2022-02-11 23:50:00,IOP3,RA,,,,40.18941889371339,193.0,0.26792945929142264,48.0,23.0,23.0,20.0,3.76126802374894,RA,0.45901425885325403,-0.8072628517430671,Sorel,Sorel,193.0,43.0,"soundings_wintremix/upperair.sounding.202202112200.UQAM-Sorel.txt,soundings_wintremix/upperair.sounding.202202120100.UQAM-Sorel.txt",145.0,2022-02-11 23:50:00,Sorel2022-02-11 23:50:00,False,,,,
1243,-11.160772528427161,60.63931297709924,58.86075935226006,-0.4464309011370865,23.0,2022-02-12 00:00:00,IOP3,,,,,80.00598310433742,383.0,0.23531171501275713,48.0,23.0,23.0,20.0,3.665928753180661,,0.48434397853085304,-0.8320526012152301,Sorel,Sorel,383.0,43.0,"soundings_wintremix/upperair.sounding.202202112200.UQAM-Sorel.txt,soundings_wintremix/upperair.sounding.202202120100.UQAM-Sorel.txt",335.0,2022-02-12 00:00:00,Sorel2022-02-12 00:00:00,False,,,,
1244,-11.913926191675388,61.963422391857506,60.22790503139532,-0.4765570476670155,23.0,2022-02-12 00:10:00,IOP3,,,,,107.06677717223359,413.0,0.28936966803306374,48.0,23.0,23.0,20.0,3.570589482612383,,0.5096736982084521,-0.8568423506873935,Sorel,Sorel,413.0,43.0,"soundings_wintremix/upperair.sounding.202202112200.UQAM-Sorel.txt,soundings_wintremix/upperair.sounding.202202120100.UQAM-Sorel.txt",365.0,2022-02-12 00:10:00,Sorel2022-02-12 00:10:00,False,,,,
1245,-12.667079854923609,63.28753180661579,61.59873797951601,-0.5066831941969443,23.0,2022-02-12 00:20:00,IOP3,,,,,139.14260813544527,453.0,0.33937221496450054,48.0,23.0,23.0,20.0,3.475250212044105,,0.5792208747495192,-0.9003033487475869,Sorel,Sorel,453.0,43.0,"soundings_wintremix/upperair.sounding.202202112200.UQAM-Sorel.txt,soundings_wintremix/upperair.sounding.202202120100.UQAM-Sorel.txt",405.0,2022-02-12 00:20:00,Sorel2022-02-12 00:20:00,False,,,,
1246,-13.420233518171843,64.61164122137406,62.97326675183033,-0.5368093407268737,23.0,2022-02-12 00:30:00,IOP3,,,,,174.26653779308015,478.0,0.400612730558805,48.0,23.0,23.0,20.0,3.379910941475827,,0.7010845386812653,-0.9612845194854844,Sorel,Sorel,478.0,43.0,"soundings_wintremix/upperair.sounding.202202112200.UQAM-Sorel.txt,soundings_wintremix/upperair.sounding.202202120100.UQAM-Sorel.txt",430.0,2022-02-12 00:30:00,Sorel2022-02-12 00:30:00,False,,,,
1247,-14.17338718142005,65.93575063613231,64.35149991969531,-0.5669354872568021,23.0,2022-02-12 00:40:00,IOP3,,,,,212.10211938704455,503.0,0.46109156388487943,48.0,23.0,23.0,20.0,3.2845716709075483,,0.8229482026130109,-1.022265690223382,Sorel,Sorel,503.0,43.0,"soundings_wintremix/upperair.sounding.202202112200.UQAM-Sorel.txt,soundings_wintremix/upperair.sounding.202202120100.UQAM-Sorel.txt",455.0,2022-02-12 00:40:00,Sorel2022-02-12 00:40:00,False,,,,
1248,-14.926540844668285,67.25986005089058,65.73344607061834,-0.5970616337867314,23.0,2022-02-12 00:50:00,IOP3,,,,,254.90927879331116,538.0,0.5149682399864872,48.0,23.0,23.0,20.0,3.1892324003392702,,0.9448118665447569,-1.0832468609612795,Sorel,Sorel,538.0,43.0,"soundings_wintremix/upperair.sounding.202202112200.UQAM-Sorel.txt,soundings_wintremix/upperair.sounding.202202120100.UQAM-Sorel.txt",490.0,2022-02-12 00:50:00,Sorel2022-02-12 00:50:00,False,,,,
1249,-16.49590219171006,68.58396946564886,67.23481332260475,-0.6598360876684024,23.0,2022-02-12 01:00:00,IOP3,,,,,300.2422596587402,553.0,0.5887103130563536,48.0,23.0,23.0,20.0,3.82,,1.0688900970473272,-1.6004736536929447,Sorel,Sorel,553.0,43.0,"soundings_wintremix/upperair.sounding.202202120100.UQAM-Sorel.txt,soundings_wintremix/upperair.sounding.202202120230.UQAM-Sorel.txt",505.0,2022-02-12 01:00:00,Sorel2022-02-12 01:00:00,False,,,,
1250,-16.49590219171006,68.58396946564886,67.23481332260475,-0.6598360876684024,23.0,2022-02-12 01:10:00,IOP3,,,,,300.2422596587402,553.0,0.5887103130563536,48.0,23.0,23.0,20.0,3.881719939117199,,1.0688900970473272,-1.6004736536929447,Sorel,Sorel,553.0,43.0,"soundings_wintremix/upperair.sounding.202202120100.UQAM-Sorel.txt,soundings_wintremix/upperair.sounding.202202120230.UQAM-Sorel.txt",505.0,2022-02-12 01:10:00,Sorel2022-02-12 01:10:00,True,upperair.sounding.202202120100.UQAM-Sorel.txt,,,
1251,-6.602315667696984,55.46608107637074,53.65946567595205,-0.4401543778464656,28.0,2022-02-12 01:20:00,IOP3,,,,,315.9387975091784,543.0,0.6256213812062941,43.0,28.0,28.0,10.0,3.9434398782343987,,1.0270890534346364,-0.8994494526114158,Sorel,Sorel,543.0,38.0,"soundings_wintremix/upperair.sounding.202202120100.UQAM-Sorel.txt,soundings_wintremix/upperair.sounding.202202120230.UQAM-Sorel.txt",500.0,2022-02-12 01:20:00,Sorel2022-02-12 01:20:00,False,,,,
1252,-3.293866450437388,47.48459748858448,45.650570225922706,-0.3293866450437388,33.0,2022-02-12 01:30:00,IOP3,,,,,324.13429180612343,538.0,0.6482685836122467,43.0,33.0,33.0,5.0,4.005159817351598,,1.0061885316282912,-0.5489373520706515,Sorel,Sorel,538.0,38.0,"soundings_wintremix/upperair.sounding.202202120100.UQAM-Sorel.txt,soundings_wintremix/upperair.sounding.202202120230.UQAM-Sorel.txt",495.0,2022-02-12 01:30:00,Sorel2022-02-12 01:30:00,False,,,,
1253,-0.992126257649435,43.47079726027397,41.73920945903246,-0.198425251529887,38.0,2022-02-12 01:40:00,IOP3,,,,,332.48039588287315,533.0,0.6716775674401477,43.0,38.0,38.0,0.0,4.066879756468797,,0.9885224876905597,-0.198425251529887,Sorel,Sorel,533.0,38.0,"soundings_wintremix/upperair.sounding.202202120100.UQAM-Sorel.txt,soundings_wintremix/upperair.sounding.202202120230.UQAM-Sorel.txt",490.0,2022-02-12 01:40:00,Sorel2022-02-12 01:40:00,False,,,,
1254,,,,,,2022-02-12 01:50:00,IOP3,,,,,,,,,,,,4.128599695585997,,,,Sorel,Sorel,,,"soundings_wintremix/upperair.sounding.202202120100.UQAM-Sorel.txt,soundings_wintremix/upperair.sounding.202202120230.UQAM-Sorel.txt",0.0,2022-02-12 01:50:00,Sorel2022-02-12 01:50:00,False,,,,
1255,,,,,,2022-02-12 02:00:00,IOP3,RA,,,,,,,,,,,4.190319634703196,RA,,,Sorel,Sorel,,,"soundings_wintremix/upperair.sounding.202202120100.UQAM-Sorel.txt,soundings_wintremix/upperair.sounding.202202120230.UQAM-Sorel.txt",0.0,2022-02-12 02:00:00,Sorel2022-02-12 02:00:00,False,,,,
1256,,,,,,2022-02-12 02:10:00,IOP3,RA,,,,,,,,,,,4.2520395738203955,RA,,,Sorel,Sorel,,,"soundings_wintremix/upperair.sounding.202202120100.UQAM-Sorel.txt,soundings_wintremix/upperair.sounding.202202120230.UQAM-Sorel.txt",0.0,2022-02-12 02:10:00,Sorel2022-02-12 02:10:00,False,,,,
1257,,,,,,2022-02-12 02:20:00,IOP3,RA,,,,,,,,,,,4.313759512937595,RA,,,Sorel,Sorel,,,"soundings_wintremix/upperair.sounding.202202120100.UQAM-Sorel.txt,soundings_wintremix/upperair.sounding.202202120230.UQAM-Sorel.txt",0.0,2022-02-12 02:20:00,Sorel2022-02-12 02:20:00,False,,,,
1258,,,,,,2022-02-12 02:30:00,IOP3,RA,,,,,,,,,,,4.37,RA,,,Sorel,Sorel,,,"soundings_wintremix/upperair.sounding.202202120230.UQAM-Sorel.txt,soundings_wintremix/upperair.sounding.202202120400.UQAM-Sorel.txt",0.0,2022-02-12 02:30:00,Sorel2022-02-12 02:30:00,False,,,,
1259,,,,,,2022-02-12 02:40:00,IOP3,RA,,,,,,,,,,,4.172171717171717,RA,,,Sorel,Sorel,,,"soundings_wintremix/upperair.sounding.202202120230.UQAM-Sorel.txt,soundings_wintremix/upperair.sounding.202202120400.UQAM-Sorel.txt",0.0,2022-02-12 02:40:00,Sorel2022-02-12 02:40:00,True,upperair.sounding.202202120230.UQAM-Sorel.txt,,,
1260,,,,,,2022-02-12 02:50:00,IOP3,RA,,,,,,,,,,,3.9743434343434343,RA,,,Sorel,Sorel,,,"soundings_wintremix/upperair.sounding.202202120230.UQAM-Sorel.txt,soundings_wintremix/upperair.sounding.202202120400.UQAM-Sorel.txt",0.0,2022-02-12 02:50:00,Sorel2022-02-12 02:50:00,False,,,,
1261,,,,,,2022-02-12 03:00:00,IOP3,RA,,,,,,,,,,,3.7765151515151514,RA,,,Sorel,Sorel,,,"soundings_wintremix/upperair.sounding.202202120230.UQAM-Sorel.txt,soundings_wintremix/upperair.sounding.202202120400.UQAM-Sorel.txt",0.0,2022-02-12 03:00:00,Sorel2022-02-12 03:00:00,False,,,,
1262,,,,,,2022-02-12 03:10:00,IOP3,RA,,,,,,,,,,,3.5786868686868685,RA,,,Sorel,Sorel,,,"soundings_wintremix/upperair.sounding.202202120230.UQAM-Sorel.txt,soundings_wintremix/upperair.sounding.202202120400.UQAM-Sorel.txt",0.0,2022-02-12 03:10:00,Sorel2022-02-12 03:10:00,False,,,,
1263,,,,,,2022-02-12 03:20:00,IOP3,RA,,,,,,,,,,,3.3808585858585856,RA,,,Sorel,Sorel,,,"soundings_wintremix/upperair.sounding.202202120230.UQAM-Sorel.txt,soundings_wintremix/upperair.sounding.202202120400.UQAM-Sorel.txt",0.0,2022-02-12 03:20:00,Sorel2022-02-12 03:20:00,False,,,,
1264,,,,,,2022-02-12 03:30:00,IOP3,RA,,,,,,,,,,,3.1830303030303027,RA,,,Sorel,Sorel,,,"soundings_wintremix/upperair.sounding.202202120230.UQAM-Sorel.txt,soundings_wintremix/upperair.sounding.202202120400.UQAM-Sorel.txt",0.0,2022-02-12 03:30:00,Sorel2022-02-12 03:30:00,False,,,,
1265,,,,,,2022-02-12 03:40:00,IOP3,RA,,,,,,,,,,,2.98520202020202,RA,,,Sorel,Sorel,,,"soundings_wintremix/upperair.sounding.202202120230.UQAM-Sorel.txt,soundings_wintremix/upperair.sounding.202202120400.UQAM-Sorel.txt",0.0,2022-02-12 03:40:00,Sorel2022-02-12 03:40:00,False,,,,
1266,,,,,,2022-02-12 03:50:00,IOP3,RA,,,,,,,,,,,2.787373737373737,RA,,,Sorel,Sorel,,,"soundings_wintremix/upperair.sounding.202202120230.UQAM-Sorel.txt,soundings_wintremix/upperair.sounding.202202120400.UQAM-Sorel.txt",0.0,2022-02-12 03:50:00,Sorel2022-02-12 03:50:00,False,,,,
1267,-0.02490713165228746,94.3220930232558,93.78966655459651,-0.004981426330457492,511.0,2022-02-12 04:00:00,IOP3,RA,,,,544.9518204059613,481.0,1.159471958310556,16.0,511.0,511.0,0.0,2.58,RA,1.888691628304094,-0.004981426330457492,Sorel,Sorel,481.0,511.0,"soundings_wintremix/upperair.sounding.202202120400.UQAM-Sorel.txt,soundings_wintremix/upperair.sounding.202202120530.UQAM-Sorel.txt",465.0,2022-02-12 04:00:00,Sorel2022-02-12 04:00:00,False,,,,
1268,-0.02490713165228746,94.3220930232558,93.78966655459651,-0.004981426330457492,511.0,2022-02-12 04:10:00,IOP3,RA,,,,544.9518204059613,481.0,1.159471958310556,16.0,511.0,511.0,0.0,2.6781102362204727,RA,1.888691628304094,-0.004981426330457492,Sorel,Sorel,481.0,511.0,"soundings_wintremix/upperair.sounding.202202120400.UQAM-Sorel.txt,soundings_wintremix/upperair.sounding.202202120530.UQAM-Sorel.txt",465.0,2022-02-12 04:10:00,Sorel2022-02-12 04:10:00,True,upperair.sounding.202202120400.UQAM-Sorel.txt,,,
1269,,,,,,2022-02-12 04:20:00,IOP3,RA,,,,,,,,,,,2.776220472440945,RA,,,Sorel,Sorel,,,"soundings_wintremix/upperair.sounding.202202120400.UQAM-Sorel.txt,soundings_wintremix/upperair.sounding.202202120530.UQAM-Sorel.txt",0.0,2022-02-12 04:20:00,Sorel2022-02-12 04:20:00,False,,,,
1270,,,,,,2022-02-12 04:30:00,IOP3,RA,,,,,,,,,,,2.874330708661417,RA,,,Sorel,Sorel,,,"soundings_wintremix/upperair.sounding.202202120400.UQAM-Sorel.txt,soundings_wintremix/upperair.sounding.202202120530.UQAM-Sorel.txt",0.0,2022-02-12 04:30:00,Sorel2022-02-12 04:30:00,False,,,,
1271,,,,,,2022-02-12 04:40:00,IOP3,RA,,,,,,,,,,,2.97244094488189,RA,,,Sorel,Sorel,,,"soundings_wintremix/upperair.sounding.202202120400.UQAM-Sorel.txt,soundings_wintremix/upperair.sounding.202202120530.UQAM-Sorel.txt",0.0,2022-02-12 04:40:00,Sorel2022-02-12 04:40:00,False,,,,
1272,,,,,,2022-02-12 04:50:00,IOP3,RA,,,,,,,,,,,3.0705511811023625,RA,,,Sorel,Sorel,,,"soundings_wintremix/upperair.sounding.202202120400.UQAM-Sorel.txt,soundings_wintremix/upperair.sounding.202202120530.UQAM-Sorel.txt",0.0,2022-02-12 04:50:00,Sorel2022-02-12 04:50:00,False,,,,
1273,,,,,,2022-02-12 05:00:00,IOP3,RA,,,,,,,,,,,3.1686614173228342,RA,,,Sorel,Sorel,,,"soundings_wintremix/upperair.sounding.202202120400.UQAM-Sorel.txt,soundings_wintremix/upperair.sounding.202202120530.UQAM-Sorel.txt",0.0,2022-02-12 05:00:00,Sorel2022-02-12 05:00:00,False,,,,
1274,,,,,,2022-02-12 05:10:00,IOP3,RA,,,,,,,,,,,3.266771653543307,RA,,,Sorel,Sorel,,,"soundings_wintremix/upperair.sounding.202202120400.UQAM-Sorel.txt,soundings_wintremix/upperair.sounding.202202120530.UQAM-Sorel.txt",0.0,2022-02-12 05:10:00,Sorel2022-02-12 05:10:00,False,,,,
1275,,,,,,2022-02-12 05:20:00,IOP3,RA,,,,,,,,,,,3.364881889763779,RA,,,Sorel,Sorel,,,"soundings_wintremix/upperair.sounding.202202120400.UQAM-Sorel.txt,soundings_wintremix/upperair.sounding.202202120530.UQAM-Sorel.txt",0.0,2022-02-12 05:20:00,Sorel2022-02-12 05:20:00,False,,,,
1276,,,,,,2022-02-12 05:30:00,IOP3,RA,,,,,,,,,,,,RA,,,Sorel,Sorel,,,,,2022-02-12 05:30:00,Sorel2022-02-12 05:30:00,False,,,,
1277,-0.6878826837195695,89.66365384615385,88.8603430877147,-0.04585884558130463,531.0,2022-02-12 05:40:00,IOP3,RA,,,,599.0312605440004,526.0,1.1631674962019425,16.0,531.0,531.0,10.0,,RA,2.1288401259446887,-0.04919903553517482,Sorel,Sorel,526.0,541.0,,510.0,2022-02-12 05:40:00,Sorel2022-02-12 05:40:00,True,upperair.sounding.202202120530.UQAM-Sorel.txt,,,
1278,,,,,,2022-02-12 05:50:00,IOP3,RA,,,,,,,,,,,,RA,,,Sorel,Sorel,,,,,2022-02-12 05:50:00,Sorel2022-02-12 05:50:00,False,,,,
1279,,,,,,2022-02-12 06:00:00,IOP3,RA,,,,,,,,,,,,RA,,,Sorel,Sorel,,,,,2022-02-12 06:00:00,Sorel2022-02-12 06:00:00,False,,,,
1280,,,,,,2022-02-12 06:10:00,IOP3,RA,,,,,,,,,,,,RA,,,Sorel,Sorel,,,,,2022-02-12 06:10:00,Sorel2022-02-12 06:10:00,False,,,,
1281,,,,,,2022-02-12 06:20:00,IOP3,RA,,,,,,,,,,,,RA,,,Sorel,Sorel,,,,,2022-02-12 06:20:00,Sorel2022-02-12 06:20:00,False,,,,
1282,,,,,,2022-02-12 06:30:00,IOP3,RA,,,,,,,,,,,,RA,,,Sorel,Sorel,,,,,2022-02-12 06:30:00,Sorel2022-02-12 06:30:00,False,,,,
1283,,,,,,2022-02-17 23:00:00,IOP4,RA,,,,,,,,,,,4.09,RA,,,Sorel,Sorel,,,"soundings_wintremix/upperair.sounding.202202172300.UQAM-Sorel.txt,soundings_wintremix/upperair.sounding.202202180100.UQAM-Sorel.txt",0.0,2022-02-17 23:00:00,Sorel2022-02-17 23:00:00,False,,,,
1284,,,,,,2022-02-17 23:10:00,IOP4,RA,,,,,,,,,,,3.695906432748538,RA,,,Sorel,Sorel,,,"soundings_wintremix/upperair.sounding.202202172300.UQAM-Sorel.txt,soundings_wintremix/upperair.sounding.202202180100.UQAM-Sorel.txt",0.0,2022-02-17 23:10:00,Sorel2022-02-17 23:10:00,True,upperair.sounding.202202172300.UQAM-Sorel.txt,,,
1285,-1.0658777359425167,97.59444573643411,97.33341184613575,-0.07105851572950111,747.0,2022-02-17 23:20:00,IOP4,RA,,,,948.2081241002552,742.0,1.2989152384935,17.0,747.0,747.0,10.0,3.3018128654970758,RA,2.7305878384712243,-0.11753874532209338,Sorel,Sorel,742.0,757.0,"soundings_wintremix/upperair.sounding.202202172300.UQAM-Sorel.txt,soundings_wintremix/upperair.sounding.202202180100.UQAM-Sorel.txt",725.0,2022-02-17 23:20:00,Sorel2022-02-17 23:20:00,False,,,,
1286,,,,,,2022-02-17 23:28:00,IOP4,SN,,,,,,,,,,,2.9865380116959064,SN,,,Sorel,Sorel,,,"soundings_wintremix/upperair.sounding.202202172300.UQAM-Sorel.txt,soundings_wintremix/upperair.sounding.202202180100.UQAM-Sorel.txt",0.0,2022-02-17 23:30:00,Sorel2022-02-17 23:30:00,False,,,,
1287,,,,,,2022-02-17 23:40:00,IOP4,SN,,,,,,,,,,,2.513625730994152,SN,,,Sorel,Sorel,,,"soundings_wintremix/upperair.sounding.202202172300.UQAM-Sorel.txt,soundings_wintremix/upperair.sounding.202202180100.UQAM-Sorel.txt",0.0,2022-02-17 23:40:00,Sorel2022-02-17 23:40:00,False,,,,
1288,,,,,,2022-02-17 23:53:00,IOP4,SN,,,,,,,,,,,2.0013040935672515,SN,,,Sorel,Sorel,,,"soundings_wintremix/upperair.sounding.202202172300.UQAM-Sorel.txt,soundings_wintremix/upperair.sounding.202202180100.UQAM-Sorel.txt",0.0,2022-02-17 23:50:00,Sorel2022-02-17 23:50:00,False,,,,
1289,,,,,,2022-02-18 00:00:00,IOP4,SN,,,,,,,,,,,1.725438596491228,SN,,,Sorel,Sorel,,,"soundings_wintremix/upperair.sounding.202202172300.UQAM-Sorel.txt,soundings_wintremix/upperair.sounding.202202180100.UQAM-Sorel.txt",0.0,2022-02-18 00:00:00,Sorel2022-02-18 00:00:00,False,,,,
1290,-2.28065093511475,83.18345603592314,82.09098116071615,-0.228065093511475,27.0,2022-02-18 00:10:00,IOP4,SN,,,,5.218983972261472,67.0,0.1491138277788992,37.0,27.0,27.0,5.0,1.331345029239766,SN,0.20562121769745456,-0.36582530796732166,Sorel,Sorel,67.0,32.0,"soundings_wintremix/upperair.sounding.202202172300.UQAM-Sorel.txt,soundings_wintremix/upperair.sounding.202202180100.UQAM-Sorel.txt",30.0,2022-02-18 00:10:00,Sorel2022-02-18 00:10:00,False,,,,
1291,,,,,,2022-02-18 00:20:00,IOP4,SN,,,,,,,,,,,0.9372514619883041,SN,,,Sorel,Sorel,,,"soundings_wintremix/upperair.sounding.202202172300.UQAM-Sorel.txt,soundings_wintremix/upperair.sounding.202202180100.UQAM-Sorel.txt",0.0,2022-02-18 00:20:00,Sorel2022-02-18 00:20:00,False,,,,
1292,,,,,,2022-02-18 00:30:00,IOP4,SN,,,,,,,,,,,0.5431578947368421,SN,,,Sorel,Sorel,,,"soundings_wintremix/upperair.sounding.202202172300.UQAM-Sorel.txt,soundings_wintremix/upperair.sounding.202202180100.UQAM-Sorel.txt",0.0,2022-02-18 00:30:00,Sorel2022-02-18 00:30:00,False,,,,
1293,,,,,,2022-02-18 00:40:00,IOP4,SN,,,,,,,,,,,0.14906432748538,SN,,,Sorel,Sorel,,,"soundings_wintremix/upperair.sounding.202202172300.UQAM-Sorel.txt,soundings_wintremix/upperair.sounding.202202180100.UQAM-Sorel.txt",0.0,2022-02-18 00:40:00,Sorel2022-02-18 00:40:00,False,,,,
1294,,,,,,2022-02-18 00:50:00,IOP4,SN,,,,,,,,,,,-0.24502923976608182,SN,,,Sorel,Sorel,,,"soundings_wintremix/upperair.sounding.202202172300.UQAM-Sorel.txt,soundings_wintremix/upperair.sounding.202202180100.UQAM-Sorel.txt",0.0,2022-02-18 00:50:00,Sorel2022-02-18 00:50:00,False,,,,
1295,,,,,,2022-02-18 01:00:00,IOP4,SN,,,,,,,,,,,-0.63,SN,,,Sorel,Sorel,,,"soundings_wintremix/upperair.sounding.202202180100.UQAM-Sorel.txt,soundings_wintremix/upperair.sounding.202202180300.UQAM-Sorel.txt",0.0,2022-02-18 01:00:00,Sorel2022-02-18 01:00:00,False,,,,
1296,,,,,,2022-02-18 01:10:00,IOP4,SN,,,,,,,,,,,-0.8584599156118143,SN,,,Sorel,Sorel,,,"soundings_wintremix/upperair.sounding.202202180100.UQAM-Sorel.txt,soundings_wintremix/upperair.sounding.202202180300.UQAM-Sorel.txt",0.0,2022-02-18 01:10:00,Sorel2022-02-18 01:10:00,True,upperair.sounding.202202180100.UQAM-Sorel.txt,,,
1297,,,,,,2022-02-18 01:20:00,IOP4,SN,,,,,,,,,,,-1.0869198312236286,SN,,,Sorel,Sorel,,,"soundings_wintremix/upperair.sounding.202202180100.UQAM-Sorel.txt,soundings_wintremix/upperair.sounding.202202180300.UQAM-Sorel.txt",0.0,2022-02-18 01:20:00,Sorel2022-02-18 01:20:00,False,,,,
1298,,,,,,2022-02-18 01:30:00,IOP4,SN,,,,,,,,,,,-1.315379746835443,SN,,,Sorel,Sorel,,,"soundings_wintremix/upperair.sounding.202202180100.UQAM-Sorel.txt,soundings_wintremix/upperair.sounding.202202180300.UQAM-Sorel.txt",0.0,2022-02-18 01:30:00,Sorel2022-02-18 01:30:00,False,,,,
1299,,,,,,2022-02-18 01:40:00,IOP4,SN,,,,,,,,,,,-1.5438396624472572,SN,,,Sorel,Sorel,,,"soundings_wintremix/upperair.sounding.202202180100.UQAM-Sorel.txt,soundings_wintremix/upperair.sounding.202202180300.UQAM-Sorel.txt",0.0,2022-02-18 01:40:00,Sorel2022-02-18 01:40:00,False,,,,
1300,,,,,,2022-02-18 01:50:00,IOP4,SN,,,,,,,,,,,-1.7722995780590716,SN,,,Sorel,Sorel,,,"soundings_wintremix/upperair.sounding.202202180100.UQAM-Sorel.txt,soundings_wintremix/upperair.sounding.202202180300.UQAM-Sorel.txt",0.0,2022-02-18 01:50:00,Sorel2022-02-18 01:50:00,False,,,,
1301,,,,,,2022-02-18 02:00:00,IOP4,SN,,,,,,,,,,,-2.000759493670886,SN,,,Sorel,Sorel,,,"soundings_wintremix/upperair.sounding.202202180100.UQAM-Sorel.txt,soundings_wintremix/upperair.sounding.202202180300.UQAM-Sorel.txt",0.0,2022-02-18 02:00:00,Sorel2022-02-18 02:00:00,False,,,,
1302,,,,,,2022-02-18 02:10:00,IOP4,SN,,,,,,,,,,,-2.2292194092827007,SN,,,Sorel,Sorel,,,"soundings_wintremix/upperair.sounding.202202180100.UQAM-Sorel.txt,soundings_wintremix/upperair.sounding.202202180300.UQAM-Sorel.txt",0.0,2022-02-18 02:10:00,Sorel2022-02-18 02:10:00,False,,,,
1303,,,,,,2022-02-18 02:20:00,IOP4,SN,,,,,,,,,,,-2.4576793248945146,SN,,,Sorel,Sorel,,,"soundings_wintremix/upperair.sounding.202202180100.UQAM-Sorel.txt,soundings_wintremix/upperair.sounding.202202180300.UQAM-Sorel.txt",0.0,2022-02-18 02:20:00,Sorel2022-02-18 02:20:00,False,,,,
1304,,,,,,2022-02-18 02:30:00,IOP4,SN,,,,,,,,,,,-2.686139240506329,SN,,,Sorel,Sorel,,,"soundings_wintremix/upperair.sounding.202202180100.UQAM-Sorel.txt,soundings_wintremix/upperair.sounding.202202180300.UQAM-Sorel.txt",0.0,2022-02-18 02:30:00,Sorel2022-02-18 02:30:00,False,,,,
1305,,,,,,2022-02-18 02:40:00,IOP4,SN,,,,,,,,,,,-2.9145991561181432,SN,,,Sorel,Sorel,,,"soundings_wintremix/upperair.sounding.202202180100.UQAM-Sorel.txt,soundings_wintremix/upperair.sounding.202202180300.UQAM-Sorel.txt",0.0,2022-02-18 02:40:00,Sorel2022-02-18 02:40:00,False,,,,
1306,,,,,,2022-02-18 02:50:00,IOP4,SN,,,,,,,,,,,-3.1430590717299576,SN,,,Sorel,Sorel,,,"soundings_wintremix/upperair.sounding.202202180100.UQAM-Sorel.txt,soundings_wintremix/upperair.sounding.202202180300.UQAM-Sorel.txt",0.0,2022-02-18 02:50:00,Sorel2022-02-18 02:50:00,False,,,,
1307,,,,,,2022-02-18 03:00:00,IOP4,SN,,,,,,,,,,,-3.75,SN,,,Sorel,Sorel,,,"soundings_wintremix/upperair.sounding.202202180300.UQAM-Sorel.txt,soundings_wintremix/upperair.sounding.202202180500.UQAM-Sorel.txt",0.0,2022-02-18 03:00:00,Sorel2022-02-18 03:00:00,False,,,,
1308,,,,,,2022-02-18 03:10:00,IOP4,SN,,,,,,,,,,,-3.8539855072463767,SN,,,Sorel,Sorel,,,"soundings_wintremix/upperair.sounding.202202180300.UQAM-Sorel.txt,soundings_wintremix/upperair.sounding.202202180500.UQAM-Sorel.txt",0.0,2022-02-18 03:10:00,Sorel2022-02-18 03:10:00,True,upperair.sounding.202202180300.UQAM-Sorel.txt,,,
1309,,,,,,2022-02-18 03:20:00,IOP4,SN,,,,,,,,,,,-3.9579710144927533,SN,,,Sorel,Sorel,,,"soundings_wintremix/upperair.sounding.202202180300.UQAM-Sorel.txt,soundings_wintremix/upperair.sounding.202202180500.UQAM-Sorel.txt",0.0,2022-02-18 03:20:00,Sorel2022-02-18 03:20:00,False,,,,
1310,,,,,,2022-02-18 03:30:00,IOP4,SN,,,,,,,,,,,-4.0619565217391305,SN,,,Sorel,Sorel,,,"soundings_wintremix/upperair.sounding.202202180300.UQAM-Sorel.txt,soundings_wintremix/upperair.sounding.202202180500.UQAM-Sorel.txt",0.0,2022-02-18 03:30:00,Sorel2022-02-18 03:30:00,False,,,,
1311,,,,,,2022-02-18 03:40:00,IOP4,SN,,,,,,,,,,,-4.165942028985507,SN,,,Sorel,Sorel,,,"soundings_wintremix/upperair.sounding.202202180300.UQAM-Sorel.txt,soundings_wintremix/upperair.sounding.202202180500.UQAM-Sorel.txt",0.0,2022-02-18 03:40:00,Sorel2022-02-18 03:40:00,False,,,,
1312,,,,,,2022-02-18 03:50:00,IOP4,SN,,,,,,,,,,,-4.269927536231885,SN,,,Sorel,Sorel,,,"soundings_wintremix/upperair.sounding.202202180300.UQAM-Sorel.txt,soundings_wintremix/upperair.sounding.202202180500.UQAM-Sorel.txt",0.0,2022-02-18 03:50:00,Sorel2022-02-18 03:50:00,False,,,,
1313,,,,,,2022-02-18 04:00:00,IOP4,SN,,,,,,,,,,,-4.373913043478261,SN,,,Sorel,Sorel,,,"soundings_wintremix/upperair.sounding.202202180300.UQAM-Sorel.txt,soundings_wintremix/upperair.sounding.202202180500.UQAM-Sorel.txt",0.0,2022-02-18 04:00:00,Sorel2022-02-18 04:00:00,False,,,,
1314,,,,,,2022-02-18 04:10:00,IOP4,SN,,,,,,,,,,,-4.477898550724638,SN,,,Sorel,Sorel,,,"soundings_wintremix/upperair.sounding.202202180300.UQAM-Sorel.txt,soundings_wintremix/upperair.sounding.202202180500.UQAM-Sorel.txt",0.0,2022-02-18 04:10:00,Sorel2022-02-18 04:10:00,False,,,,
1315,,,,,,2022-02-18 04:20:00,IOP4,SN,,,,,,,,,,,-4.581884057971014,SN,,,Sorel,Sorel,,,"soundings_wintremix/upperair.sounding.202202180300.UQAM-Sorel.txt,soundings_wintremix/upperair.sounding.202202180500.UQAM-Sorel.txt",0.0,2022-02-18 04:20:00,Sorel2022-02-18 04:20:00,False,,,,
1316,,,,,,2022-02-18 04:30:00,IOP4,SN,,,,,,,,,,,-4.685869565217391,SN,,,Sorel,Sorel,,,"soundings_wintremix/upperair.sounding.202202180300.UQAM-Sorel.txt,soundings_wintremix/upperair.sounding.202202180500.UQAM-Sorel.txt",0.0,2022-02-18 04:30:00,Sorel2022-02-18 04:30:00,False,,,,
1317,,,,,,2022-02-18 04:40:00,IOP4,SN,,,,,,,,,,,-4.7898550724637685,SN,,,Sorel,Sorel,,,"soundings_wintremix/upperair.sounding.202202180300.UQAM-Sorel.txt,soundings_wintremix/upperair.sounding.202202180500.UQAM-Sorel.txt",0.0,2022-02-18 04:40:00,Sorel2022-02-18 04:40:00,False,,,,
1318,,,,,,2022-02-18 04:50:00,IOP4,SN,,,,,,,,,,,-4.893840579710145,SN,,,Sorel,Sorel,,,"soundings_wintremix/upperair.sounding.202202180300.UQAM-Sorel.txt,soundings_wintremix/upperair.sounding.202202180500.UQAM-Sorel.txt",0.0,2022-02-18 04:50:00,Sorel2022-02-18 04:50:00,False,,,,
1319,,,,,,2022-02-18 05:00:00,IOP4,SN,,,,,,,,,,,-4.83,SN,,,Sorel,Sorel,,,"soundings_wintremix/upperair.sounding.202202180500.UQAM-Sorel.txt,soundings_wintremix/upperair.sounding.202202180700.UQAM-Sorel.txt",0.0,2022-02-18 05:00:00,Sorel2022-02-18 05:00:00,False,,,,
1320,,,,,,2022-02-18 05:10:00,IOP4,SN,,,,,,,,,,,-4.988297872340426,SN,,,Sorel,Sorel,,,"soundings_wintremix/upperair.sounding.202202180500.UQAM-Sorel.txt,soundings_wintremix/upperair.sounding.202202180700.UQAM-Sorel.txt",0.0,2022-02-18 05:10:00,Sorel2022-02-18 05:10:00,True,upperair.sounding.202202180500.UQAM-Sorel.txt,,,
1321,,,,,,2022-02-18 05:20:00,IOP4,SN,,,,,,,,,,,-5.146595744680852,SN,,,Sorel,Sorel,,,"soundings_wintremix/upperair.sounding.202202180500.UQAM-Sorel.txt,soundings_wintremix/upperair.sounding.202202180700.UQAM-Sorel.txt",0.0,2022-02-18 05:20:00,Sorel2022-02-18 05:20:00,False,,,,
1322,,,,,,2022-02-18 05:30:00,IOP4,SN,,,,,,,,,,,-5.304893617021277,SN,,,Sorel,Sorel,,,"soundings_wintremix/upperair.sounding.202202180500.UQAM-Sorel.txt,soundings_wintremix/upperair.sounding.202202180700.UQAM-Sorel.txt",0.0,2022-02-18 05:30:00,Sorel2022-02-18 05:30:00,False,,,,
1323,,,,,,2022-02-18 05:40:00,IOP4,SN,,,,,,,,,,,-5.4631914893617015,SN,,,Sorel,Sorel,,,"soundings_wintremix/upperair.sounding.202202180500.UQAM-Sorel.txt,soundings_wintremix/upperair.sounding.202202180700.UQAM-Sorel.txt",0.0,2022-02-18 05:40:00,Sorel2022-02-18 05:40:00,False,,,,
1324,,,,,,2022-02-18 05:50:00,IOP4,SN,,,,,,,,,,,-5.621489361702128,SN,,,Sorel,Sorel,,,"soundings_wintremix/upperair.sounding.202202180500.UQAM-Sorel.txt,soundings_wintremix/upperair.sounding.202202180700.UQAM-Sorel.txt",0.0,2022-02-18 05:50:00,Sorel2022-02-18 05:50:00,False,,,,
1325,,,,,,2022-02-18 06:00:00,IOP4,SN,,,,,,,,,,,-5.779787234042553,SN,,,Sorel,Sorel,,,"soundings_wintremix/upperair.sounding.202202180500.UQAM-Sorel.txt,soundings_wintremix/upperair.sounding.202202180700.UQAM-Sorel.txt",0.0,2022-02-18 06:00:00,Sorel2022-02-18 06:00:00,False,,,,
1326,,,,,,2022-02-18 06:10:00,IOP4,SN,,,,,,,,,,,-5.93808510638298,SN,,,Sorel,Sorel,,,"soundings_wintremix/upperair.sounding.202202180500.UQAM-Sorel.txt,soundings_wintremix/upperair.sounding.202202180700.UQAM-Sorel.txt",0.0,2022-02-18 06:10:00,Sorel2022-02-18 06:10:00,False,,,,
1327,,,,,,2022-02-18 06:20:00,IOP4,SN,,,,,,,,,,,-6.096382978723405,SN,,,Sorel,Sorel,,,"soundings_wintremix/upperair.sounding.202202180500.UQAM-Sorel.txt,soundings_wintremix/upperair.sounding.202202180700.UQAM-Sorel.txt",0.0,2022-02-18 06:20:00,Sorel2022-02-18 06:20:00,False,,,,
1328,,,,,,2022-02-18 06:30:00,IOP4,SN,,,,,,,,,,,-6.25468085106383,SN,,,Sorel,Sorel,,,"soundings_wintremix/upperair.sounding.202202180500.UQAM-Sorel.txt,soundings_wintremix/upperair.sounding.202202180700.UQAM-Sorel.txt",0.0,2022-02-18 06:30:00,Sorel2022-02-18 06:30:00,False,,,,
1329,,,,,,2022-02-18 06:40:00,IOP4,SN,,,,,,,,,,,-6.4129787234042555,SN,,,Sorel,Sorel,,,"soundings_wintremix/upperair.sounding.202202180500.UQAM-Sorel.txt,soundings_wintremix/upperair.sounding.202202180700.UQAM-Sorel.txt",0.0,2022-02-18 06:40:00,Sorel2022-02-18 06:40:00,False,,,,
1330,,,,,,2022-02-18 06:50:00,IOP4,SN,,,,,,,,,,,-6.571276595744681,SN,,,Sorel,Sorel,,,"soundings_wintremix/upperair.sounding.202202180500.UQAM-Sorel.txt,soundings_wintremix/upperair.sounding.202202180700.UQAM-Sorel.txt",0.0,2022-02-18 06:50:00,Sorel2022-02-18 06:50:00,False,,,,
1331,,,,,,2022-02-18 07:00:00,IOP4,SN,,,,,,,,,,,,SN,,,Sorel,Sorel,,,,,2022-02-18 07:00:00,Sorel2022-02-18 07:00:00,False,,,,
1332,,,,,,2022-02-18 07:10:00,IOP4,SN,,,,,,,,,,,,SN,,,Sorel,Sorel,,,,0.0,2022-02-18 07:10:00,Sorel2022-02-18 07:10:00,True,upperair.sounding.202202180700.UQAM-Sorel.txt,,,
1333,,,,,,2022-02-18 07:20:00,IOP4,SN,,,,,,,,,,,,SN,,,Sorel,Sorel,,,,,2022-02-18 07:20:00,Sorel2022-02-18 07:20:00,False,,,,
1334,,,,,,2022-02-18 07:30:00,IOP4,SN,,,,,,,,,,,,SN,,,Sorel,Sorel,,,,,2022-02-18 07:30:00,Sorel2022-02-18 07:30:00,False,,,,
1335,,,,,,2022-02-18 07:40:00,IOP4,SN,,,,,,,,,,,,SN,,,Sorel,Sorel,,,,,2022-02-18 07:40:00,Sorel2022-02-18 07:40:00,False,,,,
1336,,,,,,2022-02-18 07:50:00,IOP4,SN,,,,,,,,,,,,SN,,,Sorel,Sorel,,,,,2022-02-18 07:50:00,Sorel2022-02-18 07:50:00,False,,,,
1337,,,,,,2022-02-18 08:00:00,IOP4,SN,,,,,,,,,,,,SN,,,Sorel,Sorel,,,,,2022-02-18 08:00:00,Sorel2022-02-18 08:00:00,False,,,,
1338,-6477.497094590496,82.73507936507936,90.9521928478123,-7.899386700720118,15.0,2022-02-22 20:00:00,IOP5,,,,,1324.5303084959596,1705.0,1.5137489239953825,835.0,15.0,15.0,815.0,-8.39,,2.758911871516825,-12.739317134396538,Sorel,Sorel,1705.0,830.0,"soundings_wintremix/upperair.sounding.202202222000.UQAM-Sorel.txt,soundings_wintremix/upperair.sounding.202202222200.UQAM-Sorel.txt",870.0,2022-02-22 20:00:00,Sorel2022-02-22 20:00:00,False,,0.0,-7.261666666666667,69.27
1723,-6477.497094590496,82.73507936507936,90.9521928478123,-7.899386700720118,15.0,,,,,,,1324.5303084959596,1705.0,1.5137489239953825,835.0,15.0,15.0,815.0,,,2.758911871516825,-12.739317134396538,,,1705.0,830.0,,870.0,2022-02-22 20:10:00,Sorel2022-02-22 20:10:00,True,upperair.sounding.202202222000.UQAM-Sorel.txt,,,
1339,-6142.375227364237,84.77489047619048,92.50152021019666,-7.824681818298391,15.0,2022-02-22 20:30:00,IOP5,,,,,1629.085606465911,1735.0,1.7330697941126714,800.0,15.0,15.0,780.0,-8.301337209302325,,3.1037524497935687,-12.458320416709732,Sorel,Sorel,1735.0,795.0,"soundings_wintremix/upperair.sounding.202202222000.UQAM-Sorel.txt,soundings_wintremix/upperair.sounding.202202222200.UQAM-Sorel.txt",935.0,2022-02-22 20:30:00,Sorel2022-02-22 20:30:00,False,,0.0,-7.2,69.59416666666667
1340,-5836.164099686095,86.81470158730158,95.55891681258382,-7.940359319300811,15.0,2022-02-22 21:00:00,IOP5,,,,,1971.7676324747426,1765.0,1.9331055220340618,750.0,15.0,15.0,730.0,-8.212674418604651,,3.5036558193270286,-12.29816533100434,Sorel,Sorel,1765.0,745.0,"soundings_wintremix/upperair.sounding.202202222000.UQAM-Sorel.txt,soundings_wintremix/upperair.sounding.202202222200.UQAM-Sorel.txt",1015.0,2022-02-22 21:00:00,Sorel2022-02-22 21:00:00,False,,0.0005,-7.31,70.82
1341,-5744.217674057467,87.49463862433862,96.65977804107871,-8.324953150807925,15.0,2022-02-22 21:10:00,IOP5,,,,,2098.3993210916706,1775.0,1.951999368457368,705.0,15.0,15.0,685.0,-8.183120155038761,,3.656361997144073,-12.244780302435878,Sorel,Sorel,1775.0,700.0,"soundings_wintremix/upperair.sounding.202202222000.UQAM-Sorel.txt,soundings_wintremix/upperair.sounding.202202222200.UQAM-Sorel.txt",1070.0,2022-02-22 21:10:00,Sorel2022-02-22 21:10:00,False,,0.0038,-7.4275,71.33333333333333
1342,-5664.050155677966,88.27711617600505,97.75760480700303,-8.391185415819209,15.0,2022-02-22 21:20:00,IOP5,FZRA,PL,,,2238.0934275207555,1795.0,2.016300385153834,690.0,15.0,15.0,670.0,-8.153565891472867,FZRA and PL,3.8133101402369367,-12.191926101407466,Sorel,Sorel,1795.0,685.0,"soundings_wintremix/upperair.sounding.202202222000.UQAM-Sorel.txt,soundings_wintremix/upperair.sounding.202202222200.UQAM-Sorel.txt",1105.0,2022-02-22 21:20:00,Sorel2022-02-22 21:20:00,False,,0.0054,-7.4366666666666665,72.33
1343,-5587.5610950848,89.3507437932438,98.85240357805651,-8.402347511405715,15.0,2022-02-22 21:30:00,IOP5,FZRA,PL,,,2383.343781906844,1815.0,2.0906524402691615,680.0,15.0,15.0,660.0,-8.124011627906977,FZRA and PL,3.974965636064142,-12.1449984031515,Sorel,Sorel,1815.0,675.0,"soundings_wintremix/upperair.sounding.202202222000.UQAM-Sorel.txt,soundings_wintremix/upperair.sounding.202202222200.UQAM-Sorel.txt",1135.0,2022-02-22 21:30:00,Sorel2022-02-22 21:30:00,False,,0.15009999999999998,-7.4,73.21499999999999
1344,-5512.4514232227,90.45027479091996,99.9441808119163,-8.289400636425112,15.0,2022-02-22 21:40:00,IOP5,FZRA,PL,,,2532.9130436034193,1840.0,2.174174286354866,680.0,15.0,15.0,660.0,-8.094457364341086,FZRA and PL,4.136621131891347,-12.09807070489554,Sorel,Sorel,1840.0,675.0,"soundings_wintremix/upperair.sounding.202202222000.UQAM-Sorel.txt,soundings_wintremix/upperair.sounding.202202222200.UQAM-Sorel.txt",1160.0,2022-02-22 21:40:00,Sorel2022-02-22 21:40:00,False,,0.5692,-7.449166666666667,75.05916666666667
1345,-5438.383784129917,91.55501194743131,101.03294295623172,-8.239975430499873,15.0,2022-02-22 21:50:00,IOP5,FZRA,PL,,,2686.6797810347894,1880.0,2.220396513251892,675.0,15.0,15.0,655.0,-8.064903100775194,FZRA and PL,4.2982766277185505,-12.053297094010965,Sorel,Sorel,1880.0,670.0,"soundings_wintremix/upperair.sounding.202202222000.UQAM-Sorel.txt,soundings_wintremix/upperair.sounding.202202222200.UQAM-Sorel.txt",1205.0,2022-02-22 21:50:00,Sorel2022-02-22 21:50:00,False,,1.1105,-7.5,76.88083333333334
1346,-5387.768007235423,92.92851851851852,102.22936969607522,-8.16328485944761,12.0,2022-02-22 22:00:00,IOP5,PL,FZRA,,,2847.548598540437,1922.0,2.2689630267254475,672.0,12.0,12.0,655.0,-7.73,FZRA and PL,4.44899655464701,-12.012015349276048,Sorel,Sorel,1922.0,667.0,"soundings_wintremix/upperair.sounding.202202222200.UQAM-Sorel.txt,soundings_wintremix/upperair.sounding.202202230000.UQAM-Sorel.txt",1250.0,2022-02-22 22:00:00,Sorel2022-02-22 22:00:00,False,,1.888,-7.5,78.37916666666666
1347,-5387.768007235423,92.92851851851852,102.22936969607522,-8.16328485944761,12.0,2022-02-22 22:10:00,IOP5,PL,FZRA,,,2847.548598540437,1922.0,2.2689630267254475,672.0,12.0,12.0,655.0,-7.644416666666666,FZRA and PL,4.44899655464701,-12.012015349276048,Sorel,Sorel,1922.0,667.0,"soundings_wintremix/upperair.sounding.202202222200.UQAM-Sorel.txt,soundings_wintremix/upperair.sounding.202202230000.UQAM-Sorel.txt",1250.0,2022-02-22 22:10:00,Sorel2022-02-22 22:10:00,True,upperair.sounding.202202222200.UQAM-Sorel.txt,1.7548000000000001,-7.5,78.98916666666668
1348,-5036.397771971484,93.85802812071331,102.08527795337523,-7.748304264571514,12.0,2022-02-22 22:20:00,IOP5,PL,FZRA,,,3122.8949493320365,1977.0,2.3658295070697246,662.0,12.0,12.0,645.0,-7.558833333333334,FZRA and PL,4.477852671717032,-11.363615553687309,Sorel,Sorel,1977.0,657.0,"soundings_wintremix/upperair.sounding.202202222200.UQAM-Sorel.txt,soundings_wintremix/upperair.sounding.202202230000.UQAM-Sorel.txt",1315.0,2022-02-22 22:20:00,Sorel2022-02-22 22:20:00,False,,2.298,-7.4375,79.91000000000001
1349,-4864.1526326313115,94.32278292181071,102.00970601375526,-7.660082886033561,12.0,2022-02-22 22:30:00,IOP5,PL,,,,3266.5199330211035,1997.0,2.4107158177277515,647.0,12.0,12.0,630.0,-7.47325,PL,4.4958777300808315,-11.134453383276133,Sorel,Sorel,1997.0,642.0,"soundings_wintremix/upperair.sounding.202202222200.UQAM-Sorel.txt,soundings_wintremix/upperair.sounding.202202230000.UQAM-Sorel.txt",1350.0,2022-02-22 22:30:00,Sorel2022-02-22 22:30:00,False,,1.4667999999999999,-7.4,80.4
1350,-4695.351150608174,94.78753772290808,101.93182925811136,-7.512561840973077,12.0,2022-02-22 22:40:00,IOP5,PL,,,,3414.6102180049165,2017.0,2.4654225400757515,637.0,12.0,12.0,620.0,-7.387666666666666,PL,4.513902788444631,-10.91153566988759,Sorel,Sorel,2017.0,632.0,"soundings_wintremix/upperair.sounding.202202222200.UQAM-Sorel.txt,soundings_wintremix/upperair.sounding.202202230000.UQAM-Sorel.txt",1380.0,2022-02-22 22:40:00,Sorel2022-02-22 22:40:00,False,,1.2333,-7.410833333333334,80.91000000000001
1351,-4528.532871172186,95.2522925240055,101.85550467220571,-7.304085276084172,12.0,2022-02-22 22:50:00,IOP5,PL,,,,3565.982468977935,2027.0,2.547130334984239,632.0,12.0,12.0,615.0,-7.302083333333334,PL,4.538299605512575,-10.68861795649905,Sorel,Sorel,2027.0,627.0,"soundings_wintremix/upperair.sounding.202202222200.UQAM-Sorel.txt,soundings_wintremix/upperair.sounding.202202230000.UQAM-Sorel.txt",1395.0,2022-02-22 22:50:00,Sorel2022-02-22 22:50:00,False,,1.1531,-7.430833333333334,81.71000000000001
1352,-4366.430660942546,95.80440607570904,102.00369280618939,-7.338538925953857,12.0,2022-02-22 23:00:00,IOP5,PL,,,,3723.0450016510467,2037.0,2.5944564471435863,607.0,12.0,12.0,590.0,-7.2165,PL,4.565434939148065,-10.465700243110504,Sorel,Sorel,2037.0,602.0,"soundings_wintremix/upperair.sounding.202202222200.UQAM-Sorel.txt,soundings_wintremix/upperair.sounding.202202230000.UQAM-Sorel.txt",1430.0,2022-02-22 23:00:00,Sorel2022-02-22 23:00:00,False,,1.6299,-7.4,82.55166666666668
1353,-4209.47061858288,96.42771903801274,102.1486949193015,-7.257707963073932,12.0,2022-02-22 23:10:00,IOP5,PL,,,,3885.950199808665,2047.0,2.6616097258963456,592.0,12.0,12.0,575.0,-7.130916666666668,PL,4.5950763080950745,-10.244648512505751,Sorel,Sorel,2047.0,587.0,"soundings_wintremix/upperair.sounding.202202222200.UQAM-Sorel.txt,soundings_wintremix/upperair.sounding.202202230000.UQAM-Sorel.txt",1455.0,2022-02-22 23:10:00,Sorel2022-02-22 23:10:00,False,,1.6533000000000002,-7.4,83.2325
1354,-4057.359686176861,97.05103200031644,102.29053910344457,-7.181167586153736,12.0,2022-02-22 23:20:00,IOP5,PL,,,,4055.3285871502244,2067.0,2.7125943726757358,577.0,12.0,12.0,560.0,-7.045333333333334,PL,4.624717677042084,-10.030481389330461,Sorel,Sorel,2067.0,572.0,"soundings_wintremix/upperair.sounding.202202222200.UQAM-Sorel.txt,soundings_wintremix/upperair.sounding.202202230000.UQAM-Sorel.txt",1490.0,2022-02-22 23:20:00,Sorel2022-02-22 23:20:00,False,,3.4516999999999998,-7.3358333333333325,84.16916666666665
1355,-3909.364022537405,97.67434496262017,102.49319342481327,-7.043899139707036,12.0,2022-02-22 23:30:00,IOP5,PL,,,,4229.510075261777,2077.0,2.7917558252552985,567.0,12.0,12.0,550.0,-6.9597500000000005,PL,4.654359045989094,-9.822981247860033,Sorel,Sorel,2077.0,562.0,"soundings_wintremix/upperair.sounding.202202222200.UQAM-Sorel.txt,soundings_wintremix/upperair.sounding.202202230000.UQAM-Sorel.txt",1510.0,2022-02-22 23:30:00,Sorel2022-02-22 23:30:00,False,,1.3118,-7.171666666666667,85.08
1356,-3770.145963293993,98.29765792492387,102.85553338165936,-7.181230406274271,12.0,2022-02-22 23:40:00,IOP5,PL,,,,4413.129584134566,2092.0,2.8289292205990813,537.0,12.0,12.0,520.0,-6.8741666666666665,PL,4.6901910425627,-9.639882443853184,Sorel,Sorel,2092.0,532.0,"soundings_wintremix/upperair.sounding.202202222200.UQAM-Sorel.txt,soundings_wintremix/upperair.sounding.202202230000.UQAM-Sorel.txt",1555.0,2022-02-22 23:40:00,Sorel2022-02-22 23:40:00,False,,1.7561,-6.971666666666667,85.55833333333334
1357,-3632.411058740225,98.92097088722757,103.214503945431,-6.985405882192741,12.0,2022-02-22 23:50:00,IOP5,PL,,,,4599.749088629326,2112.0,2.902049898188849,532.0,12.0,12.0,515.0,-6.788583333333333,PL,4.72605682092464,-9.456783639846334,Sorel,Sorel,2112.0,527.0,"soundings_wintremix/upperair.sounding.202202222200.UQAM-Sorel.txt,soundings_wintremix/upperair.sounding.202202230000.UQAM-Sorel.txt",1580.0,2022-02-22 23:50:00,Sorel2022-02-22 23:50:00,False,,1.6267,-6.7091666666666665,85.79583333333333
1358,-3494.8112542128156,99.57132075471698,103.63172490050684,-6.720790873486182,12.0,2022-02-23 00:00:00,IOP5,PL,,,,4788.972203342602,2132.0,2.9837833042633033,532.0,12.0,12.0,515.0,-6.72,PL,4.790679767161782,-9.279816497766962,Sorel,Sorel,2132.0,527.0,"soundings_wintremix/upperair.sounding.202202230000.UQAM-Sorel.txt,soundings_wintremix/upperair.sounding.202202230200.UQAM-Sorel.txt",1600.0,2022-02-23 00:00:00,Sorel2022-02-23 00:00:00,False,,1.7143000000000002,-6.538333333333333,85.85916666666667
1359,-3494.8112542128156,99.57132075471698,103.63172490050684,-6.720790873486182,12.0,2022-02-23 00:10:00,IOP5,PL,,,,4788.972203342602,2132.0,2.9837833042633033,532.0,12.0,12.0,515.0,-6.459887387387386,PL,4.790679767161782,-9.279816497766962,Sorel,Sorel,2132.0,527.0,"soundings_wintremix/upperair.sounding.202202230000.UQAM-Sorel.txt,soundings_wintremix/upperair.sounding.202202230200.UQAM-Sorel.txt",1600.0,2022-02-23 00:10:00,Sorel2022-02-23 00:10:00,True,upperair.sounding.202202230000.UQAM-Sorel.txt,2.319,-6.3625,86.44666666666667
1360,-3271.9401835071794,99.33908805031447,103.32820439077202,-6.353281909722677,12.0,2022-02-23 00:20:00,IOP5,PL,,,,4749.586142103277,2122.0,2.9684913388145473,527.0,12.0,12.0,510.0,-6.199774774774775,PL,4.737735647920677,-8.777175309736688,Sorel,Sorel,2122.0,522.0,"soundings_wintremix/upperair.sounding.202202230000.UQAM-Sorel.txt,soundings_wintremix/upperair.sounding.202202230200.UQAM-Sorel.txt",1595.0,2022-02-23 00:20:00,Sorel2022-02-23 00:20:00,False,,2.0126999999999997,-6.170833333333333,86.87833333333333
1361,-3161.209104006756,99.22297169811321,103.38276911016449,-6.198449223542659,12.0,2022-02-23 00:30:00,IOP5,PL,,,,4730.660832406717,2122.0,2.947452232029107,522.0,12.0,12.0,505.0,-5.939662162162162,PL,4.717140762931365,-8.525854715721549,Sorel,Sorel,2122.0,517.0,"soundings_wintremix/upperair.sounding.202202230000.UQAM-Sorel.txt,soundings_wintremix/upperair.sounding.202202230200.UQAM-Sorel.txt",1600.0,2022-02-23 00:30:00,Sorel2022-02-23 00:30:00,False,,2.4821999999999997,-5.8983333333333325,87.24333333333334
1362,-3051.300850255473,99.10685534591194,103.4364649100104,-6.042179901495986,12.0,2022-02-23 00:40:00,IOP5,PL,,,,4712.603087817595,2117.0,2.9362013008209322,517.0,12.0,12.0,500.0,-5.679549549549549,PL,4.702101368695747,-8.274534121706411,Sorel,Sorel,2117.0,512.0,"soundings_wintremix/upperair.sounding.202202230000.UQAM-Sorel.txt,soundings_wintremix/upperair.sounding.202202230200.UQAM-Sorel.txt",1600.0,2022-02-23 00:40:00,Sorel2022-02-23 00:40:00,False,,2.8998999999999997,-5.62,87.1125
1363,-2942.209628265584,98.9907389937107,103.48929624081906,-5.943857834879967,12.0,2022-02-23 00:50:00,IOP5,PL,,,,4695.374561390495,2117.0,2.907352669591638,507.0,12.0,12.0,490.0,-5.419436936936937,PL,4.687061974460129,-8.023213527691274,Sorel,Sorel,2117.0,502.0,"soundings_wintremix/upperair.sounding.202202230000.UQAM-Sorel.txt,soundings_wintremix/upperair.sounding.202202230200.UQAM-Sorel.txt",1610.0,2022-02-23 00:50:00,Sorel2022-02-23 00:50:00,False,,3.8608,-5.473333333333333,86.97749999999999
1364,-2833.7191704943293,98.87462264150943,103.54126753596063,-5.724685192917837,12.0,2022-02-23 01:00:00,IOP5,PL,,,,4678.824426331234,2107.0,2.915155405813852,507.0,12.0,12.0,490.0,-5.1593243243243245,PL,4.672022580224511,-7.771892933676136,Sorel,Sorel,2107.0,502.0,"soundings_wintremix/upperair.sounding.202202230000.UQAM-Sorel.txt,soundings_wintremix/upperair.sounding.202202230200.UQAM-Sorel.txt",1600.0,2022-02-23 01:00:00,Sorel2022-02-23 01:00:00,False,,5.434900000000001,-5.381666666666667,87.04833333333333
1365,-2726.017291754144,98.77025641025641,103.65891371541638,-5.620654209802359,12.0,2022-02-23 01:10:00,IOP5,PL,,,,4663.386469698838,2082.0,2.932947465219395,497.0,12.0,12.0,480.0,-4.899211711711712,PL,4.656983185988894,-7.5205723396609985,Sorel,Sorel,2082.0,492.0,"soundings_wintremix/upperair.sounding.202202230000.UQAM-Sorel.txt,soundings_wintremix/upperair.sounding.202202230200.UQAM-Sorel.txt",1585.0,2022-02-23 01:10:00,Sorel2022-02-23 01:10:00,False,,7.7089,-5.255833333333333,87.39333333333335
1366,-2618.8084890245295,98.7880846153846,103.79644778500796,-5.455851018801103,12.0,2022-02-23 01:20:00,IOP5,PL,,,,4648.724481821687,2077.0,2.9237260891960295,492.0,12.0,12.0,475.0,-4.639099099099099,PL,4.643673689535376,-7.2779655325190005,Sorel,Sorel,2077.0,487.0,"soundings_wintremix/upperair.sounding.202202230000.UQAM-Sorel.txt,soundings_wintremix/upperair.sounding.202202230200.UQAM-Sorel.txt",1585.0,2022-02-23 01:20:00,Sorel2022-02-23 01:20:00,False,,6.2341999999999995,-5.0825,87.91583333333332
1367,-2511.975936797432,98.99243076923077,103.9327505642845,-5.288370393257751,12.0,2022-02-23 01:30:00,IOP5,PL,,,,4634.564085681519,2077.0,2.905682812339511,487.0,12.0,12.0,470.0,-4.378986486486487,PL,4.631222506623533,-7.036091519048487,Sorel,Sorel,2077.0,482.0,"soundings_wintremix/upperair.sounding.202202230000.UQAM-Sorel.txt,soundings_wintremix/upperair.sounding.202202230200.UQAM-Sorel.txt",1590.0,2022-02-23 01:30:00,Sorel2022-02-23 01:30:00,False,,7.1634,-4.844166666666667,88.24083333333333
1368,-2405.599013072972,99.23191025641025,104.06782769448759,-5.118295772495686,12.0,2022-02-23 01:40:00,IOP5,PL,,,,4620.933953473448,2072.0,2.8971372749049835,482.0,12.0,12.0,465.0,-4.118873873873874,PL,4.61877132371169,-6.79421750557797,Sorel,Sorel,2072.0,477.0,"soundings_wintremix/upperair.sounding.202202230000.UQAM-Sorel.txt,soundings_wintremix/upperair.sounding.202202230200.UQAM-Sorel.txt",1590.0,2022-02-23 01:40:00,Sorel2022-02-23 01:40:00,False,,5.679,-4.4766666666666675,89.13416666666667
1369,-2299.7053252354617,99.47138974358974,104.20168479718103,-4.892990053692472,12.0,2022-02-23 01:50:00,IOP5,PL,FZRA,,,4607.8965716754155,2067.0,2.8980481582864246,482.0,12.0,12.0,465.0,-3.8587612612612614,FZRA and PL,4.606320140799846,-6.552343492107455,Sorel,Sorel,2067.0,477.0,"soundings_wintremix/upperair.sounding.202202230000.UQAM-Sorel.txt,soundings_wintremix/upperair.sounding.202202230200.UQAM-Sorel.txt",1585.0,2022-02-23 01:50:00,Sorel2022-02-23 01:50:00,False,,6.4656,-4.039166666666667,89.5125
1370,-2193.7389754921905,100.0,104.35626782211756,-4.717718226864925,12.0,2022-02-23 02:00:00,IOP5,PL,FZRA,,,4596.3756992350245,2062.0,2.890802326562909,477.0,12.0,12.0,460.0,-3.95,FZRA and PL,4.600148045273098,-6.315983007660389,Sorel,Sorel,2062.0,472.0,"soundings_wintremix/upperair.sounding.202202230200.UQAM-Sorel.txt,soundings_wintremix/upperair.sounding.202202230415.UQAM-Sorel.txt",1585.0,2022-02-23 02:00:00,Sorel2022-02-23 02:00:00,False,,6.5324,-3.7666666666666666,89.49
1371,-2193.7389754921905,100.0,104.35626782211756,-4.717718226864925,12.0,2022-02-23 02:10:00,IOP5,PL,FZRA,,,4596.3756992350245,2062.0,2.890802326562909,477.0,12.0,12.0,460.0,-3.828148148148148,FZRA and PL,4.600148045273098,-6.315983007660389,Sorel,Sorel,2062.0,472.0,"soundings_wintremix/upperair.sounding.202202230200.UQAM-Sorel.txt,soundings_wintremix/upperair.sounding.202202230415.UQAM-Sorel.txt",1585.0,2022-02-23 02:10:00,Sorel2022-02-23 02:10:00,True,upperair.sounding.202202230200.UQAM-Sorel.txt,6.1655999999999995,-3.561666666666667,89.7625
1372,-2064.141842815826,98.63450502972108,103.3474539950597,-4.487264875686577,12.0,2022-02-23 02:20:00,IOP5,PL,,,,4599.703002355003,2072.0,2.8658585684454847,472.0,12.0,12.0,455.0,-3.7062962962962964,PL,4.572436420440026,-5.919845755214203,Sorel,Sorel,2072.0,467.0,"soundings_wintremix/upperair.sounding.202202230200.UQAM-Sorel.txt,soundings_wintremix/upperair.sounding.202202230415.UQAM-Sorel.txt",1600.0,2022-02-23 02:20:00,Sorel2022-02-23 02:20:00,False,,5.5243,-3.3108333333333335,89.98833333333333
1373,-2000.0905598982451,98.30931313131313,102.84406492115868,-4.444645688662766,12.0,2022-02-23 02:30:00,IOP5,PL,,,,4602.282377818146,2077.0,2.840915048035893,462.0,12.0,12.0,445.0,-3.5844444444444443,PL,4.55858060802349,-5.808843011186701,Sorel,Sorel,2077.0,457.0,"soundings_wintremix/upperair.sounding.202202230200.UQAM-Sorel.txt,soundings_wintremix/upperair.sounding.202202230415.UQAM-Sorel.txt",1615.0,2022-02-23 02:30:00,Sorel2022-02-23 02:30:00,False,,5.8264,-3.115,90.02083333333333
1374,-1936.5659261353583,98.28376327376327,102.34142952151906,-4.303479835856352,12.0,2022-02-23 02:40:00,IOP5,PL,,,,4605.495859457168,2082.0,2.834151298127488,462.0,12.0,12.0,445.0,-3.4625925925925927,PL,4.544724795606953,-5.699170493585648,Sorel,Sorel,2082.0,457.0,"soundings_wintremix/upperair.sounding.202202230200.UQAM-Sorel.txt,soundings_wintremix/upperair.sounding.202202230415.UQAM-Sorel.txt",1620.0,2022-02-23 02:40:00,Sorel2022-02-23 02:40:00,False,,5.4460999999999995,-2.8858333333333333,90.39083333333333
1375,-1873.5214259693155,98.29681947681948,101.92997591376482,-4.210160507796215,12.0,2022-02-23 02:50:00,IOP5,PL,,,,4611.178335935339,2127.0,2.75294229011065,457.0,12.0,12.0,440.0,-3.340740740740741,PL,4.530868983190417,-5.613007516180288,Sorel,Sorel,2127.0,452.0,"soundings_wintremix/upperair.sounding.202202230200.UQAM-Sorel.txt,soundings_wintremix/upperair.sounding.202202230415.UQAM-Sorel.txt",1670.0,2022-02-23 02:50:00,Sorel2022-02-23 02:50:00,False,,4.7351,-2.6425,90.54583333333333
1376,-1810.514841268572,98.30987567987567,101.86814535035326,-4.068572677008027,12.0,2022-02-23 03:00:00,IOP5,PL,FZRA,,,4616.476039867901,2132.0,2.7479024046832743,457.0,12.0,12.0,440.0,-3.218888888888889,FZRA and PL,4.576870132218213,-5.526844538774928,Sorel,Sorel,2132.0,452.0,"soundings_wintremix/upperair.sounding.202202230200.UQAM-Sorel.txt,soundings_wintremix/upperair.sounding.202202230415.UQAM-Sorel.txt",1675.0,2022-02-23 03:00:00,Sorel2022-02-23 03:00:00,False,,4.3718,-2.3541666666666665,90.39416666666666
1377,-1747.7294383328692,98.32293188293187,101.85092082493257,-3.9721123598474297,12.0,2022-02-23 03:10:00,IOP5,PL,FZRA,,,4622.085870476024,2137.0,2.734962053536109,452.0,12.0,12.0,435.0,-3.097037037037037,FZRA and PL,4.6935572631533,-5.4406815613695665,Sorel,Sorel,2137.0,447.0,"soundings_wintremix/upperair.sounding.202202230200.UQAM-Sorel.txt,soundings_wintremix/upperair.sounding.202202230415.UQAM-Sorel.txt",1685.0,2022-02-23 03:10:00,Sorel2022-02-23 03:10:00,False,,4.0638,-2.0833333333333335,90.275
1378,-1685.1327494205784,98.33598808598808,101.83345119436369,-3.829847157774042,12.0,2022-02-23 03:20:00,IOP5,PL,FZRA,,,4628.237881208779,2157.0,2.7065718603560103,452.0,12.0,12.0,435.0,-2.975185185185185,FZRA and PL,4.8102443940883886,-5.354518583964207,Sorel,Sorel,2157.0,447.0,"soundings_wintremix/upperair.sounding.202202230200.UQAM-Sorel.txt,soundings_wintremix/upperair.sounding.202202230415.UQAM-Sorel.txt",1705.0,2022-02-23 03:20:00,Sorel2022-02-23 03:20:00,False,,3.3571,-2.0175,89.48166666666665
1379,-1622.5360605082874,98.34904428904427,101.81573758334495,-3.6875819557006535,12.0,2022-02-23 03:30:00,IOP5,PL,FZRA,,,4634.645284539847,2157.0,2.710318879847864,452.0,12.0,12.0,435.0,-2.853333333333333,FZRA and PL,4.926931525023477,-5.268355606558846,Sorel,Sorel,2157.0,447.0,"soundings_wintremix/upperair.sounding.202202230200.UQAM-Sorel.txt,soundings_wintremix/upperair.sounding.202202230415.UQAM-Sorel.txt",1705.0,2022-02-23 03:30:00,Sorel2022-02-23 03:30:00,False,,2.1292999999999997,-2.0,89.39416666666666
1380,-1560.0988199859876,98.4931701180285,101.79778111271315,-3.586434068933305,12.0,2022-02-23 03:40:00,IOP5,PL,FZRA,,,4641.212136260906,2157.0,2.706246143592365,447.0,12.0,12.0,430.0,-2.731481481481481,FZRA and PL,5.0556805913990495,-5.182192629153486,Sorel,Sorel,2157.0,442.0,"soundings_wintremix/upperair.sounding.202202230200.UQAM-Sorel.txt,soundings_wintremix/upperair.sounding.202202230415.UQAM-Sorel.txt",1710.0,2022-02-23 03:40:00,Sorel2022-02-23 03:40:00,False,,0.9936999999999999,-2.075,88.85416666666667
1381,-1495.652915193543,98.65289889453723,101.77958289945373,-3.692970160971712,12.0,2022-02-23 03:50:00,IOP5,FZRA,PL,,,4648.07347537215,2162.0,2.694535348041826,442.0,12.0,12.0,400.0,-2.6096296296296293,FZRA and PL,5.1963168163187365,-5.096029651748126,Sorel,Sorel,2162.0,412.0,"soundings_wintremix/upperair.sounding.202202230200.UQAM-Sorel.txt,soundings_wintremix/upperair.sounding.202202230415.UQAM-Sorel.txt",1720.0,2022-02-23 03:50:00,Sorel2022-02-23 03:50:00,False,,0.4457,-2.2141666666666664,88.59166666666667
1382,-1439.5350484751714,98.81262767104597,101.8367897279182,-3.78825012756624,12.0,2022-02-23 04:00:00,IOP5,FZRA,PL,,,4655.358232751355,2162.0,2.6987583957978876,442.0,12.0,12.0,375.0,-2.4877777777777776,FZRA and PL,5.336953041238423,-5.009866674342765,Sorel,Sorel,2162.0,387.0,"soundings_wintremix/upperair.sounding.202202230200.UQAM-Sorel.txt,soundings_wintremix/upperair.sounding.202202230415.UQAM-Sorel.txt",1720.0,2022-02-23 04:00:00,Sorel2022-02-23 04:00:00,False,,0.4524,-2.2708333333333335,89.13666666666667
1383,-1388.3769916376882,98.55771303303489,101.91779484132385,-3.702338644367168,12.0,2022-02-23 04:10:00,IOP5,FZRA,,,,4662.846710698056,2162.0,2.6952871160104372,437.0,12.0,12.0,370.0,-2.3659259259259255,FZRA,5.47758926615811,-4.923703696937405,Sorel,Sorel,2162.0,382.0,"soundings_wintremix/upperair.sounding.202202230200.UQAM-Sorel.txt,soundings_wintremix/upperair.sounding.202202230415.UQAM-Sorel.txt",1725.0,2022-02-23 04:10:00,Sorel2022-02-23 04:10:00,False,,0.3335,-2.2449999999999997,89.56333333333333
1384,-1363.3691930876632,98.92595744680851,102.3894328783332,-3.6356511815671024,12.0,2022-02-23 04:20:00,IOP5,FZRA,,,,4667.111760394029,2162.0,2.6977524626555085,437.0,12.0,12.0,370.0,,FZRA,5.547907378617953,-4.921206037427199,Sorel,Sorel,2162.0,382.0,,1725.0,2022-02-23 04:20:00,Sorel2022-02-23 04:20:00,True,upperair.sounding.202202230415.UQAM-Sorel.txt,0.0988,-2.234166666666667,89.43916666666668
1385,,,,,,2022-02-23 04:30:00,IOP5,FZRA,,,,,,,,,,,,FZRA,,,Sorel,Sorel,,,,,2022-02-23 04:30:00,Sorel2022-02-23 04:30:00,False,,0.3317,-2.2508333333333335,89.73916666666668
1386,,,,,,2022-02-23 04:40:00,IOP5,FZRA,,,,,,,,,,,,FZRA,,,Sorel,Sorel,,,,,2022-02-23 04:40:00,Sorel2022-02-23 04:40:00,False,,0.7662,-2.1966666666666668,90.01083333333332
1387,,,,,,2022-02-23 04:50:00,IOP5,FZRA,,,,,,,,,,,,FZRA,,,Sorel,Sorel,,,,,2022-02-23 04:50:00,Sorel2022-02-23 04:50:00,False,,0.06949999999999999,-2.1958333333333333,89.6325
1388,,,,,,2022-02-23 05:00:00,IOP5,,,,,,,,,,,,,,,,Sorel,Sorel,,,,,2022-02-23 05:00:00,Sorel2022-02-23 05:00:00,False,,0.15689999999999998,-2.2,89.6875
1389,,,,,,2022-02-23 05:10:00,IOP5,FZRA,,,,,,,,,,,,FZRA,,,Sorel,Sorel,,,,,2022-02-23 05:10:00,Sorel2022-02-23 05:10:00,False,,0.24430000000000002,-2.1441666666666666,89.9825
1390,,,,,,2022-02-23 05:20:00,IOP5,FZRA,,,,,,,,,,,,FZRA,,,Sorel,Sorel,,,,,2022-02-23 05:20:00,Sorel2022-02-23 05:20:00,False,,0.16770000000000002,-2.2966666666666664,89.2625
1391,,,,,,2022-02-23 05:30:00,IOP5,FZRA,,,,,,,,,,,,FZRA,,,Sorel,Sorel,,,,,2022-02-23 05:30:00,Sorel2022-02-23 05:30:00,False,,0.1131,-2.5533333333333332,89.34583333333333
1392,,,,,,2022-02-23 05:40:00,IOP5,FZRA,,,,,,,,,,,,FZRA,,,Sorel,Sorel,,,,,2022-02-23 05:40:00,Sorel2022-02-23 05:40:00,False,,0.8114000000000001,-2.6058333333333334,89.79416666666665
1393,,,,,,2022-02-23 05:50:00,IOP5,FZRA,,,,,,,,,,,,FZRA,,,Sorel,Sorel,,,,,2022-02-23 05:50:00,Sorel2022-02-23 05:50:00,False,,1.0026,-2.6975000000000002,89.79333333333334
1394,,,,,,2022-02-23 06:00:00,IOP5,FZRA,,,,,,,,,,,,FZRA,,,Sorel,Sorel,,,,,2022-02-23 06:00:00,Sorel2022-02-23 06:00:00,False,,1.2554,-2.694166666666667,89.96000000000001
1395,,,,,,2022-02-23 06:10:00,IOP5,FZRA,,,,,,,,,,,,FZRA,,,Sorel,Sorel,,,,,2022-02-23 06:10:00,Sorel2022-02-23 06:10:00,False,,0.06833333333333333,-2.7,89.41333333333334
1396,,,,,,2022-03-01 16:00:00,IOP7,SN,,,,,,,,,,,,SN,,,Sorel,Sorel,,,,,2022-03-01 16:00:00,Sorel2022-03-01 16:00:00,False,,,,
1397,,,,,,2022-03-01 16:10:00,IOP7,SN,,,,,,,,,,,,SN,,,Sorel,Sorel,,,,,2022-03-01 16:10:00,Sorel2022-03-01 16:10:00,False,,,,
1398,,,,,,2022-03-01 16:20:00,IOP7,SN,,,,,,,,,,,,SN,,,Sorel,Sorel,,,,,2022-03-01 16:20:00,Sorel2022-03-01 16:20:00,False,,,,
1399,,,,,,2022-03-01 16:30:00,IOP7,SN,,,,,,,,,,,,SN,,,Sorel,Sorel,,,,,2022-03-01 16:30:00,Sorel2022-03-01 16:30:00,False,,,,
1400,,,,,,2022-03-01 16:40:00,IOP7,SN,,,,,,,,,,,,SN,,,Sorel,Sorel,,,,,2022-03-01 16:40:00,Sorel2022-03-01 16:40:00,False,,,,
1401,,,,,,2022-03-01 16:50:00,IOP7,SN,,,,,,,,,,,,SN,,,Sorel,Sorel,,,,,2022-03-01 16:50:00,Sorel2022-03-01 16:50:00,False,,,,
1402,,,,,,2022-03-01 17:00:00,IOP7,SN,,,,,,,,,,,-12.15,SN,,,Sorel,Sorel,,,"soundings_wintremix/upperair.sounding.202203011700.UQAM-Sorel.txt,soundings_wintremix/upperair.sounding.202203011900.UQAM-Sorel.txt",0.0,2022-03-01 17:00:00,Sorel2022-03-01 17:00:00,False,,,,
1403,,,,,,2022-03-01 17:10:00,IOP7,SN,,,,,,,,,,,-11.913393939393938,SN,,,Sorel,Sorel,,,"soundings_wintremix/upperair.sounding.202203011700.UQAM-Sorel.txt,soundings_wintremix/upperair.sounding.202203011900.UQAM-Sorel.txt",0.0,2022-03-01 17:10:00,Sorel2022-03-01 17:10:00,True,upperair.sounding.202203011700.UQAM-Sorel.txt,,,
1404,,,,,,2022-03-01 17:20:00,IOP7,SN,,,,,,,,,,,-11.676787878787879,SN,,,Sorel,Sorel,,,"soundings_wintremix/upperair.sounding.202203011700.UQAM-Sorel.txt,soundings_wintremix/upperair.sounding.202203011900.UQAM-Sorel.txt",0.0,2022-03-01 17:20:00,Sorel2022-03-01 17:20:00,False,,,,
1405,,,,,,2022-03-01 17:30:00,IOP7,SN,,,,,,,,,,,-11.44018181818182,SN,,,Sorel,Sorel,,,"soundings_wintremix/upperair.sounding.202203011700.UQAM-Sorel.txt,soundings_wintremix/upperair.sounding.202203011900.UQAM-Sorel.txt",0.0,2022-03-01 17:30:00,Sorel2022-03-01 17:30:00,False,,,,
1406,,,,,,2022-03-01 17:40:00,IOP7,SN,,,,,,,,,,,-11.203575757575758,SN,,,Sorel,Sorel,,,"soundings_wintremix/upperair.sounding.202203011700.UQAM-Sorel.txt,soundings_wintremix/upperair.sounding.202203011900.UQAM-Sorel.txt",0.0,2022-03-01 17:40:00,Sorel2022-03-01 17:40:00,False,,,,
1407,,,,,,2022-03-01 17:50:00,IOP7,SN,,,,,,,,,,,-10.966969696969699,SN,,,Sorel,Sorel,,,"soundings_wintremix/upperair.sounding.202203011700.UQAM-Sorel.txt,soundings_wintremix/upperair.sounding.202203011900.UQAM-Sorel.txt",0.0,2022-03-01 17:50:00,Sorel2022-03-01 17:50:00,False,,,,
1408,,,,,,2022-03-01 18:00:00,IOP7,SN,,,,,,,,,,,-10.730363636363638,SN,,,Sorel,Sorel,,,"soundings_wintremix/upperair.sounding.202203011700.UQAM-Sorel.txt,soundings_wintremix/upperair.sounding.202203011900.UQAM-Sorel.txt",0.0,2022-03-01 18:00:00,Sorel2022-03-01 18:00:00,False,,,,
1409,,,,,,2022-03-01 18:10:00,IOP7,SN,,,,,,,,,,,-10.493757575757577,SN,,,Sorel,Sorel,,,"soundings_wintremix/upperair.sounding.202203011700.UQAM-Sorel.txt,soundings_wintremix/upperair.sounding.202203011900.UQAM-Sorel.txt",0.0,2022-03-01 18:10:00,Sorel2022-03-01 18:10:00,False,,,,
1410,,,,,,2022-03-01 18:20:00,IOP7,SN,,,,,,,,,,,-10.257151515151516,SN,,,Sorel,Sorel,,,"soundings_wintremix/upperair.sounding.202203011700.UQAM-Sorel.txt,soundings_wintremix/upperair.sounding.202203011900.UQAM-Sorel.txt",0.0,2022-03-01 18:20:00,Sorel2022-03-01 18:20:00,False,,,,
1411,,,,,,2022-03-01 18:30:00,IOP7,SN,,,,,,,,,,,-10.020545454545456,SN,,,Sorel,Sorel,,,"soundings_wintremix/upperair.sounding.202203011700.UQAM-Sorel.txt,soundings_wintremix/upperair.sounding.202203011900.UQAM-Sorel.txt",0.0,2022-03-01 18:30:00,Sorel2022-03-01 18:30:00,False,,,,
1412,,,,,,2022-03-01 18:40:00,IOP7,SN,,,,,,,,,,,-9.783939393939395,SN,,,Sorel,Sorel,,,"soundings_wintremix/upperair.sounding.202203011700.UQAM-Sorel.txt,soundings_wintremix/upperair.sounding.202203011900.UQAM-Sorel.txt",0.0,2022-03-01 18:40:00,Sorel2022-03-01 18:40:00,False,,,,
1413,,,,,,2022-03-01 18:50:00,IOP7,SN,,,,,,,,,,,-9.547333333333333,SN,,,Sorel,Sorel,,,"soundings_wintremix/upperair.sounding.202203011700.UQAM-Sorel.txt,soundings_wintremix/upperair.sounding.202203011900.UQAM-Sorel.txt",0.0,2022-03-01 18:50:00,Sorel2022-03-01 18:50:00,False,,,,
1414,,,,,,2022-03-01 19:00:00,IOP7,SN,,,,,,,,,,,-9.23,SN,,,Sorel,Sorel,,,"soundings_wintremix/upperair.sounding.202203011900.UQAM-Sorel.txt,soundings_wintremix/upperair.sounding.202203012100.UQAM-Sorel.txt",0.0,2022-03-01 19:00:00,Sorel2022-03-01 19:00:00,False,,,,
1415,,,,,,2022-03-01 19:10:00,IOP7,SN,,,,,,,,,,,-9.251340852130326,SN,,,Sorel,Sorel,,,"soundings_wintremix/upperair.sounding.202203011900.UQAM-Sorel.txt,soundings_wintremix/upperair.sounding.202203012100.UQAM-Sorel.txt",0.0,2022-03-01 19:10:00,Sorel2022-03-01 19:10:00,True,upperair.sounding.202203011900.UQAM-Sorel.txt,,,
1416,,,,,,2022-03-01 19:20:00,IOP7,SN,,,,,,,,,,,-9.272681704260652,SN,,,Sorel,Sorel,,,"soundings_wintremix/upperair.sounding.202203011900.UQAM-Sorel.txt,soundings_wintremix/upperair.sounding.202203012100.UQAM-Sorel.txt",0.0,2022-03-01 19:20:00,Sorel2022-03-01 19:20:00,False,,,,
1417,,,,,,2022-03-01 19:30:00,IOP7,SN,,,,,,,,,,,-9.294022556390978,SN,,,Sorel,Sorel,,,"soundings_wintremix/upperair.sounding.202203011900.UQAM-Sorel.txt,soundings_wintremix/upperair.sounding.202203012100.UQAM-Sorel.txt",0.0,2022-03-01 19:30:00,Sorel2022-03-01 19:30:00,False,,,,
1418,,,,,,2022-03-01 19:40:00,IOP7,SN,,,,,,,,,,,-9.315363408521304,SN,,,Sorel,Sorel,,,"soundings_wintremix/upperair.sounding.202203011900.UQAM-Sorel.txt,soundings_wintremix/upperair.sounding.202203012100.UQAM-Sorel.txt",0.0,2022-03-01 19:40:00,Sorel2022-03-01 19:40:00,False,,,,
1419,,,,,,2022-03-01 19:50:00,IOP7,SN,,,,,,,,,,,-9.33670426065163,SN,,,Sorel,Sorel,,,"soundings_wintremix/upperair.sounding.202203011900.UQAM-Sorel.txt,soundings_wintremix/upperair.sounding.202203012100.UQAM-Sorel.txt",0.0,2022-03-01 19:50:00,Sorel2022-03-01 19:50:00,False,,,,
1420,,,,,,2022-03-01 20:00:00,IOP7,SN,,,,,,,,,,,-9.358045112781955,SN,,,Sorel,Sorel,,,"soundings_wintremix/upperair.sounding.202203011900.UQAM-Sorel.txt,soundings_wintremix/upperair.sounding.202203012100.UQAM-Sorel.txt",0.0,2022-03-01 20:00:00,Sorel2022-03-01 20:00:00,False,,,,
1421,,,,,,2022-03-01 20:10:00,IOP7,SN,,,,,,,,,,,-9.37938596491228,SN,,,Sorel,Sorel,,,"soundings_wintremix/upperair.sounding.202203011900.UQAM-Sorel.txt,soundings_wintremix/upperair.sounding.202203012100.UQAM-Sorel.txt",0.0,2022-03-01 20:10:00,Sorel2022-03-01 20:10:00,False,,,,
1422,,,,,,2022-03-01 20:20:00,IOP7,SN,,,,,,,,,,,-9.400726817042607,SN,,,Sorel,Sorel,,,"soundings_wintremix/upperair.sounding.202203011900.UQAM-Sorel.txt,soundings_wintremix/upperair.sounding.202203012100.UQAM-Sorel.txt",0.0,2022-03-01 20:20:00,Sorel2022-03-01 20:20:00,False,,,,
1423,,,,,,2022-03-01 20:30:00,IOP7,SN,,,,,,,,,,,-9.422067669172932,SN,,,Sorel,Sorel,,,"soundings_wintremix/upperair.sounding.202203011900.UQAM-Sorel.txt,soundings_wintremix/upperair.sounding.202203012100.UQAM-Sorel.txt",0.0,2022-03-01 20:30:00,Sorel2022-03-01 20:30:00,False,,,,
1424,,,,,,2022-03-01 20:40:00,IOP7,SN,,,,,,,,,,,-9.443408521303258,SN,,,Sorel,Sorel,,,"soundings_wintremix/upperair.sounding.202203011900.UQAM-Sorel.txt,soundings_wintremix/upperair.sounding.202203012100.UQAM-Sorel.txt",0.0,2022-03-01 20:40:00,Sorel2022-03-01 20:40:00,False,,,,
1425,,,,,,2022-03-01 20:50:00,IOP7,SN,,,,,,,,,,,-9.464749373433584,SN,,,Sorel,Sorel,,,"soundings_wintremix/upperair.sounding.202203011900.UQAM-Sorel.txt,soundings_wintremix/upperair.sounding.202203012100.UQAM-Sorel.txt",0.0,2022-03-01 20:50:00,Sorel2022-03-01 20:50:00,False,,,,
1426,,,,,,2022-03-01 21:00:00,IOP7,SN,,,,,,,,,,,-9.75,SN,,,Sorel,Sorel,,,"soundings_wintremix/upperair.sounding.202203012100.UQAM-Sorel.txt,soundings_wintremix/upperair.sounding.202203012300.UQAM-Sorel.txt",0.0,2022-03-01 21:00:00,Sorel2022-03-01 21:00:00,False,,,,
1427,,,,,,2022-03-01 21:10:00,IOP7,SN,,,,,,,,,,,-9.697487562189055,SN,,,Sorel,Sorel,,,"soundings_wintremix/upperair.sounding.202203012100.UQAM-Sorel.txt,soundings_wintremix/upperair.sounding.202203012300.UQAM-Sorel.txt",0.0,2022-03-01 21:10:00,Sorel2022-03-01 21:10:00,True,upperair.sounding.202203012100.UQAM-Sorel.txt,,,
1428,,,,,,2022-03-01 21:20:00,IOP7,SN,,,,,,,,,,,-9.64497512437811,SN,,,Sorel,Sorel,,,"soundings_wintremix/upperair.sounding.202203012100.UQAM-Sorel.txt,soundings_wintremix/upperair.sounding.202203012300.UQAM-Sorel.txt",0.0,2022-03-01 21:20:00,Sorel2022-03-01 21:20:00,False,,,,
1429,,,,,,2022-03-01 21:30:00,IOP7,SN,,,,,,,,,,,-9.592462686567163,SN,,,Sorel,Sorel,,,"soundings_wintremix/upperair.sounding.202203012100.UQAM-Sorel.txt,soundings_wintremix/upperair.sounding.202203012300.UQAM-Sorel.txt",0.0,2022-03-01 21:30:00,Sorel2022-03-01 21:30:00,False,,,,
1430,,,,,,2022-03-01 21:40:00,IOP7,SN,,,,,,,,,,,-9.539950248756218,SN,,,Sorel,Sorel,,,"soundings_wintremix/upperair.sounding.202203012100.UQAM-Sorel.txt,soundings_wintremix/upperair.sounding.202203012300.UQAM-Sorel.txt",0.0,2022-03-01 21:40:00,Sorel2022-03-01 21:40:00,False,,,,
1431,,,,,,2022-03-01 21:50:00,IOP7,SN,,,,,,,,,,,-9.487437810945273,SN,,,Sorel,Sorel,,,"soundings_wintremix/upperair.sounding.202203012100.UQAM-Sorel.txt,soundings_wintremix/upperair.sounding.202203012300.UQAM-Sorel.txt",0.0,2022-03-01 21:50:00,Sorel2022-03-01 21:50:00,False,,,,
1432,,,,,,2022-03-01 22:00:00,IOP7,SN,,,,,,,,,,,-9.434925373134329,SN,,,Sorel,Sorel,,,"soundings_wintremix/upperair.sounding.202203012100.UQAM-Sorel.txt,soundings_wintremix/upperair.sounding.202203012300.UQAM-Sorel.txt",0.0,2022-03-01 22:00:00,Sorel2022-03-01 22:00:00,False,,,,
1433,,,,,,2022-03-01 22:10:00,IOP7,SN,,,,,,,,,,,-9.382412935323384,SN,,,Sorel,Sorel,,,"soundings_wintremix/upperair.sounding.202203012100.UQAM-Sorel.txt,soundings_wintremix/upperair.sounding.202203012300.UQAM-Sorel.txt",0.0,2022-03-01 22:10:00,Sorel2022-03-01 22:10:00,False,,,,
1434,,,,,,2022-03-01 22:20:00,IOP7,SN,,,,,,,,,,,-9.329900497512437,SN,,,Sorel,Sorel,,,"soundings_wintremix/upperair.sounding.202203012100.UQAM-Sorel.txt,soundings_wintremix/upperair.sounding.202203012300.UQAM-Sorel.txt",0.0,2022-03-01 22:20:00,Sorel2022-03-01 22:20:00,False,,,,
1435,,,,,,2022-03-01 22:30:00,IOP7,SN,,,,,,,,,,,-9.277388059701494,SN,,,Sorel,Sorel,,,"soundings_wintremix/upperair.sounding.202203012100.UQAM-Sorel.txt,soundings_wintremix/upperair.sounding.202203012300.UQAM-Sorel.txt",0.0,2022-03-01 22:30:00,Sorel2022-03-01 22:30:00,False,,,,
1436,,,,,,2022-03-01 22:40:00,IOP7,SN,,,,,,,,,,,-9.224875621890547,SN,,,Sorel,Sorel,,,"soundings_wintremix/upperair.sounding.202203012100.UQAM-Sorel.txt,soundings_wintremix/upperair.sounding.202203012300.UQAM-Sorel.txt",0.0,2022-03-01 22:40:00,Sorel2022-03-01 22:40:00,False,,,,
1437,,,,,,2022-03-01 22:50:00,IOP7,SN,,,,,,,,,,,-9.172363184079602,SN,,,Sorel,Sorel,,,"soundings_wintremix/upperair.sounding.202203012100.UQAM-Sorel.txt,soundings_wintremix/upperair.sounding.202203012300.UQAM-Sorel.txt",0.0,2022-03-01 22:50:00,Sorel2022-03-01 22:50:00,False,,,,
1438,,,,,,2022-03-01 23:00:00,IOP7,SN,,,,,,,,,,,-9.09,SN,,,Sorel,Sorel,,,"soundings_wintremix/upperair.sounding.202203012300.UQAM-Sorel.txt,soundings_wintremix/upperair.sounding.202203020100.UQAM-Sorel.txt",0.0,2022-03-01 23:00:00,Sorel2022-03-01 23:00:00,False,,,,
1439,,,,,,2022-03-01 23:10:00,IOP7,SN,,,,,,,,,,,-9.063301886792452,SN,,,Sorel,Sorel,,,"soundings_wintremix/upperair.sounding.202203012300.UQAM-Sorel.txt,soundings_wintremix/upperair.sounding.202203020100.UQAM-Sorel.txt",0.0,2022-03-01 23:10:00,Sorel2022-03-01 23:10:00,True,upperair.sounding.202203012300.UQAM-Sorel.txt,,,
1440,,,,,,2022-03-01 23:20:00,IOP7,SN,,,,,,,,,,,-9.036603773584906,SN,,,Sorel,Sorel,,,"soundings_wintremix/upperair.sounding.202203012300.UQAM-Sorel.txt,soundings_wintremix/upperair.sounding.202203020100.UQAM-Sorel.txt",0.0,2022-03-01 23:20:00,Sorel2022-03-01 23:20:00,False,,,,
1441,,,,,,2022-03-01 23:30:00,IOP7,SN,,,,,,,,,,,-9.009905660377358,SN,,,Sorel,Sorel,,,"soundings_wintremix/upperair.sounding.202203012300.UQAM-Sorel.txt,soundings_wintremix/upperair.sounding.202203020100.UQAM-Sorel.txt",0.0,2022-03-01 23:30:00,Sorel2022-03-01 23:30:00,False,,,,
1442,,,,,,2022-03-01 23:40:00,IOP7,SN,,,,,,,,,,,-8.98320754716981,SN,,,Sorel,Sorel,,,"soundings_wintremix/upperair.sounding.202203012300.UQAM-Sorel.txt,soundings_wintremix/upperair.sounding.202203020100.UQAM-Sorel.txt",0.0,2022-03-01 23:40:00,Sorel2022-03-01 23:40:00,False,,,,
1443,,,,,,2022-03-01 23:50:00,IOP7,SN,,,,,,,,,,,-8.956509433962264,SN,,,Sorel,Sorel,,,"soundings_wintremix/upperair.sounding.202203012300.UQAM-Sorel.txt,soundings_wintremix/upperair.sounding.202203020100.UQAM-Sorel.txt",0.0,2022-03-01 23:50:00,Sorel2022-03-01 23:50:00,False,,,,
1444,,,,,,2022-03-02 00:00:00,IOP7,SN,,,,,,,,,,,-8.929811320754716,SN,,,Sorel,Sorel,,,"soundings_wintremix/upperair.sounding.202203012300.UQAM-Sorel.txt,soundings_wintremix/upperair.sounding.202203020100.UQAM-Sorel.txt",0.0,2022-03-02 00:00:00,Sorel2022-03-02 00:00:00,False,,,,
1445,,,,,,2022-03-02 00:10:00,IOP7,SN,,,,,,,,,,,-8.90311320754717,SN,,,Sorel,Sorel,,,"soundings_wintremix/upperair.sounding.202203012300.UQAM-Sorel.txt,soundings_wintremix/upperair.sounding.202203020100.UQAM-Sorel.txt",0.0,2022-03-02 00:10:00,Sorel2022-03-02 00:10:00,False,,,,
1446,,,,,,2022-03-02 00:20:00,IOP7,SN,,,,,,,,,,,-8.87641509433962,SN,,,Sorel,Sorel,,,"soundings_wintremix/upperair.sounding.202203012300.UQAM-Sorel.txt,soundings_wintremix/upperair.sounding.202203020100.UQAM-Sorel.txt",0.0,2022-03-02 00:20:00,Sorel2022-03-02 00:20:00,False,,,,
1447,,,,,,2022-03-02 00:30:00,IOP7,SN,,,,,,,,,,,-8.849716981132074,SN,,,Sorel,Sorel,,,"soundings_wintremix/upperair.sounding.202203012300.UQAM-Sorel.txt,soundings_wintremix/upperair.sounding.202203020100.UQAM-Sorel.txt",0.0,2022-03-02 00:30:00,Sorel2022-03-02 00:30:00,False,,,,
1448,,,,,,2022-03-02 00:40:00,IOP7,SN,,,,,,,,,,,-8.823018867924528,SN,,,Sorel,Sorel,,,"soundings_wintremix/upperair.sounding.202203012300.UQAM-Sorel.txt,soundings_wintremix/upperair.sounding.202203020100.UQAM-Sorel.txt",0.0,2022-03-02 00:40:00,Sorel2022-03-02 00:40:00,False,,,,
1449,,,,,,2022-03-02 00:50:00,IOP7,SN,,,,,,,,,,,-8.79632075471698,SN,,,Sorel,Sorel,,,"soundings_wintremix/upperair.sounding.202203012300.UQAM-Sorel.txt,soundings_wintremix/upperair.sounding.202203020100.UQAM-Sorel.txt",0.0,2022-03-02 00:50:00,Sorel2022-03-02 00:50:00,False,,,,
1450,,,,,,2022-03-02 01:00:00,IOP7,SN,,,,,,,,,,,,SN,,,Sorel,Sorel,,,,,2022-03-02 01:00:00,Sorel2022-03-02 01:00:00,False,,,,
1451,,,,,,2022-03-02 01:10:00,IOP7,SN,,,,,,,,,,,,SN,,,Sorel,Sorel,,,,0.0,2022-03-02 01:10:00,Sorel2022-03-02 01:10:00,True,upperair.sounding.202203020100.UQAM-Sorel.txt,,,
1452,,,,,,2022-03-02 01:20:00,IOP7,SN,,,,,,,,,,,,SN,,,Sorel,Sorel,,,,,2022-03-02 01:20:00,Sorel2022-03-02 01:20:00,False,,,,
1453,,,,,,2022-03-02 01:30:00,IOP7,SN,,,,,,,,,,,,SN,,,Sorel,Sorel,,,,,2022-03-02 01:30:00,Sorel2022-03-02 01:30:00,False,,,,
1454,,,,,,2022-03-02 01:40:00,IOP7,SN,,,,,,,,,,,,SN,,,Sorel,Sorel,,,,,2022-03-02 01:40:00,Sorel2022-03-02 01:40:00,False,,,,
1455,,,,,,2022-03-02 01:50:00,IOP7,SN,,,,,,,,,,,,SN,,,Sorel,Sorel,,,,,2022-03-02 01:50:00,Sorel2022-03-02 01:50:00,False,,,,
1456,,,,,,2022-03-02 02:00:00,IOP7,SN,,,,,,,,,,,,SN,,,Sorel,Sorel,,,,,2022-03-02 02:00:00,Sorel2022-03-02 02:00:00,False,,,,
1457,,,,,,2022-03-06 06:00:00,IOP8,SN,,,,,,,,,,,,SN,,,Sorel,Sorel,,,,,2022-03-06 06:00:00,Sorel2022-03-06 06:00:00,False,,0.0108,-4.498333333333333,87.41166666666666
1458,,,,,,2022-03-06 06:10:00,IOP8,SN,,,,,,,,,,,,SN,,,Sorel,Sorel,,,,,2022-03-06 06:10:00,Sorel2022-03-06 06:10:00,False,,0.0,-4.394166666666667,87.54333333333332
1459,,,,,,2022-03-06 06:20:00,IOP8,SN,,,,,,,,,,,-4.41,SN,,,Sorel,Sorel,,,"soundings_wintremix/upperair.sounding.202203060620.UQAM-Sorel.txt,soundings_wintremix/upperair.sounding.202203060800.UQAM-Sorel.txt",0.0,2022-03-06 06:20:00,Sorel2022-03-06 06:20:00,False,,0.0016,-4.300833333333333,87.555
1460,,,,,,2022-03-06 06:30:00,IOP8,SN,,,,,,,,,,,-4.403321428571429,SN,,,Sorel,Sorel,,,"soundings_wintremix/upperair.sounding.202203060620.UQAM-Sorel.txt,soundings_wintremix/upperair.sounding.202203060800.UQAM-Sorel.txt",0.0,2022-03-06 06:30:00,Sorel2022-03-06 06:30:00,True,upperair.sounding.202203060620.UQAM-Sorel.txt,0.7184,-4.303333333333333,87.3375
1461,,,,,,2022-03-06 06:40:00,IOP8,SN,SN,,,,,,,,,,-4.396642857142858,SN,,,Sorel,Sorel,,,"soundings_wintremix/upperair.sounding.202203060620.UQAM-Sorel.txt,soundings_wintremix/upperair.sounding.202203060800.UQAM-Sorel.txt",0.0,2022-03-06 06:40:00,Sorel2022-03-06 06:40:00,False,,0.3608,-4.4,87.16166666666666
1462,,,,,,2022-03-06 06:50:00,IOP8,SN,SN,,,,,,,,,,-4.389964285714285,SN,,,Sorel,Sorel,,,"soundings_wintremix/upperair.sounding.202203060620.UQAM-Sorel.txt,soundings_wintremix/upperair.sounding.202203060800.UQAM-Sorel.txt",0.0,2022-03-06 06:50:00,Sorel2022-03-06 06:50:00,False,,0.0126,-4.4675,87.24499999999999
1463,,,,,,2022-03-06 07:00:00,IOP8,SN,SN,,,,,,,,,,-4.383285714285714,SN,,,Sorel,Sorel,,,"soundings_wintremix/upperair.sounding.202203060620.UQAM-Sorel.txt,soundings_wintremix/upperair.sounding.202203060800.UQAM-Sorel.txt",0.0,2022-03-06 07:00:00,Sorel2022-03-06 07:00:00,False,,0.7433,-4.389166666666667,87.79416666666665
1464,,,,,,2022-03-06 07:10:00,IOP8,SN,SN,,,,,,,,,,-4.376607142857143,SN,,,Sorel,Sorel,,,"soundings_wintremix/upperair.sounding.202203060620.UQAM-Sorel.txt,soundings_wintremix/upperair.sounding.202203060800.UQAM-Sorel.txt",0.0,2022-03-06 07:10:00,Sorel2022-03-06 07:10:00,False,,0.6617,-4.233333333333333,88.22583333333334
1465,,,,,,2022-03-06 07:20:00,IOP8,SN,SN,,,,,,,,,,-4.369928571428572,SN,,,Sorel,Sorel,,,"soundings_wintremix/upperair.sounding.202203060620.UQAM-Sorel.txt,soundings_wintremix/upperair.sounding.202203060800.UQAM-Sorel.txt",0.0,2022-03-06 07:20:00,Sorel2022-03-06 07:20:00,False,,0.5753,-4.104166666666666,87.9225
1466,,,,,,2022-03-06 07:30:00,IOP8,SN,SN,,,,,,,,,,-4.36325,SN,,,Sorel,Sorel,,,"soundings_wintremix/upperair.sounding.202203060620.UQAM-Sorel.txt,soundings_wintremix/upperair.sounding.202203060800.UQAM-Sorel.txt",0.0,2022-03-06 07:30:00,Sorel2022-03-06 07:30:00,False,,0.8949,-4.1033333333333335,87.7
1467,,,,,,2022-03-06 07:40:00,IOP8,SN,PL,,,,,,,,,,-4.356571428571429,SN and PL,,,Sorel,Sorel,,,"soundings_wintremix/upperair.sounding.202203060620.UQAM-Sorel.txt,soundings_wintremix/upperair.sounding.202203060800.UQAM-Sorel.txt",0.0,2022-03-06 07:40:00,Sorel2022-03-06 07:40:00,False,,0.9981,-4.1,87.60833333333333
1468,,,,,,2022-03-06 07:50:00,IOP8,SN,PL,,,,,,,,,,-4.349892857142858,SN and PL,,,Sorel,Sorel,,,"soundings_wintremix/upperair.sounding.202203060620.UQAM-Sorel.txt,soundings_wintremix/upperair.sounding.202203060800.UQAM-Sorel.txt",0.0,2022-03-06 07:50:00,Sorel2022-03-06 07:50:00,False,,0.45620000000000005,-4.098333333333333,87.29916666666666
1469,,,,,,2022-03-06 08:00:00,IOP8,PL,SN,,,,,,,,,,-4.34,SN and PL,,,Sorel,Sorel,,,"soundings_wintremix/upperair.sounding.202203060800.UQAM-Sorel.txt,soundings_wintremix/upperair.sounding.202203061000.UQAM-Sorel.txt",0.0,2022-03-06 08:00:00,Sorel2022-03-06 08:00:00,False,,0.6957,-4.1,87.51416666666667
1470,,,,,,2022-03-06 08:10:00,IOP8,PL,SN,,,,,,,,,,-4.243262711864406,SN and PL,,,Sorel,Sorel,,,"soundings_wintremix/upperair.sounding.202203060800.UQAM-Sorel.txt,soundings_wintremix/upperair.sounding.202203061000.UQAM-Sorel.txt",0.0,2022-03-06 08:10:00,Sorel2022-03-06 08:10:00,True,upperair.sounding.202203060800.UQAM-Sorel.txt,0.6788000000000001,-4.05,87.5425
1471,,,,,,2022-03-06 08:20:00,IOP8,PL,SN,,,,,,,,,,-4.146525423728813,SN and PL,,,Sorel,Sorel,,,"soundings_wintremix/upperair.sounding.202203060800.UQAM-Sorel.txt,soundings_wintremix/upperair.sounding.202203061000.UQAM-Sorel.txt",0.0,2022-03-06 08:20:00,Sorel2022-03-06 08:20:00,False,,0.7898999999999999,-3.981666666666667,87.80749999999999
1472,,,,,,2022-03-06 08:30:00,IOP8,PL,SN,,,,,,,,,,-4.049788135593221,SN and PL,,,Sorel,Sorel,,,"soundings_wintremix/upperair.sounding.202203060800.UQAM-Sorel.txt,soundings_wintremix/upperair.sounding.202203061000.UQAM-Sorel.txt",0.0,2022-03-06 08:30:00,Sorel2022-03-06 08:30:00,False,,0.7622,-3.9,87.6875
1473,,,,,,2022-03-06 08:40:00,IOP8,PL,SN,,,,,,,,,,-3.953050847457627,SN and PL,,,Sorel,Sorel,,,"soundings_wintremix/upperair.sounding.202203060800.UQAM-Sorel.txt,soundings_wintremix/upperair.sounding.202203061000.UQAM-Sorel.txt",0.0,2022-03-06 08:40:00,Sorel2022-03-06 08:40:00,False,,0.24979999999999997,-3.9,87.72416666666666
1474,,,,,,2022-03-06 08:50:00,IOP8,PL,SN,,,,,,,,,,-3.856313559322034,SN and PL,,,Sorel,Sorel,,,"soundings_wintremix/upperair.sounding.202203060800.UQAM-Sorel.txt,soundings_wintremix/upperair.sounding.202203061000.UQAM-Sorel.txt",0.0,2022-03-06 08:50:00,Sorel2022-03-06 08:50:00,False,,0.2057,-3.9,87.65249999999999
1475,,,,,,2022-03-06 09:00:00,IOP8,PL,FZRA,,,,,,,,,,-3.7595762711864404,FZRA and PL,,,Sorel,Sorel,,,"soundings_wintremix/upperair.sounding.202203060800.UQAM-Sorel.txt,soundings_wintremix/upperair.sounding.202203061000.UQAM-Sorel.txt",0.0,2022-03-06 09:00:00,Sorel2022-03-06 09:00:00,False,,0.2853,-3.8441666666666667,88.1425
1476,-5300.34646649551,94.38916666666667,98.54580615133204,-3.1738601595781493,13.0,2022-03-06 09:10:00,IOP8,PL,FZRA,,,0.05861921689911818,1688.0,0.005861921689911818,1683.0,13.0,13.0,1665.0,-3.6628389830508477,FZRA and PL,0.01146017375749553,-5.264181258272937,Sorel,Sorel,1688.0,1678.0,"soundings_wintremix/upperair.sounding.202203060800.UQAM-Sorel.txt,soundings_wintremix/upperair.sounding.202203061000.UQAM-Sorel.txt",5.0,2022-03-06 09:10:00,Sorel2022-03-06 09:10:00,False,,0.3966,-3.7233333333333336,88.56416666666665
1477,-5021.157813163511,94.48333333333332,98.6400168846594,-3.1579608887820823,13.0,2022-03-06 09:20:00,IOP8,FZRA,,,,43.17678490728464,1853.0,0.1693207251266064,1603.0,13.0,13.0,1585.0,-3.566101694915254,FZRA,0.29129358906860797,-5.178563661666138,Sorel,Sorel,1853.0,1598.0,"soundings_wintremix/upperair.sounding.202203060800.UQAM-Sorel.txt,soundings_wintremix/upperair.sounding.202203061000.UQAM-Sorel.txt",250.0,2022-03-06 09:20:00,Sorel2022-03-06 09:20:00,False,,0.22949999999999998,-3.599166666666667,88.7925
1478,-4752.834783971313,94.5775,98.73401184625479,-3.027283301892556,13.0,2022-03-06 09:30:00,IOP8,FZRA,PL,,,124.79740950423746,1978.0,0.31199352376059364,1583.0,13.0,13.0,1565.0,-3.469364406779661,FZRA and PL,0.571376277700783,-5.093384330160198,Sorel,Sorel,1978.0,1578.0,"soundings_wintremix/upperair.sounding.202203060800.UQAM-Sorel.txt,soundings_wintremix/upperair.sounding.202203061000.UQAM-Sorel.txt",395.0,2022-03-06 09:30:00,Sorel2022-03-06 09:30:00,False,,1.5595,-3.5050000000000003,89.05833333333334
1479,-4492.522918924068,94.69315245478036,98.82779134947747,-2.8984018831768186,13.0,2022-03-06 09:40:00,IOP8,FZRA,,,,221.43580238910423,2023.0,0.47620602664323486,1563.0,13.0,13.0,1545.0,-3.372627118644068,FZRA,0.8600629286884515,-5.008556385544855,Sorel,Sorel,2023.0,1558.0,"soundings_wintremix/upperair.sounding.202203060800.UQAM-Sorel.txt,soundings_wintremix/upperair.sounding.202203061000.UQAM-Sorel.txt",460.0,2022-03-06 09:40:00,Sorel2022-03-06 09:40:00,False,,0.6315000000000001,-3.2891666666666666,89.28833333333334
1480,-4240.576882805132,94.85988630490955,98.92135570733709,-2.789853212371798,13.0,2022-03-06 09:50:00,IOP8,FZRA,,,,326.84028006455617,2028.0,0.6536805601291121,1533.0,13.0,13.0,1515.0,-3.2758898305084747,FZRA,1.1487495796761185,-4.92372844092951,Sorel,Sorel,2028.0,1528.0,"soundings_wintremix/upperair.sounding.202203060800.UQAM-Sorel.txt,soundings_wintremix/upperair.sounding.202203061000.UQAM-Sorel.txt",495.0,2022-03-06 09:50:00,Sorel2022-03-06 09:50:00,False,,1.4487999999999999,-3.0941666666666667,89.2
1481,-3993.926883725376,95.06425925925926,99.03320179702128,-2.653772015764369,13.0,2022-03-06 10:00:00,IOP8,FZRA,,,,437.48689192680973,2028.0,0.8494891105374945,1518.0,13.0,13.0,1500.0,-3.17,FZRA,1.4682472609777892,-4.839991118582094,Sorel,Sorel,2028.0,1513.0,"soundings_wintremix/upperair.sounding.202203061000.UQAM-Sorel.txt,soundings_wintremix/upperair.sounding.202203061200.UQAM-Sorel.txt",510.0,2022-03-06 10:00:00,Sorel2022-03-06 10:00:00,False,,0.27240000000000003,-2.9091666666666662,89.2425
1482,-3993.926883725376,95.06425925925926,99.03320179702128,-2.653772015764369,13.0,2022-03-06 10:10:00,IOP8,FZRA,,,,437.48689192680973,2028.0,0.8494891105374945,1518.0,13.0,13.0,1500.0,-3.1353193146417446,FZRA,1.4682472609777892,-4.839991118582094,Sorel,Sorel,2028.0,1513.0,"soundings_wintremix/upperair.sounding.202203061000.UQAM-Sorel.txt,soundings_wintremix/upperair.sounding.202203061200.UQAM-Sorel.txt",510.0,2022-03-06 10:10:00,Sorel2022-03-06 10:10:00,True,upperair.sounding.202203061000.UQAM-Sorel.txt,0.040600000000000004,-2.8191666666666664,88.95416666666667
1483,-3657.773983191337,94.67009561128528,98.54294346923106,-2.479846768265313,13.0,2022-03-06 10:20:00,IOP8,FZRA,,,,673.6056018243482,2088.0,1.1133976889658648,1488.0,13.0,13.0,1470.0,-3.100638629283489,FZRA,1.9979438117081776,-4.740151034985208,Sorel,Sorel,2088.0,1483.0,"soundings_wintremix/upperair.sounding.202203061000.UQAM-Sorel.txt,soundings_wintremix/upperair.sounding.202203061200.UQAM-Sorel.txt",600.0,2022-03-06 10:20:00,Sorel2022-03-06 10:20:00,False,,0.029199999999999997,-2.8,88.99166666666666
1484,-3498.2094174441027,94.50829980842911,98.34622906654661,-2.396033847564454,13.0,2022-03-06 10:30:00,IOP8,,,,,800.9835586734009,2088.0,1.2919089656022595,1473.0,13.0,13.0,1455.0,-3.0659579439252336,,2.2627920870733713,-4.690230993186764,Sorel,Sorel,2088.0,1468.0,"soundings_wintremix/upperair.sounding.202203061000.UQAM-Sorel.txt,soundings_wintremix/upperair.sounding.202203061200.UQAM-Sorel.txt",615.0,2022-03-06 10:30:00,Sorel2022-03-06 10:30:00,False,,0.0,-2.8,88.75500000000001
1485,-3346.0775205129885,94.38328863346104,98.16510397199998,-2.331761338336577,13.0,2022-03-06 10:40:00,IOP8,,,,,935.8755829716831,2093.0,1.4398085891872048,1448.0,13.0,13.0,1430.0,-3.031277258566978,,2.5276403624385653,-4.6403109513883205,Sorel,Sorel,2093.0,1443.0,"soundings_wintremix/upperair.sounding.202203061000.UQAM-Sorel.txt,soundings_wintremix/upperair.sounding.202203061200.UQAM-Sorel.txt",645.0,2022-03-06 10:40:00,Sorel2022-03-06 10:40:00,False,,0.0,-2.7916666666666665,88.5775
1486,-3201.8920788767346,94.25827745849298,97.98414388863415,-2.2789267465314835,13.0,2022-03-06 10:50:00,IOP8,,,,,1078.756906192372,2093.0,1.5864072149887827,1418.0,13.0,13.0,1400.0,-2.996596573208723,,2.7924886378037597,-4.590390909589878,Sorel,Sorel,2093.0,1413.0,"soundings_wintremix/upperair.sounding.202203061000.UQAM-Sorel.txt,soundings_wintremix/upperair.sounding.202203061200.UQAM-Sorel.txt",675.0,2022-03-06 10:50:00,Sorel2022-03-06 10:50:00,False,,0.0,-2.8,88.46416666666667
1487,-3062.7413061177435,94.1332662835249,97.80334868996236,-2.2113655639839305,13.0,2022-03-06 11:00:00,IOP8,,,,,1226.7931475961127,2103.0,1.7278776726705811,1398.0,13.0,13.0,1380.0,-2.961915887850467,,3.0583255521656203,-4.540470867791434,Sorel,Sorel,2103.0,1393.0,"soundings_wintremix/upperair.sounding.202203061000.UQAM-Sorel.txt,soundings_wintremix/upperair.sounding.202203061200.UQAM-Sorel.txt",705.0,2022-03-06 11:00:00,Sorel2022-03-06 11:00:00,False,,0.0,-2.8,88.63166666666666
1488,-2926.997029460628,94.00825510855684,97.62271824956795,-2.128725112335002,13.0,2022-03-06 11:10:00,IOP8,,,,,1378.7823208849559,2118.0,1.8758943141291917,1388.0,13.0,13.0,1370.0,-2.927235202492212,,3.3300092463389017,-4.490550825992991,Sorel,Sorel,2118.0,1383.0,"soundings_wintremix/upperair.sounding.202203061000.UQAM-Sorel.txt,soundings_wintremix/upperair.sounding.202203061200.UQAM-Sorel.txt",730.0,2022-03-06 11:10:00,Sorel2022-03-06 11:10:00,False,,0.0,-2.7933333333333334,88.58999999999999
1489,-2793.194741053192,93.88324393358876,97.46490724156806,-2.061398332880585,13.0,2022-03-06 11:20:00,IOP8,,,,,1532.9854311394365,2123.0,2.017086093604522,1368.0,13.0,13.0,1350.0,-2.892554517133956,,3.6016929405121823,-4.440630784194548,Sorel,Sorel,2123.0,1363.0,"soundings_wintremix/upperair.sounding.202203061000.UQAM-Sorel.txt,soundings_wintremix/upperair.sounding.202203061200.UQAM-Sorel.txt",755.0,2022-03-06 11:20:00,Sorel2022-03-06 11:20:00,False,,0.0,-2.8441666666666667,88.28833333333334
1490,-2666.555283121054,93.80282550814988,97.34308420589402,-2.027798694388634,13.0,2022-03-06 11:30:00,IOP8,,,,,1694.5574418450403,2138.0,2.079211585085939,1328.0,13.0,13.0,1310.0,-2.857873831775701,,3.873376634685464,-4.390710742396105,Sorel,Sorel,2138.0,1323.0,"soundings_wintremix/upperair.sounding.202203061000.UQAM-Sorel.txt,soundings_wintremix/upperair.sounding.202203061200.UQAM-Sorel.txt",810.0,2022-03-06 11:30:00,Sorel2022-03-06 11:30:00,False,,0.0,-2.9,88.35
1491,-2542.632016230576,93.73276908312951,97.22136001517545,-2.0841246034676852,13.0,2022-03-06 11:40:00,IOP8,,,,,1859.893963142557,2143.0,2.137809153037422,1278.0,13.0,13.0,1215.0,-2.8231931464174456,,4.145060328858745,-4.340790700597662,Sorel,Sorel,2143.0,1228.0,"soundings_wintremix/upperair.sounding.202203061000.UQAM-Sorel.txt,soundings_wintremix/upperair.sounding.202203061200.UQAM-Sorel.txt",865.0,2022-03-06 11:40:00,Sorel2022-03-06 11:40:00,False,,0.0,-2.8991666666666664,88.62416666666667
1492,-2434.152683854355,93.66271265810911,97.09973460064931,-2.1636912745372046,13.0,2022-03-06 11:50:00,IOP8,,,,,2038.251635923691,2148.0,2.1683528041741393,1213.0,13.0,13.0,1120.0,-2.78851246105919,,4.416744023032026,-4.290870658799219,Sorel,Sorel,2148.0,1133.0,"soundings_wintremix/upperair.sounding.202203061000.UQAM-Sorel.txt,soundings_wintremix/upperair.sounding.202203061200.UQAM-Sorel.txt",935.0,2022-03-06 11:50:00,Sorel2022-03-06 11:50:00,False,,0.0,-2.7708333333333335,88.86083333333335
1493,-2312.186246738658,93.67051724137932,97.07020427036008,-2.8545509218995777,13.0,2022-03-06 12:00:00,IOP8,,,,,2231.7402649359674,2153.0,2.1773075755472853,1133.0,13.0,13.0,805.0,-2.79,,4.688865508303189,-4.240950617000776,Sorel,Sorel,2153.0,818.0,"soundings_wintremix/upperair.sounding.202203061200.UQAM-Sorel.txt,soundings_wintremix/upperair.sounding.202203061440.UQAM-Sorel.txt",1020.0,2022-03-06 12:00:00,Sorel2022-03-06 12:00:00,False,,0.0,-2.6033333333333335,88.88166666666667
1494,-2312.186246738658,93.67051724137932,97.07020427036008,-2.8545509218995777,13.0,2022-03-06 12:10:00,IOP8,,,,,2231.7402649359674,2153.0,2.1773075755472853,1133.0,13.0,13.0,805.0,-2.6978642086330935,,4.688865508303189,-4.240950617000776,Sorel,Sorel,2153.0,818.0,"soundings_wintremix/upperair.sounding.202203061200.UQAM-Sorel.txt,soundings_wintremix/upperair.sounding.202203061440.UQAM-Sorel.txt",1020.0,2022-03-06 12:10:00,Sorel2022-03-06 12:10:00,True,upperair.sounding.202203061200.UQAM-Sorel.txt,0.0,-2.4225,88.63333333333334
1495,-2023.7391649132085,94.08424928160919,97.34324736064643,-2.662814690675274,13.0,2022-03-06 12:20:00,IOP8,,,,,2536.8670688491125,2178.0,1.799196502729867,773.0,13.0,13.0,755.0,-2.605728417266187,,4.612064054389643,-4.045632176533326,Sorel,Sorel,2178.0,768.0,"soundings_wintremix/upperair.sounding.202203061200.UQAM-Sorel.txt,soundings_wintremix/upperair.sounding.202203061440.UQAM-Sorel.txt",1405.0,2022-03-06 12:20:00,Sorel2022-03-06 12:20:00,False,,0.0,-2.2816666666666667,88.4075
1496,-1889.1451127997998,94.34897491479552,97.48710756032254,-2.552898801080811,13.0,2022-03-06 12:30:00,IOP8,,,,,2714.2043604548207,2188.0,1.8848641392047365,753.0,13.0,13.0,735.0,-2.513592625899281,,4.573663327432871,-3.9479729562996013,Sorel,Sorel,2188.0,748.0,"soundings_wintremix/upperair.sounding.202203061200.UQAM-Sorel.txt,soundings_wintremix/upperair.sounding.202203061440.UQAM-Sorel.txt",1435.0,2022-03-06 12:30:00,Sorel2022-03-06 12:30:00,False,,0.0,-2.165,88.00333333333333
1497,-1759.518496860497,94.63328839214115,97.69947735640581,-2.426922064635168,13.0,2022-03-06 12:40:00,IOP8,,,,,2897.932104111504,2198.0,1.9781106512706514,738.0,13.0,13.0,720.0,-2.4214568345323744,,4.535262600476098,-3.856961364336334,Sorel,Sorel,2198.0,733.0,"soundings_wintremix/upperair.sounding.202203061200.UQAM-Sorel.txt,soundings_wintremix/upperair.sounding.202203061440.UQAM-Sorel.txt",1460.0,2022-03-06 12:40:00,Sorel2022-03-06 12:40:00,False,,0.0,-2.1,87.51166666666667
1498,-1634.0003812608506,94.91760186948677,97.91142860954851,-2.3177310372494335,13.0,2022-03-06 12:50:00,IOP8,,,,,3091.656057695035,2253.0,2.0075688686331397,718.0,13.0,13.0,700.0,-2.329321043165468,,4.496861873519325,-3.808179594544751,Sorel,Sorel,2253.0,713.0,"soundings_wintremix/upperair.sounding.202203061200.UQAM-Sorel.txt,soundings_wintremix/upperair.sounding.202203061440.UQAM-Sorel.txt",1535.0,2022-03-06 12:50:00,Sorel2022-03-06 12:50:00,False,,0.0658,-2.0,87.63000000000001
1499,-1513.723292541603,95.2019153468324,98.12296190721338,-2.1780191259591413,13.0,2022-03-06 13:00:00,IOP8,FZRA,,,,3296.861393618448,2283.0,2.0866211352015496,708.0,13.0,13.0,690.0,-2.237185251798561,FZRA,4.473210709689439,-3.7593978247531687,Sorel,Sorel,2283.0,703.0,"soundings_wintremix/upperair.sounding.202203061200.UQAM-Sorel.txt,soundings_wintremix/upperair.sounding.202203061440.UQAM-Sorel.txt",1575.0,2022-03-06 13:00:00,Sorel2022-03-06 13:00:00,False,,1.9169999999999998,-1.8441666666666665,88.19
1500,-1396.2586310127374,95.48622882417803,98.33407783623252,-2.0383337679018068,13.0,2022-03-06 13:10:00,IOP8,FZRA,,,,3508.7339454984026,2308.0,2.172590678327184,698.0,13.0,13.0,680.0,-2.145049460431655,FZRA,4.4524188984287765,-3.710616054961586,Sorel,Sorel,2308.0,693.0,"soundings_wintremix/upperair.sounding.202203061200.UQAM-Sorel.txt,soundings_wintremix/upperair.sounding.202203061440.UQAM-Sorel.txt",1610.0,2022-03-06 13:10:00,Sorel2022-03-06 13:10:00,False,,1.7183,-1.6224999999999998,88.2125
1501,-1292.2763544811728,95.77054230152366,98.54477698280652,-2.067642167169877,13.0,2022-03-06 13:20:00,IOP8,FZRA,,,,3738.09988861362,2333.0,2.1988822874197766,638.0,13.0,13.0,620.0,-2.0529136690647483,FZRA,4.437127539316709,-3.661834285170003,Sorel,Sorel,2333.0,633.0,"soundings_wintremix/upperair.sounding.202203061200.UQAM-Sorel.txt,soundings_wintremix/upperair.sounding.202203061440.UQAM-Sorel.txt",1695.0,2022-03-06 13:20:00,Sorel2022-03-06 13:20:00,False,,2.1847000000000003,-1.5158333333333334,88.06666666666666
1502,-1200.9589793325033,96.05485577886928,98.7550599325055,-2.001598298887506,13.0,2022-03-06 13:30:00,IOP8,FZRA,,,,3983.564317870259,2353.0,2.2828448813010076,613.0,13.0,13.0,595.0,-1.9607778776978417,FZRA,4.430968329128316,-3.6130525153784205,Sorel,Sorel,2353.0,608.0,"soundings_wintremix/upperair.sounding.202203061200.UQAM-Sorel.txt,soundings_wintremix/upperair.sounding.202203061440.UQAM-Sorel.txt",1740.0,2022-03-06 13:30:00,Sorel2022-03-06 13:30:00,False,,2.2489,-1.3091666666666666,88.32083333333334
1503,-1113.6476982795095,96.3913820669607,98.96492727026943,-1.8716768038311082,13.0,2022-03-06 13:40:00,IOP8,FZRA,,,,4237.011047631845,2378.0,2.3870484775390675,608.0,13.0,13.0,590.0,-1.8686420863309354,FZRA,4.4274565121144,-3.564270745586837,Sorel,Sorel,2378.0,603.0,"soundings_wintremix/upperair.sounding.202203061200.UQAM-Sorel.txt,soundings_wintremix/upperair.sounding.202203061440.UQAM-Sorel.txt",1770.0,2022-03-06 13:40:00,Sorel2022-03-06 13:40:00,False,,1.7128,-1.1466666666666667,88.59416666666667
1504,-1027.882948839309,96.75074441158782,99.17437958040892,-1.7570648698107845,13.0,2022-03-06 13:50:00,IOP8,FZRA,,,,4495.225040568108,2398.0,2.4904293853562924,598.0,13.0,13.0,580.0,-1.7765062949640287,FZRA,4.424127749905401,-3.5154889757952548,Sorel,Sorel,2398.0,593.0,"soundings_wintremix/upperair.sounding.202203061200.UQAM-Sorel.txt,soundings_wintremix/upperair.sounding.202203061440.UQAM-Sorel.txt",1800.0,2022-03-06 13:50:00,Sorel2022-03-06 13:50:00,False,,0.9470000000000001,-1.0533333333333335,88.40666666666667
1505,-944.7763385644012,97.11010675621493,99.38341744660242,-1.6430892844598275,13.0,2022-03-06 14:00:00,IOP8,FZRA,,,,4759.955582592675,2428.0,2.5799217249824795,588.0,13.0,13.0,570.0,-1.6843705035971224,FZRA,4.4207989876964024,-3.4667072060036714,Sorel,Sorel,2428.0,583.0,"soundings_wintremix/upperair.sounding.202203061200.UQAM-Sorel.txt,soundings_wintremix/upperair.sounding.202203061440.UQAM-Sorel.txt",1840.0,2022-03-06 14:00:00,Sorel2022-03-06 14:00:00,False,,4.2753,-0.8983333333333333,89.34916666666666
1506,-865.0565722918918,97.46946910084202,99.61921565599317,-1.7301131445837838,13.0,2022-03-06 14:10:00,IOP8,FZRA,,,,5032.59451139872,2453.0,2.6487339533677474,558.0,13.0,13.0,495.0,-1.5922347122302158,FZRA,4.417470225487404,-3.417925436212089,Sorel,Sorel,2453.0,508.0,"soundings_wintremix/upperair.sounding.202203061200.UQAM-Sorel.txt,soundings_wintremix/upperair.sounding.202203061440.UQAM-Sorel.txt",1895.0,2022-03-06 14:10:00,Sorel2022-03-06 14:10:00,False,,6.0485,-0.7525,89.63833333333334
1507,-799.6839525162916,97.82883144546913,99.88999871709365,-1.6660082344089409,13.0,2022-03-06 14:20:00,IOP8,FZRA,,,,5322.200948495739,2473.0,2.681209545841682,493.0,13.0,13.0,475.0,-1.5000989208633095,FZRA,4.414141463278404,-3.369143666420506,Sorel,Sorel,2473.0,488.0,"soundings_wintremix/upperair.sounding.202203061200.UQAM-Sorel.txt,soundings_wintremix/upperair.sounding.202203061440.UQAM-Sorel.txt",1980.0,2022-03-06 14:20:00,Sorel2022-03-06 14:20:00,False,,4.1129999999999995,-0.7066666666666667,89.58166666666666
1508,-736.2159616509823,98.18819379009624,100.1601682553882,-1.5499283403178574,13.0,2022-03-06 14:30:00,IOP8,FZRA,,,,5619.577702030168,2518.0,2.7614632442408693,488.0,13.0,13.0,470.0,-1.407963129496403,FZRA,4.410812701069406,-3.3203618966289237,Sorel,Sorel,2518.0,483.0,"soundings_wintremix/upperair.sounding.202203061200.UQAM-Sorel.txt,soundings_wintremix/upperair.sounding.202203061440.UQAM-Sorel.txt",2030.0,2022-03-06 14:30:00,Sorel2022-03-06 14:30:00,False,,2.6667,-0.8658333333333333,89.28583333333333
1509,-676.3600954736124,99.90318181818182,100.46655065914297,-1.423915990470763,13.0,2022-03-06 14:40:00,IOP8,FZRA,,,,5923.217004544969,2538.0,2.8823440411411045,488.0,13.0,13.0,470.0,-1.5,FZRA,4.407086281268515,-3.709670679188294,Sorel,Sorel,2538.0,483.0,"soundings_wintremix/upperair.sounding.202203061440.UQAM-Sorel.txt,soundings_wintremix/upperair.sounding.202203061600.UQAM-Sorel.txt",2050.0,2022-03-06 14:40:00,Sorel2022-03-06 14:40:00,False,,1.8395,-0.8566666666666667,89.74499999999999
1510,-676.3600954736124,99.90318181818182,100.46655065914297,-1.423915990470763,13.0,2022-03-06 14:50:00,IOP8,FZRA,,,,5923.217004544969,2538.0,2.8823440411411045,488.0,13.0,13.0,470.0,-1.407983870967742,FZRA,4.407086281268515,-3.709670679188294,Sorel,Sorel,2538.0,483.0,"soundings_wintremix/upperair.sounding.202203061440.UQAM-Sorel.txt,soundings_wintremix/upperair.sounding.202203061600.UQAM-Sorel.txt",2050.0,2022-03-06 14:50:00,Sorel2022-03-06 14:50:00,True,upperair.sounding.202203061440.UQAM-Sorel.txt,2.5909,-0.7216666666666666,90.05916666666667
1511,-621.1995299471444,99.44836734693878,100.7842742354244,-1.3217011275471156,13.0,2022-03-06 15:00:00,IOP8,FZRA,,,,6525.598442595745,2488.0,3.246566389351117,483.0,13.0,13.0,465.0,-1.3159677419354838,FZRA,4.754973868138715,-3.261858015963069,Sorel,Sorel,2488.0,478.0,"soundings_wintremix/upperair.sounding.202203061440.UQAM-Sorel.txt,soundings_wintremix/upperair.sounding.202203061600.UQAM-Sorel.txt",2005.0,2022-03-06 15:00:00,Sorel2022-03-06 15:00:00,False,,0.6648,-0.6733333333333333,89.89083333333333
1512,-589.2663049357341,99.34375,100.94302263530057,-1.3392416021266682,13.0,2022-03-06 15:10:00,IOP8,FZRA,,,,6833.382897310477,2463.0,3.4425102757231625,483.0,13.0,13.0,435.0,-1.223951612903226,FZRA,4.938118774452792,-3.0379516843504564,Sorel,Sorel,2463.0,448.0,"soundings_wintremix/upperair.sounding.202203061440.UQAM-Sorel.txt,soundings_wintremix/upperair.sounding.202203061600.UQAM-Sorel.txt",1980.0,2022-03-06 15:10:00,Sorel2022-03-06 15:10:00,False,,0.46420000000000006,-0.5558333333333334,89.98166666666665
1513,-567.3946056158825,99.30499999999999,101.10169549568369,-1.576096126710785,13.0,2022-03-06 15:20:00,IOP8,FZRA,,,,7142.858438426325,2453.0,3.61663718401333,483.0,13.0,13.0,355.0,-1.1319354838709677,FZRA,5.255271405008584,-2.8358471984444305,Sorel,Sorel,2453.0,368.0,"soundings_wintremix/upperair.sounding.202203061440.UQAM-Sorel.txt,soundings_wintremix/upperair.sounding.202203061600.UQAM-Sorel.txt",1970.0,2022-03-06 15:20:00,Sorel2022-03-06 15:20:00,False,,0.5909000000000001,-0.5491666666666667,89.68083333333334
1514,-558.0016311241102,99.47874999999999,101.2602928560623,-1.5942903746403148,13.0,2022-03-06 15:30:00,IOP8,FZRA,,,,7473.050775106307,2433.0,3.6014702530632805,363.0,13.0,13.0,345.0,-1.0399193548387098,FZRA,5.588071924537012,-2.699505840397088,Sorel,Sorel,2433.0,358.0,"soundings_wintremix/upperair.sounding.202203061440.UQAM-Sorel.txt,soundings_wintremix/upperair.sounding.202203061600.UQAM-Sorel.txt",2070.0,2022-03-06 15:30:00,Sorel2022-03-06 15:30:00,False,,0.4231,-0.4983333333333333,89.905
1515,-549.7743429697182,99.6525,101.41881475590586,-1.5707838370563383,13.0,2022-03-06 15:40:00,IOP8,FZRA,,,,7804.800993467401,2428.0,3.7704352625446385,363.0,13.0,13.0,345.0,-0.9479032258064517,FZRA,5.927336137905804,-2.5631644823497455,Sorel,Sorel,2428.0,358.0,"soundings_wintremix/upperair.sounding.202203061440.UQAM-Sorel.txt,soundings_wintremix/upperair.sounding.202203061600.UQAM-Sorel.txt",2065.0,2022-03-06 15:40:00,Sorel2022-03-06 15:40:00,False,,0.6244,-0.43333333333333335,90.22833333333332
1516,-541.5470548153263,99.82625,101.57726123466297,-1.5472772994723614,13.0,2022-03-06 15:50:00,IOP8,FZRA,,,,8137.220046488194,2423.0,3.9405423953937984,363.0,13.0,13.0,345.0,-0.8558870967741936,FZRA,6.266600351274595,-2.426823124302403,Sorel,Sorel,2423.0,358.0,"soundings_wintremix/upperair.sounding.202203061440.UQAM-Sorel.txt,soundings_wintremix/upperair.sounding.202203061600.UQAM-Sorel.txt",2060.0,2022-03-06 15:50:00,Sorel2022-03-06 15:50:00,False,,2.3508,-0.2933333333333333,90.46583333333334
1517,,,,,,2022-03-06 16:00:00,IOP8,FZRA,,,,,,,,,,,,FZRA,,,Sorel,Sorel,,,,,2022-03-06 16:00:00,Sorel2022-03-06 16:00:00,False,,0.1709,-0.20416666666666666,90.46583333333334
1518,-536.673398668722,100.0,101.92782698181458,-1.555575068604991,13.0,2022-03-06 16:10:00,IOP8,FZRA,,,,8470.416380002156,2423.0,4.091988589373023,358.0,13.0,13.0,340.0,,FZRA,6.605864564643387,-2.4179970685867214,Sorel,Sorel,2423.0,353.0,,2065.0,2022-03-06 16:10:00,Sorel2022-03-06 16:10:00,True,upperair.sounding.202203061600.UQAM-Sorel.txt,0.0989,-0.2,90.41000000000001
1519,,,,,,2022-03-06 16:20:00,IOP8,FZRA,,,,,,,,,,,,FZRA,,,Sorel,Sorel,,,,,2022-03-06 16:20:00,Sorel2022-03-06 16:20:00,False,,0.46340000000000003,-0.1625,90.54583333333333
1520,,,,,,2022-03-06 16:30:00,IOP8,FZRA,,,,,,,,,,,,FZRA,,,Sorel,Sorel,,,,,2022-03-06 16:30:00,Sorel2022-03-06 16:30:00,False,,0.5488000000000001,-0.1275,90.50166666666668
1521,,,,,,2022-03-06 16:40:00,IOP8,FZRA,,,,,,,,,,,,FZRA,,,Sorel,Sorel,,,,,2022-03-06 16:40:00,Sorel2022-03-06 16:40:00,False,,0.0289,-0.07916666666666666,90.74583333333334
1522,,,,,,2022-03-06 16:50:00,IOP8,FZRA,,,,,,,,,,,,FZRA,,,Sorel,Sorel,,,,,2022-03-06 16:50:00,Sorel2022-03-06 16:50:00,False,,0.0424,0.020000000000000004,90.82833333333333
1523,,,,,,2022-03-06 17:00:00,IOP8,RA,,,,,,,,,,,,RA,,,Sorel,Sorel,,,,,2022-03-06 17:00:00,Sorel2022-03-06 17:00:00,False,,0.06516666666666666,0.1,90.35833333333333
1724,,,,,,,,,,,,,,,,,,,,,,,,,,,,0.0,2022-03-07 16:10:00,Sorel2022-03-07 16:10:00,True,upperair.sounding.202203071600.UQAM-Sorel.txt,,,
1524,,,,,,2022-03-07 16:40:00,IOP9,,,,,,,,,,,,2.254902840059791,,,,Sorel,Sorel,,,"soundings_wintremix/upperair.sounding.202203071600.UQAM-Sorel.txt,soundings_wintremix/upperair.sounding.202203071800.UQAM-Sorel.txt",0.0,2022-03-07 16:40:00,Sorel2022-03-07 16:40:00,False,,,,
1525,,,,,,2022-03-07 16:50:00,IOP9,,,,,,,,,,,,2.1686285500747386,,,,Sorel,Sorel,,,"soundings_wintremix/upperair.sounding.202203071600.UQAM-Sorel.txt,soundings_wintremix/upperair.sounding.202203071800.UQAM-Sorel.txt",0.0,2022-03-07 16:50:00,Sorel2022-03-07 16:50:00,False,,,,
1526,,,,,,2022-03-07 17:00:00,IOP9,SN,,,,,,,,,,,2.0823542600896863,SN,,,Sorel,Sorel,,,"soundings_wintremix/upperair.sounding.202203071600.UQAM-Sorel.txt,soundings_wintremix/upperair.sounding.202203071800.UQAM-Sorel.txt",0.0,2022-03-07 17:00:00,Sorel2022-03-07 17:00:00,False,,,,
1527,,,,,,2022-03-07 17:10:00,IOP9,SN,,,,,,,,,,,1.996079970104634,SN,,,Sorel,Sorel,,,"soundings_wintremix/upperair.sounding.202203071600.UQAM-Sorel.txt,soundings_wintremix/upperair.sounding.202203071800.UQAM-Sorel.txt",0.0,2022-03-07 17:10:00,Sorel2022-03-07 17:10:00,False,,,,
1528,,,,,,2022-03-07 17:20:00,IOP9,SN,,,,,,,,,,,1.9098056801195815,SN,,,Sorel,Sorel,,,"soundings_wintremix/upperair.sounding.202203071600.UQAM-Sorel.txt,soundings_wintremix/upperair.sounding.202203071800.UQAM-Sorel.txt",0.0,2022-03-07 17:20:00,Sorel2022-03-07 17:20:00,False,,,,
1529,,,,,,2022-03-07 17:30:00,IOP9,SN,,,,,,,,,,,1.8235313901345291,SN,,,Sorel,Sorel,,,"soundings_wintremix/upperair.sounding.202203071600.UQAM-Sorel.txt,soundings_wintremix/upperair.sounding.202203071800.UQAM-Sorel.txt",0.0,2022-03-07 17:30:00,Sorel2022-03-07 17:30:00,False,,,,
1530,,,,,,2022-03-07 17:40:00,IOP9,SN,,,,,,,,,,,1.737257100149477,SN,,,Sorel,Sorel,,,"soundings_wintremix/upperair.sounding.202203071600.UQAM-Sorel.txt,soundings_wintremix/upperair.sounding.202203071800.UQAM-Sorel.txt",0.0,2022-03-07 17:40:00,Sorel2022-03-07 17:40:00,False,,,,
1531,,,,,,2022-03-07 17:50:00,IOP9,SN,,,,,,,,,,,1.6509828101644244,SN,,,Sorel,Sorel,,,"soundings_wintremix/upperair.sounding.202203071600.UQAM-Sorel.txt,soundings_wintremix/upperair.sounding.202203071800.UQAM-Sorel.txt",0.0,2022-03-07 17:50:00,Sorel2022-03-07 17:50:00,False,,,,
1532,,,,,,2022-03-07 18:00:00,IOP9,SN,,,,,,,,,,,0.81,SN,,,Sorel,Sorel,,,"soundings_wintremix/upperair.sounding.202203071800.UQAM-Sorel.txt,soundings_wintremix/upperair.sounding.202203072000.UQAM-Sorel.txt",0.0,2022-03-07 18:00:00,Sorel2022-03-07 18:00:00,False,,,,
1533,,,,,,2022-03-07 18:10:00,IOP9,SN,,,,,,,,,,,0.7781584362139918,SN,,,Sorel,Sorel,,,"soundings_wintremix/upperair.sounding.202203071800.UQAM-Sorel.txt,soundings_wintremix/upperair.sounding.202203072000.UQAM-Sorel.txt",0.0,2022-03-07 18:10:00,Sorel2022-03-07 18:10:00,True,upperair.sounding.202203071800.UQAM-Sorel.txt,,,
1534,,,,,,2022-03-07 18:20:00,IOP9,SN,,,,,,,,,,,0.7463168724279836,SN,,,Sorel,Sorel,,,"soundings_wintremix/upperair.sounding.202203071800.UQAM-Sorel.txt,soundings_wintremix/upperair.sounding.202203072000.UQAM-Sorel.txt",0.0,2022-03-07 18:20:00,Sorel2022-03-07 18:20:00,False,,,,
1535,,,,,,2022-03-07 18:30:00,IOP9,SN,,,,,,,,,,,0.7144753086419754,SN,,,Sorel,Sorel,,,"soundings_wintremix/upperair.sounding.202203071800.UQAM-Sorel.txt,soundings_wintremix/upperair.sounding.202203072000.UQAM-Sorel.txt",0.0,2022-03-07 18:30:00,Sorel2022-03-07 18:30:00,False,,,,
1536,,,,,,2022-03-07 18:40:00,IOP9,SN,,,,,,,,,,,0.6826337448559672,SN,,,Sorel,Sorel,,,"soundings_wintremix/upperair.sounding.202203071800.UQAM-Sorel.txt,soundings_wintremix/upperair.sounding.202203072000.UQAM-Sorel.txt",0.0,2022-03-07 18:40:00,Sorel2022-03-07 18:40:00,False,,,,
1537,,,,,,2022-03-07 18:50:00,IOP9,SN,,,,,,,,,,,0.650792181069959,SN,,,Sorel,Sorel,,,"soundings_wintremix/upperair.sounding.202203071800.UQAM-Sorel.txt,soundings_wintremix/upperair.sounding.202203072000.UQAM-Sorel.txt",0.0,2022-03-07 18:50:00,Sorel2022-03-07 18:50:00,False,,,,
1538,,,,,,2022-03-07 19:00:00,IOP9,SN,,,,,,,,,,,0.6189506172839506,SN,,,Sorel,Sorel,,,"soundings_wintremix/upperair.sounding.202203071800.UQAM-Sorel.txt,soundings_wintremix/upperair.sounding.202203072000.UQAM-Sorel.txt",0.0,2022-03-07 19:00:00,Sorel2022-03-07 19:00:00,False,,,,
1539,,,,,,2022-03-07 19:10:00,IOP9,SN,,,,,,,,,,,0.5871090534979424,SN,,,Sorel,Sorel,,,"soundings_wintremix/upperair.sounding.202203071800.UQAM-Sorel.txt,soundings_wintremix/upperair.sounding.202203072000.UQAM-Sorel.txt",0.0,2022-03-07 19:10:00,Sorel2022-03-07 19:10:00,False,,,,
1540,,,,,,2022-03-07 19:20:00,IOP9,SN,,,,,,,,,,,0.5552674897119342,SN,,,Sorel,Sorel,,,"soundings_wintremix/upperair.sounding.202203071800.UQAM-Sorel.txt,soundings_wintremix/upperair.sounding.202203072000.UQAM-Sorel.txt",0.0,2022-03-07 19:20:00,Sorel2022-03-07 19:20:00,False,,,,
1541,,,,,,2022-03-07 19:30:00,IOP9,SN,,,,,,,,,,,0.523425925925926,SN,,,Sorel,Sorel,,,"soundings_wintremix/upperair.sounding.202203071800.UQAM-Sorel.txt,soundings_wintremix/upperair.sounding.202203072000.UQAM-Sorel.txt",0.0,2022-03-07 19:30:00,Sorel2022-03-07 19:30:00,False,,,,
1542,,,,,,2022-03-07 19:40:00,IOP9,SN,PL,,,,,,,,,,0.49158436213991774,SN and PL,,,Sorel,Sorel,,,"soundings_wintremix/upperair.sounding.202203071800.UQAM-Sorel.txt,soundings_wintremix/upperair.sounding.202203072000.UQAM-Sorel.txt",0.0,2022-03-07 19:40:00,Sorel2022-03-07 19:40:00,False,,,,
1543,,,,,,2022-03-07 19:50:00,IOP9,PL,,,,,,,,,,,0.45974279835390947,PL,,,Sorel,Sorel,,,"soundings_wintremix/upperair.sounding.202203071800.UQAM-Sorel.txt,soundings_wintremix/upperair.sounding.202203072000.UQAM-Sorel.txt",0.0,2022-03-07 19:50:00,Sorel2022-03-07 19:50:00,False,,,,
1544,,,,,,2022-03-07 20:00:00,IOP9,PL,,,,,,,,,,,0.46,PL,,,Sorel,Sorel,,,"soundings_wintremix/upperair.sounding.202203072000.UQAM-Sorel.txt,soundings_wintremix/upperair.sounding.202203072200.UQAM-Sorel.txt",0.0,2022-03-07 20:00:00,Sorel2022-03-07 20:00:00,False,,,,
1545,,,,,,2022-03-07 20:10:00,IOP9,PL,,,,,,,,,,,0.4438048245614035,PL,,,Sorel,Sorel,,,"soundings_wintremix/upperair.sounding.202203072000.UQAM-Sorel.txt,soundings_wintremix/upperair.sounding.202203072200.UQAM-Sorel.txt",0.0,2022-03-07 20:10:00,Sorel2022-03-07 20:10:00,True,upperair.sounding.202203072000.UQAM-Sorel.txt,,,
1546,,,,,,2022-03-07 20:20:00,IOP9,PL,,,,,,,,,,,0.427609649122807,PL,,,Sorel,Sorel,,,"soundings_wintremix/upperair.sounding.202203072000.UQAM-Sorel.txt,soundings_wintremix/upperair.sounding.202203072200.UQAM-Sorel.txt",0.0,2022-03-07 20:20:00,Sorel2022-03-07 20:20:00,False,,,,
1547,,,,,,2022-03-07 20:30:00,IOP9,PL,,,,,,,,,,,0.4114144736842106,PL,,,Sorel,Sorel,,,"soundings_wintremix/upperair.sounding.202203072000.UQAM-Sorel.txt,soundings_wintremix/upperair.sounding.202203072200.UQAM-Sorel.txt",0.0,2022-03-07 20:30:00,Sorel2022-03-07 20:30:00,False,,,,
1548,,,,,,2022-03-07 20:40:00,IOP9,PL,,,,,,,,,,,0.39521929824561397,PL,,,Sorel,Sorel,,,"soundings_wintremix/upperair.sounding.202203072000.UQAM-Sorel.txt,soundings_wintremix/upperair.sounding.202203072200.UQAM-Sorel.txt",0.0,2022-03-07 20:40:00,Sorel2022-03-07 20:40:00,False,,,,
1549,,,,,,2022-03-07 20:50:00,IOP9,PL,,,,,,,,,,,0.3790241228070176,PL,,,Sorel,Sorel,,,"soundings_wintremix/upperair.sounding.202203072000.UQAM-Sorel.txt,soundings_wintremix/upperair.sounding.202203072200.UQAM-Sorel.txt",0.0,2022-03-07 20:50:00,Sorel2022-03-07 20:50:00,False,,,,
1550,,,,,,2022-03-07 21:00:00,IOP9,PL,,,,,,,,,,,0.3628289473684211,PL,,,Sorel,Sorel,,,"soundings_wintremix/upperair.sounding.202203072000.UQAM-Sorel.txt,soundings_wintremix/upperair.sounding.202203072200.UQAM-Sorel.txt",0.0,2022-03-07 21:00:00,Sorel2022-03-07 21:00:00,False,,,,
1551,,,,,,2022-03-07 21:10:00,IOP9,PL,,,,,,,,,,,0.3466337719298246,PL,,,Sorel,Sorel,,,"soundings_wintremix/upperair.sounding.202203072000.UQAM-Sorel.txt,soundings_wintremix/upperair.sounding.202203072200.UQAM-Sorel.txt",0.0,2022-03-07 21:10:00,Sorel2022-03-07 21:10:00,False,,,,
1552,,,,,,2022-03-07 21:20:00,IOP9,PL,,,,,,,,,,,0.33043859649122803,PL,,,Sorel,Sorel,,,"soundings_wintremix/upperair.sounding.202203072000.UQAM-Sorel.txt,soundings_wintremix/upperair.sounding.202203072200.UQAM-Sorel.txt",0.0,2022-03-07 21:20:00,Sorel2022-03-07 21:20:00,False,,,,
1553,,,,,,2022-03-07 21:30:00,IOP9,PL,,,,,,,,,,,0.3142434210526316,PL,,,Sorel,Sorel,,,"soundings_wintremix/upperair.sounding.202203072000.UQAM-Sorel.txt,soundings_wintremix/upperair.sounding.202203072200.UQAM-Sorel.txt",0.0,2022-03-07 21:30:00,Sorel2022-03-07 21:30:00,False,,,,
1554,,,,,,2022-03-07 21:40:00,IOP9,PL,,,,,,,,,,,0.2980482456140351,PL,,,Sorel,Sorel,,,"soundings_wintremix/upperair.sounding.202203072000.UQAM-Sorel.txt,soundings_wintremix/upperair.sounding.202203072200.UQAM-Sorel.txt",0.0,2022-03-07 21:40:00,Sorel2022-03-07 21:40:00,False,,,,
1555,,,,,,2022-03-07 21:50:00,IOP9,PL,,,,,,,,,,,0.2818530701754386,PL,,,Sorel,Sorel,,,"soundings_wintremix/upperair.sounding.202203072000.UQAM-Sorel.txt,soundings_wintremix/upperair.sounding.202203072200.UQAM-Sorel.txt",0.0,2022-03-07 21:50:00,Sorel2022-03-07 21:50:00,False,,,,
1556,,,,,,2022-03-07 22:00:00,IOP9,RA,,,,,,,,,,,0.32,RA,,,Sorel,Sorel,,,"soundings_wintremix/upperair.sounding.202203072200.UQAM-Sorel.txt,soundings_wintremix/upperair.sounding.202203080000.UQAM-Sorel.txt",0.0,2022-03-07 22:00:00,Sorel2022-03-07 22:00:00,False,,,,
1557,,,,,,2022-03-07 22:10:00,IOP9,RA,,,,,,,,,,,0.3044884488448845,RA,,,Sorel,Sorel,,,"soundings_wintremix/upperair.sounding.202203072200.UQAM-Sorel.txt,soundings_wintremix/upperair.sounding.202203080000.UQAM-Sorel.txt",0.0,2022-03-07 22:10:00,Sorel2022-03-07 22:10:00,True,upperair.sounding.202203072200.UQAM-Sorel.txt,,,
1558,,,,,,2022-03-07 22:20:00,IOP9,RA,,,,,,,,,,,0.288976897689769,RA,,,Sorel,Sorel,,,"soundings_wintremix/upperair.sounding.202203072200.UQAM-Sorel.txt,soundings_wintremix/upperair.sounding.202203080000.UQAM-Sorel.txt",0.0,2022-03-07 22:20:00,Sorel2022-03-07 22:20:00,False,,,,
1559,,,,,,2022-03-07 22:30:00,IOP9,RA,,,,,,,,,,,0.2734653465346535,RA,,,Sorel,Sorel,,,"soundings_wintremix/upperair.sounding.202203072200.UQAM-Sorel.txt,soundings_wintremix/upperair.sounding.202203080000.UQAM-Sorel.txt",0.0,2022-03-07 22:30:00,Sorel2022-03-07 22:30:00,False,,,,
1560,,,,,,2022-03-07 22:40:00,IOP9,RA,,,,,,,,,,,0.25795379537953794,RA,,,Sorel,Sorel,,,"soundings_wintremix/upperair.sounding.202203072200.UQAM-Sorel.txt,soundings_wintremix/upperair.sounding.202203080000.UQAM-Sorel.txt",0.0,2022-03-07 22:40:00,Sorel2022-03-07 22:40:00,False,,,,
1561,,,,,,2022-03-07 22:50:00,IOP9,RA,,,,,,,,,,,0.24244224422442248,RA,,,Sorel,Sorel,,,"soundings_wintremix/upperair.sounding.202203072200.UQAM-Sorel.txt,soundings_wintremix/upperair.sounding.202203080000.UQAM-Sorel.txt",0.0,2022-03-07 22:50:00,Sorel2022-03-07 22:50:00,False,,,,
1562,,,,,,2022-03-07 23:00:00,IOP9,RA,,,,,,,,,,,0.22693069306930697,RA,,,Sorel,Sorel,,,"soundings_wintremix/upperair.sounding.202203072200.UQAM-Sorel.txt,soundings_wintremix/upperair.sounding.202203080000.UQAM-Sorel.txt",0.0,2022-03-07 23:00:00,Sorel2022-03-07 23:00:00,False,,,,
1563,,,,,,2022-03-07 23:10:00,IOP9,RA,,,,,,,,,,,0.21141914191419148,RA,,,Sorel,Sorel,,,"soundings_wintremix/upperair.sounding.202203072200.UQAM-Sorel.txt,soundings_wintremix/upperair.sounding.202203080000.UQAM-Sorel.txt",0.0,2022-03-07 23:10:00,Sorel2022-03-07 23:10:00,False,,,,
1564,,,,,,2022-03-07 23:20:00,IOP9,RA,,,,,,,,,,,0.19590759075907593,RA,,,Sorel,Sorel,,,"soundings_wintremix/upperair.sounding.202203072200.UQAM-Sorel.txt,soundings_wintremix/upperair.sounding.202203080000.UQAM-Sorel.txt",0.0,2022-03-07 23:20:00,Sorel2022-03-07 23:20:00,False,,,,
1565,,,,,,2022-03-07 23:30:00,IOP9,RA,PL,,,,,,,,,,0.18039603960396045,RA and PL,,,Sorel,Sorel,,,"soundings_wintremix/upperair.sounding.202203072200.UQAM-Sorel.txt,soundings_wintremix/upperair.sounding.202203080000.UQAM-Sorel.txt",0.0,2022-03-07 23:30:00,Sorel2022-03-07 23:30:00,False,,,,
1566,,,,,,2022-03-07 23:40:00,IOP9,PL,SN,,,,,,,,,,0.16488448844884496,SN and PL,,,Sorel,Sorel,,,"soundings_wintremix/upperair.sounding.202203072200.UQAM-Sorel.txt,soundings_wintremix/upperair.sounding.202203080000.UQAM-Sorel.txt",0.0,2022-03-07 23:40:00,Sorel2022-03-07 23:40:00,False,,,,
1567,,,,,,2022-03-07 23:50:00,IOP9,PL,SN,,,,,,,,,,0.1493729372937294,SN and PL,,,Sorel,Sorel,,,"soundings_wintremix/upperair.sounding.202203072200.UQAM-Sorel.txt,soundings_wintremix/upperair.sounding.202203080000.UQAM-Sorel.txt",0.0,2022-03-07 23:50:00,Sorel2022-03-07 23:50:00,False,,,,
1568,,,,,,2022-03-08 00:00:00,IOP9,SN,,,,,,,,,,,-0.32,SN,,,Sorel,Sorel,,,"soundings_wintremix/upperair.sounding.202203080000.UQAM-Sorel.txt,soundings_wintremix/upperair.sounding.202203080100.UQAM-Sorel.txt",0.0,2022-03-08 00:00:00,Sorel2022-03-08 00:00:00,False,,,,
1569,,,,,,2022-03-08 00:10:00,IOP9,SN,SN,,,,,,,,,,-0.32227272727272727,SN,,,Sorel,Sorel,,,"soundings_wintremix/upperair.sounding.202203080000.UQAM-Sorel.txt,soundings_wintremix/upperair.sounding.202203080100.UQAM-Sorel.txt",0.0,2022-03-08 00:10:00,Sorel2022-03-08 00:10:00,True,upperair.sounding.202203080000.UQAM-Sorel.txt,,,
1570,,,,,,2022-03-08 00:20:00,IOP9,SN,SN,,,,,,,,,,-0.3245454545454545,SN,,,Sorel,Sorel,,,"soundings_wintremix/upperair.sounding.202203080000.UQAM-Sorel.txt,soundings_wintremix/upperair.sounding.202203080100.UQAM-Sorel.txt",0.0,2022-03-08 00:20:00,Sorel2022-03-08 00:20:00,False,,,,
1571,,,,,,2022-03-08 00:30:00,IOP9,SN,SN,,,,,,,,,,-0.3268181818181818,SN,,,Sorel,Sorel,,,"soundings_wintremix/upperair.sounding.202203080000.UQAM-Sorel.txt,soundings_wintremix/upperair.sounding.202203080100.UQAM-Sorel.txt",0.0,2022-03-08 00:30:00,Sorel2022-03-08 00:30:00,False,,,,
1572,,,,,,2022-03-08 00:40:00,IOP9,SN,SN,,,,,,,,,,-0.3290909090909091,SN,,,Sorel,Sorel,,,"soundings_wintremix/upperair.sounding.202203080000.UQAM-Sorel.txt,soundings_wintremix/upperair.sounding.202203080100.UQAM-Sorel.txt",0.0,2022-03-08 00:40:00,Sorel2022-03-08 00:40:00,False,,,,
1573,,,,,,2022-03-08 00:50:00,IOP9,SN,SN,,,,,,,,,,-0.33136363636363636,SN,,,Sorel,Sorel,,,"soundings_wintremix/upperair.sounding.202203080000.UQAM-Sorel.txt,soundings_wintremix/upperair.sounding.202203080100.UQAM-Sorel.txt",0.0,2022-03-08 00:50:00,Sorel2022-03-08 00:50:00,False,,,,
1574,,,,,,2022-03-08 01:00:00,IOP9,SN,SN,,,,,,,,,,,SN,,,Sorel,Sorel,,,,,2022-03-08 01:00:00,Sorel2022-03-08 01:00:00,False,,,,
1575,,,,,,2022-03-08 01:10:00,IOP9,SN,SN,,,,,,,,,,,SN,,,Sorel,Sorel,,,,0.0,2022-03-08 01:10:00,Sorel2022-03-08 01:10:00,True,upperair.sounding.202203080100.UQAM-Sorel.txt,,,
1576,,,,,,2022-03-08 01:20:00,IOP9,SN,SN,,,,,,,,,,,SN,,,Sorel,Sorel,,,,,2022-03-08 01:20:00,Sorel2022-03-08 01:20:00,False,,,,
1577,,,,,,2022-03-08 01:30:00,IOP9,SN,SN,,,,,,,,,,,SN,,,Sorel,Sorel,,,,,2022-03-08 01:30:00,Sorel2022-03-08 01:30:00,False,,,,
1578,,,,,,2022-03-08 01:40:00,IOP9,SN,SN,,,,,,,,,,,SN,,,Sorel,Sorel,,,,,2022-03-08 01:40:00,Sorel2022-03-08 01:40:00,False,,,,
1579,,,,,,2022-03-12 00:00:00,IOP10,SN,,,,,,,,,,,-0.76,SN,,,Sorel,Sorel,,,"soundings_wintremix/upperair.sounding.202203120000.UQAM-Sorel.txt,soundings_wintremix/upperair.sounding.202203120200.UQAM-Sorel.txt",0.0,2022-03-12 00:00:00,Sorel2022-03-12 00:00:00,False,,,,
1580,,,,,,2022-03-12 00:10:00,IOP10,SN,,,,,,,,,,,-0.7247340425531915,SN,,,Sorel,Sorel,,,"soundings_wintremix/upperair.sounding.202203120000.UQAM-Sorel.txt,soundings_wintremix/upperair.sounding.202203120200.UQAM-Sorel.txt",0.0,2022-03-12 00:10:00,Sorel2022-03-12 00:10:00,True,upperair.sounding.202203120000.UQAM-Sorel.txt,,,
1581,,,,,,2022-03-12 00:20:00,IOP10,SN,,,,,,,,,,,-0.689468085106383,SN,,,Sorel,Sorel,,,"soundings_wintremix/upperair.sounding.202203120000.UQAM-Sorel.txt,soundings_wintremix/upperair.sounding.202203120200.UQAM-Sorel.txt",0.0,2022-03-12 00:20:00,Sorel2022-03-12 00:20:00,False,,,,
1582,,,,,,2022-03-12 00:30:00,IOP10,SN,,,,,,,,,,,-0.6542021276595745,SN,,,Sorel,Sorel,,,"soundings_wintremix/upperair.sounding.202203120000.UQAM-Sorel.txt,soundings_wintremix/upperair.sounding.202203120200.UQAM-Sorel.txt",0.0,2022-03-12 00:30:00,Sorel2022-03-12 00:30:00,False,,,,
1583,,,,,,2022-03-12 00:40:00,IOP10,SN,,,,,,,,,,,-0.6189361702127659,SN,,,Sorel,Sorel,,,"soundings_wintremix/upperair.sounding.202203120000.UQAM-Sorel.txt,soundings_wintremix/upperair.sounding.202203120200.UQAM-Sorel.txt",0.0,2022-03-12 00:40:00,Sorel2022-03-12 00:40:00,False,,,,
1584,,,,,,2022-03-12 00:50:00,IOP10,SN,,,,,,,,,,,-0.5836702127659575,SN,,,Sorel,Sorel,,,"soundings_wintremix/upperair.sounding.202203120000.UQAM-Sorel.txt,soundings_wintremix/upperair.sounding.202203120200.UQAM-Sorel.txt",0.0,2022-03-12 00:50:00,Sorel2022-03-12 00:50:00,False,,,,
1585,,,,,,2022-03-12 01:00:00,IOP10,SN,,,,,,,,,,,-0.548404255319149,SN,,,Sorel,Sorel,,,"soundings_wintremix/upperair.sounding.202203120000.UQAM-Sorel.txt,soundings_wintremix/upperair.sounding.202203120200.UQAM-Sorel.txt",0.0,2022-03-12 01:00:00,Sorel2022-03-12 01:00:00,False,,,,
1586,,,,,,2022-03-12 01:10:00,IOP10,SN,,,,,,,,,,,-0.5131382978723406,SN,,,Sorel,Sorel,,,"soundings_wintremix/upperair.sounding.202203120000.UQAM-Sorel.txt,soundings_wintremix/upperair.sounding.202203120200.UQAM-Sorel.txt",0.0,2022-03-12 01:10:00,Sorel2022-03-12 01:10:00,False,,,,
1587,,,,,,2022-03-12 01:20:00,IOP10,SN,,,,,,,,,,,-0.47787234042553195,SN,,,Sorel,Sorel,,,"soundings_wintremix/upperair.sounding.202203120000.UQAM-Sorel.txt,soundings_wintremix/upperair.sounding.202203120200.UQAM-Sorel.txt",0.0,2022-03-12 01:20:00,Sorel2022-03-12 01:20:00,False,,,,
1588,,,,,,2022-03-12 01:30:00,IOP10,SN,,,,,,,,,,,-0.4426063829787235,SN,,,Sorel,Sorel,,,"soundings_wintremix/upperair.sounding.202203120000.UQAM-Sorel.txt,soundings_wintremix/upperair.sounding.202203120200.UQAM-Sorel.txt",0.0,2022-03-12 01:30:00,Sorel2022-03-12 01:30:00,False,,,,
1589,,,,,,2022-03-12 01:40:00,IOP10,SN,,,,,,,,,,,-0.40734042553191496,SN,,,Sorel,Sorel,,,"soundings_wintremix/upperair.sounding.202203120000.UQAM-Sorel.txt,soundings_wintremix/upperair.sounding.202203120200.UQAM-Sorel.txt",0.0,2022-03-12 01:40:00,Sorel2022-03-12 01:40:00,False,,,,
1590,,,,,,2022-03-12 01:50:00,IOP10,SN,,,,,,,,,,,-0.37207446808510647,SN,,,Sorel,Sorel,,,"soundings_wintremix/upperair.sounding.202203120000.UQAM-Sorel.txt,soundings_wintremix/upperair.sounding.202203120200.UQAM-Sorel.txt",0.0,2022-03-12 01:50:00,Sorel2022-03-12 01:50:00,False,,,,
1591,,,,,,2022-03-12 02:00:00,IOP10,SN,,,,,,,,,,,0.19,SN,,,Sorel,Sorel,,,"soundings_wintremix/upperair.sounding.202203120200.UQAM-Sorel.txt,soundings_wintremix/upperair.sounding.202203120400.UQAM-Sorel.txt",0.0,2022-03-12 02:00:00,Sorel2022-03-12 02:00:00,False,,,,
1592,,,,,,2022-03-12 02:10:00,IOP10,SN,,,,,,,,,,,0.06633333333333333,SN,,,Sorel,Sorel,,,"soundings_wintremix/upperair.sounding.202203120200.UQAM-Sorel.txt,soundings_wintremix/upperair.sounding.202203120400.UQAM-Sorel.txt",0.0,2022-03-12 02:10:00,Sorel2022-03-12 02:10:00,True,upperair.sounding.202203120200.UQAM-Sorel.txt,,,
1593,,,,,,2022-03-12 02:20:00,IOP10,SN,,,,,,,,,,,-0.05733333333333332,SN,,,Sorel,Sorel,,,"soundings_wintremix/upperair.sounding.202203120200.UQAM-Sorel.txt,soundings_wintremix/upperair.sounding.202203120400.UQAM-Sorel.txt",0.0,2022-03-12 02:20:00,Sorel2022-03-12 02:20:00,False,,,,
1594,,,,,,2022-03-12 02:30:00,IOP10,SN,,,,,,,,,,,-0.181,SN,,,Sorel,Sorel,,,"soundings_wintremix/upperair.sounding.202203120200.UQAM-Sorel.txt,soundings_wintremix/upperair.sounding.202203120400.UQAM-Sorel.txt",0.0,2022-03-12 02:30:00,Sorel2022-03-12 02:30:00,False,,,,
1595,,,,,,2022-03-12 02:40:00,IOP10,SN,,,,,,,,,,,-0.3046666666666667,SN,,,Sorel,Sorel,,,"soundings_wintremix/upperair.sounding.202203120200.UQAM-Sorel.txt,soundings_wintremix/upperair.sounding.202203120400.UQAM-Sorel.txt",0.0,2022-03-12 02:40:00,Sorel2022-03-12 02:40:00,False,,,,
1596,,,,,,2022-03-12 02:50:00,IOP10,SN,,,,,,,,,,,-0.42833333333333334,SN,,,Sorel,Sorel,,,"soundings_wintremix/upperair.sounding.202203120200.UQAM-Sorel.txt,soundings_wintremix/upperair.sounding.202203120400.UQAM-Sorel.txt",0.0,2022-03-12 02:50:00,Sorel2022-03-12 02:50:00,False,,,,
1597,,,,,,2022-03-12 03:00:00,IOP10,SN,,,,,,,,,,,-0.552,SN,,,Sorel,Sorel,,,"soundings_wintremix/upperair.sounding.202203120200.UQAM-Sorel.txt,soundings_wintremix/upperair.sounding.202203120400.UQAM-Sorel.txt",0.0,2022-03-12 03:00:00,Sorel2022-03-12 03:00:00,False,,,,
1598,,,,,,2022-03-12 03:10:00,IOP10,SN,,,,,,,,,,,-0.6756666666666666,SN,,,Sorel,Sorel,,,"soundings_wintremix/upperair.sounding.202203120200.UQAM-Sorel.txt,soundings_wintremix/upperair.sounding.202203120400.UQAM-Sorel.txt",0.0,2022-03-12 03:10:00,Sorel2022-03-12 03:10:00,False,,,,
1599,,,,,,2022-03-12 03:20:00,IOP10,SN,,,,,,,,,,,-0.7993333333333333,SN,,,Sorel,Sorel,,,"soundings_wintremix/upperair.sounding.202203120200.UQAM-Sorel.txt,soundings_wintremix/upperair.sounding.202203120400.UQAM-Sorel.txt",0.0,2022-03-12 03:20:00,Sorel2022-03-12 03:20:00,False,,,,
1600,,,,,,2022-03-12 03:30:00,IOP10,SN,,,,,,,,,,,-0.923,SN,,,Sorel,Sorel,,,"soundings_wintremix/upperair.sounding.202203120200.UQAM-Sorel.txt,soundings_wintremix/upperair.sounding.202203120400.UQAM-Sorel.txt",0.0,2022-03-12 03:30:00,Sorel2022-03-12 03:30:00,False,,,,
1601,,,,,,2022-03-12 03:40:00,IOP10,SN,,,,,,,,,,,-1.0466666666666666,SN,,,Sorel,Sorel,,,"soundings_wintremix/upperair.sounding.202203120200.UQAM-Sorel.txt,soundings_wintremix/upperair.sounding.202203120400.UQAM-Sorel.txt",0.0,2022-03-12 03:40:00,Sorel2022-03-12 03:40:00,False,,,,
1602,,,,,,2022-03-12 03:50:00,IOP10,SN,,,,,,,,,,,-1.1703333333333332,SN,,,Sorel,Sorel,,,"soundings_wintremix/upperair.sounding.202203120200.UQAM-Sorel.txt,soundings_wintremix/upperair.sounding.202203120400.UQAM-Sorel.txt",0.0,2022-03-12 03:50:00,Sorel2022-03-12 03:50:00,False,,,,
1603,,,,,,2022-03-12 04:00:00,IOP10,SN,,,,,,,,,,,-1.67,SN,,,Sorel,Sorel,,,"soundings_wintremix/upperair.sounding.202203120400.UQAM-Sorel.txt,soundings_wintremix/upperair.sounding.202203120600.UQAM-Sorel.txt",0.0,2022-03-12 04:00:00,Sorel2022-03-12 04:00:00,False,,,,
1604,,,,,,2022-03-12 04:10:00,IOP10,SN,,,,,,,,,,,-1.7538725490196079,SN,,,Sorel,Sorel,,,"soundings_wintremix/upperair.sounding.202203120400.UQAM-Sorel.txt,soundings_wintremix/upperair.sounding.202203120600.UQAM-Sorel.txt",0.0,2022-03-12 04:10:00,Sorel2022-03-12 04:10:00,True,upperair.sounding.202203120400.UQAM-Sorel.txt,,,
1605,,,,,,2022-03-12 04:20:00,IOP10,SN,,,,,,,,,,,-1.8377450980392156,SN,,,Sorel,Sorel,,,"soundings_wintremix/upperair.sounding.202203120400.UQAM-Sorel.txt,soundings_wintremix/upperair.sounding.202203120600.UQAM-Sorel.txt",0.0,2022-03-12 04:20:00,Sorel2022-03-12 04:20:00,False,,,,
1606,,,,,,2022-03-12 04:30:00,IOP10,SN,,,,,,,,,,,-1.9216176470588235,SN,,,Sorel,Sorel,,,"soundings_wintremix/upperair.sounding.202203120400.UQAM-Sorel.txt,soundings_wintremix/upperair.sounding.202203120600.UQAM-Sorel.txt",0.0,2022-03-12 04:30:00,Sorel2022-03-12 04:30:00,False,,,,
1607,,,,,,2022-03-12 04:40:00,IOP10,SN,,,,,,,,,,,-2.0054901960784313,SN,,,Sorel,Sorel,,,"soundings_wintremix/upperair.sounding.202203120400.UQAM-Sorel.txt,soundings_wintremix/upperair.sounding.202203120600.UQAM-Sorel.txt",0.0,2022-03-12 04:40:00,Sorel2022-03-12 04:40:00,False,,,,
1608,,,,,,2022-03-12 04:50:00,IOP10,SN,,,,,,,,,,,-2.0893627450980397,SN,,,Sorel,Sorel,,,"soundings_wintremix/upperair.sounding.202203120400.UQAM-Sorel.txt,soundings_wintremix/upperair.sounding.202203120600.UQAM-Sorel.txt",0.0,2022-03-12 04:50:00,Sorel2022-03-12 04:50:00,False,,,,
1609,,,,,,2022-03-12 05:00:00,IOP10,SN,,,,,,,,,,,-2.173235294117647,SN,,,Sorel,Sorel,,,"soundings_wintremix/upperair.sounding.202203120400.UQAM-Sorel.txt,soundings_wintremix/upperair.sounding.202203120600.UQAM-Sorel.txt",0.0,2022-03-12 05:00:00,Sorel2022-03-12 05:00:00,False,,,,
1610,,,,,,2022-03-12 05:10:00,IOP10,SN,,,,,,,,,,,-2.257107843137255,SN,,,Sorel,Sorel,,,"soundings_wintremix/upperair.sounding.202203120400.UQAM-Sorel.txt,soundings_wintremix/upperair.sounding.202203120600.UQAM-Sorel.txt",0.0,2022-03-12 05:10:00,Sorel2022-03-12 05:10:00,False,,,,
1611,,,,,,2022-03-12 05:20:00,IOP10,SN,,,,,,,,,,,-2.3409803921568626,SN,,,Sorel,Sorel,,,"soundings_wintremix/upperair.sounding.202203120400.UQAM-Sorel.txt,soundings_wintremix/upperair.sounding.202203120600.UQAM-Sorel.txt",0.0,2022-03-12 05:20:00,Sorel2022-03-12 05:20:00,False,,,,
1612,,,,,,2022-03-12 05:30:00,IOP10,SN,,,,,,,,,,,-2.424852941176471,SN,,,Sorel,Sorel,,,"soundings_wintremix/upperair.sounding.202203120400.UQAM-Sorel.txt,soundings_wintremix/upperair.sounding.202203120600.UQAM-Sorel.txt",0.0,2022-03-12 05:30:00,Sorel2022-03-12 05:30:00,False,,,,
1613,,,,,,2022-03-12 05:40:00,IOP10,SN,,,,,,,,,,,-2.508725490196079,SN,,,Sorel,Sorel,,,"soundings_wintremix/upperair.sounding.202203120400.UQAM-Sorel.txt,soundings_wintremix/upperair.sounding.202203120600.UQAM-Sorel.txt",0.0,2022-03-12 05:40:00,Sorel2022-03-12 05:40:00,False,,,,
1614,,,,,,2022-03-12 05:50:00,IOP10,SN,,,,,,,,,,,-2.5925980392156864,SN,,,Sorel,Sorel,,,"soundings_wintremix/upperair.sounding.202203120400.UQAM-Sorel.txt,soundings_wintremix/upperair.sounding.202203120600.UQAM-Sorel.txt",0.0,2022-03-12 05:50:00,Sorel2022-03-12 05:50:00,False,,,,
1615,,,,,,2022-03-12 06:00:00,IOP10,SN,,,,,,,,,,,-2.66,SN,,,Sorel,Sorel,,,"soundings_wintremix/upperair.sounding.202203120600.UQAM-Sorel.txt,soundings_wintremix/upperair.sounding.202203120800.UQAM-Sorel.txt",0.0,2022-03-12 06:00:00,Sorel2022-03-12 06:00:00,False,,,,
1616,,,,,,2022-03-12 06:10:00,IOP10,SN,,,,,,,,,,,-2.682857142857143,SN,,,Sorel,Sorel,,,"soundings_wintremix/upperair.sounding.202203120600.UQAM-Sorel.txt,soundings_wintremix/upperair.sounding.202203120800.UQAM-Sorel.txt",0.0,2022-03-12 06:10:00,Sorel2022-03-12 06:10:00,True,upperair.sounding.202203120600.UQAM-Sorel.txt,,,
1617,,,,,,2022-03-12 06:20:00,IOP10,SN,,,,,,,,,,,-2.705714285714286,SN,,,Sorel,Sorel,,,"soundings_wintremix/upperair.sounding.202203120600.UQAM-Sorel.txt,soundings_wintremix/upperair.sounding.202203120800.UQAM-Sorel.txt",0.0,2022-03-12 06:20:00,Sorel2022-03-12 06:20:00,False,,,,
1618,,,,,,2022-03-12 06:30:00,IOP10,SN,SN,,,,,,,,,,-2.7285714285714286,SN,,,Sorel,Sorel,,,"soundings_wintremix/upperair.sounding.202203120600.UQAM-Sorel.txt,soundings_wintremix/upperair.sounding.202203120800.UQAM-Sorel.txt",0.0,2022-03-12 06:30:00,Sorel2022-03-12 06:30:00,False,,,,
1619,,,,,,2022-03-12 06:40:00,IOP10,SN,,,,,,,,,,,-2.7514285714285713,SN,,,Sorel,Sorel,,,"soundings_wintremix/upperair.sounding.202203120600.UQAM-Sorel.txt,soundings_wintremix/upperair.sounding.202203120800.UQAM-Sorel.txt",0.0,2022-03-12 06:40:00,Sorel2022-03-12 06:40:00,False,,,,
1620,,,,,,2022-03-12 06:50:00,IOP10,SN,,,,,,,,,,,-2.7742857142857145,SN,,,Sorel,Sorel,,,"soundings_wintremix/upperair.sounding.202203120600.UQAM-Sorel.txt,soundings_wintremix/upperair.sounding.202203120800.UQAM-Sorel.txt",0.0,2022-03-12 06:50:00,Sorel2022-03-12 06:50:00,False,,,,
1621,,,,,,2022-03-12 07:00:00,IOP10,SN,,,,,,,,,,,-2.797142857142857,SN,,,Sorel,Sorel,,,"soundings_wintremix/upperair.sounding.202203120600.UQAM-Sorel.txt,soundings_wintremix/upperair.sounding.202203120800.UQAM-Sorel.txt",0.0,2022-03-12 07:00:00,Sorel2022-03-12 07:00:00,False,,,,
1622,,,,,,2022-03-12 07:10:00,IOP10,SN,,,,,,,,,,,-2.8200000000000003,SN,,,Sorel,Sorel,,,"soundings_wintremix/upperair.sounding.202203120600.UQAM-Sorel.txt,soundings_wintremix/upperair.sounding.202203120800.UQAM-Sorel.txt",0.0,2022-03-12 07:10:00,Sorel2022-03-12 07:10:00,False,,,,
1623,,,,,,2022-03-12 07:20:00,IOP10,SN,,,,,,,,,,,-2.8428571428571425,SN,,,Sorel,Sorel,,,"soundings_wintremix/upperair.sounding.202203120600.UQAM-Sorel.txt,soundings_wintremix/upperair.sounding.202203120800.UQAM-Sorel.txt",0.0,2022-03-12 07:20:00,Sorel2022-03-12 07:20:00,False,,,,
1624,,,,,,2022-03-12 07:30:00,IOP10,SN,,,,,,,,,,,-2.8657142857142857,SN,,,Sorel,Sorel,,,"soundings_wintremix/upperair.sounding.202203120600.UQAM-Sorel.txt,soundings_wintremix/upperair.sounding.202203120800.UQAM-Sorel.txt",0.0,2022-03-12 07:30:00,Sorel2022-03-12 07:30:00,False,,,,
1625,,,,,,2022-03-12 07:40:00,IOP10,,,,,,,,,,,,-2.888571428571429,,,,Sorel,Sorel,,,"soundings_wintremix/upperair.sounding.202203120600.UQAM-Sorel.txt,soundings_wintremix/upperair.sounding.202203120800.UQAM-Sorel.txt",0.0,2022-03-12 07:40:00,Sorel2022-03-12 07:40:00,False,,,,
1626,,,,,,2022-03-12 07:50:00,IOP10,,,,,,,,,,,,-2.911428571428571,,,,Sorel,Sorel,,,"soundings_wintremix/upperair.sounding.202203120600.UQAM-Sorel.txt,soundings_wintremix/upperair.sounding.202203120800.UQAM-Sorel.txt",0.0,2022-03-12 07:50:00,Sorel2022-03-12 07:50:00,False,,,,
1627,,,,,,2022-03-12 08:00:00,IOP10,SN,,,,,,,,,,,,SN,,,Sorel,Sorel,,,,,2022-03-12 08:00:00,Sorel2022-03-12 08:00:00,False,,,,
1725,,,,,,,,,,,,,,,,,,,,,,,,,,,,0.0,2022-03-12 08:10:00,Sorel2022-03-12 08:10:00,True,upperair.sounding.202203120800.UQAM-Sorel.txt,,,
1628,,,,,,2022-03-12 08:20:00,IOP10,SN,,,,,,,,,,,,SN,,,Sorel,Sorel,,,,,2022-03-12 08:20:00,Sorel2022-03-12 08:20:00,False,,,,
1629,,,,,,2022-02-21 12:00:00,IOP5,,,,,,,,,,,,,,,,Trois,Trois,,,,,2022-02-21 12:00:00,Trois2022-02-21 12:00:00,False,,0.0,-5.6555666,87.08
1630,,,,,,2022-02-22 21:00:00,IOP5,,,,,,,,,,,,,,,,Trois,Trois,,,,,2022-02-22 21:00:00,Trois2022-02-22 21:00:00,False,,0.0,-9.2539972,76.049
1631,,,,,,2022-02-22 21:20:00,IOP5,,,,,,,,,,,,,,,,Trois,Trois,,,,,2022-02-22 21:20:00,Trois2022-02-22 21:20:00,False,,0.0,-9.192411400000001,77.333
1632,,,,,,2022-02-22 21:40:00,IOP5,,,,,,,,,,,,,,,,Trois,Trois,,,,,2022-02-22 21:40:00,Trois2022-02-22 21:40:00,False,,0.0,-9.0490822,78.069
1633,,,,,,2022-02-22 21:50:00,IOP5,,,,,,,,,,,,,,,,Trois,Trois,,,,,2022-02-22 21:50:00,Trois2022-02-22 21:50:00,False,,0.0,-9.0050072,78.436
1634,-5458.390157053675,93.30000000000001,102.64885500442345,-9.411017512161505,59.0,2022-02-22 22:00:00,IOP5,FZRA,PL,,,1349.0095996907598,1689.0,1.2786820850149383,639.0,59.0,59.0,575.0,-8.85,FZRA and PL,3.117690192492449,-12.324907755924437,Trois,Trois,1689.0,634.0,"soundings_wintremix/upperair.sounding.202202222200.UQAM-Trois-Rivieres.txt,soundings_wintremix/upperair.sounding.202202230000.UQAM-Trois-Rivieres.txt",1050.0,2022-02-22 22:00:00,Trois2022-02-22 22:00:00,False,,0.0,-8.9339357,79.053
1635,-5458.390157053675,93.30000000000001,102.64885500442345,-9.411017512161505,59.0,2022-02-22 22:10:00,IOP5,PL,FZRA,,,1349.0095996907598,1689.0,1.2786820850149383,639.0,59.0,59.0,575.0,-8.782058823529411,FZRA and PL,3.117690192492449,-12.324907755924437,Trois,Trois,1689.0,634.0,"soundings_wintremix/upperair.sounding.202202222200.UQAM-Trois-Rivieres.txt,soundings_wintremix/upperair.sounding.202202230000.UQAM-Trois-Rivieres.txt",1050.0,2022-02-22 22:10:00,Trois2022-02-22 22:10:00,True,upperair.sounding.202202222200.UQAM-Trois-Rivieres.txt,0.4617,-8.8723191,79.894
1636,-5185.489439295658,92.82987179487179,100.91132762538265,-8.940499033268376,59.0,2022-02-22 22:20:00,IOP5,PL,FZRA,,,1508.120933344116,1784.0,1.311409507255753,639.0,59.0,59.0,575.0,-8.714117647058824,FZRA and PL,3.0430186659329266,-11.800742612873838,Trois,Trois,1784.0,634.0,"soundings_wintremix/upperair.sounding.202202222200.UQAM-Trois-Rivieres.txt,soundings_wintremix/upperair.sounding.202202230000.UQAM-Trois-Rivieres.txt",1145.0,2022-02-22 22:20:00,Trois2022-02-22 22:20:00,False,,0.6721999999999999,-8.7780667,81.63
1637,-5049.03908041665,92.59480769230771,100.07928916349135,-8.705239793821807,59.0,2022-02-22 22:30:00,IOP5,PL,FZRA,,,1601.58871421005,1829.0,1.3402416018494143,639.0,59.0,59.0,575.0,-8.646176470588234,FZRA and PL,3.005682902653165,-11.611249990830059,Trois,Trois,1829.0,634.0,"soundings_wintremix/upperair.sounding.202202222200.UQAM-Trois-Rivieres.txt,soundings_wintremix/upperair.sounding.202202230000.UQAM-Trois-Rivieres.txt",1190.0,2022-02-22 22:30:00,Trois2022-02-22 22:30:00,False,,1.2419,-8.7532526,82.86
1638,-4912.5887215376415,92.35974358974359,100.20672474648349,-8.469980554375244,59.0,2022-02-22 22:40:00,IOP5,PL,,,,1699.1350889526295,1864.0,1.381410641424902,639.0,59.0,59.0,575.0,-8.578235294117647,PL,2.968347139373403,-11.423577619005432,Trois,Trois,1864.0,634.0,"soundings_wintremix/upperair.sounding.202202222200.UQAM-Trois-Rivieres.txt,soundings_wintremix/upperair.sounding.202202230000.UQAM-Trois-Rivieres.txt",1225.0,2022-02-22 22:40:00,Trois2022-02-22 22:40:00,False,,2.2582,-8.7117633,83.8
1639,-4766.99448843907,92.17605056980057,100.31934524729881,-8.218956014550121,60.0,2022-02-22 22:50:00,IOP5,PL,,,,1801.0233946605395,1900.0,1.4237339088225602,640.0,60.0,60.0,575.0,-8.51029411764706,PL,2.9304988056740386,-11.243171151491438,Trois,Trois,1900.0,635.0,"soundings_wintremix/upperair.sounding.202202222200.UQAM-Trois-Rivieres.txt,soundings_wintremix/upperair.sounding.202202230000.UQAM-Trois-Rivieres.txt",1260.0,2022-02-22 22:50:00,Trois2022-02-22 22:50:00,False,,2.9739999999999998,-8.6467537,84.55
1640,-4639.688003779625,91.88961538461538,100.45663072204658,-7.999462075482113,59.0,2022-02-22 23:00:00,IOP5,PL,,,,1906.2771233294704,1914.0,1.4892790026011489,639.0,59.0,59.0,575.0,-8.44235294117647,PL,2.8936756128138805,-11.07548760190855,Trois,Trois,1914.0,634.0,"soundings_wintremix/upperair.sounding.202202222200.UQAM-Trois-Rivieres.txt,soundings_wintremix/upperair.sounding.202202230000.UQAM-Trois-Rivieres.txt",1275.0,2022-02-22 23:00:00,Trois2022-02-22 23:00:00,False,,1.3155,-8.5754297,85.47999999999999
1641,-4493.948255679124,91.80659173976609,100.55341824680046,-7.68196283022072,60.0,2022-02-22 23:10:00,IOP5,PL,,,,2013.0845978941354,1940.0,1.5485266137647193,645.0,60.0,60.0,580.0,-8.374411764705883,PL,2.9356666714115116,-10.906214259527157,Trois,Trois,1940.0,640.0,"soundings_wintremix/upperair.sounding.202202222200.UQAM-Trois-Rivieres.txt,soundings_wintremix/upperair.sounding.202202230000.UQAM-Trois-Rivieres.txt",1295.0,2022-02-22 23:10:00,Trois2022-02-22 23:10:00,False,,3.1365000000000003,-8.4965135,86.72
1642,-4367.446132814585,92.29243767313018,100.69998205215917,-7.402451072567092,59.0,2022-02-22 23:20:00,IOP5,PL,,,,2123.8674160480195,1964.0,1.6089904667030452,649.0,59.0,59.0,585.0,-8.306470588235294,PL,3.065936128454287,-10.740776179501927,Trois,Trois,1964.0,644.0,"soundings_wintremix/upperair.sounding.202202222200.UQAM-Trois-Rivieres.txt,soundings_wintremix/upperair.sounding.202202230000.UQAM-Trois-Rivieres.txt",1315.0,2022-02-22 23:20:00,Trois2022-02-22 23:20:00,False,,3.6116,-8.4580548,87.74
1643,-4231.9494849297,92.69024238227148,100.81922416293554,-7.0532491415495,59.0,2022-02-22 23:30:00,IOP5,PL,,,,2237.7980611104613,1989.0,1.6762532292962258,659.0,59.0,59.0,595.0,-8.238529411764706,PL,3.194101719401388,-10.573420468298616,Trois,Trois,1989.0,654.0,"soundings_wintremix/upperair.sounding.202202222200.UQAM-Trois-Rivieres.txt,soundings_wintremix/upperair.sounding.202202230000.UQAM-Trois-Rivieres.txt",1330.0,2022-02-22 23:30:00,Trois2022-02-22 23:30:00,False,,2.8123,-8.3986042,88.48
1644,-4096.784620690862,93.08804709141276,100.93685684966249,-6.827974367818103,59.0,2022-02-22 23:40:00,IOP5,PL,,,,2355.3438873116665,2009.0,1.7382611714477243,659.0,59.0,59.0,595.0,-8.170588235294119,PL,3.3222673103484888,-10.406064757095303,Trois,Trois,2009.0,654.0,"soundings_wintremix/upperair.sounding.202202222200.UQAM-Trois-Rivieres.txt,soundings_wintremix/upperair.sounding.202202230000.UQAM-Trois-Rivieres.txt",1350.0,2022-02-22 23:40:00,Trois2022-02-22 23:40:00,False,,2.0715,-8.3531661,88.71000000000001
1645,-3961.877410078243,93.48585180055402,101.05288976657509,-6.548557702608667,59.0,2022-02-22 23:50:00,IOP5,PL,,,,2472.8557812073423,2019.0,1.8663062499678054,699.0,59.0,59.0,600.0,-8.10264705882353,PL,3.45043290129559,-10.23870904589199,Trois,Trois,2019.0,659.0,"soundings_wintremix/upperair.sounding.202202222200.UQAM-Trois-Rivieres.txt,soundings_wintremix/upperair.sounding.202202230000.UQAM-Trois-Rivieres.txt",1320.0,2022-02-22 23:50:00,Trois2022-02-22 23:50:00,False,,2.213,-8.285855799999998,88.42999999999999
1646,-3949.8179791858006,100.0,106.72330155772907,-6.319708766697281,43.0,2022-02-23 00:00:00,IOP5,PL,,,,2597.785397068635,2038.0,1.9459066644708878,708.0,43.0,43.0,620.0,-7.93,PL,3.593980143514315,-10.09735614209604,Trois,Trois,2038.0,663.0,"soundings_wintremix/upperair.sounding.202202230000.UQAM-Trois-Rivieres.txt,soundings_wintremix/upperair.sounding.202202230400.UQAM-Trois-Rivieres.txt",1330.0,2022-02-23 00:00:00,Trois2022-02-23 00:00:00,False,,2.879,-8.1227794,88.60999999999999
1647,-3949.8179791858006,100.0,106.72330155772907,-6.319708766697281,43.0,2022-02-23 00:10:00,IOP5,PL,,,,2597.785397068635,2038.0,1.9459066644708878,708.0,43.0,43.0,620.0,-7.806853448275862,PL,3.593980143514315,-10.09735614209604,Trois,Trois,2038.0,663.0,"soundings_wintremix/upperair.sounding.202202230000.UQAM-Trois-Rivieres.txt,soundings_wintremix/upperair.sounding.202202230400.UQAM-Trois-Rivieres.txt",1330.0,2022-02-23 00:10:00,Trois2022-02-23 00:10:00,True,upperair.sounding.202202230000.UQAM-Trois-Rivieres.txt,3.0231000000000003,-7.961796600000001,88.92999999999999
1648,-3759.3776298028793,102.8634548611111,109.29528432824837,-6.112809154151022,43.0,2022-02-23 00:20:00,IOP5,PL,,,,2661.296155602401,2038.0,1.921513469749026,658.0,43.0,43.0,610.0,-7.6837068965517235,PL,3.5466833463322267,-9.833097300934607,Trois,Trois,2038.0,653.0,"soundings_wintremix/upperair.sounding.202202230000.UQAM-Trois-Rivieres.txt,soundings_wintremix/upperair.sounding.202202230400.UQAM-Trois-Rivieres.txt",1380.0,2022-02-23 00:20:00,Trois2022-02-23 00:20:00,False,,2.9928999999999997,-7.867714100000001,88.82000000000001
1649,-3665.0220269743227,104.29518229166666,110.57201344234515,-6.057887647891443,43.0,2022-02-23 00:30:00,IOP5,PL,,,,2694.763124078002,2038.0,1.9317298380487467,648.0,43.0,43.0,600.0,-7.560560344827586,PL,3.5230349477411833,-9.734746166570241,Trois,Trois,2038.0,643.0,"soundings_wintremix/upperair.sounding.202202230000.UQAM-Trois-Rivieres.txt,soundings_wintremix/upperair.sounding.202202230400.UQAM-Trois-Rivieres.txt",1390.0,2022-02-23 00:30:00,Trois2022-02-23 00:30:00,False,,2.0378999999999996,-7.7845335,89.03
1650,-3571.655824840935,105.72690972222222,111.84259712596965,-6.158027284208509,43.0,2022-02-23 00:40:00,IOP5,PL,,,,2728.9918790577613,2038.0,1.9423429744183351,638.0,43.0,43.0,575.0,-7.437413793103448,PL,3.49938654915014,-9.636395032205874,Trois,Trois,2038.0,618.0,"soundings_wintremix/upperair.sounding.202202230000.UQAM-Trois-Rivieres.txt,soundings_wintremix/upperair.sounding.202202230400.UQAM-Trois-Rivieres.txt",1400.0,2022-02-23 00:40:00,Trois2022-02-23 00:40:00,False,,1.8024999999999998,-7.7502831,88.81
1651,-3480.43563250114,107.15863715277777,113.10705736863345,-6.106027425440597,43.0,2022-02-23 00:50:00,IOP5,PL,,,,2765.827004622496,2033.0,1.9409312313140321,613.0,43.0,43.0,565.0,-7.3142672413793095,PL,3.4757381505590956,-9.538043897841506,Trois,Trois,2033.0,608.0,"soundings_wintremix/upperair.sounding.202202230000.UQAM-Trois-Rivieres.txt,soundings_wintremix/upperair.sounding.202202230400.UQAM-Trois-Rivieres.txt",1420.0,2022-02-23 00:50:00,Trois2022-02-23 00:50:00,False,,2.3548999999999998,-7.711218700000001,89.3
1652,-3390.156756936143,108.59036458333333,114.3654161012591,-6.053851351671684,43.0,2022-02-23 01:00:00,IOP5,PL,,,,2803.364636550796,2023.0,1.967273429158453,603.0,43.0,43.0,555.0,-7.191120689655172,PL,3.452089751968052,-9.439692763477138,Trois,Trois,2023.0,598.0,"soundings_wintremix/upperair.sounding.202202230000.UQAM-Trois-Rivieres.txt,soundings_wintremix/upperair.sounding.202202230400.UQAM-Trois-Rivieres.txt",1420.0,2022-02-23 01:00:00,Trois2022-02-23 01:00:00,False,,2.5288,-7.7195441,89.45
1653,-3300.209222083626,110.0220920138889,115.61769519617073,-5.9463229226732,43.0,2022-02-23 01:10:00,IOP5,PL,,,,2841.4031985303773,2023.0,1.9869952437275367,598.0,43.0,43.0,550.0,-7.067974137931035,PL,3.428441353377008,-9.341341629112772,Trois,Trois,2023.0,593.0,"soundings_wintremix/upperair.sounding.202202230000.UQAM-Trois-Rivieres.txt,soundings_wintremix/upperair.sounding.202202230400.UQAM-Trois-Rivieres.txt",1425.0,2022-02-23 01:10:00,Trois2022-02-23 01:10:00,False,,2.5313,-7.6600641,89.36
1654,-3212.034087574767,111.45381944444442,116.8639164670811,-6.2369593933490615,43.0,2022-02-23 01:20:00,IOP5,PL,,,,2881.214160853616,2023.0,1.9600096332337524,558.0,43.0,43.0,510.0,-6.9448275862068956,PL,3.4047929547859637,-9.242990494748403,Trois,Trois,2023.0,553.0,"soundings_wintremix/upperair.sounding.202202230000.UQAM-Trois-Rivieres.txt,soundings_wintremix/upperair.sounding.202202230400.UQAM-Trois-Rivieres.txt",1465.0,2022-02-23 01:20:00,Trois2022-02-23 01:20:00,False,,3.2032,-7.620006000000001,89.7
1655,-3126.347594894075,112.88554687499999,118.10410166908778,-6.130093323321717,43.0,2022-02-23 01:30:00,IOP5,PL,,,,2923.513765005022,2023.0,1.9820432305118791,553.0,43.0,43.0,505.0,-6.821681034482758,PL,3.3822071182483597,-9.144639360384037,Trois,Trois,2023.0,548.0,"soundings_wintremix/upperair.sounding.202202230000.UQAM-Trois-Rivieres.txt,soundings_wintremix/upperair.sounding.202202230400.UQAM-Trois-Rivieres.txt",1470.0,2022-02-23 01:30:00,Trois2022-02-23 01:30:00,False,,3.9762999999999997,-7.5735885,90.07
1656,-3041.037842438259,114.31727430555554,119.33827249866631,-5.962819298898549,43.0,2022-02-23 01:40:00,IOP5,PL,,,,2966.200252360702,2018.0,2.0178233009256474,553.0,43.0,43.0,505.0,-6.698534482758621,PL,3.3608656170729416,-9.04628822601967,Trois,Trois,2018.0,548.0,"soundings_wintremix/upperair.sounding.202202230000.UQAM-Trois-Rivieres.txt,soundings_wintremix/upperair.sounding.202202230400.UQAM-Trois-Rivieres.txt",1465.0,2022-02-23 01:40:00,Trois2022-02-23 01:40:00,False,,3.6677,-7.5230327,90.33
1657,-2871.4972558309723,117.18072916666665,121.7886575333146,-5.742994511661944,43.0,2022-02-23 02:00:00,IOP5,PL,,,,3052.739850206647,2013.0,2.0696541357333196,543.0,43.0,43.0,495.0,-6.452241379310344,PL,3.318182614722105,-8.849585957290934,Trois,Trois,2013.0,538.0,"soundings_wintremix/upperair.sounding.202202230000.UQAM-Trois-Rivieres.txt,soundings_wintremix/upperair.sounding.202202230400.UQAM-Trois-Rivieres.txt",1470.0,2022-02-23 02:00:00,Trois2022-02-23 02:00:00,False,,4.479100000000001,-7.5305252,90.39000000000001
1658,-2787.4301644795296,118.61245659722219,123.0049148382101,-5.631172049453595,43.0,2022-02-23 02:10:00,IOP5,PL,,,,3096.7617767608135,2013.0,2.092406605919469,538.0,43.0,43.0,490.0,-6.329094827586206,PL,3.3531969306285787,-8.751234822926568,Trois,Trois,2013.0,533.0,"soundings_wintremix/upperair.sounding.202202230000.UQAM-Trois-Rivieres.txt,soundings_wintremix/upperair.sounding.202202230400.UQAM-Trois-Rivieres.txt",1475.0,2022-02-23 02:10:00,Trois2022-02-23 02:10:00,False,,4.1852,-7.499426700000001,90.72999999999999
1659,-2703.9195695401963,120.04418402777777,124.21524397033214,-5.5182032031432575,43.0,2022-02-23 02:20:00,IOP5,PL,,,,3141.340199727088,2013.0,2.1153806058768265,533.0,43.0,43.0,485.0,-6.2059482758620685,PL,3.4326235186398293,-8.6528836885622,Trois,Trois,2013.0,528.0,"soundings_wintremix/upperair.sounding.202202230000.UQAM-Trois-Rivieres.txt,soundings_wintremix/upperair.sounding.202202230400.UQAM-Trois-Rivieres.txt",1480.0,2022-02-23 02:20:00,Trois2022-02-23 02:20:00,False,,3.7148000000000003,-7.2216744,91.46000000000001
1660,-2621.00156808958,121.47591145833331,125.41966633303984,-5.404126944514597,43.0,2022-02-23 02:30:00,IOP5,PL,,,,3186.51121618208,2013.0,2.138598131665825,528.0,43.0,43.0,480.0,-6.08280172413793,PL,3.5120501066510794,-8.554532554197834,Trois,Trois,2013.0,523.0,"soundings_wintremix/upperair.sounding.202202230000.UQAM-Trois-Rivieres.txt,soundings_wintremix/upperair.sounding.202202230400.UQAM-Trois-Rivieres.txt",1485.0,2022-02-23 02:30:00,Trois2022-02-23 02:30:00,False,,3.8118000000000003,-6.9267951,91.71000000000001
1661,-2538.3557215499823,122.90763888888885,126.6182032710834,-5.288241086562464,43.0,2022-02-23 02:40:00,IOP5,PL,,,,3231.9594095340217,2008.0,2.1691002748550483,523.0,43.0,43.0,475.0,-5.959655172413792,PL,3.5914766946623287,-8.456181419833465,Trois,Trois,2008.0,518.0,"soundings_wintremix/upperair.sounding.202202230000.UQAM-Trois-Rivieres.txt,soundings_wintremix/upperair.sounding.202202230400.UQAM-Trois-Rivieres.txt",1485.0,2022-02-23 02:40:00,Trois2022-02-23 02:40:00,False,,3.9272,-6.655372300000001,91.89
1662,-2441.6821607463858,124.62571180555553,128.04870880294982,-5.308004697274751,43.0,2022-02-23 02:52:00,IOP5,PL,,,,3289.064949413616,2008.0,2.1781887082209375,503.0,43.0,43.0,455.0,-5.8118793103448265,PL,3.686788600275829,-8.338160058596225,Trois,Trois,2008.0,498.0,"soundings_wintremix/upperair.sounding.202202230000.UQAM-Trois-Rivieres.txt,soundings_wintremix/upperair.sounding.202202230400.UQAM-Trois-Rivieres.txt",1505.0,2022-02-23 02:50:00,Trois2022-02-23 02:50:00,False,,3.1907,-6.5207235,91.87
1663,-2377.9190143966657,125.77109374999998,128.99770595917613,-5.226195636036628,43.0,2022-02-23 03:00:00,IOP5,PL,,,,3327.8227130048713,2003.0,2.2038561013277294,498.0,43.0,43.0,450.0,-5.713362068965517,PL,3.750329870684829,-8.259479151104731,Trois,Trois,2003.0,493.0,"soundings_wintremix/upperair.sounding.202202230000.UQAM-Trois-Rivieres.txt,soundings_wintremix/upperair.sounding.202202230400.UQAM-Trois-Rivieres.txt",1505.0,2022-02-23 03:00:00,Trois2022-02-23 03:00:00,False,,3.9497999999999998,-6.3467005,92.32000000000001
1664,-2298.4956896668245,127.20282118055553,130.17871410575563,-5.051638878388623,43.0,2022-02-23 03:10:00,IOP5,PL,,,,3376.6227816015507,2003.0,2.236174027550696,498.0,43.0,43.0,450.0,-5.590215517241378,PL,3.829756458696079,-8.161128016740363,Trois,Trois,2003.0,493.0,"soundings_wintremix/upperair.sounding.202202230000.UQAM-Trois-Rivieres.txt,soundings_wintremix/upperair.sounding.202202230400.UQAM-Trois-Rivieres.txt",1505.0,2022-02-23 03:10:00,Trois2022-02-23 03:10:00,False,,2.8668,-5.9469783,92.92999999999999
1665,-2219.3670193884986,128.6345486111111,131.35392162075905,-4.93192670975222,43.0,2022-02-23 03:20:00,IOP5,PL,,,,3425.7390823604273,1998.0,2.268701379046641,493.0,43.0,43.0,445.0,-5.467068965517241,PL,3.9091830467073296,-8.062776882375998,Trois,Trois,1998.0,488.0,"soundings_wintremix/upperair.sounding.202202230000.UQAM-Trois-Rivieres.txt,soundings_wintremix/upperair.sounding.202202230400.UQAM-Trois-Rivieres.txt",1505.0,2022-02-23 03:20:00,Trois2022-02-23 03:20:00,False,,3.4676,-5.6389446,93.32000000000001
1666,-2140.7140822950773,130.06627604166664,132.52334955604368,-4.810593443359724,43.0,2022-02-23 03:30:00,IOP5,PL,FZRA,,,3475.3828350142576,1998.0,2.2939820693163417,488.0,43.0,43.0,440.0,-5.343922413793103,FZRA and PL,3.9886096347185793,-7.96442574801163,Trois,Trois,1998.0,483.0,"soundings_wintremix/upperair.sounding.202202230000.UQAM-Trois-Rivieres.txt,soundings_wintremix/upperair.sounding.202202230400.UQAM-Trois-Rivieres.txt",1510.0,2022-02-23 03:30:00,Trois2022-02-23 03:30:00,False,,2.7819,-5.4185881,93.43
1667,-2064.50095900907,131.4980034722222,133.68701890493736,-4.8576493153154585,43.0,2022-02-23 03:40:00,IOP5,PL,FZRA,,,3527.498605837215,1993.0,2.3055546443380495,468.0,43.0,43.0,420.0,-5.220775862068965,FZRA and PL,4.0680362227298295,-7.866074613647262,Trois,Trois,1993.0,463.0,"soundings_wintremix/upperair.sounding.202202230000.UQAM-Trois-Rivieres.txt,soundings_wintremix/upperair.sounding.202202230400.UQAM-Trois-Rivieres.txt",1525.0,2022-02-23 03:40:00,Trois2022-02-23 03:40:00,False,,2.3736,-5.2835294,93.59
1668,-1989.5164427757593,107.41905223371074,109.48873440865941,-4.794015524760864,48.0,2022-02-23 03:50:00,IOP5,PL,FZRA,,,3580.698569749177,1988.0,2.340325862581161,463.0,48.0,48.0,410.0,-5.097629310344827,FZRA and PL,4.147462810741079,-7.767723479282896,Trois,Trois,1988.0,458.0,"soundings_wintremix/upperair.sounding.202202230000.UQAM-Trois-Rivieres.txt,soundings_wintremix/upperair.sounding.202202230400.UQAM-Trois-Rivieres.txt",1525.0,2022-02-23 03:50:00,Trois2022-02-23 03:50:00,False,,1.7921,-5.2997546,93.58
1669,,,,,,2022-02-23 04:00:00,IOP5,PL,FZRA,,,,,,,,,,,FZRA and PL,,,Trois,Trois,,,,,2022-02-23 04:00:00,Trois2022-02-23 04:00:00,False,,1.5488,-5.377841800000001,93.47999999999999
1670,-1916.891758252197,100.0,106.26928782250681,-4.675345751834627,50.0,2022-02-23 04:10:00,IOP5,PL,FZRA,,,3634.034372308556,1985.0,2.3751858642539583,460.0,50.0,50.0,405.0,,FZRA and PL,4.233554038081474,-8.128337260428944,Trois,Trois,1985.0,455.0,,1525.0,2022-02-23 04:10:00,Trois2022-02-23 04:10:00,True,upperair.sounding.202202230400.UQAM-Trois-Rivieres.txt,0.9165000000000001,-5.25484,93.7
1671,,,,,,2022-02-23 04:20:00,IOP5,FZRA,PL,,,,,,,,,,,FZRA and PL,,,Trois,Trois,,,,,2022-02-23 04:20:00,Trois2022-02-23 04:20:00,False,,0.48929999999999996,-5.1588405,93.74
1672,,,,,,2022-02-23 04:30:00,IOP5,FZRA,PL,,,,,,,,,,,FZRA and PL,,,Trois,Trois,,,,,2022-02-23 04:30:00,Trois2022-02-23 04:30:00,False,,0.8854,-5.1034467999999995,93.89
1673,,,,,,2022-02-23 04:40:00,IOP5,FZRA,PL,,,,,,,,,,,FZRA and PL,,,Trois,Trois,,,,,2022-02-23 04:40:00,Trois2022-02-23 04:40:00,False,,0.8308,-5.062848,94.07
1674,,,,,,2022-02-23 04:50:00,IOP5,FZRA,,,,,,,,,,,,FZRA,,,Trois,Trois,,,,,2022-02-23 04:50:00,Trois2022-02-23 04:50:00,False,,0.6168,-5.065999700000001,94.24
1675,,,,,,2022-02-23 05:00:00,IOP5,FZRA,,,,,,,,,,,,FZRA,,,Trois,Trois,,,,,2022-02-23 05:00:00,Trois2022-02-23 05:00:00,False,,0.0806,-5.1654151,94.26
1676,,,,,,2022-02-23 05:10:00,IOP5,FZRA,,,,,,,,,,,,FZRA,,,Trois,Trois,,,,,2022-02-23 05:10:00,Trois2022-02-23 05:10:00,False,,0.12969999999999998,-5.2607917,94.32000000000001
1677,,,,,,2022-02-23 05:20:00,IOP5,FZRA,,,,,,,,,,,,FZRA,,,Trois,Trois,,,,,2022-02-23 05:20:00,Trois2022-02-23 05:20:00,False,,0.0,-5.4126889,94.26
1678,,,,,,2022-02-23 05:30:00,IOP5,FZRA,,,,,,,,,,,,FZRA,,,Trois,Trois,,,,,2022-02-23 05:30:00,Trois2022-02-23 05:30:00,False,,0.0,-5.5316752000000005,94.24
1679,,,,,,2022-02-23 05:40:00,IOP5,FZRA,,,,,,,,,,,,FZRA,,,Trois,Trois,,,,,2022-02-23 05:40:00,Trois2022-02-23 05:40:00,False,,0.0,-5.590953833333334,94.28333333333335
1726,-4577.1698886551585,92.7256,97.13350294705188,-2.896942967503265,50.0,,,,,,,427.5926415405006,2105.0,0.8908180032093762,1630.0,50.0,50.0,1575.0,,,1.7467979542229055,-5.874184706811827,,,2105.0,1625.0,,475.0,2022-03-06 12:10:00,Trois2022-03-06 12:10:00,True,upperair.sounding.202203061200.UQAM-Trois-Rivieres.txt,,,
1680,-2348.7319311820697,92.7008696386356,96.53458366803068,-2.0160789108858967,50.0,2022-03-06 13:40:00,IOP8,FZRA,,,,1460.0800623524424,2295.0,1.345695910002251,1215.0,50.0,50.0,1160.0,-3.1668840579710142,FZRA,3.21076429297194,-4.935775656882546,Trois,Trois,2295.0,1210.0,"soundings_wintremix/upperair.sounding.202203061200.UQAM-Trois-Rivieres.txt,soundings_wintremix/upperair.sounding.202203061400.UQAM-Trois-Rivieres.txt",1080.0,2022-03-06 13:40:00,Trois2022-03-06 13:40:00,False,,1.0591,-3.4917893999999996,94.46000000000001
1681,-2199.1388639922325,92.91042468760553,96.68368833646609,-2.5423570681991126,50.0,2022-03-06 13:50:00,IOP8,FZRA,,,,1640.0134653606874,2305.0,1.4199250782343613,1155.0,50.0,50.0,860.0,-3.077572463768116,FZRA,3.375512917689453,-4.844812932993985,Trois,Trois,2305.0,910.0,"soundings_wintremix/upperair.sounding.202203061200.UQAM-Trois-Rivieres.txt,soundings_wintremix/upperair.sounding.202203061400.UQAM-Trois-Rivieres.txt",1150.0,2022-03-06 13:50:00,Trois2022-03-06 13:50:00,False,,0.674,-3.3207856999999996,94.47999999999999
1682,-2016.0404797661427,95.10563227016884,96.89591867001022,-2.3579420815978276,52.0,2022-03-06 14:04:00,IOP8,FZRA,,,,1952.525971944619,2327.0,1.3701936645225394,907.0,52.0,52.0,850.0,-3.059074966532798,FZRA,3.550153043316384,-4.714884363032568,Trois,Trois,2327.0,902.0,"soundings_wintremix/upperair.sounding.202203061400.UQAM-Trois-Rivieres.txt,soundings_wintremix/upperair.sounding.202203061600.UQAM-Trois-Rivieres.txt",1420.0,2022-03-06 14:00:00,Trois2022-03-06 14:00:00,False,,0.9996,-3.2363869000000003,94.56
1683,-2080.658872167596,95.03268292682927,96.81808222862846,-2.43351914873403,52.0,2022-03-06 14:12:00,IOP8,FZRA,,,,1830.9689489828488,2317.0,1.500794220477745,1102.0,52.0,52.0,850.0,-2.9972248995983937,FZRA,3.539973465922138,-4.7650083714745834,Trois,Trois,2317.0,902.0,"soundings_wintremix/upperair.sounding.202203061400.UQAM-Trois-Rivieres.txt,soundings_wintremix/upperair.sounding.202203061600.UQAM-Trois-Rivieres.txt",1215.0,2022-03-06 14:10:00,Trois2022-03-06 14:10:00,True,upperair.sounding.202203061400.UQAM-Trois-Rivieres.txt,0.3386,-3.0475877000000002,94.78
1684,-1761.6075636119851,95.39742964352719,97.21301382350848,-2.0971518614428395,52.0,2022-03-06 14:20:00,IOP8,FZRA,,,,2288.7787789712866,2372.0,1.5412651710244358,892.0,52.0,52.0,835.0,-2.9353748326639892,FZRA,3.5908713528933696,-4.514388329264504,Trois,Trois,2372.0,887.0,"soundings_wintremix/upperair.sounding.202203061400.UQAM-Trois-Rivieres.txt,soundings_wintremix/upperair.sounding.202203061600.UQAM-Trois-Rivieres.txt",1480.0,2022-03-06 14:20:00,Trois2022-03-06 14:20:00,False,,1.9608999999999999,-3.0365916,94.78
1685,-1586.3764143180788,94.01135419501134,97.4499793682706,-2.0338159157924083,52.0,2022-03-06 14:32:00,IOP8,FZRA,,,,2563.528145210199,2417.0,1.6122818523334586,832.0,52.0,52.0,775.0,-2.842599732262382,FZRA,3.6214100850761084,-4.364016303938455,Trois,Trois,2417.0,827.0,"soundings_wintremix/upperair.sounding.202203061400.UQAM-Trois-Rivieres.txt,soundings_wintremix/upperair.sounding.202203061600.UQAM-Trois-Rivieres.txt",1585.0,2022-03-06 14:30:00,Trois2022-03-06 14:30:00,False,,1.4364000000000001,-2.8463575,95.12
1686,-1442.443595683757,94.38507397959182,97.70586624395337,-2.1057570739908855,52.0,2022-03-06 14:45:00,IOP8,FZRA,,,,2911.893391337343,2442.0,1.7028616323610195,737.0,52.0,52.0,680.0,-2.742093373493976,FZRA,3.658090892105081,-4.26718803643245,Trois,Trois,2442.0,732.0,"soundings_wintremix/upperair.sounding.202203061400.UQAM-Trois-Rivieres.txt,soundings_wintremix/upperair.sounding.202203061600.UQAM-Trois-Rivieres.txt",1705.0,2022-03-06 14:40:00,Trois2022-03-06 14:40:00,False,,2.5322,-2.7991970999999998,95.34
1687,-1392.2793556671268,94.52881235827665,97.80405599614903,-2.0474696406869515,52.0,2022-03-06 14:50:00,IOP8,FZRA,,,,3052.3598506346475,2452.0,1.769483971382404,732.0,52.0,52.0,675.0,-2.703437081659973,FZRA,3.6727175158755125,-4.284378757625959,Trois,Trois,2452.0,727.0,"soundings_wintremix/upperair.sounding.202203061400.UQAM-Trois-Rivieres.txt,soundings_wintremix/upperair.sounding.202203061600.UQAM-Trois-Rivieres.txt",1720.0,2022-03-06 14:50:00,Trois2022-03-06 14:50:00,False,,2.7093999999999996,-2.6601657,95.7
1688,-1293.872669078291,94.8896304467733,98.00005566902982,-1.9311532374302849,52.0,2022-03-06 15:00:00,IOP8,FZRA,,,,3337.654923497844,2482.0,1.8910226195455206,722.0,52.0,52.0,665.0,-2.6261244979919676,FZRA,3.7019707634163757,-4.318760200012976,Trois,Trois,2482.0,717.0,"soundings_wintremix/upperair.sounding.202203061400.UQAM-Trois-Rivieres.txt,soundings_wintremix/upperair.sounding.202203061600.UQAM-Trois-Rivieres.txt",1760.0,2022-03-06 15:00:00,Trois2022-03-06 15:00:00,False,,2.4849,-2.5645301,95.78
1689,-1197.1864656550397,95.44146074646076,98.19554964894168,-1.8002803994812626,52.0,2022-03-06 15:10:00,IOP8,FZRA,,,,3627.7822579462354,2517.0,2.009851666452208,717.0,52.0,52.0,660.0,-2.5488119143239625,FZRA,3.735064635986083,-4.353141642399994,Trois,Trois,2517.0,712.0,"soundings_wintremix/upperair.sounding.202203061400.UQAM-Trois-Rivieres.txt,soundings_wintremix/upperair.sounding.202203061600.UQAM-Trois-Rivieres.txt",1800.0,2022-03-06 15:10:00,Trois2022-03-06 15:10:00,False,,2.8009,-2.5983825,95.89
1690,-1105.4185515858953,95.99329104614817,98.58414735622138,-1.7408166166707013,52.0,2022-03-06 15:20:00,IOP8,FZRA,,,,3926.3903699179573,2532.0,2.1223731729286257,687.0,52.0,52.0,630.0,-2.4714993306559565,FZRA,3.7807643266853432,-4.38752308478701,Trois,Trois,2532.0,682.0,"soundings_wintremix/upperair.sounding.202203061400.UQAM-Trois-Rivieres.txt,soundings_wintremix/upperair.sounding.202203061600.UQAM-Trois-Rivieres.txt",1845.0,2022-03-06 15:20:00,Trois2022-03-06 15:20:00,False,,0.8253,-2.5615113000000003,95.92999999999999
1691,-1018.8448249781825,96.54512134583564,99.02980996230609,-1.7268556355562417,52.0,2022-03-06 15:30:00,IOP8,FZRA,,,,4231.577878412283,2547.0,2.215485800215855,642.0,52.0,52.0,585.0,-2.3941867469879514,FZRA,3.8264640173846023,-4.421904527174028,Trois,Trois,2547.0,637.0,"soundings_wintremix/upperair.sounding.202203061400.UQAM-Trois-Rivieres.txt,soundings_wintremix/upperair.sounding.202203061600.UQAM-Trois-Rivieres.txt",1905.0,2022-03-06 15:30:00,Trois2022-03-06 15:30:00,False,,3.5839999999999996,-2.4093364,96.2
1692,-922.8731482597486,97.20731770546055,99.56298321806553,-1.6628345013689163,52.0,2022-03-06 15:42:00,IOP8,FZRA,,,,4607.888081888383,2562.0,2.387506778180509,637.0,52.0,52.0,550.0,-2.301411646586345,FZRA,3.8813036462237145,-4.463162258038448,Trois,Trois,2562.0,602.0,"soundings_wintremix/upperair.sounding.202203061400.UQAM-Trois-Rivieres.txt,soundings_wintremix/upperair.sounding.202203061600.UQAM-Trois-Rivieres.txt",1925.0,2022-03-06 15:40:00,Trois2022-03-06 15:40:00,False,,1.8149000000000002,-2.1643236,96.47
1693,-860.374957873388,97.73030874624624,99.917451090206,-1.755867260966098,52.0,2022-03-06 15:50:00,IOP8,FZRA,,,,4863.96260710153,2567.0,2.469016551828188,602.0,52.0,52.0,485.0,-2.2395615796519404,FZRA,3.917863398783122,-4.4906674119480625,Trois,Trois,2567.0,537.0,"soundings_wintremix/upperair.sounding.202203061400.UQAM-Trois-Rivieres.txt,soundings_wintremix/upperair.sounding.202203061600.UQAM-Trois-Rivieres.txt",1965.0,2022-03-06 15:50:00,Trois2022-03-06 15:50:00,False,,0.9308,-2.1789511,96.38
1694,,,,,,2022-03-06 16:00:00,IOP8,FZRA,,,,,,,,,,,,FZRA,,,Trois,Trois,,,,,2022-03-06 16:00:00,Trois2022-03-06 16:00:00,False,,0.184,-2.0988956,96.59
1695,-809.0479712584363,98.52,100.39321421734594,-1.6511183086906867,46.0,2022-03-06 16:12:00,IOP8,FZRA,,,,5185.590601179982,2571.0,2.6189851521111014,596.0,46.0,46.0,485.0,,FZRA,3.972760847670258,-4.665520860248736,Trois,Trois,2571.0,531.0,,1975.0,2022-03-06 16:10:00,Trois2022-03-06 16:10:00,True,upperair.sounding.202203061600.UQAM-Trois-Rivieres.txt,0.0441,-2.0547343000000002,96.67999999999999
1696,,,,,,2022-03-06 16:17:00,IOP8,FZRA,,,,,,,,,,,,FZRA,,,Trois,Trois,,,,,2022-03-06 16:20:00,Trois2022-03-06 16:20:00,False,,2.7426000000000004,-1.953566,96.97
1697,,,,,,2022-03-06 16:35:00,IOP8,FZRA,,,,,,,,,,,,FZRA,,,Trois,Trois,,,,,2022-03-06 16:30:00,Trois2022-03-06 16:30:00,False,,0.5728,-1.7184937000000002,97.13
1698,,,,,,2022-03-06 16:40:00,IOP8,FZRA,,,,,,,,,,,,FZRA,,,Trois,Trois,,,,,2022-03-06 16:40:00,Trois2022-03-06 16:40:00,False,,0.0,-1.7058373,97.21000000000001
1699,,,,,,2022-03-06 16:53:00,IOP8,FZRA,,,,,,,,,,,,FZRA,,,Trois,Trois,,,,,2022-03-06 16:50:00,Trois2022-03-06 16:50:00,False,,0.10880000000000001,-1.6657062,97.32000000000001
1700,,,,,,2022-03-06 17:00:00,IOP8,FZRA,,,,,,,,,,,,FZRA,,,Trois,Trois,,,,,2022-03-06 17:00:00,Trois2022-03-06 17:00:00,False,,0.9224,-1.5515508,97.46000000000001
1701,,,,,,2022-03-06 17:18:00,IOP8,FZRA,,,,,,,,,,,,FZRA,,,Trois,Trois,,,,,2022-03-06 17:20:00,Trois2022-03-06 17:20:00,False,,0.0,-1.325248,97.6
